bw_sym_id,ticker,valid_from,valid_to,reason
BW-US0463531089,AZN_OLD,2000-01-01,2026-01-30,on_ds_daily_axis
BW-BBG007B0Z921,ABQQD,2000-01-01,2026-04-02,on_ds_daily_axis
BW-BBG00Z9114K8,AILE,2000-01-01,2026-03-30,on_ds_daily_axis
BW-BBG000BZ59H6,GRLFD,2000-01-01,2026-04-10,on_ds_daily_axis
BW-BBG000Q8XRJ7,GRNLD,2000-01-01,2026-02-19,on_ds_daily_axis
BW-BBG01BY3M675,HSPO,2000-01-01,2026-02-12,on_ds_daily_axis
BW-BBG01160SB13,IRS-WT,2000-01-01,2026-03-06,on_ds_daily_axis
BW-BBG00ZHDZG92,SNBHD,2000-01-01,2026-02-09,on_ds_daily_axis
BW-BBG00K6FMBQ8,AAAP,2000-01-01,2018-02-09,on_ds_daily_axis
BW-BBG00L437G72,ACBI,2000-01-01,2022-03-09,on_ds_daily_axis
BW-BBG00DWV2JF7,ACGLP,2000-01-01,2021-09-29,on_ds_daily_axis
BW-BBG00MDV8X34,ADN,2000-01-01,2025-12-31,on_ds_daily_axis
BW-BBG000008JX2,AEB,2000-01-01,2021-09-14,on_ds_daily_axis
BW-BBG00WMLKP91,AEPPZ,2000-01-01,2023-08-23,on_ds_daily_axis
BW-BBG013T58VK0,AERC,2000-01-01,2023-03-15,on_ds_daily_axis
BW-BBG00JG14CW2,AETI,2000-01-01,2019-08-02,on_ds_daily_axis
BW-BBG009CH80Z2,AEUA,2000-01-01,2018-06-06,on_ds_daily_axis
BW-BBG00RQ8MMJ1,AEY,2000-01-01,2024-02-12,on_ds_daily_axis
BW-BBG000003SZ5,AFC,2000-01-01,2021-03-24,on_ds_daily_axis
BW-BBG00QYKZB43,AGIL,2000-01-01,2024-01-24,on_ds_daily_axis
BW-BBG00MCMK970,ALAC,2000-01-01,2022-07-28,on_ds_daily_axis
BW-BBG00YTRV189,ALF_OLD,2000-01-01,2022-12-23,on_ds_daily_axis
BW-BBG0178MGBD0,ALUS,2000-01-01,2021-07-13,on_ds_daily_axis
BW-BBG00Z69M9L9,AMAO,2000-01-01,2023-11-16,on_ds_daily_axis
BW-BBG01FPJ0K47,AMBI,2000-01-01,2025-11-14,on_ds_daily_axis
BW-BBG00L4383K5,AMBR_OLD,2000-01-01,2019-07-01,on_ds_daily_axis
BW-BBG000BJ6X42,AMRB,2000-01-01,2021-08-09,on_ds_daily_axis
BW-BBG00Z69VMK1,ANAT,2000-01-01,2022-05-25,on_ds_daily_axis
BW-BBG00X4SNW78,AOI,2000-01-01,2020-10-08,on_ds_daily_axis
BW-BBG00ZKFDJ55,APTM_OLD,2000-01-01,2007-10-30,on_ds_daily_axis
BW-BBG00KD95522,APTS,2000-01-01,2022-06-23,on_ds_daily_axis
BW-BBG00M6W8WQ7,AQNA,2000-01-01,2023-11-16,on_ds_daily_axis
BW-BBG00L43LKS4,ARA,2000-01-01,2021-01-25,on_ds_daily_axis
BW-BBG012LSNLP0,ARCK,2000-01-01,2023-03-10,on_ds_daily_axis
BW-BBG0000027M6,ASRVP,2000-01-01,2021-10-08,on_ds_daily_axis
BW-BBG00GLTQ2P7,ASV,2000-01-01,2019-09-11,on_ds_daily_axis
BW-BBG00ZXZPD93,ATCOL,2000-01-01,2025-07-03,on_ds_daily_axis
BW-BBG000C1LLD9,ATGI,2000-01-01,2006-11-29,on_ds_daily_axis
BW-BBG00WXXMR97,ATIP-WT,2000-01-01,2023-06-08,on_ds_daily_axis
BW-BBG00G6S8LT0,AUTO,2000-01-01,2022-09-09,on_ds_daily_axis
BW-BBG00JRPY9S6,AYR,2000-01-01,2020-03-27,on_ds_daily_axis
BW-BBG00BRBB838,AZYO,2000-01-01,2023-11-08,on_ds_daily_axis
BW-BBG00Y73H0Q4,BAMI,2000-01-01,2023-02-10,on_ds_daily_axis
BW-BBG00JRSTVT6,BASI,2000-01-01,2021-05-21,on_ds_daily_axis
BW-BBG00Q9MZ773,BBQ,2000-01-01,2023-06-27,on_ds_daily_axis
BW-BBG000FVBVT2,BDR,2000-01-01,2022-08-26,on_ds_daily_axis
BW-BBG000PZKSG3,BFO,2000-01-01,2021-01-13,on_ds_daily_axis
BW-BBG00K671FM4,BGG,2000-01-01,2020-10-22,on_ds_daily_axis
BW-BBG00FGYVYD1,BGIO,2000-01-01,2021-12-30,on_ds_daily_axis
BW-BBG00KDNV265,BKJ,2000-01-01,2019-12-31,on_ds_daily_axis
BW-BBG000PVTH86,BKK,2000-01-01,2021-03-30,on_ds_daily_axis
BW-BBG00Q3Q29N4,BLDE,2000-01-01,2025-10-30,on_ds_daily_axis
BW-BBG00YZF45X1,BLUA,2000-01-01,2024-09-24,on_ds_daily_axis
BW-BBG00FJVS8H1,BMLP,2000-01-01,2021-09-01,on_ds_daily_axis
BW-BBG00KDNVCT8,BMTC,2000-01-01,2021-12-31,on_ds_daily_axis
BW-BBG0001JLH32,BNP,2000-01-01,2007-02-28,on_ds_daily_axis
BW-BBG000F640B2,BNSO,2000-01-01,2023-09-01,on_ds_daily_axis
BW-BBG00Z6BJ689,BOWL,2000-01-01,2025-02-12,on_ds_daily_axis
BW-BBG000BMBGV6,BPFH,2000-01-01,2021-06-30,on_ds_daily_axis
BW-BBG00K7Z5RJ5,BPL,2000-01-01,2020-07-08,on_ds_daily_axis
BW-BBG00L43FQQ0,BRSS,2000-01-01,2019-07-15,on_ds_daily_axis
BW-BBG00KVDW248,BSTI,2000-01-01,2019-08-01,on_ds_daily_axis
BW-BBG00K0D5Q21,BT,2000-01-01,2020-10-08,on_ds_daily_axis
BW-BBG0124VV1W9,BYN,2000-01-01,2023-12-29,on_ds_daily_axis
BW-BBG00JYJ6VB2,CAI_OLD,2000-01-01,2021-11-22,on_ds_daily_axis
BW-BBG000C18424,CALD,2000-01-01,2018-04-04,on_ds_daily_axis
BW-BBG00GBLYSN1,CARO,2000-01-01,2020-05-01,on_ds_daily_axis
BW-BBG000BF5C47,CAW,2000-01-01,2019-04-12,on_ds_daily_axis
BW-BBG0099QHMT5,CBAK,2000-01-01,2018-11-29,on_ds_daily_axis
BW-BBG00M3PLCN7,CBMB,2000-01-01,2022-08-02,on_ds_daily_axis
BW-BBG0001JCN84,CBO,2000-01-01,2026-01-14,on_ds_daily_axis
BW-BBG008FH2F48,CCR,2000-01-01,2020-12-30,on_ds_daily_axis
BW-BBG011WY8FT3,CCTS,2000-01-01,2026-03-02,on_ds_daily_axis
BW-BBG018R4TP51,CCX,2000-01-01,2022-02-18,on_ds_daily_axis
BW-BBG00XXX2GT9,CDAK,2000-01-01,2023-06-06,on_ds_daily_axis
BW-BBG00GNF4KB4,CFBI,2000-01-01,2021-01-22,on_ds_daily_axis
BW-BBG00ZR233X2,CFRX,2000-01-01,2024-03-20,on_ds_daily_axis
BW-BBG000GK7VK9,CHAP,2000-01-01,2020-10-14,on_ds_daily_axis
BW-BBG00KD8ZH61,CHFC,2000-01-01,2019-09-25,on_ds_daily_axis
BW-BBG00Z69VN56,CHNG,2000-01-01,2022-10-03,on_ds_daily_axis
BW-BBG00QRFW1M7,CHPM,2000-01-01,2022-04-29,on_ds_daily_axis
BW-BBG000DYS6T5,CHU,2000-01-01,2021-01-08,on_ds_daily_axis
BW-BBG00R01YC30,CIIC,2000-01-01,2021-03-25,on_ds_daily_axis
BW-BBG00J5FC309,CISN,2000-01-01,2020-01-30,on_ds_daily_axis
BW-BBG013KBCG88,CITE,2000-01-01,2025-08-11,on_ds_daily_axis
BW-BBG00JYV4RS8,CLCT,2000-01-01,2021-02-17,on_ds_daily_axis
BW-BBG000BXYMC5,CLDB,2000-01-01,2021-11-10,on_ds_daily_axis
BW-BBG0161K4166,CLRC,2000-01-01,2026-04-06,on_ds_daily_axis
BW-BBG000BFYN41,CNBKA,2000-01-01,2021-11-12,on_ds_daily_axis
BW-BBG000R1H6P8,CNST,2000-01-01,2021-07-15,on_ds_daily_axis
BW-BBG00Q9BK345,CNTF,2000-01-01,2019-09-16,on_ds_daily_axis
BW-BBG00JWTZ4B0,CPL,2000-01-01,2020-01-27,on_ds_daily_axis
BW-BBG00ZR23LN3,CPLG,2000-01-01,2022-03-03,on_ds_daily_axis
BW-BBG00GSQKFK8,CPTAG,2000-01-01,2022-06-27,on_ds_daily_axis
BW-BBG00B2P0XM0,CRHM,2000-01-01,2021-04-22,on_ds_daily_axis
BW-BBG00PV51MG1,CSCW,2000-01-01,2023-01-19,on_ds_daily_axis
BW-BBG00JRQT5Q0,CSFL,2000-01-01,2020-06-17,on_ds_daily_axis
BW-BBG00ZCW2DK5,CSLR,2000-01-01,2025-08-11,on_ds_daily_axis
BW-BBG00K1HFW27,CTEK,2000-01-01,2022-08-31,on_ds_daily_axis
BW-BBG00JPVP9J5,CTT,2000-01-01,2022-09-14,on_ds_daily_axis
BW-BBG009CXG2M8,CURR_OLD,2000-01-01,2023-10-06,on_ds_daily_axis
BW-BBG00YMTLDN0,CVET,2000-01-01,2022-10-14,on_ds_daily_axis
BW-BBG00J0BLNG2,CVRS,2000-01-01,2019-10-28,on_ds_daily_axis
BW-BBG00JRGRLZ9,CYBE,2000-01-01,2022-11-03,on_ds_daily_axis
BW-BBG00JPCXKC0,DAVE_OLD,2000-01-01,2019-09-20,on_ds_daily_axis
BW-BBG00YVH3TC3,DCRN,2000-01-01,2022-01-18,on_ds_daily_axis
BW-BBG00JM2SJQ9,DGHI,2000-01-01,2025-03-18,on_ds_daily_axis
BW-BBG003S04GC9,DGLT,2000-01-01,2022-04-29,on_ds_daily_axis
BW-BBG00K1K80P3,DHCP,2000-01-01,2019-02-14,on_ds_daily_axis
BW-BBG010BMFBL3,DMS,2000-01-01,2023-11-27,on_ds_daily_axis
BW-BBG00H19F184,DMTK,2000-01-01,2024-08-29,on_ds_daily_axis
BW-BBG00WRFB753,DMYD,2000-01-01,2021-04-23,on_ds_daily_axis
BW-BBG000C4DGG0,DNBF,2000-01-01,2019-11-29,on_ds_daily_axis
BW-BBG00QQ109W6,DNK,2000-01-01,2021-05-12,on_ds_daily_axis
BW-BBG0099QHXP5,DRC,2000-01-01,2015-06-30,on_ds_daily_axis
BW-BBG00MP2D0P7,DSSI,2000-01-01,2021-07-19,on_ds_daily_axis
BW-BBG0000018W4,DTK_OLD,2000-01-01,2018-01-17,on_ds_daily_axis
BW-BBG000L9MD85,DVCR,2000-01-01,2021-11-22,on_ds_daily_axis
BW-BBG00Y448G99,DWDP,2000-01-01,2019-06-28,on_ds_daily_axis
BW-BBG000QM53N5,ECT,2000-01-01,2021-01-28,on_ds_daily_axis
BW-BBG00HFX4ZY4,EFL,2000-01-01,2023-01-17,on_ds_daily_axis
BW-BBG00CSJHDK2,EHT,2000-01-01,2021-06-25,on_ds_daily_axis
BW-BBG00PWYPJM1,EIDX,2000-01-01,2021-01-26,on_ds_daily_axis
BW-BBG00ZNKL0K6,ELYM,2000-01-01,2024-12-04,on_ds_daily_axis
BW-BBG000BHW254,EMCI,2000-01-01,2019-09-19,on_ds_daily_axis
BW-BBG00JYLFMF3,EMES_OLD,2000-01-01,2019-06-04,on_ds_daily_axis
BW-BBG00KJQMS92,ENBA,2000-01-01,2023-04-14,on_ds_daily_axis
BW-BBG00JS03MW0,ENBL,2000-01-01,2021-12-02,on_ds_daily_axis
BW-BBG00L4CXV34,ENFC,2000-01-01,2019-12-31,on_ds_daily_axis
BW-BBG00JRSS2G5,EQM,2000-01-01,2020-06-17,on_ds_daily_axis
BW-BBG01N877C64,EQV,2000-01-01,2025-10-31,on_ds_daily_axis
BW-BBG012VK9Z26,ESBK,2000-01-01,2022-05-16,on_ds_daily_axis
BW-BBG00YRWYCN6,EUSG,2000-01-01,2021-12-23,on_ds_daily_axis
BW-BBG00DBBJ0V9,EVHC,2000-01-01,2018-10-10,on_ds_daily_axis
BW-BBG00725MKT0,EXFO,2000-01-01,2021-08-30,on_ds_daily_axis
BW-BBG00K1Y0473,EXTN,2000-01-01,2022-10-28,on_ds_daily_axis
BW-BBG006H1LHV0,EZT,2000-01-01,2020-10-30,on_ds_daily_axis
BW-BBG000BLD4K5,FBSS,2000-01-01,2021-04-01,on_ds_daily_axis
BW-BBG00JM2HN46,FCBP,2000-01-01,2021-07-21,on_ds_daily_axis
BW-BBG00JWPHQ83,FELP,2000-01-01,2019-11-15,on_ds_daily_axis
BW-BBG000H0JJ17,FFG,2000-01-01,2021-06-18,on_ds_daily_axis
BW-BBG00JVZK0J3,FGP,2000-01-01,2020-01-17,on_ds_daily_axis
BW-BBG00K814ZJ2,FG_OLD,2000-01-01,2020-06-01,on_ds_daily_axis
BW-BBG00XH5GGH6,FIII,2000-01-01,2021-06-25,on_ds_daily_axis
BW-BBG00YM3PZP2,FLOW_OLD,2000-01-01,2022-04-05,on_ds_daily_axis
BW-BBG00JYGRW87,FLY_OLD,2000-01-01,2021-08-02,on_ds_daily_axis
BW-BBG01396HWW5,FNVT,2000-01-01,2026-03-02,on_ds_daily_axis
BW-BBG00K08D477,FRAN,2000-01-01,2021-01-29,on_ds_daily_axis
BW-BBG00VHK1756,FSKR,2000-01-01,2021-06-17,on_ds_daily_axis
BW-BBG016LNFV15,FTAC,2000-01-01,2020-10-16,on_ds_daily_axis
BW-BBG000NXFSV9,FTRK_OLD,2000-01-01,2021-12-17,on_ds_daily_axis
BW-BBG009BRHYD1,FTRPR,2000-01-01,2018-06-29,on_ds_daily_axis
BW-BBG00JZ6MNM7,GARS,2000-01-01,2020-10-30,on_ds_daily_axis
BW-BBG003G38XN3,GEB,2000-01-01,2018-02-05,on_ds_daily_axis
BW-BBG00S03MDJ8,GFLU,2000-01-01,2023-03-14,on_ds_daily_axis
BW-BBG000NGFQR5,GFN,2000-01-01,2021-05-25,on_ds_daily_axis
BW-BBG0146N9QM2,GGAA,2000-01-01,2023-09-14,on_ds_daily_axis
BW-BBG00YZ4SBK1,GHIV,2000-01-01,2021-03-25,on_ds_daily_axis
BW-BBG017GGDLV5,GLAQ,2000-01-01,2022-06-10,on_ds_daily_axis
BW-BBG00VFKFSW7,GLS,2000-01-01,2023-05-10,on_ds_daily_axis
BW-BBG011S4NP79,GNOG,2000-01-01,2022-05-05,on_ds_daily_axis
BW-BBG00K7S4804,GRAM_OLD,2000-01-01,2021-01-28,on_ds_daily_axis
BW-BBG00YMWLKZ4,GSAQ,2000-01-01,2022-08-04,on_ds_daily_axis
BW-BBG00K56Z3Q3,GSH,2000-01-01,2021-01-28,on_ds_daily_axis
BW-BBG000P755R0,GTS,2000-01-01,2022-01-31,on_ds_daily_axis
BW-BBG00JX9T2B4,GTT,2000-01-01,2022-02-18,on_ds_daily_axis
BW-BBG0000066B6,GYB,2000-01-01,2019-11-26,on_ds_daily_axis
BW-BBG0000081X1,GYC,2000-01-01,2022-06-14,on_ds_daily_axis
BW-BBG013NT8MN1,HAIA,2000-01-01,2025-08-11,on_ds_daily_axis
BW-BBG000BJJ0B2,HFBC,2000-01-01,2019-07-26,on_ds_daily_axis
BW-BBG002VL4N36,HGH,2000-01-01,2022-05-13,on_ds_daily_axis
BW-BBG00L43V668,HIL,2000-01-01,2023-01-17,on_ds_daily_axis
BW-BBG00LDMHH68,HLTH,2000-01-01,2024-06-17,on_ds_daily_axis
BW-BBG000L24K84,HMG,2000-01-01,2022-01-24,on_ds_daily_axis
BW-BBG00L43J8F8,HMHC,2000-01-01,2022-04-07,on_ds_daily_axis
BW-BBG00Z83TWF9,HNRA,2000-01-01,2024-09-18,on_ds_daily_axis
BW-BBG00PQ2V9G0,HSTO,2000-01-01,2025-01-10,on_ds_daily_axis
BW-BBG00V7R1KS8,HUGE,2000-01-01,2024-10-16,on_ds_daily_axis
BW-BBG000BFZDC3,HWCC,2000-01-01,2021-06-15,on_ds_daily_axis
BW-BBG00YLQ8078,IAA,2000-01-01,2023-03-31,on_ds_daily_axis
BW-BBG00K8955S0,ICBK,2000-01-01,2021-12-06,on_ds_daily_axis
BW-BBG000JLVQT9,IDR_OLD,2000-01-01,2006-10-26,on_ds_daily_axis
BW-BBG011KCRF95,IFIN,2000-01-01,2024-09-10,on_ds_daily_axis
BW-BBG001YCGPS0,IMI,2000-01-01,2019-09-19,on_ds_daily_axis
BW-BBG000BLXT19,IMMU,2000-01-01,2020-10-22,on_ds_daily_axis
BW-BBG00Q9MT5V7,IOTS,2000-01-01,2020-06-29,on_ds_daily_axis
BW-BBG0049744B1,IPLDP,2000-01-01,2021-12-23,on_ds_daily_axis
BW-BBG0175LCCD7,IS,2000-01-01,2022-11-04,on_ds_daily_axis
BW-BBG00K1YSTL2,ISBC,2000-01-01,2022-04-07,on_ds_daily_axis
BW-BBG00KD8ZQ70,ISCA,2000-01-01,2019-10-17,on_ds_daily_axis
BW-BBG00N0CTWL7,ITMR,2000-01-01,2021-12-20,on_ds_daily_axis
BW-BBG013QQG883,IVCB,2000-01-01,2026-03-02,on_ds_daily_axis
BW-BBG000002764,JBN,2000-01-01,2020-06-01,on_ds_daily_axis
BW-BBG000001VJ8,JBR,2000-01-01,2020-06-01,on_ds_daily_axis
BW-BBG000BKNVV4,JCTCF,2000-01-01,2024-10-08,on_ds_daily_axis
BW-BBG00XR4MPW4,JFK,2000-01-01,2020-10-01,on_ds_daily_axis
BW-BBG00CVW34P9,JHD,2000-01-01,2019-11-22,on_ds_daily_axis
BW-BBG00QNS0DZ8,JIH,2000-01-01,2021-06-08,on_ds_daily_axis
BW-BBG00JPVLVD6,JOBS,2000-01-01,2022-05-06,on_ds_daily_axis
BW-BBG000V2P6X3,JRJR,2000-01-01,2018-03-29,on_ds_daily_axis
BW-BBG00Z0DVX06,JWSM,2000-01-01,2024-12-31,on_ds_daily_axis
BW-BBG013QF2X23,KACL,2000-01-01,2026-03-02,on_ds_daily_axis
BW-BBG003GH6ZT3,KAP,2000-01-01,2018-10-25,on_ds_daily_axis
BW-BBG00JQ257R5,KIN,2000-01-01,2021-08-30,on_ds_daily_axis
BW-BBG00WBN69P3,KSMT,2000-01-01,2021-09-03,on_ds_daily_axis
BW-BBG000006984,KTP,2000-01-01,2020-06-01,on_ds_daily_axis
BW-BBG000BHJBV0,LBY,2000-01-01,2020-10-01,on_ds_daily_axis
BW-BBG000G3MYL3,LCI,2000-01-01,2023-06-06,on_ds_daily_axis
BW-BBG00XXPB3L3,LCY,2000-01-01,2022-02-18,on_ds_daily_axis
BW-BBG01J9V68N0,LDTC,2000-01-01,2025-08-20,on_ds_daily_axis
BW-BBG018R4TNB9,LFG,2000-01-01,2023-01-20,on_ds_daily_axis
BW-BBG006MH4PM0,LGCYO,2000-01-01,2018-09-20,on_ds_daily_axis
BW-BBG00YLQ82P4,LHCG,2000-01-01,2023-03-03,on_ds_daily_axis
BW-BBG00XPQVPD8,LIAN_OLD,2000-01-01,2021-10-27,on_ds_daily_axis
BW-BBG00K03RRH1,LKM,2000-01-01,2018-12-20,on_ds_daily_axis
BW-BBG00LV5NKX1,LOAC,2000-01-01,2021-03-29,on_ds_daily_axis
BW-BBG00L438FQ2,LORL,2000-01-01,2021-11-26,on_ds_daily_axis
BW-BBG00JR3NGZ3,LOV,2000-01-01,2023-11-09,on_ds_daily_axis
BW-BBG00JPW2RB6,LPT,2000-01-01,2020-02-03,on_ds_daily_axis
BW-BBG00JQ4WT93,LTS,2000-01-01,2020-02-13,on_ds_daily_axis
BW-BBG00KD8WTJ4,LTXB,2000-01-01,2019-10-31,on_ds_daily_axis
BW-BBG00Y1TK6S4,MACU,2000-01-01,2022-05-06,on_ds_daily_axis
BW-BBG000FR6JP8,MAMS,2000-01-01,2019-10-18,on_ds_daily_axis
BW-BBG00KD91N81,MANT,2000-01-01,2022-09-14,on_ds_daily_axis
BW-BBG01SH1JG28,MAYA,2000-01-01,2025-11-21,on_ds_daily_axis
BW-BBG0001JH0F1,MBFIP,2000-01-01,2018-02-23,on_ds_daily_axis
BW-BBG00JR3QYR0,MBT,2000-01-01,2022-07-22,on_ds_daily_axis
BW-BBG000FPK870,MBTF,2000-01-01,2019-08-30,on_ds_daily_axis
BW-BBG00Z69VS73,MCFE,2000-01-01,2022-03-10,on_ds_daily_axis
BW-BBG00BNS8BC2,MCX,2000-01-01,2020-11-19,on_ds_daily_axis
BW-BBG001BPKGT0,MDLA,2000-01-01,2021-10-29,on_ds_daily_axis
BW-BBG00YLW9JL7,MFH,2000-01-01,2026-01-14,on_ds_daily_axis
BW-BBG000BD9VL7,MFNC,2000-01-01,2021-09-10,on_ds_daily_axis
BW-BBG00L444TQ4,MFSF,2000-01-01,2020-04-24,on_ds_daily_axis
BW-BBG00KD8ZLF2,MGLN,2000-01-01,2022-01-04,on_ds_daily_axis
BW-BBG000LRBVR6,MICT,2000-01-01,2023-02-24,on_ds_daily_axis
BW-BBG00R256P86,MKD,2000-01-01,2022-11-08,on_ds_daily_axis
BW-BBG012F73Z38,MLAI,2000-01-01,2023-03-10,on_ds_daily_axis
BW-BBG01C79SMD2,MMV,2000-01-01,2026-03-02,on_ds_daily_axis
BW-BBG00MSHB2C3,MNCL,2000-01-01,2020-12-22,on_ds_daily_axis
BW-BBG00ZR22SW9,MNRL,2000-01-01,2022-12-28,on_ds_daily_axis
BW-BBG00JRSWBJ7,MNR_OLD,2000-01-01,2022-02-25,on_ds_daily_axis
BW-BBG014FP36M7,MNTN_OLD,2000-01-01,2025-03-03,on_ds_daily_axis
BW-BBG00X5VRT82,MOGO,2000-01-01,2026-01-05,on_ds_daily_axis
BW-BBG00L438PY1,MPO,2000-01-01,2019-10-08,on_ds_daily_axis
BW-BBG000BB86W5,MSL,2000-01-01,2019-09-20,on_ds_daily_axis
BW-BBG00P4XZ5G0,MSON,2000-01-01,2021-11-05,on_ds_daily_axis
BW-BBG016M8Z399,MSSA,2000-01-01,2026-03-02,on_ds_daily_axis
BW-BBG00JRFFMX4,MTFB,2000-01-01,2019-12-16,on_ds_daily_axis
BW-BBG000F08L07,MTT,2000-01-01,2021-12-20,on_ds_daily_axis
BW-BBG000BR5458,MVC,2000-01-01,2020-12-23,on_ds_daily_axis
BW-BBG016XVX2F3,MWK,2000-01-01,2021-07-01,on_ds_daily_axis
BW-BBG0133CFX12,MYNA,2000-01-01,2025-04-17,on_ds_daily_axis
BW-BBG00RB99ZS1,NBAC,2000-01-01,2021-03-24,on_ds_daily_axis
BW-BBG00GGX6YW8,NEWA,2000-01-01,2021-07-13,on_ds_daily_axis
BW-BBG018RCQCM6,NE_OLD,2000-01-01,2020-10-22,on_ds_daily_axis
BW-BBG00D5ZFBN2,NH,2000-01-01,2023-07-25,on_ds_daily_axis
BW-BBG00K258H69,NNA,2000-01-01,2021-10-18,on_ds_daily_axis
BW-BBG00RRH2073,NTRP_OLD,2000-01-01,2020-12-02,on_ds_daily_axis
BW-BBG00L96C0D2,NUVO,2000-01-01,2025-08-11,on_ds_daily_axis
BW-BBG01G96Y7L4,NXU,2000-01-01,2025-04-10,on_ds_daily_axis
BW-BBG009SYD7H7,OASM,2000-01-01,2019-08-21,on_ds_daily_axis
BW-BBG004T6XLQ5,OCSI,2000-01-01,2021-03-19,on_ds_daily_axis
BW-BBG00ZXZVH33,OG,2000-01-01,2023-03-08,on_ds_daily_axis
BW-BBG00L43NY39,OMN,2000-01-01,2020-03-31,on_ds_daily_axis
BW-BBG00KD8X3W5,OPB,2000-01-01,2020-06-02,on_ds_daily_axis
BW-BBG00CXJXZG4,OPINI,2000-01-01,2021-06-11,on_ds_daily_axis
BW-BBG000007B42,OSBCP,2000-01-01,2020-02-28,on_ds_daily_axis
BW-BBG00KDJ4K64,OSN,2000-01-01,2021-09-10,on_ds_daily_axis
BW-BBG017NL7GF2,OTRA,2000-01-01,2022-05-26,on_ds_daily_axis
BW-BBG00J5HXN71,OYST,2000-01-01,2023-02-02,on_ds_daily_axis
BW-BBG009H6QN63,PACD,2000-01-01,2020-10-30,on_ds_daily_axis
BW-BBG000DT81F4,PALT,2000-01-01,2025-01-03,on_ds_daily_axis
BW-BBG00VR8VX16,PAND,2000-01-01,2021-04-01,on_ds_daily_axis
BW-BBG00L4BLMR3,PBIP,2000-01-01,2022-07-01,on_ds_daily_axis
BW-BBG000BX1253,PCMI,2000-01-01,2019-08-29,on_ds_daily_axis
BW-BBG00JVXKRG2,PCSB,2000-01-01,2023-02-02,on_ds_daily_axis
BW-BBG00Y2JBLW7,PDAC,2000-01-01,2021-09-03,on_ds_daily_axis
BW-BBG011K032R6,PEI,2000-01-01,2023-02-16,on_ds_daily_axis
BW-BBG013PRYPJ2,PFHC,2000-01-01,2023-01-19,on_ds_daily_axis
BW-BBG00L4BMZV8,PHIIK,2000-01-01,2019-03-25,on_ds_daily_axis
BW-BBG012TW2V38,PHYT,2000-01-01,2024-12-27,on_ds_daily_axis
BW-BBG00ZNSW9F4,PING,2000-01-01,2022-10-18,on_ds_daily_axis
BW-BBG01JPKHYC9,PITA,2000-01-01,2025-06-30,on_ds_daily_axis
BW-BBG000006RN7,PIY,2000-01-01,2020-05-14,on_ds_daily_axis
BW-BBG00Q87KK65,PKD,2000-01-01,2021-12-20,on_ds_daily_axis
BW-BBG016FRND69,PLAN,2000-01-01,2022-07-15,on_ds_daily_axis
BW-BBG00665L3V4,PLXP,2000-01-01,2023-06-14,on_ds_daily_axis
BW-BBG000C117D2,PMBC,2000-01-01,2021-10-18,on_ds_daily_axis
BW-BBG00JR3H1S1,POPE,2000-01-01,2020-05-08,on_ds_daily_axis
BW-BBG0047DXSZ9,PPX,2000-01-01,2021-07-19,on_ds_daily_axis
BW-BBG00KXMK971,PRCP,2000-01-01,2020-12-23,on_ds_daily_axis
BW-BBG00FF54J11,PROS,2000-01-01,2021-08-06,on_ds_daily_axis
BW-BBG00KMXKWF9,PRSP,2000-01-01,2021-05-06,on_ds_daily_axis
BW-BBG00JS03D14,PSXP,2000-01-01,2022-03-08,on_ds_daily_axis
BW-BBG00JWNZSY5,PTNR,2000-01-01,2023-09-21,on_ds_daily_axis
BW-BBG00K1X0L95,PX_OLD,2000-01-01,2018-10-30,on_ds_daily_axis
BW-BBG00JSDYKW2,PYDS,2000-01-01,2019-07-05,on_ds_daily_axis
BW-BBG00ZR23326,PZN,2000-01-01,2022-10-28,on_ds_daily_axis
BW-BBG001BP77C3,QADA,2000-01-01,2021-11-05,on_ds_daily_axis
BW-BBG00LQM8ZT9,QTT,2000-01-01,2023-04-21,on_ds_daily_axis
BW-BBG00K56RHY2,RESI_OLD,2000-01-01,2021-05-06,on_ds_daily_axis
BW-BBG00ZS40360,RGC_OLD,2000-01-01,2018-02-28,on_ds_daily_axis
BW-BBG000BXNCF6,RIVE,2000-01-01,2021-11-30,on_ds_daily_axis
BW-BBG00YHXD2R6,RMGB,2000-01-01,2021-09-03,on_ds_daily_axis
BW-BBG011DHCN91,RNER,2000-01-01,2023-03-09,on_ds_daily_axis
BW-BBG00VDGP094,ROCH,2000-01-01,2021-03-23,on_ds_daily_axis
BW-BBG00L44B962,ROSE_OLD,2000-01-01,2020-09-08,on_ds_daily_axis
BW-BBG002D68SD3,ROYT,2000-01-01,2021-01-28,on_ds_daily_axis
BW-BBG00NQ99BL4,RPLA,2000-01-01,2021-04-09,on_ds_daily_axis
BW-BBG000KD7974,RSYS,2000-01-01,2018-12-11,on_ds_daily_axis
BW-BBG00JSBJK99,RTW,2000-01-01,2021-02-01,on_ds_daily_axis
BW-BBG00NJJ0JG8,RUHN,2000-01-01,2021-04-20,on_ds_daily_axis
BW-BBG00LVGCVL8,SAFM,2000-01-01,2022-07-22,on_ds_daily_axis
BW-BBG019ZWTC39,SAG,2000-01-01,2025-06-27,on_ds_daily_axis
BW-BBG00XRJ9QM5,SAII,2000-01-01,2022-02-18,on_ds_daily_axis
BW-BBG006G1YP58,SBNA,2000-01-01,2020-05-14,on_ds_daily_axis
BW-BBG00JR8G7J8,SBPH,2000-01-01,2020-11-20,on_ds_daily_axis
BW-BBG012477PR2,SCMA,2000-01-01,2023-02-10,on_ds_daily_axis
BW-BBG00PMJLGK7,SCPE,2000-01-01,2022-02-18,on_ds_daily_axis
BW-BBG002D4KF42,SDR,2000-01-01,2019-11-11,on_ds_daily_axis
BW-BBG00JZ382S0,SEMG_OLD,2000-01-01,2019-12-04,on_ds_daily_axis
BW-BBG013RTCQY1,SHAP,2000-01-01,2024-02-20,on_ds_daily_axis
BW-BBG00JWTH1N3,SHI,2000-01-01,2022-11-04,on_ds_daily_axis
BW-BBG00JS03G17,SHLX,2000-01-01,2022-10-28,on_ds_daily_axis
BW-BBG00JRQPFS0,SHOS,2000-01-01,2019-10-23,on_ds_daily_axis
BW-BBG00LPZYKF0,SIC,2000-01-01,2021-10-21,on_ds_daily_axis
BW-BBG0074Q9W20,SKYS,2000-01-01,2020-10-08,on_ds_daily_axis
BW-BBG00Z6D5TZ0,SLAM,2000-01-01,2024-09-10,on_ds_daily_axis
BW-BBG000CCS730,SLCT,2000-01-01,2021-10-18,on_ds_daily_axis
BW-BBG00NTLJK51,SLHG,2000-01-01,2022-10-26,on_ds_daily_axis
BW-BBG00ZR23GQ1,SMED,2000-01-01,2022-08-23,on_ds_daily_axis
BW-BBG000RQW961,SNI,2000-01-01,2018-03-06,on_ds_daily_axis
BW-BBG00MPSJZK2,SOLY,2000-01-01,2021-12-23,on_ds_daily_axis
BW-BBG009ZYR9S8,SRCLP,2000-01-01,2018-09-14,on_ds_daily_axis
BW-BBG00JWP4NW7,SRLP,2000-01-01,2022-10-31,on_ds_daily_axis
BW-BBG00JVRQCY2,STAY,2000-01-01,2021-06-16,on_ds_daily_axis
BW-BBG000R54HD2,STLT,2000-01-01,2021-05-25,on_ds_daily_axis
BW-BBG000NTGLW1,STND,2000-01-01,2021-12-17,on_ds_daily_axis
BW-BBG00D6TSZS3,STS,2000-01-01,2017-09-26,on_ds_daily_axis
BW-BBG00JRQ19L7,SUNS_OLD,2000-01-01,2022-04-01,on_ds_daily_axis
BW-BBG000DHTVJ7,SVBI,2000-01-01,2021-11-05,on_ds_daily_axis
BW-BBG00JVT22V9,SXCP,2000-01-01,2019-06-27,on_ds_daily_axis
BW-BBG000RTX2H7,SYNC,2000-01-01,2021-03-31,on_ds_daily_axis
BW-BBG007LP3582,TANNL,2000-01-01,2023-06-06,on_ds_daily_axis
BW-BBG003D8SJ81,TCBIL,2000-01-01,2021-06-21,on_ds_daily_axis
BW-BBG015WPQV27,TETE,2000-01-01,2026-03-02,on_ds_daily_axis
BW-BBG00H2MX2K8,TGP,2000-01-01,2022-01-12,on_ds_daily_axis
BW-BBG00PSSH9G7,THBR,2000-01-01,2022-02-18,on_ds_daily_axis
BW-BBG000BX34W7,TIK,2000-01-01,2019-03-08,on_ds_daily_axis
BW-BBG0001JF2V1,TIS,2000-01-01,2019-03-29,on_ds_daily_axis
BW-BBG01316BN04,TLGY,2000-01-01,2025-08-11,on_ds_daily_axis
BW-BBG00Z69VPL3,TMX,2000-01-01,2022-10-28,on_ds_daily_axis
BW-BBG00K1JFL09,TNH,2000-01-01,2018-03-29,on_ds_daily_axis
BW-BBG00LN5G5L4,TOTA,2000-01-01,2021-04-29,on_ds_daily_axis
BW-BBG000DXVJK4,TRK,2000-01-01,2019-09-17,on_ds_daily_axis
BW-BBG00LVGH0J4,TSRO,2000-01-01,2019-01-18,on_ds_daily_axis
BW-BBG00XLQN448,TWCT,2000-01-01,2021-08-31,on_ds_daily_axis
BW-BBG00ZR236K9,TYME,2000-01-01,2022-09-16,on_ds_daily_axis
BW-BBG005LZN573,UAM,2000-01-01,2017-04-27,on_ds_daily_axis
BW-BBG00L438575,UBNK,2000-01-01,2019-10-31,on_ds_daily_axis
BW-BBG00L437VS6,UCFC,2000-01-01,2020-01-31,on_ds_daily_axis
BW-BBG00YLQ7Z63,UMPQ,2000-01-01,2023-02-28,on_ds_daily_axis
BW-BBG00JR3V1L2,UN,2000-01-01,2020-11-27,on_ds_daily_axis
BW-BBG00LFWJQP1,UROV,2000-01-01,2021-03-29,on_ds_daily_axis
BW-BBG00JZCS627,USAK,2000-01-01,2022-09-16,on_ds_daily_axis
BW-BBG001P8FFJ2,UZA,2000-01-01,2021-08-31,on_ds_daily_axis
BW-BBG001CDYRM4,VAPE_OLD,2000-01-01,2021-10-13,on_ds_daily_axis
BW-BBG00Z736HF8,VBIV,2000-01-01,2024-08-09,on_ds_daily_axis
BW-BBG00YNJ4NT2,VCRA,2000-01-01,2022-02-23,on_ds_daily_axis
BW-BBG00YDDFJK2,VCVC,2000-01-01,2021-07-28,on_ds_daily_axis
BW-BBG0056HFZV6,VEDL,2000-01-01,2021-11-08,on_ds_daily_axis
BW-BBG001J4J8T9,VER,2000-01-01,2021-10-29,on_ds_daily_axis
BW-BBG00K6P5XM1,VIE,2000-01-01,2021-04-29,on_ds_daily_axis
BW-BBG01VCKQBP2,VINE,2000-01-01,2025-05-23,on_ds_daily_axis
BW-BBG00W27TMN6,VMAC,2000-01-01,2022-02-11,on_ds_daily_axis
BW-BBG016ZD7ZZ5,VMCAW,2000-01-01,2025-03-10,on_ds_daily_axis
BW-BBG000C029H5,VMM,2000-01-01,2022-02-11,on_ds_daily_axis
BW-BBG0000092L1,VPGI,2000-01-01,2021-06-08,on_ds_daily_axis
BW-BBG00JVC1QM4,VRS,2000-01-01,2022-03-30,on_ds_daily_axis
BW-BBG00K03R3N7,VRTU,2000-01-01,2021-02-11,on_ds_daily_axis
BW-BBG0185NLM58,VSTE,2000-01-01,2025-07-25,on_ds_daily_axis
BW-BBG01L82WC98,VTEC_OLD,2000-01-01,2025-02-07,on_ds_daily_axis
BW-BBG011PSNVG6,WEJO,2000-01-01,2023-08-10,on_ds_daily_axis
BW-BBG013BWN343,WEL,2000-01-01,2025-02-14,on_ds_daily_axis
BW-BBG007G7V505,WORK,2000-01-01,2021-08-11,on_ds_daily_axis
BW-BBG00DR7SFV8,WPG,2000-01-01,2021-09-30,on_ds_daily_axis
BW-BBG00NX9FMD4,WTRU,2000-01-01,2022-04-29,on_ds_daily_axis
BW-BBG0112Z5Q30,XPAX,2000-01-01,2023-09-29,on_ds_daily_axis
BW-BBG00W6WLHR2,YAC,2000-01-01,2021-12-17,on_ds_daily_axis
BW-BBG014V0WSN3,YOSH,2000-01-01,2025-11-04,on_ds_daily_axis
BW-BBG01BX3DWX0,ZAPP,2000-01-01,2025-07-21,on_ds_daily_axis
BW-RNAM,RNAM,2000-01-01,2026-03-03,on_ds_daily_axis
BW-ZLSUF,ZLSUF,2000-01-01,2026-04-08,on_ds_daily_axis
BW-AACE,AACE,2000-01-01,2006-10-05,on_ds_daily_axis
BW-ACAC,ACAC,2000-01-01,2024-09-27,on_ds_daily_axis
BW-ACAMW,ACAMW,2000-01-01,2021-01-22,on_ds_daily_axis
BW-ACAXR,ACAXR,2000-01-01,2024-01-25,on_ds_daily_axis
BW-ACDCW,ACDCW,2000-01-01,2023-11-07,on_ds_daily_axis
BW-AIBAF,AIBAF,2000-01-01,2024-07-24,on_ds_daily_axis
BW-AKLI,AKLI,2000-01-01,2024-07-16,on_ds_daily_axis
BW-ALORW,ALORW,2000-01-01,2023-11-10,on_ds_daily_axis
BW-AMV,AMV,2000-01-01,2023-06-28,on_ds_daily_axis
BW-APE,APE,2000-01-01,2023-08-24,on_ds_daily_axis
BW-APGN,APGN,2000-01-01,2023-09-01,on_ds_daily_axis
BW-ASCA,ASCA,2000-01-01,2024-04-23,on_ds_daily_axis
BW-ASTSW,ASTSW,2000-01-01,2024-09-27,on_ds_daily_axis
BW-ATAKR,ATAKR,2000-01-01,2024-01-30,on_ds_daily_axis
BW-AVACW,AVACW,2000-01-01,2023-06-07,on_ds_daily_axis
BW-BDS,BDS,2000-01-01,2000-01-01,on_ds_daily_axis
BW-BEEMW,BEEMW,2000-01-01,2024-04-29,on_ds_daily_axis
BW-BLACR,BLACR,2000-01-01,2025-02-14,on_ds_daily_axis
BW-BRACR,BRACR,2000-01-01,2025-01-22,on_ds_daily_axis
BW-BRACW,BRACW,2000-01-01,2019-08-09,on_ds_daily_axis
BW-BREZR,BREZR,2000-01-01,2024-05-28,on_ds_daily_axis
BW-BRLIR,BRLIR,2000-01-01,2023-12-22,on_ds_daily_axis
BW-BWAQR,BWAQR,2000-01-01,2024-07-01,on_ds_daily_axis
BW-CANOQ,CANOQ,2000-01-01,2024-06-28,on_ds_daily_axis
BW-CELG-R_OLD,CELG-R_OLD,2000-01-01,2020-08-14,on_ds_daily_axis
BW-CETUR,CETUR,2000-01-01,2024-07-31,on_ds_daily_axis
BW-CETUW,CETUW,2000-01-01,2024-08-01,on_ds_daily_axis
BW-CHEA,CHEA,2000-01-01,2024-02-27,on_ds_daily_axis
BW-CIIG,CIIG,2000-01-01,2023-06-27,on_ds_daily_axis
BW-CK,CK,2000-01-01,2018-09-14,on_ds_daily_axis
BW-CLINR,CLINR,2000-01-01,2023-12-22,on_ds_daily_axis
BW-CLINW,CLINW,2000-01-01,2023-12-22,on_ds_daily_axis
BW-CMCAF,CMCAF,2000-01-01,2024-08-16,on_ds_daily_axis
BW-CPTNW,CPTNW,2000-01-01,2025-01-06,on_ds_daily_axis
BW-CYTHW,CYTHW,2000-01-01,2025-03-26,on_ds_daily_axis
BW-DCCA,DCCA,2000-01-01,2000-01-01,on_ds_daily_axis
BW-DMAQR,DMAQR,2000-01-01,2024-02-12,on_ds_daily_axis
BW-DPAC,DPAC,2000-01-01,2011-11-01,on_ds_daily_axis
BW-DRCTW,DRCTW,2000-01-01,2023-11-16,on_ds_daily_axis
BW-EDTXU,EDTXU,2000-01-01,2023-08-31,on_ds_daily_axis
BW-EFHTR,EFHTR,2000-01-01,2023-12-12,on_ds_daily_axis
BW-EMBKW,EMBKW,2000-01-01,2023-08-01,on_ds_daily_axis
BW-FATBW,FATBW,2000-01-01,2025-07-16,on_ds_daily_axis
BW-FAZE,FAZE,2000-01-01,2024-03-22,on_ds_daily_axis
BW-FEXDW,FEXDW,2000-01-01,2024-08-30,on_ds_daily_axis
BW-FGH,FGH,2000-01-01,2024-02-29,on_ds_daily_axis
BW-FHLTW,FHLTW,2000-01-01,2024-09-17,on_ds_daily_axis
BW-FLDDU,FLDDU,2000-01-01,2025-02-18,on_ds_daily_axis
BW-FLFVW,FLFVW,2000-01-01,2024-09-17,on_ds_daily_axis
BW-FLSH,FLSH,2000-01-01,2006-11-17,on_ds_daily_axis
BW-FXCOW,FXCOW,2000-01-01,2024-08-16,on_ds_daily_axis
BW-GBBKW,GBBKW,2000-01-01,2025-04-14,on_ds_daily_axis
BW-GC,GC,2000-01-01,2024-09-11,on_ds_daily_axis
BW-GEAR,GEAR,2000-01-01,2025-01-03,on_ds_daily_axis
BW-GGL,GGL,2000-01-01,2008-02-13,on_ds_daily_axis
BW-GODN,GODN,2000-01-01,2025-01-24,on_ds_daily_axis
BW-GODNR,GODNR,2000-01-01,2025-01-24,on_ds_daily_axis
BW-GOLLQ,GOLLQ,2000-01-01,2025-05-27,on_ds_daily_axis
BW-GOVXW,GOVXW,2000-01-01,2025-09-26,on_ds_daily_axis
BW-GRDI,GRDI,2000-01-01,2024-10-31,on_ds_daily_axis
BW-GRDIW,GRDIW,2000-01-01,2024-10-30,on_ds_daily_axis
BW-GRFX,GRFX,2000-01-01,2025-07-16,on_ds_daily_axis
BW-GSDWU,GSDWU,2000-01-01,2024-04-12,on_ds_daily_axis
BW-GVCIW,GVCIW,2000-01-01,2023-05-08,on_ds_daily_axis
BW-HAND,HAND,2000-01-01,2000-01-01,on_ds_daily_axis
BW-HCNEW,HCNEW,2000-01-01,2023-06-16,on_ds_daily_axis
BW-HHRS,HHRS,2000-01-01,2023-12-29,on_ds_daily_axis
BW-HHRSW,HHRSW,2000-01-01,2023-09-15,on_ds_daily_axis
BW-HMACR,HMACR,2000-01-01,2023-08-17,on_ds_daily_axis
BW-HMACW,HMACW,2000-01-01,2023-08-17,on_ds_daily_axis
BW-HRDG,HRDG,2000-01-01,2000-01-01,on_ds_daily_axis
BW-HS,HS,2000-01-01,2012-01-30,on_ds_daily_axis
BW-HSAC,HSAC,2000-01-01,2020-02-14,on_ds_daily_axis
BW-HSACU,HSACU,2000-01-01,2019-12-20,on_ds_daily_axis
BW-HUMC,HUMC,2000-01-01,2006-10-02,on_ds_daily_axis
BW-IDICQ,IDICQ,2000-01-01,2024-02-26,on_ds_daily_axis
BW-IGICW,IGICW,2000-01-01,2023-10-04,on_ds_daily_axis
BW-INDIW,INDIW,2000-01-01,2023-11-20,on_ds_daily_axis
BW-IROHR,IROHR,2000-01-01,2025-09-30,on_ds_daily_axis
BW-ISRLW,ISRLW,2000-01-01,2025-12-04,on_ds_daily_axis
BW-ITAQW,ITAQW,2000-01-01,2023-11-16,on_ds_daily_axis
BW-JTAIW,JTAIW,2000-01-01,2024-09-06,on_ds_daily_axis
BW-JWACR,JWACR,2000-01-01,2023-06-01,on_ds_daily_axis
BW-LEDG,LEDG,2000-01-01,2000-01-01,on_ds_daily_axis
BW-LIBYW,LIBYW,2000-01-01,2024-09-17,on_ds_daily_axis
BW-LLAPW,LLAPW,2000-01-01,2024-10-28,on_ds_daily_axis
BW-LOCM,LOCM,2000-01-01,2024-08-06,on_ds_daily_axis
BW-LSEAW,LSEAW,2000-01-01,2025-06-24,on_ds_daily_axis
BW-LUNRW,LUNRW,2000-01-01,2025-03-06,on_ds_daily_axis
BW-MARX,MARX,2000-01-01,2025-01-03,on_ds_daily_axis
BW-MARXR,MARXR,2000-01-01,2025-01-02,on_ds_daily_axis
BW-MCACR,MCACR,2000-01-01,2024-07-23,on_ds_daily_axis
BW-MEOAW,MEOAW,2000-01-01,2023-05-24,on_ds_daily_axis
BW-MFRM,MFRM,2000-01-01,2016-09-16,on_ds_daily_axis
BW-MGOL,MGOL,2000-01-01,2025-02-19,on_ds_daily_axis
BW-MKULQ,MKULQ,2000-01-01,2024-03-01,on_ds_daily_axis
BW-MOBV,MOBV,2000-01-01,2023-12-08,on_ds_daily_axis
BW-MOBVU,MOBVU,2000-01-01,2023-12-14,on_ds_daily_axis
BW-MRDB,MRDB,2000-01-01,2024-09-10,on_ds_daily_axis
BW-MTEMQ,MTEMQ,2000-01-01,2025-12-30,on_ds_daily_axis
BW-MTRYW,MTRYW,2000-01-01,2023-11-20,on_ds_daily_axis
BW-NESRW,NESRW,2000-01-01,2025-07-17,on_ds_daily_axis
BW-NETDW,NETDW,2000-01-01,2025-11-25,on_ds_daily_axis
BW-NNAG,NNAG,2000-01-01,2024-09-20,on_ds_daily_axis
BW-NNAGR,NNAGR,2000-01-01,2024-09-12,on_ds_daily_axis
BW-NRACW,NRACW,2000-01-01,2024-02-28,on_ds_daily_axis
BW-NVL,NVL,2000-01-01,2007-05-14,on_ds_daily_axis
BW-NWAC,NWAC,2000-01-01,2007-05-31,on_ds_daily_axis
BW-NYX_OLD,NYX_OLD,2000-01-01,2013-11-12,on_ds_daily_axis
BW-OTMOW,OTMOW,2000-01-01,2023-09-22,on_ds_daily_axis
BW-OUTR,OUTR,2000-01-01,2016-09-26,on_ds_daily_axis
BW-PAYOW,PAYOW,2000-01-01,2024-09-24,on_ds_daily_axis
BW-PEGRW,PEGRW,2000-01-01,2024-09-17,on_ds_daily_axis
BW-PETVW,PETVW,2000-01-01,2026-04-22,on_ds_daily_axis
BW-PHCC,PHCC,2000-01-01,2000-01-01,on_ds_daily_axis
BW-PLTN,PLTN,2000-01-01,2024-06-06,on_ds_daily_axis
BW-PLTNW,PLTNW,2000-01-01,2024-06-06,on_ds_daily_axis
BW-PNAC,PNAC,2000-01-01,2023-08-25,on_ds_daily_axis
BW-PNACR,PNACR,2000-01-01,2023-08-25,on_ds_daily_axis
BW-PNACW,PNACW,2000-01-01,2023-08-25,on_ds_daily_axis
BW-PTWOU,PTWOU,2000-01-01,2024-09-17,on_ds_daily_axis
BW-PXDT,PXDT,2000-01-01,2024-12-10,on_ds_daily_axis
BW-QDRO,QDRO,2000-01-01,2024-07-26,on_ds_daily_axis
BW-QDROU,QDROU,2000-01-01,2024-07-26,on_ds_daily_axis
BW-QDROW,QDROW,2000-01-01,2024-09-17,on_ds_daily_axis
BW-QOMOW,QOMOW,2000-01-01,2024-08-09,on_ds_daily_axis
BW-RCACW,RCACW,2000-01-01,2024-09-11,on_ds_daily_axis
BW-RCPI,RCPI,2000-01-01,2016-08-10,on_ds_daily_axis
BW-RMGCF,RMGCF,2000-01-01,2025-07-22,on_ds_daily_axis
BW-ROIVW,ROIVW,2000-01-01,2023-09-01,on_ds_daily_axis
BW-RVR,RVR,2000-01-01,2013-02-14,on_ds_daily_axis
BW-SAMA,SAMA,2000-01-01,2023-11-16,on_ds_daily_axis
BW-SBP,SBP,2000-01-01,2010-07-29,on_ds_daily_axis
BW-SBXC,SBXC,2000-01-01,2024-11-04,on_ds_daily_axis
BW-SCRMW,SCRMW,2000-01-01,2024-05-13,on_ds_daily_axis
BW-SEPA,SEPA,2000-01-01,2024-07-25,on_ds_daily_axis
BW-SEPAU,SEPAU,2000-01-01,2024-07-25,on_ds_daily_axis
BW-SFRTW,SFRTW,2000-01-01,2025-12-09,on_ds_daily_axis
BW-SGE,SGE,2000-01-01,2024-09-30,on_ds_daily_axis
BW-SHCRW,SHCRW,2000-01-01,2024-10-22,on_ds_daily_axis
BW-SHUAW,SHUAW,2000-01-01,2023-11-27,on_ds_daily_axis
BW-SLACU,SLACU,2000-01-01,2024-03-06,on_ds_daily_axis
BW-SLGCW,SLGCW,2000-01-01,2024-01-25,on_ds_daily_axis
BW-SLMWF,SLMWF,2000-01-01,2025-10-16,on_ds_daily_axis
BW-SLVRW,SLVRW,2000-01-01,2023-09-27,on_ds_daily_axis
BW-SPWRQ,SPWRQ,2000-01-01,2025-07-16,on_ds_daily_axis
BW-STLE,STLE,2000-01-01,2025-07-31,on_ds_daily_axis
BW-STLRW,STLRW,2000-01-01,2018-12-27,on_ds_daily_axis
BW-SUNH,SUNH,2000-01-01,2012-12-03,on_ds_daily_axis
BW-SVNAW,SVNAW,2000-01-01,2023-05-09,on_ds_daily_axis
BW-SZZLW,SZZLW,2000-01-01,2024-02-27,on_ds_daily_axis
BW-TBCPW,TBCPW,2000-01-01,2023-12-20,on_ds_daily_axis
BW-TGR,TGR,2000-01-01,2023-05-08,on_ds_daily_axis
BW-THCHW,THCHW,2000-01-01,2024-09-17,on_ds_daily_axis
BW-THWWW,THWWW,2000-01-01,2024-03-25,on_ds_daily_axis
BW-TMKRW,TMKRW,2000-01-01,2023-08-21,on_ds_daily_axis
BW-TMTC,TMTC,2000-01-01,2024-11-29,on_ds_daily_axis
BW-TMTCR,TMTCR,2000-01-01,2024-11-21,on_ds_daily_axis
BW-TSY,TSY,2000-01-01,2007-02-26,on_ds_daily_axis
BW-TTO,TTO,2000-01-01,2020-01-24,on_ds_daily_axis
BW-TTRE,TTRE,2000-01-01,2000-01-01,on_ds_daily_axis
BW-TUPBQ,TUPBQ,2000-01-01,2025-07-16,on_ds_daily_axis
BW-UCFIW,UCFIW,2000-01-01,2025-12-09,on_ds_daily_axis
BW-UTC,UTC,2000-01-01,2000-01-01,on_ds_daily_axis
BW-VBIVQ,VBIVQ,2000-01-01,2025-01-13,on_ds_daily_axis
BW-VBOCW,VBOCW,2000-01-01,2023-07-19,on_ds_daily_axis
BW-VERBW,VERBW,2000-01-01,2024-04-23,on_ds_daily_axis
BW-VINOQ,VINOQ,2000-01-01,2025-10-13,on_ds_daily_axis
BW-VLATW,VLATW,2000-01-01,2023-05-03,on_ds_daily_axis
BW-VMGAW,VMGAW,2000-01-01,2023-05-15,on_ds_daily_axis
BW-VRMEW,VRMEW,2000-01-01,2025-06-23,on_ds_daily_axis
BW-VSACW,VSACW,2000-01-01,2024-08-16,on_ds_daily_axis
BW-VTNRQ,VTNRQ,2000-01-01,2025-01-21,on_ds_daily_axis
BW-WCAP_OLD,WCAP_OLD,2000-01-01,2007-12-20,on_ds_daily_axis
BW-WESTW,WESTW,2000-01-01,2024-10-15,on_ds_daily_axis
BW-WGRO,WGRO,2000-01-01,2023-11-16,on_ds_daily_axis
BW-WKSPW,WKSPW,2000-01-01,2025-11-25,on_ds_daily_axis
BW-WPA,WPA,2000-01-01,2017-12-29,on_ds_daily_axis
BW-WRNT,WRNT,2000-01-01,2024-10-24,on_ds_daily_axis
BW-XBIOW,XBIOW,2000-01-01,2024-07-29,on_ds_daily_axis
BW-XFINW,XFINW,2000-01-01,2024-10-01,on_ds_daily_axis
BW-YGF,YGF,2000-01-01,2024-05-21,on_ds_daily_axis
BW-ZFOXW,ZFOXW,2000-01-01,2024-05-10,on_ds_daily_axis
BW-ZINGW,ZINGW,2000-01-01,2023-08-22,on_ds_daily_axis
BW-ZLSWF,ZLSWF,2000-01-01,2025-06-13,on_ds_daily_axis
BW-ZPTAW,ZPTAW,2000-01-01,2025-04-22,on_ds_daily_axis
BW-ZTAQW,ZTAQW,2000-01-01,2023-06-15,on_ds_daily_axis
BW-ZURAW,ZURAW,2000-01-01,2024-09-10,on_ds_daily_axis
BW-AAM-UN,AAM-UN,2000-01-01,2026-02-02,on_ds_daily_axis
BW-AAM-WT,AAM-WT,2000-01-01,2026-01-28,on_ds_daily_axis
BW-CA00792K2065,AAUGD,2000-01-01,2026-04-02,on_ds_daily_axis
BW-US04208T1088,AHH,2000-01-01,2026-05-01,on_ds_daily_axis
BW-CA04364G7839,AOTVD,2000-01-01,2026-04-02,on_ds_daily_axis
BW-US0240611030,AXL,2000-01-01,2026-04-07,on_ds_daily_axis
BW-US09260Q1085,BIGZ,2000-01-01,2026-01-30,on_ds_daily_axis
BW-IL0011336851,CHEK,2000-01-01,2026-04-24,on_ds_daily_axis
BW-US20459V1052,CMPO,2000-01-01,2026-03-13,on_ds_daily_axis
BW-COPRD,COPRD,2000-01-01,2026-04-02,on_ds_daily_axis
BW-BBG00YJL1961,CYBN,2000-01-01,2026-03-06,on_ds_daily_axis
BW-BBG004G493C6,DOOO,2000-01-01,2026-02-06,on_ds_daily_axis
BW-US2681574016,DYNT,2000-01-01,2026-04-02,on_ds_daily_axis
BW-CA3397641026,FLGC,2000-01-01,2026-01-28,on_ds_daily_axis
BW-BBG00JPYT1J2,GMRE,2000-01-01,2026-04-24,on_ds_daily_axis
BW-KYG4375F1081,HYAC-WT,2000-01-01,2026-03-06,on_ds_daily_axis
BW-BBG000VZHLL9,KAR,2000-01-01,2026-02-26,on_ds_daily_axis
BW-BBG00PQ76XT0,KLGDD,2000-01-01,2026-04-02,on_ds_daily_axis
BW-US58463J3041,MPW,2000-01-01,2026-04-02,on_ds_daily_axis
BW-US80512Q4029,NITO,2000-01-01,2026-02-26,on_ds_daily_axis
BW-BBG000CTV5F0,OMI,2000-01-01,2026-03-04,on_ds_daily_axis
BW-US72352G2066,PT,2000-01-01,2026-03-19,on_ds_daily_axis
BW-KYG713991027,PTHL,2000-01-01,2026-03-19,on_ds_daily_axis
BW-US69376K1060,PX,2000-01-01,2026-04-14,on_ds_daily_axis
BW-BBG00HS39BW6,QD,2000-01-01,2026-02-20,on_ds_daily_axis
BW-US7837541041,RYI,2000-01-01,2026-04-28,on_ds_daily_axis
BW-BBG00H1L1VG7,SGBX,2000-01-01,2026-03-25,on_ds_daily_axis
BW-BBG000BV2R33,TEF,2000-01-01,2026-03-20,on_ds_daily_axis
BW-TFSA,TFSA,2000-01-01,2026-03-30,on_ds_daily_axis
BW-US4327053090,THAR,2000-01-01,2026-04-21,on_ds_daily_axis
BW-GB00BVZK7T90,UNLYD,2000-01-01,2026-04-02,on_ds_daily_axis
BW-US37892C1062,VRAR,2000-01-01,2026-04-22,on_ds_daily_axis
BW-BBG0027DMW59,WTERD,2000-01-01,2026-04-02,on_ds_daily_axis
BW-BBG000BJBXZ2,ZYXI,2000-01-01,2026-02-24,on_ds_daily_axis
BW-AAAB,AAAB,2000-01-01,2003-01-29,on_ds_daily_axis
BW-AAAGY,AAAGY,2000-01-01,2010-08-12,on_ds_daily_axis
BW-BBG00DHTQCQ6,AABA,2000-01-01,2019-10-02,on_ds_daily_axis
BW-AABC,AABC,2000-01-01,2006-01-03,on_ds_daily_axis
BW-AACB_OLD,AACB_OLD,2000-01-01,2007-08-15,on_ds_daily_axis
BW-AACC,AACC,2000-01-01,2013-06-13,on_ds_daily_axis
BW-KY04316G2048,AACQU,2000-01-01,2021-06-24,on_ds_daily_axis
BW-KY04316G1131,AACQW,2000-01-01,2021-06-25,on_ds_daily_axis
BW-KYG330331201,AACT,2000-01-01,2025-09-24,on_ds_daily_axis
BW-AACT_OLD,AACT_OLD,2000-01-01,2022-03-02,on_ds_daily_axis
BW-BBG006T1NZ18,AAC_OLD2,2000-01-01,2019-11-04,on_ds_daily_axis
BW-BBG002WN7DT2,AADI,2000-01-01,2025-03-19,on_ds_daily_axis
BW-C0000101271,AAI,2000-01-01,2011-05-02,on_ds_daily_axis
BW-AAII,AAII,2000-01-01,2006-03-07,on_ds_daily_axis
BW-AAIN,AAIN,2000-01-01,2024-01-30,on_ds_daily_axis
BW-AAK,AAK,2000-01-01,2017-12-14,on_ds_daily_axis
BW-VI02153X1080,AAMC,2000-01-01,2024-11-01,on_ds_daily_axis
BW-AAM_OLD,AAM_OLD,2000-01-01,2022-03-02,on_ds_daily_axis
BW-AANB,AANB,2000-01-01,2009-09-30,on_ds_daily_axis
BW-AAN_OLD,AAN_OLD,2000-01-01,2020-11-30,on_ds_daily_axis
BW-AAPC,AAPC,2000-01-01,2017-10-04,on_ds_daily_axis
BW-US00439D1028,AAQC,2000-01-01,2022-12-15,on_ds_daily_axis
BW-AAQC-UN,AAQC-UN,2000-01-01,2022-12-15,on_ds_daily_axis
BW-AAQC-WT,AAQC-WT,2000-01-01,2022-11-16,on_ds_daily_axis
BW-AATI,AATI,2000-01-01,2012-01-10,on_ds_daily_axis
BW-AATT,AATT,2000-01-01,2000-02-02,on_ds_daily_axis
BW-BBG000DBZ8W9,AAU,2000-01-01,2024-04-04,on_ds_daily_axis
BW-C0001468079,AAV,2000-01-01,2000-01-01,on_ds_daily_axis
BW-AAVL,AAVL,2000-01-01,2019-06-28,on_ds_daily_axis
BW-BBG00JVL91H7,AAWW,2000-01-01,2023-03-24,on_ds_daily_axis
BW-USG0404E1123,ABAC,2000-01-01,2019-01-16,on_ds_daily_axis
BW-ABAN,ABAN,2000-01-01,2000-03-20,on_ds_daily_axis
BW-C0001120830,ABAX,2000-01-01,2018-07-31,on_ds_daily_axis
BW-ABBC,ABBC,2000-01-01,2011-09-30,on_ds_daily_axis
BW-ABBK,ABBK,2000-01-01,2004-04-28,on_ds_daily_axis
BW-US13201A1079,ABCD,2000-01-01,2018-12-17,on_ds_daily_axis
BW-ABCL_OLD,ABCL_OLD,2000-01-01,2001-07-02,on_ds_daily_axis
BW-ABCW,ABCW,2000-01-01,2016-04-29,on_ds_daily_axis
BW-ABDS,ABDS,2000-01-01,2010-08-12,on_ds_daily_axis
BW-ABF,ABF,2000-01-01,2017-08-28,on_ds_daily_axis
BW-ABFIQ,ABFIQ,2000-01-01,2008-06-25,on_ds_daily_axis
BW-ABFS,ABFS,2000-01-01,2014-04-30,on_ds_daily_axis
BW-ABGB,ABGB,2000-01-01,2016-04-27,on_ds_daily_axis
BW-ABGBY,ABGBY,2000-01-01,2016-05-12,on_ds_daily_axis
BW-KYG004961028,ABGI,2000-01-01,2023-03-08,on_ds_daily_axis
BW-ABGX,ABGX,2000-01-01,2006-03-31,on_ds_daily_axis
BW-ABII,ABII,2000-01-01,2010-10-15,on_ds_daily_axis
BW-USG8789K1081,ABIL,2000-01-01,2019-12-26,on_ds_daily_axis
BW-BBG007254VN2,ABIO,2000-01-01,2024-08-30,on_ds_daily_axis
BW-ABIX,ABIX,2000-01-01,2012-10-05,on_ds_daily_axis
BW-C0000719545,ABI_OLD1,2000-01-01,2008-11-21,on_ds_daily_axis
BW-ABK,ABK,2000-01-01,2018-01-30,on_ds_daily_axis
BW-BBG00VY1KB95,ABL,2000-01-01,2025-12-31,on_ds_daily_axis
BW-US00372Y1055,ABLX,2000-01-01,2018-06-12,on_ds_daily_axis
BW-BBG007J319L3,ABMD,2000-01-01,2022-12-23,on_ds_daily_axis
BW-ABN,ABN,2000-01-01,2018-01-30,on_ds_daily_axis
BW-ABNJ,ABNJ,2000-01-01,2009-05-29,on_ds_daily_axis
BW-ABNK_OLD,ABNK_OLD,2000-01-01,2005-12-02,on_ds_daily_axis
BW-ABPI,ABPI,2000-01-01,2016-01-06,on_ds_daily_axis
BW-ABRX,ABRX,2000-01-01,2006-08-15,on_ds_daily_axis
BW-ABR_OLD,ABR_OLD,2000-01-01,2003-06-16,on_ds_daily_axis
BW-C0001021913,ABS,2000-01-01,2019-06-07,on_ds_daily_axis
BW-ABSC,ABSC,2000-01-01,2001-07-18,on_ds_daily_axis
BW-ABTE,ABTE,2000-01-01,2000-10-09,on_ds_daily_axis
BW-ABTL,ABTL,2000-01-01,2017-10-06,on_ds_daily_axis
BW-US01748H1077,ABTX,2000-01-01,2022-10-07,on_ds_daily_axis
BW-ABTX_OLD,ABTX_OLD,2000-01-01,2000-01-24,on_ds_daily_axis
BW-ABVA,ABVA,2000-01-01,2012-12-21,on_ds_daily_axis
BW-ABVT,ABVT,2000-01-01,2012-06-29,on_ds_daily_axis
BW-ABWG,ABWG,2000-01-01,2015-04-22,on_ds_daily_axis
BW-ABWTQ,ABWTQ,2000-01-01,2010-12-09,on_ds_daily_axis
BW-C0000756894,ABX_OLD,2000-01-01,2019-04-04,on_ds_daily_axis
BW-ABY,ABY,2000-01-01,2020-10-08,on_ds_daily_axis
BW-C0001039778,ABY_OLD,2000-01-01,2007-10-26,on_ds_daily_axis
BW-BBG008NZ8QC0,AC,2000-01-01,2025-11-06,on_ds_daily_axis
BW-US04845A1088,ACAB,2000-01-01,2024-11-18,on_ds_daily_axis
BW-ACAMY,ACAMY,2000-01-01,2007-02-13,on_ds_daily_axis
BW-ACAM_OLD,ACAM_OLD,2000-01-01,2020-10-14,on_ds_daily_axis
BW-ACAP,ACAP,2000-01-01,2010-10-22,on_ds_daily_axis
BW-ACAQ-UN,ACAQ-UN,2000-01-01,2023-10-19,on_ds_daily_axis
BW-ACAQ-WT,ACAQ-WT,2000-01-01,2023-10-19,on_ds_daily_axis
BW-ACAS,ACAS,2000-01-01,2017-01-03,on_ds_daily_axis
BW-US02115M1099,ACAX,2000-01-01,2024-01-25,on_ds_daily_axis
BW-ACBA_OLD,ACBA_OLD,2000-01-01,2009-04-29,on_ds_daily_axis
BW-BBG00JRSSXK2,ACC,2000-01-01,2022-08-09,on_ds_daily_axis
BW-ACCL_OLD,ACCL_OLD,2000-01-01,2014-04-29,on_ds_daily_axis
BW-KYG051571050,ACDI,2000-01-01,2023-02-15,on_ds_daily_axis
BW-ACDO,ACDO,2000-01-01,2007-06-13,on_ds_daily_axis
BW-ACEC,ACEC,2000-01-01,2008-09-23,on_ds_daily_axis
BW-ACEE,ACEE,2000-01-01,2000-11-21,on_ds_daily_axis
BW-ACEL-WS,ACEL-WS,2000-01-01,2021-12-17,on_ds_daily_axis
BW-ACERW,ACERW,2000-01-01,2018-04-05,on_ds_daily_axis
BW-ACETQ,ACETQ,2000-01-01,2019-10-01,on_ds_daily_axis
BW-KYG0083D1209,ACEV,2000-01-01,2023-01-20,on_ds_daily_axis
BW-ACEVW,ACEVW,2000-01-01,2022-11-22,on_ds_daily_axis
BW-ACF,ACF,2000-01-01,2018-04-06,on_ds_daily_axis
BW-US0484261005,ACFC,2000-01-01,2018-05-25,on_ds_daily_axis
BW-C0001070336,ACHN_OLD,2000-01-01,2020-01-27,on_ds_daily_axis
BW-BBG000LF25Z0,ACH_OLD,2000-01-01,2022-11-03,on_ds_daily_axis
BW-BBG00359HX70,ACIA,2000-01-01,2021-03-01,on_ds_daily_axis
BW-ACIC-U,ACIC-U,2000-01-01,2021-12-17,on_ds_daily_axis
BW-US0492841020,ACIC_OLD,2000-01-01,2021-12-17,on_ds_daily_axis
BW-ACII-U,ACII-U,2000-01-01,2021-12-17,on_ds_daily_axis
BW-ACII-WT,ACII-WT,2000-01-01,2021-12-17,on_ds_daily_axis
BW-US0492871050,ACII_OLD,2000-01-01,2011-09-07,on_ds_daily_axis
BW-ACI_OLD,ACI_OLD,2000-01-01,2016-01-11,on_ds_daily_axis
BW-ACKH,ACKH,2000-01-01,2007-12-12,on_ds_daily_axis
BW-US00461L3033,ACKIT,2000-01-01,2022-09-08,on_ds_daily_axis
BW-ACKIW,ACKIW,2000-01-01,2022-08-31,on_ds_daily_axis
BW-ACL,ACL,2000-01-01,2022-03-02,on_ds_daily_axis
BW-ACLA,ACLA,2000-01-01,2004-12-10,on_ds_daily_axis
BW-ACLI,ACLI,2000-01-01,2010-12-21,on_ds_daily_axis
BW-ACME,ACME,2000-01-01,2015-11-25,on_ds_daily_axis
BW-ACMI,ACMI,2000-01-01,2000-11-29,on_ds_daily_axis
BW-ACMR_OLD,ACMR_OLD,2000-01-01,2011-11-18,on_ds_daily_axis
BW-ACND-U,ACND-U,2000-01-01,2021-07-21,on_ds_daily_axis
BW-ACND-WS,ACND-WS,2000-01-01,2021-07-21,on_ds_daily_axis
BW-ACND-WT,ACND-WT,2000-01-01,2021-07-21,on_ds_daily_axis
BW-ACN_OLD,ACN_OLD,2000-01-01,2000-11-08,on_ds_daily_axis
BW-C0000813621,ACO,2000-01-01,2014-05-09,on_ds_daily_axis
BW-ACOM_OLD,ACOM_OLD,2000-01-01,2001-10-31,on_ds_daily_axis
BW-US00484M6012,ACOR,2000-01-01,2024-04-11,on_ds_daily_axis
BW-ACPC,ACPC,2000-01-01,2014-02-04,on_ds_daily_axis
BW-ACPW,ACPW,2000-01-01,2017-05-04,on_ds_daily_axis
BW-KYG4761A1013,ACQR,2000-01-01,2023-03-17,on_ds_daily_axis
BW-ACRO-WT,ACRO-WT,2000-01-01,2023-12-04,on_ds_daily_axis
BW-ACR_OLD,ACR_OLD,2000-01-01,2006-07-25,on_ds_daily_axis
BW-ACS,ACS,2000-01-01,2018-08-08,on_ds_daily_axis
BW-ACSC,ACSC,2000-01-01,2000-02-25,on_ds_daily_axis
BW-US02504D1081,ACSF,2000-01-01,2018-08-24,on_ds_daily_axis
BW-C0001444192,ACST,2000-01-01,2024-10-25,on_ds_daily_axis
BW-C0000928753,ACTA,2000-01-01,2018-04-19,on_ds_daily_axis
BW-ACTC,ACTC,2000-01-01,2021-06-15,on_ds_daily_axis
BW-KYG045611178,ACTCU,2000-01-01,2021-06-14,on_ds_daily_axis
BW-ACTCW,ACTCW,2000-01-01,2021-08-16,on_ds_daily_axis
BW-KYG0R21B1044,ACTD,2000-01-01,2022-07-22,on_ds_daily_axis
BW-ACTDW,ACTDW,2000-01-01,2022-07-21,on_ds_daily_axis
BW-ACTI,ACTI,2000-01-01,2010-12-16,on_ds_daily_axis
BW-C0000907687,ACTL_OLD,2000-01-01,2010-11-02,on_ds_daily_axis
BW-ACTTU,ACTTU,2000-01-01,2020-07-02,on_ds_daily_axis
BW-ACTTW,ACTTW,2000-01-01,2020-06-24,on_ds_daily_axis
BW-ACTT_OLD,ACTT_OLD,2000-01-01,2013-09-05,on_ds_daily_axis
BW-C0001163932,ACTV_OLD1,2000-01-01,2013-11-15,on_ds_daily_axis
BW-ACVC,ACVC,2000-01-01,2001-02-14,on_ds_daily_axis
BW-C0001368457,ACV_OLD,2000-01-01,2011-05-10,on_ds_daily_axis
BW-ACW,ACW,2000-01-01,2016-11-17,on_ds_daily_axis
BW-ACX,ACX,2000-01-01,2002-02-21,on_ds_daily_axis
BW-C0000733269,ACXM,2000-01-01,2018-10-01,on_ds_daily_axis
BW-US0077371096,ACY,2000-01-01,2022-03-25,on_ds_daily_axis
BW-ADAC_OLD,ADAC_OLD,2000-01-01,2000-12-18,on_ds_daily_axis
BW-ADAM_OLD,ADAM_OLD,2000-01-01,2011-02-07,on_ds_daily_axis
BW-BBG008G65WC2,ADAP,2000-01-01,2025-11-05,on_ds_daily_axis
BW-C0000061478,ADCT_OLD,2000-01-01,2010-12-09,on_ds_daily_axis
BW-ADELQ,ADELQ,2000-01-01,2007-02-13,on_ds_daily_axis
BW-ADEP,ADEP,2000-01-01,2015-10-23,on_ds_daily_axis
BW-BBG000BGVLJ0,ADES,2000-01-01,2024-02-01,on_ds_daily_axis
BW-US0070241023,ADEX,2000-01-01,2025-06-11,on_ds_daily_axis
BW-ADEX-U,ADEX-U,2000-01-01,2021-12-17,on_ds_daily_axis
BW-ADEX-WT,ADEX-WT,2000-01-01,2023-12-29,on_ds_daily_axis
BW-ADF,ADF,2000-01-01,2021-12-03,on_ds_daily_axis
BW-ADF-U,ADF-U,2000-01-01,2021-12-02,on_ds_daily_axis
BW-ADF-WS,ADF-WS,2000-01-01,2021-12-02,on_ds_daily_axis
BW-ADFC,ADFC,2000-01-01,2000-01-11,on_ds_daily_axis
BW-ADGE,ADGE,2000-01-01,2017-05-18,on_ds_daily_axis
BW-ADGF,ADGF,2000-01-01,2012-05-31,on_ds_daily_axis
BW-ADHD,ADHD,2000-01-01,2017-11-17,on_ds_daily_axis
BW-ADIC,ADIC,2000-01-01,2007-06-13,on_ds_daily_axis
BW-ADK,ADK,2000-01-01,2020-10-08,on_ds_daily_axis
BW-ADLR,ADLR,2000-01-01,2011-12-12,on_ds_daily_axis
BW-ADMGQ,ADMGQ,2000-01-01,2009-12-22,on_ds_daily_axis
BW-US00547W2089,ADMP,2000-01-01,2023-11-09,on_ds_daily_axis
BW-BBG00HL6CBK5,ADMS,2000-01-01,2021-11-24,on_ds_daily_axis
BW-ADNC,ADNC,2000-01-01,2015-06-30,on_ds_daily_axis
BW-ADPI,ADPI,2000-01-01,2018-01-23,on_ds_daily_axis
BW-US00653H1023,ADRA,2000-01-01,2023-05-19,on_ds_daily_axis
BW-ADRA-U,ADRA-U,2000-01-01,2021-12-17,on_ds_daily_axis
BW-ADRA-WS,ADRA-WS,2000-01-01,2022-01-07,on_ds_daily_axis
BW-ADRAU,ADRAU,2000-01-01,2023-03-17,on_ds_daily_axis
BW-ADRX,ADRX,2000-01-01,2007-06-13,on_ds_daily_axis
BW-ADSC,ADSC,2000-01-01,2003-11-12,on_ds_daily_axis
BW-ADSP,ADSP,2000-01-01,2001-10-15,on_ds_daily_axis
BW-BBG003FJ1CY0,ADSW,2000-01-01,2020-10-30,on_ds_daily_axis
BW-ADVNQ,ADVNQ,2000-01-01,2010-08-09,on_ds_daily_axis
BW-ADVS,ADVS,2000-01-01,2015-07-07,on_ds_daily_axis
BW-ADY,ADY,2000-01-01,2013-06-27,on_ds_daily_axis
BW-ADZA,ADZA,2000-01-01,2007-04-02,on_ds_daily_axis
BW-US0075851024,AD_OLD,2000-01-01,2025-08-13,on_ds_daily_axis
BW-AEA,AEA,2000-01-01,2018-01-30,on_ds_daily_axis
BW-KYG066071088,AEAC,2000-01-01,2023-01-27,on_ds_daily_axis
BW-C0000911635,AEC_OLD,2000-01-01,2015-08-06,on_ds_daily_axis
BW-BBG000KPWTD8,AEGN,2000-01-01,2021-05-14,on_ds_daily_axis
BW-AEGR,AEGR,2000-01-01,2016-11-29,on_ds_daily_axis
BW-US0079243012,AEH,2000-01-01,2019-10-23,on_ds_daily_axis
BW-US00809L1061,AEHA,2000-01-01,2023-08-24,on_ds_daily_axis
BW-AEHAW,AEHAW,2000-01-01,2023-03-07,on_ds_daily_axis
BW-AEIC,AEIC,2000-01-01,2000-02-14,on_ds_daily_axis
BW-AEON-WT,AEON-WT,2000-01-01,2024-04-26,on_ds_daily_axis
BW-AEPI,AEPI,2000-01-01,2017-01-20,on_ds_daily_axis
BW-BBG005SSVCJ5,AERI,2000-01-01,2022-11-18,on_ds_daily_axis
BW-AERL,AERL,2000-01-01,2000-05-04,on_ds_daily_axis
BW-US00768M2026,AERO_OLD,2000-01-01,2021-04-29,on_ds_daily_axis
BW-AERT_OLD,AERT_OLD,2000-01-01,2017-05-01,on_ds_daily_axis
BW-AER_OLD,AER_OLD,2000-01-01,2003-03-26,on_ds_daily_axis
BW-AESP,AESP,2000-01-01,2007-07-20,on_ds_daily_axis
BW-US00817Y1082,AET,2000-01-01,2018-11-28,on_ds_daily_axis
BW-AEVA-WS,AEVA-WS,2000-01-01,2022-01-10,on_ds_daily_axis
BW-AEVA-WT,AEVA-WT,2000-01-01,2025-01-28,on_ds_daily_axis
BW-AEZ,AEZ,2000-01-01,2017-03-13,on_ds_daily_axis
BW-CA0079754028,AEZS,2000-01-01,2024-09-06,on_ds_daily_axis
BW-AF,AF,2000-01-01,2017-09-29,on_ds_daily_axis
BW-AFA,AFA,2000-01-01,2017-07-20,on_ds_daily_axis
BW-US04005A1043,AFAC,2000-01-01,2022-12-16,on_ds_daily_axis
BW-C0000799231,AFAM,2000-01-01,2018-03-29,on_ds_daily_axis
BW-US0010401042,AFAQ,2000-01-01,2022-12-30,on_ds_daily_axis
BW-AFAQW,AFAQW,2000-01-01,2022-12-22,on_ds_daily_axis
BW-AFBC,AFBC,2000-01-01,2004-12-29,on_ds_daily_axis
BW-AFBK,AFBK,2000-01-01,2006-06-30,on_ds_daily_axis
BW-US0470421068,AFCB,2000-01-01,2018-09-28,on_ds_daily_axis
BW-AFCI,AFCI,2000-01-01,2004-11-30,on_ds_daily_axis
BW-AFCO,AFCO,2000-01-01,2017-02-01,on_ds_daily_axis
BW-AFCO_OLD,AFCO_OLD,2000-01-01,2006-07-07,on_ds_daily_axis
BW-AFFI,AFFI,2000-01-01,2012-05-07,on_ds_daily_axis
BW-AFFX,AFFX,2000-01-01,2016-03-31,on_ds_daily_axis
BW-KYG062071157,AFH,2000-01-01,2021-01-28,on_ds_daily_axis
BW-BBG0085ZZXW3,AFI,2000-01-01,2022-05-20,on_ds_daily_axis
BW-BBG00ZR850N4,AFIN,2000-01-01,2022-04-18,on_ds_daily_axis
BW-AFIS,AFIS,2000-01-01,2000-11-13,on_ds_daily_axis
BW-AFOP,AFOP,2000-01-01,2016-06-06,on_ds_daily_axis
BW-C0001193558,AFR_OLD,2000-01-01,2008-04-01,on_ds_daily_axis
BW-AFSD,AFSD,2000-01-01,2017-11-16,on_ds_daily_axis
BW-US0323593097,AFSI,2000-01-01,2018-11-29,on_ds_daily_axis
BW-AFW,AFW,2000-01-01,2017-06-23,on_ds_daily_axis
BW-AFWY,AFWY,2000-01-01,2001-02-09,on_ds_daily_axis
BW-AFX,AFX,2000-01-01,2020-01-24,on_ds_daily_axis
BW-AGAC-U,AGAC-U,2000-01-01,2021-12-17,on_ds_daily_axis
BW-AGAC-WS,AGAC-WS,2000-01-01,2022-01-14,on_ds_daily_axis
BW-AGAM,AGAM,2000-01-01,2010-11-18,on_ds_daily_axis
BW-AGAM_OLD,AGAM_OLD,2000-01-01,2003-10-27,on_ds_daily_axis
BW-AGA_OLD,AGA_OLD,2000-01-01,2001-11-23,on_ds_daily_axis
BW-VGG0120M1095,AGBA,2000-01-01,2024-10-16,on_ds_daily_axis
BW-AGBAR,AGBAR,2000-01-01,2022-11-14,on_ds_daily_axis
BW-KYG0371B1095,AGCB,2000-01-01,2022-12-20,on_ds_daily_axis
BW-AGCC_OLD,AGCC_OLD,2000-01-01,2006-05-04,on_ds_daily_axis
BW-AGCH,AGCH,2000-01-01,2001-04-16,on_ds_daily_axis
BW-KYG0370L1243,AGCUU,2000-01-01,2021-12-01,on_ds_daily_axis
BW-AGCWW,AGCWW,2000-01-01,2021-12-06,on_ds_daily_axis
BW-BBG00P31XKP0,AGE,2000-01-01,2024-03-26,on_ds_daily_axis
BW-C0000718482,AGE_OLD,2000-01-01,2007-09-28,on_ds_daily_axis
BW-BBG00D6QZJY0,AGFS,2000-01-01,2023-04-06,on_ds_daily_axis
BW-KYG012021039,AGGR,2000-01-01,2023-03-17,on_ds_daily_axis
BW-US0401302056,AGIIL,2000-01-01,2020-10-07,on_ds_daily_axis
BW-C0000800082,AGII_OLD,2000-01-01,2007-08-06,on_ds_daily_axis
BW-C0001088653,AGIL_OLD,2000-01-01,2007-07-16,on_ds_daily_axis
BW-AGIS,AGIS,2000-01-01,2006-11-08,on_ds_daily_axis
BW-AGIXQ,AGIXQ,2000-01-01,2009-06-26,on_ds_daily_axis
BW-AGL_OLD,AGL_OLD,2000-01-01,2008-08-04,on_ds_daily_axis
BW-AGMA,AGMA,2000-01-01,2024-09-20,on_ds_daily_axis
BW-IE00BY9D5467,AGN,2000-01-01,2020-05-08,on_ds_daily_axis
BW-C0000850693,AGN_OLD,2000-01-01,2015-03-16,on_ds_daily_axis
BW-AGP,AGP,2000-01-01,2012-12-21,on_ds_daily_axis
BW-CAC009481069,AGRI,2000-01-01,2026-01-14,on_ds_daily_axis
BW-AGRI_OLD2,AGRI_OLD2,2000-01-01,2019-06-26,on_ds_daily_axis
BW-AGR_OLD,AGR_OLD,2000-01-01,2007-03-30,on_ds_daily_axis
BW-AGS_OLD,AGS_OLD,2000-01-01,2001-02-01,on_ds_daily_axis
BW-BBG006BJVMB7,AGTC,2000-01-01,2022-12-09,on_ds_daily_axis
BW-AGTO,AGTO,2000-01-01,2000-12-08,on_ds_daily_axis
BW-AGU,AGU,2000-01-01,2017-12-29,on_ds_daily_axis
BW-AGX_OLD,AGX_OLD,2000-01-01,2001-04-30,on_ds_daily_axis
BW-AGY,AGY,2000-01-01,2005-10-03,on_ds_daily_axis
BW-US0207511033,AHAC,2000-01-01,2021-08-27,on_ds_daily_axis
BW-AHACW,AHACW,2000-01-01,2021-08-27,on_ds_daily_axis
BW-AHCI,AHCI,2000-01-01,2011-10-20,on_ds_daily_axis
BW-AHCI_OLD,AHCI_OLD,2000-01-01,2002-03-07,on_ds_daily_axis
BW-C0001344980,AHGP,2000-01-01,2018-06-08,on_ds_daily_axis
BW-C0000882289,AHG_OLD,2000-01-01,2008-10-28,on_ds_daily_axis
BW-AHLS,AHLS,2000-01-01,2003-08-21,on_ds_daily_axis
BW-AHNA,AHNA,2000-01-01,2011-02-08,on_ds_daily_axis
BW-AHOM,AHOM,2000-01-01,2010-10-12,on_ds_daily_axis
BW-C0000879181,AHP,2000-01-01,2020-07-23,on_ds_daily_axis
BW-KYG072471025,AHPA,2000-01-01,2022-11-03,on_ds_daily_axis
BW-AHS,AHS,2000-01-01,2016-10-26,on_ds_daily_axis
BW-AICIQ,AICIQ,2000-01-01,2018-02-16,on_ds_daily_axis
BW-AICX,AICX,2000-01-01,2006-11-22,on_ds_daily_axis
BW-AIC_OLD,AIC_OLD,2000-01-01,2006-09-29,on_ds_daily_axis
BW-AIG-WS,AIG-WS,2000-01-01,2018-12-21,on_ds_daily_axis
BW-BBG00QG40Q17,AIH,2000-01-01,2024-07-23,on_ds_daily_axis
BW-AIII,AIII,2000-01-01,2017-06-28,on_ds_daily_axis
BW-AIII_OLD,AIII_OLD,2000-01-01,2001-11-29,on_ds_daily_axis
BW-AIJ,AIJ,2000-01-01,2016-06-28,on_ds_daily_axis
BW-AIK,AIK,2000-01-01,2015-03-24,on_ds_daily_axis
BW-BBG000F2PXX2,AIKI,2000-01-01,2023-02-22,on_ds_daily_axis
BW-AILP,AILP,2000-01-01,2001-09-07,on_ds_daily_axis
BW-BBG00KDNVN96,AIMC,2000-01-01,2023-03-27,on_ds_daily_axis
BW-AIMCV,AIMCV,2000-01-01,2018-10-01,on_ds_daily_axis
BW-AIMM,AIMM,2000-01-01,2011-12-19,on_ds_daily_axis
BW-BBG005NMB2L4,AIMT,2000-01-01,2020-10-13,on_ds_daily_axis
BW-AIND,AIND,2000-01-01,2001-11-30,on_ds_daily_axis
BW-AINN,AINN,2000-01-01,2018-01-30,on_ds_daily_axis
BW-BBG000CBNX94,AINV,2000-01-01,2022-10-14,on_ds_daily_axis
BW-AIPC,AIPC,2000-01-01,2010-07-27,on_ds_daily_axis
BW-AIQ_OLD,AIQ_OLD,2000-01-01,2017-08-18,on_ds_daily_axis
BW-AIRM,AIRM,2000-01-01,2017-04-20,on_ds_daily_axis
BW-US00950H1023,AIRO_OLD1,2000-01-01,2021-10-12,on_ds_daily_axis
BW-AIRS_OLD,AIRS_OLD,2000-01-01,2000-10-31,on_ds_daily_axis
BW-AIRV,AIRV,2000-01-01,2010-04-09,on_ds_daily_axis
BW-AITB,AITB,2000-01-01,2019-08-20,on_ds_daily_axis
BW-AIXG,AIXG,2000-01-01,2016-12-30,on_ds_daily_axis
BW-BBG00DWVJ6Q5,AI_OLD1,2000-01-01,2021-02-01,on_ds_daily_axis
BW-AJAX-U,AJAX-U,2000-01-01,2021-08-26,on_ds_daily_axis
BW-AJAX-WS,AJAX-WS,2000-01-01,2021-12-17,on_ds_daily_axis
BW-AJL,AJL,2000-01-01,2016-09-28,on_ds_daily_axis
BW-US38983D3008,AJX,2000-01-01,2024-12-03,on_ds_daily_axis
BW-AJX_OLD,AJX_OLD,2000-01-01,2002-03-19,on_ds_daily_axis
BW-AK,AK,2000-01-01,2002-06-14,on_ds_daily_axis
BW-BBG000R4TCP6,AKAO,2000-01-01,2019-04-25,on_ds_daily_axis
BW-BBG00H6YQPF1,AKCA,2000-01-01,2020-10-12,on_ds_daily_axis
BW-BBG000RCTB07,AKER,2000-01-01,2021-04-20,on_ds_daily_axis
BW-KYG8372A1031,AKIC,2000-01-01,2023-01-06,on_ds_daily_axis
BW-AKLM,AKLM,2000-01-01,2007-06-13,on_ds_daily_axis
BW-BBG00CKGMZZ5,AKRX,2000-01-01,2020-10-02,on_ds_daily_axis
BW-BBG00FZLP897,AKS,2000-01-01,2020-03-12,on_ds_daily_axis
BW-AKSO,AKSO,2000-01-01,2021-03-05,on_ds_daily_axis
BW-CA01021F1099,AKU,2000-01-01,2023-12-27,on_ds_daily_axis
BW-C0001722271,AKUS,2000-01-01,2022-12-01,on_ds_daily_axis
BW-ALA,ALA,2000-01-01,2018-01-30,on_ds_daily_axis
BW-C0000926966,ALAB_OLD,2000-01-01,2008-02-22,on_ds_daily_axis
BW-ALACW,ALACW,2000-01-01,2022-04-25,on_ds_daily_axis
BW-BBG000RDHFD5,ALBO,2000-01-01,2023-03-02,on_ds_daily_axis
BW-ALCC,ALCC,2000-01-01,2024-05-09,on_ds_daily_axis
BW-ALCD,ALCD,2000-01-01,2004-07-30,on_ds_daily_axis
BW-ALCS,ALCS,2000-01-01,2015-07-22,on_ds_daily_axis
BW-C0000929994,ALC_OLD,2000-01-01,2013-07-11,on_ds_daily_axis
BW-ALDN,ALDN,2000-01-01,2009-03-24,on_ds_daily_axis
BW-BBG006NMB946,ALDR,2000-01-01,2019-10-21,on_ds_daily_axis
BW-ALDV_OLD,ALDV_OLD,2000-01-01,2002-09-13,on_ds_daily_axis
BW-ALDW,ALDW,2000-01-01,2018-02-06,on_ds_daily_axis
BW-C0000003906,ALD_OLD,2000-01-01,2010-04-01,on_ds_daily_axis
BW-C0000743532,ALFA_OLD,2000-01-01,2008-04-15,on_ds_daily_axis
BW-ALFC,ALFC,2000-01-01,2006-06-30,on_ds_daily_axis
BW-ALFIW,ALFIW,2000-01-01,2022-10-24,on_ds_daily_axis
BW-ALFO,ALFO,2000-01-01,2001-01-25,on_ds_daily_axis
BW-US0272841083,ALGI,2000-01-01,2015-09-22,on_ds_daily_axis
BW-ALGO,ALGO,2000-01-01,2000-07-17,on_ds_daily_axis
BW-ALGR,ALGR,2000-01-01,2020-04-08,on_ds_daily_axis
BW-ALGRU,ALGRU,2000-01-01,2020-04-29,on_ds_daily_axis
BW-US02146C1045,ALI,2000-01-01,2003-01-22,on_ds_daily_axis
BW-ALJ,ALJ,2000-01-01,2017-06-30,on_ds_daily_axis
BW-ALLB,ALLB,2000-01-01,2015-10-09,on_ds_daily_axis
BW-ALLI,ALLI,2000-01-01,2010-01-13,on_ds_daily_axis
BW-ALLP,ALLP,2000-01-01,2008-12-17,on_ds_daily_axis
BW-ALLR_OLD,ALLR_OLD,2000-01-01,2001-03-20,on_ds_daily_axis
BW-ALM_OLD,ALM_OLD,2000-01-01,2012-02-14,on_ds_daily_axis
BW-BBG00KL8YSF9,ALNA,2000-01-01,2022-11-09,on_ds_daily_axis
BW-ALNC,ALNC,2000-01-01,2013-03-08,on_ds_daily_axis
BW-ALN_OLD,ALN_OLD,2000-01-01,2003-07-15,on_ds_daily_axis
BW-C0000730469,ALO,2000-01-01,2020-08-05,on_ds_daily_axis
BW-C0002083031,ALOG,2000-01-01,2018-06-22,on_ds_daily_axis
BW-ALOY_OLD,ALOY_OLD,2000-01-01,2010-11-09,on_ds_daily_axis
BW-C0000730469-ALO,ALO_OLD,2000-01-01,2008-12-29,on_ds_daily_axis
BW-US02073F1049,ALPA,2000-01-01,2023-07-14,on_ds_daily_axis
BW-ALPAW,ALPAW,2000-01-01,2023-07-14,on_ds_daily_axis
BW-ALPH,ALPH,2000-01-01,2003-06-25,on_ds_daily_axis
BW-BBG000BDFHY7,ALQA,2000-01-01,2020-10-08,on_ds_daily_axis
BW-ALRN_OLD,ALRN_OLD,2000-01-01,2013-12-31,on_ds_daily_axis
BW-US01449J1051,ALR_OLD,2000-01-01,2017-10-02,on_ds_daily_axis
BW-BBG000DFVMC5,ALSK,2000-01-01,2021-07-22,on_ds_daily_axis
BW-ALSM,ALSM,2000-01-01,2005-06-27,on_ds_daily_axis
BW-ALTE,ALTE,2000-01-01,2017-11-22,on_ds_daily_axis
BW-ALTH,ALTH,2000-01-01,2012-09-05,on_ds_daily_axis
BW-ALTI_OLD,ALTI_OLD,2000-01-01,2016-11-16,on_ds_daily_axis
BW-C0000768251,ALTR_OLD,2000-01-01,2015-12-24,on_ds_daily_axis
BW-ALTUQ,ALTUQ,2000-01-01,2009-11-20,on_ds_daily_axis
BW-ALTV,ALTV,2000-01-01,2015-12-21,on_ds_daily_axis
BW-C0000886125,ALU,2000-01-01,2019-12-09,on_ds_daily_axis
BW-ALUS-U,ALUS-U,2000-01-01,2021-07-07,on_ds_daily_axis
BW-ALUS-WS,ALUS-WS,2000-01-01,2021-07-07,on_ds_daily_axis
BW-C0001754068,ALVR,2000-01-01,2025-03-19,on_ds_daily_axis
BW-ALVU,ALVU,2000-01-01,2021-11-19,on_ds_daily_axis
BW-BBG000G30YX4,ALXN,2000-01-01,2021-07-21,on_ds_daily_axis
BW-ALY,ALY,2000-01-01,2011-02-23,on_ds_daily_axis
BW-BBG00MFNPFZ5,ALYA,2000-01-01,2024-02-09,on_ds_daily_axis
BW-ALYS,ALYS,2000-01-01,2001-01-18,on_ds_daily_axis
BW-C0000004285,AL_OLD,2000-01-01,2007-11-14,on_ds_daily_axis
BW-AM2,AM2,2000-01-01,2019-03-12,on_ds_daily_axis
BW-AMAC,AMAC,2000-01-01,2011-12-22,on_ds_daily_axis
BW-BBG000CHF7G9,AMAG,2000-01-01,2020-11-16,on_ds_daily_axis
BW-AMAP,AMAP,2000-01-01,2014-07-17,on_ds_daily_axis
BW-AMARQ,AMARQ,2000-01-01,2013-11-04,on_ds_daily_axis
BW-BBG004HQHKK0,AMBC,2000-01-01,2025-11-21,on_ds_daily_axis
BW-AMBCW,AMBCW,2000-01-01,2020-04-20,on_ds_daily_axis
BW-AMBC_OLD,AMBC_OLD,2000-01-01,2002-02-28,on_ds_daily_axis
BW-AMBI-WT,AMBI-WT,2000-01-01,2025-10-28,on_ds_daily_axis
BW-AMBI_OLD,AMBI_OLD,2000-01-01,2014-11-10,on_ds_daily_axis
BW-AMBP-WT,AMBP-WT,2000-01-01,2025-11-25,on_ds_daily_axis
BW-AMBTQ,AMBTQ,2000-01-01,2018-06-15,on_ds_daily_axis
BW-AMCC,AMCC,2000-01-01,2017-01-26,on_ds_daily_axis
BW-AMCIW,AMCIW,2000-01-01,2023-02-08,on_ds_daily_axis
BW-US00166R1005,AMCI_OLD,2000-01-01,2021-02-22,on_ds_daily_axis
BW-AMCN,AMCN,2000-01-01,2022-06-03,on_ds_daily_axis
BW-AMCN_OLD,AMCN_OLD,2000-01-01,2002-02-11,on_ds_daily_axis
BW-AMCP,AMCP,2000-01-01,2008-10-31,on_ds_daily_axis
BW-AMCS,AMCS,2000-01-01,2010-04-28,on_ds_daily_axis
BW-AMCV,AMCV,2000-01-01,2001-10-17,on_ds_daily_axis
BW-AMC_OLD,AMC_OLD,2000-01-01,2008-11-14,on_ds_daily_axis
BW-US0234352096,AMDA,2000-01-01,2018-11-02,on_ds_daily_axis
BW-AMEH,AMEH,2000-01-01,2024-04-26,on_ds_daily_axis
BW-AMEH_OLD1,AMEH_OLD1,2000-01-01,2013-12-16,on_ds_daily_axis
BW-AMES,AMES,2000-01-01,2001-08-20,on_ds_daily_axis
BW-AMEV,AMEV,2000-01-01,2004-02-12,on_ds_daily_axis
BW-AMFH,AMFH,2000-01-01,2003-02-14,on_ds_daily_axis
BW-AMFIQ,AMFIQ,2000-01-01,2010-08-10,on_ds_daily_axis
BW-AMFW,AMFW,2000-01-01,2017-10-06,on_ds_daily_axis
BW-AMGIA,AMGIA,2000-01-01,2003-07-01,on_ds_daily_axis
BW-C0001623925,AMGP,2000-01-01,2019-06-28,on_ds_daily_axis
BW-US03212A2042,AMHCU,2000-01-01,2021-09-24,on_ds_daily_axis
BW-AMHCW,AMHCW,2000-01-01,2021-09-24,on_ds_daily_axis
BW-AMH_OLD,AMH_OLD,2000-01-01,2006-11-14,on_ds_daily_axis
BW-AMIC,AMIC,2000-01-01,2016-08-30,on_ds_daily_axis
BW-AMIEQ,AMIEQ,2000-01-01,2016-03-07,on_ds_daily_axis
BW-AMIS,AMIS,2000-01-01,2008-03-17,on_ds_daily_axis
BW-AMLI,AMLI,2000-01-01,2024-12-30,on_ds_daily_axis
BW-AMLJ,AMLJ,2000-01-01,2013-10-14,on_ds_daily_axis
BW-AMLN,AMLN,2000-01-01,2012-08-08,on_ds_daily_axis
BW-US0186261014,AMMA,2000-01-01,2019-02-01,on_ds_daily_axis
BW-AMMB,AMMB,2000-01-01,2001-06-29,on_ds_daily_axis
BW-AMMD,AMMD,2000-01-01,2011-06-17,on_ds_daily_axis
BW-AMNT,AMNT,2000-01-01,2005-12-12,on_ds_daily_axis
BW-C0000790730,AMN_OLD,2000-01-01,2011-10-05,on_ds_daily_axis
BW-AMO,AMO,2000-01-01,2010-01-22,on_ds_daily_axis
BW-BBG000BKVYJ3,AMOT,2000-01-01,2023-10-24,on_ds_daily_axis
BW-AMPB,AMPB,2000-01-01,2005-04-20,on_ds_daily_axis
BW-AMPH1,AMPH1,2000-01-01,2010-11-30,on_ds_daily_axis
BW-US00777J1097,AMPI,2000-01-01,2022-12-14,on_ds_daily_axis
BW-AMPXQ,AMPXQ,2000-01-01,2008-09-26,on_ds_daily_axis
BW-AMRE,AMRE,2000-01-01,2015-02-18,on_ds_daily_axis
BW-US02362F3029,AMRH,2000-01-01,2021-02-08,on_ds_daily_axis
BW-AMRI,AMRI,2000-01-01,2017-08-31,on_ds_daily_axis
BW-AMRK,AMRK,2000-01-01,2026-02-27,on_ds_daily_axis
BW-BBG005ZVDK48,AMRK_OLD,2000-01-01,2025-12-08,on_ds_daily_axis
BW-BBG00C0L7JL4,AMRS,2000-01-01,2023-08-18,on_ds_daily_axis
BW-AMR_OLD,AMR_OLD,2000-01-01,2012-01-04,on_ds_daily_axis
BW-AMSG,AMSG,2000-01-01,2016-12-01,on_ds_daily_axis
BW-AMSI,AMSI,2000-01-01,2006-06-30,on_ds_daily_axis
BW-AMSI_OLD,AMSI_OLD,2000-01-01,2001-02-12,on_ds_daily_axis
BW-AMSWA,AMSWA,2000-01-01,2024-10-02,on_ds_daily_axis
BW-AMSY,AMSY,2000-01-01,2004-05-03,on_ds_daily_axis
BW-BBG000BZC2G4,AMTD_OLD,2000-01-01,2020-10-06,on_ds_daily_axis
BW-AMTG,AMTG,2000-01-01,2016-08-31,on_ds_daily_axis
BW-AMVC,AMVC,2000-01-01,2000-07-12,on_ds_daily_axis
BW-AMV_OLD,AMV_OLD,2000-01-01,2006-12-26,on_ds_daily_axis
BW-AMW,AMW,2000-01-01,2001-04-17,on_ds_daily_axis
BW-AMYRZ,AMYRZ,2000-01-01,2009-11-24,on_ds_daily_axis
BW-US03217L1061,AMYT,2000-01-01,2023-04-21,on_ds_daily_axis
BW-AMZ,AMZ,2000-01-01,2004-12-13,on_ds_daily_axis
BW-C0000005133,AM_OLD,2000-01-01,2013-08-08,on_ds_daily_axis
BW-ANA,ANA,2000-01-01,2022-03-02,on_ds_daily_axis
BW-ANAC-U,ANAC-U,2000-01-01,2021-12-17,on_ds_daily_axis
BW-ANAC-WS,ANAC-WS,2000-01-01,2021-12-17,on_ds_daily_axis
BW-KYG0477L1005,ANAC_OLD,2000-01-01,2016-06-23,on_ds_daily_axis
BW-ANAD,ANAD,2000-01-01,2016-03-15,on_ds_daily_axis
BW-ANBC,ANBC,2000-01-01,2000-03-10,on_ds_daily_axis
BW-US0328381043,ANCB,2000-01-01,2018-11-15,on_ds_daily_axis
BW-ANCC,ANCC,2000-01-01,2006-10-12,on_ds_daily_axis
BW-ANCI,ANCI,2000-01-01,2008-09-26,on_ds_daily_axis
BW-US03280X1028,ANCN,2000-01-01,2021-05-17,on_ds_daily_axis
BW-ANCR,ANCR,2000-01-01,2016-01-27,on_ds_daily_axis
BW-US0043371014,ANCX,2000-01-01,2019-01-31,on_ds_daily_axis
BW-ANCX_OLD,ANCX_OLD,2000-01-01,2001-11-12,on_ds_daily_axis
BW-US8636851037,ANDA,2000-01-01,2021-07-22,on_ds_daily_axis
BW-ANDA2,ANDA2,2000-01-01,2018-03-15,on_ds_daily_axis
BW-ANDAR,ANDAR,2000-01-01,2021-07-20,on_ds_daily_axis
BW-ANDAR2,ANDAR2,2000-01-01,2018-03-15,on_ds_daily_axis
BW-KYG044151168,ANDAU,2000-01-01,2021-07-19,on_ds_daily_axis
BW-ANDAW,ANDAW,2000-01-01,2021-07-21,on_ds_daily_axis
BW-ANDAW2,ANDAW2,2000-01-01,2018-03-15,on_ds_daily_axis
BW-ANDB,ANDB,2000-01-01,2001-10-31,on_ds_daily_axis
BW-ANDN_OLD,ANDN_OLD,2000-01-01,2000-06-06,on_ds_daily_axis
BW-ANDS,ANDS,2000-01-01,2011-11-23,on_ds_daily_axis
BW-US03349M1053,ANDV,2000-01-01,2018-09-28,on_ds_daily_axis
BW-ANDW,ANDW,2000-01-01,2007-12-27,on_ds_daily_axis
BW-BBG001CWR5R3,ANDX,2000-01-01,2019-07-29,on_ds_daily_axis
BW-ANE,ANE,2000-01-01,2022-03-02,on_ds_daily_axis
BW-ANEN,ANEN,2000-01-01,2014-02-14,on_ds_daily_axis
BW-ANET_OLD2,ANET_OLD2,2000-01-01,2007-11-01,on_ds_daily_axis
BW-ANG,ANG,2000-01-01,2018-09-26,on_ds_daily_axis
BW-ANG-PA,ANG-PA,2000-01-01,2025-02-21,on_ds_daily_axis
BW-C0000815093,ANGN,2000-01-01,2023-06-01,on_ds_daily_axis
BW-ANGN_OLD,ANGN_OLD,2000-01-01,2002-10-25,on_ds_daily_axis
BW-BBG000C0RS40,ANH,2000-01-01,2021-03-19,on_ds_daily_axis
BW-ANIC,ANIC,2000-01-01,2000-07-18,on_ds_daily_axis
BW-ANLG,ANLG,2000-01-01,2000-03-22,on_ds_daily_axis
BW-ANLY,ANLY,2000-01-01,2013-10-30,on_ds_daily_axis
BW-ANL_OLD,ANL_OLD,2000-01-01,2009-03-17,on_ds_daily_axis
BW-ANN,ANN,2000-01-01,2015-08-21,on_ds_daily_axis
BW-ANNB,ANNB,2000-01-01,2013-04-05,on_ds_daily_axis
BW-ANOR,ANOR,2000-01-01,2006-11-07,on_ds_daily_axis
BW-US03635R1077,ANPC,2000-01-01,2023-07-21,on_ds_daily_axis
BW-ANPIQ,ANPIQ,2000-01-01,2011-05-18,on_ds_daily_axis
BW-ANR,ANR,2000-01-01,2015-07-15,on_ds_daily_axis
BW-ANRZ,ANRZ,2000-01-01,2016-07-26,on_ds_daily_axis
BW-ANR_OLD,ANR_OLD,2000-01-01,2009-10-16,on_ds_daily_axis
BW-ANS,ANS,2000-01-01,2008-06-10,on_ds_daily_axis
BW-ANSI,ANSI,2000-01-01,2005-11-29,on_ds_daily_axis
BW-ANST,ANST,2000-01-01,2008-07-31,on_ds_daily_axis
BW-ANSV,ANSV,2000-01-01,2010-12-20,on_ds_daily_axis
BW-ANSW,ANSW,2000-01-01,2011-04-14,on_ds_daily_axis
BW-ANT,ANT,2000-01-01,2006-06-08,on_ds_daily_axis
BW-US00941Q1040,ANTE,2000-01-01,2025-09-18,on_ds_daily_axis
BW-ANTM,ANTM,2000-01-01,2022-06-27,on_ds_daily_axis
BW-ANTP,ANTP,2000-01-01,2013-07-31,on_ds_daily_axis
BW-C0001344376,ANW,2000-01-01,2018-11-05,on_ds_daily_axis
BW-ANXB,ANXB,2000-01-01,2010-01-27,on_ds_daily_axis
BW-ANZ,ANZ,2000-01-01,2017-12-06,on_ds_daily_axis
BW-US03737A1016,ANZU,2000-01-01,2023-09-29,on_ds_daily_axis
BW-AOF,AOF,2000-01-01,2010-01-12,on_ds_daily_axis
BW-AOG,AOG,2000-01-01,2017-03-13,on_ds_daily_axis
BW-AOGSQ,AOGSQ,2000-01-01,2009-12-22,on_ds_daily_axis
BW-AOL,AOL,2000-01-01,2015-06-22,on_ds_daily_axis
BW-AOLAQ,AOLAQ,2000-01-01,2006-07-12,on_ds_daily_axis
BW-AONE-U,AONE-U,2000-01-01,2021-07-14,on_ds_daily_axis
BW-AONE-WS,AONE-WS,2000-01-01,2021-07-14,on_ds_daily_axis
BW-AOP,AOP,2000-01-01,2017-03-20,on_ds_daily_axis
BW-AORGB,AORGB,2000-01-01,2006-09-06,on_ds_daily_axis
BW-AOT,AOT,2000-01-01,2004-08-02,on_ds_daily_axis
BW-AP-WT,AP-WT,2000-01-01,2025-07-24,on_ds_daily_axis
BW-APAB,APAB,2000-01-01,2010-09-13,on_ds_daily_axis
BW-KYG850941033,APAC_OLD,2000-01-01,2011-10-14,on_ds_daily_axis
BW-APAGF,APAGF,2000-01-01,2015-01-28,on_ds_daily_axis
BW-APCC,APCC,2000-01-01,2007-02-14,on_ds_daily_axis
BW-APCFY,APCFY,2000-01-01,2008-01-14,on_ds_daily_axis
BW-APCS,APCS,2000-01-01,2015-03-26,on_ds_daily_axis
BW-BBG000RGB4H5,APEN,2000-01-01,2023-04-11,on_ds_daily_axis
BW-APEX_OLD,APEX_OLD,2000-01-01,2000-06-30,on_ds_daily_axis
BW-APFC,APFC,2000-01-01,2014-02-26,on_ds_daily_axis
BW-APFH,APFH,2000-01-01,2017-06-07,on_ds_daily_axis
BW-APGB-U,APGB-U,2000-01-01,2021-12-17,on_ds_daily_axis
BW-APGB-UN,APGB-UN,2000-01-01,2023-11-27,on_ds_daily_axis
BW-APGB-WS,APGB-WS,2000-01-01,2021-12-29,on_ds_daily_axis
BW-BBG007X1TRK2,APHA,2000-01-01,2021-07-02,on_ds_daily_axis
BW-APHT,APHT,2000-01-01,2006-11-21,on_ds_daily_axis
BW-APIC,APIC,2000-01-01,2016-11-09,on_ds_daily_axis
BW-APK,APK,2000-01-01,2017-06-19,on_ds_daily_axis
BW-APKT,APKT,2000-01-01,2013-03-28,on_ds_daily_axis
BW-C0001347218,APL,2000-01-01,2019-06-27,on_ds_daily_axis
BW-C0001419242,APLP,2000-01-01,2018-04-26,on_ds_daily_axis
BW-APLX_OLD,APLX_OLD,2000-01-01,2007-10-25,on_ds_daily_axis
BW-C0002085795,APN,2000-01-01,2023-04-03,on_ds_daily_axis
BW-APN-UN,APN-UN,2000-01-01,2023-03-23,on_ds_daily_axis
BW-APNT,APNT,2000-01-01,2000-09-13,on_ds_daily_axis
BW-APN_OLD2,APN_OLD2,2000-01-01,2007-01-23,on_ds_daily_axis
BW-US0376041051,APOL,2000-01-01,2017-02-01,on_ds_daily_axis
BW-US15116C3007,APOP,2000-01-01,2021-11-03,on_ds_daily_axis
BW-APO_OLD,APO_OLD,2000-01-01,2009-12-30,on_ds_daily_axis
BW-BBG00Z4KX630,APPH,2000-01-01,2023-10-03,on_ds_daily_axis
BW-APPHW,APPHW,2000-01-01,2023-08-01,on_ds_daily_axis
BW-APPS_OLD,APPS_OLD,2000-01-01,2002-11-25,on_ds_daily_axis
BW-C0001417796,APPX_OLD,2000-01-01,2008-09-10,on_ds_daily_axis
BW-APQCF,APQCF,2000-01-01,2006-08-16,on_ds_daily_axis
BW-US03836A1016,APR,2000-01-01,2022-03-28,on_ds_daily_axis
BW-US03832V3078,APRI,2000-01-01,2019-01-23,on_ds_daily_axis
BW-APRO_OLD,APRO_OLD,2000-01-01,2007-09-18,on_ds_daily_axis
BW-APRS,APRS,2000-01-01,2005-11-25,on_ds_daily_axis
BW-APSG-U,APSG-U,2000-01-01,2021-12-28,on_ds_daily_axis
BW-APSG-WS,APSG-WS,2000-01-01,2021-12-17,on_ds_daily_axis
BW-APSG-WT,APSG-WT,2000-01-01,2022-06-24,on_ds_daily_axis
BW-C0000741696,APSG_OLD,2000-01-01,2011-01-31,on_ds_daily_axis
BW-US03835C1080,APTI,2000-01-01,2019-01-09,on_ds_daily_axis
BW-APTI_OLD,APTI_OLD,2000-01-01,2006-04-28,on_ds_daily_axis
BW-C0000882361,APTO,2000-01-01,2025-04-02,on_ds_daily_axis
BW-BBG000BB3213,APU,2000-01-01,2019-08-21,on_ds_daily_axis
BW-APW,APW,2000-01-01,2015-06-05,on_ds_daily_axis
BW-C0001399233,APWR_OLD,2000-01-01,2013-04-23,on_ds_daily_axis
BW-BBG00Q73LFG4,APXT,2000-01-01,2022-02-18,on_ds_daily_axis
BW-BBG00KX90JQ9,APY,2000-01-01,2020-10-22,on_ds_daily_axis
BW-BBG000QYG1T5,AQ,2000-01-01,2019-09-18,on_ds_daily_axis
BW-AQCR,AQCR,2000-01-01,2002-09-30,on_ds_daily_axis
BW-AQLA,AQLA,2000-01-01,2000-11-16,on_ds_daily_axis
BW-AQNM,AQNM,2000-01-01,2017-07-31,on_ds_daily_axis
BW-AQNT,AQNT,2000-01-01,2007-08-10,on_ds_daily_axis
BW-AQQ,AQQ,2000-01-01,2018-01-08,on_ds_daily_axis
BW-US03842B1017,AQXP,2000-01-01,2019-08-14,on_ds_daily_axis
BW-AQ_OLD,AQ_OLD,2000-01-01,2013-07-08,on_ds_daily_axis
BW-C0000883952,ARA_OLD,2000-01-01,2009-11-17,on_ds_daily_axis
BW-ARBA,ARBA,2000-01-01,2012-10-01,on_ds_daily_axis
BW-ARBE_OLD,ARBE_OLD,2000-01-01,2022-09-27,on_ds_daily_axis
BW-ARBX,ARBX,2000-01-01,2011-02-28,on_ds_daily_axis
BW-ARCC_OLD,ARCC_OLD,2000-01-01,2002-02-04,on_ds_daily_axis
BW-ARCH,ARCH,2000-01-01,2025-01-13,on_ds_daily_axis
BW-C0002083910,ARCI,2000-01-01,2019-09-10,on_ds_daily_axis
BW-ARCL,ARCL,2000-01-01,2012-05-17,on_ds_daily_axis
BW-ARCP,ARCP,2000-01-01,2015-07-30,on_ds_daily_axis
BW-ARCPP,ARCPP,2000-01-01,2015-07-30,on_ds_daily_axis
BW-ARCT_OLD,ARCT_OLD,2000-01-01,2013-01-22,on_ds_daily_axis
BW-ARCX_OLD,ARCX_OLD,2000-01-01,2017-12-21,on_ds_daily_axis
BW-ARC_OLD,ARC_OLD,2000-01-01,2000-04-17,on_ds_daily_axis
BW-LU1565283667,ARD,2000-01-01,2021-10-07,on_ds_daily_axis
BW-ARDI,ARDI,2000-01-01,2007-02-16,on_ds_daily_axis
BW-US0385053014,ARDM,2000-01-01,2019-01-14,on_ds_daily_axis
BW-ARDNA,ARDNA,2000-01-01,2014-02-19,on_ds_daily_axis
BW-C0001123871,ARD_OLD,2000-01-01,2010-07-16,on_ds_daily_axis
BW-BBG000RQ2VS1,AREX,2000-01-01,2019-11-11,on_ds_daily_axis
BW-ARG,ARG,2000-01-01,2016-05-20,on_ds_daily_axis
BW-ARGA,ARGA,2000-01-01,2012-08-15,on_ds_daily_axis
BW-ARGSQ,ARGSQ,2000-01-01,2019-10-10,on_ds_daily_axis
BW-US04026L1052,ARGU,2000-01-01,2022-12-29,on_ds_daily_axis
BW-ARGUW,ARGUW,2000-01-01,2022-12-19,on_ds_daily_axis
BW-ARGY,ARGY,2000-01-01,2001-12-19,on_ds_daily_axis
BW-ARIA,ARIA,2000-01-01,2017-02-15,on_ds_daily_axis
BW-US02916P1030,ARII,2000-01-01,2018-12-04,on_ds_daily_axis
BW-ARI_OLD,ARI_OLD,2000-01-01,2006-05-02,on_ds_daily_axis
BW-ARJ,ARJ,2000-01-01,2017-03-13,on_ds_daily_axis
BW-US03852X1000,ARLZ,2000-01-01,2018-08-20,on_ds_daily_axis
BW-BBG000CXNF22,ARMN,2000-01-01,2026-04-02,on_ds_daily_axis
BW-BBG00H0J96G0,ARNA,2000-01-01,2022-03-14,on_ds_daily_axis
BW-C0001790982,ARNC_OLD,2000-01-01,2020-03-31,on_ds_daily_axis
BW-ARO,ARO,2000-01-01,2016-04-21,on_ds_daily_axis
BW-ARPI,ARPI,2000-01-01,2016-02-29,on_ds_daily_axis
BW-US00810B1052,ARPO,2000-01-01,2022-02-18,on_ds_daily_axis
BW-ARPT,ARPT,2000-01-01,2000-06-23,on_ds_daily_axis
BW-BBG00JR5L637,ARQL,2000-01-01,2020-01-15,on_ds_daily_axis
BW-ARRO,ARRO,2000-01-01,2007-10-01,on_ds_daily_axis
BW-GB00BZ04Y379,ARRS,2000-01-01,2019-04-03,on_ds_daily_axis
BW-ARRY_OLD,ARRY_OLD,2000-01-01,2019-05-28,on_ds_daily_axis
BW-ARS,ARS,2000-01-01,2006-12-19,on_ds_daily_axis
BW-ARSD,ARSD,2000-01-01,2014-06-17,on_ds_daily_axis
BW-ART,ART,2000-01-01,2013-05-21,on_ds_daily_axis
BW-KYG0509L1106,ARTAU,2000-01-01,2022-05-17,on_ds_daily_axis
BW-ARTAW,ARTAW,2000-01-01,2022-05-17,on_ds_daily_axis
BW-ARTG,ARTG,2000-01-01,2011-01-05,on_ds_daily_axis
BW-ARTI_OLD,ARTI_OLD,2000-01-01,2004-12-23,on_ds_daily_axis
BW-ARTT,ARTT,2000-01-01,2001-03-29,on_ds_daily_axis
BW-US0426822039,ARTX,2000-01-01,2019-12-18,on_ds_daily_axis
BW-ART_OLD,ART_OLD,2000-01-01,2001-02-16,on_ds_daily_axis
BW-ARU,ARU,2000-01-01,2017-05-22,on_ds_daily_axis
BW-ARUN,ARUN,2000-01-01,2015-05-18,on_ds_daily_axis
BW-ARV,ARV,2000-01-01,2017-10-31,on_ds_daily_axis
BW-LU2314763264,ARVL,2000-01-01,2024-04-01,on_ds_daily_axis
BW-ARVX,ARVX,2000-01-01,2001-06-07,on_ds_daily_axis
BW-ARWA,ARWA,2000-01-01,2016-12-28,on_ds_daily_axis
BW-ARWM,ARWM,2000-01-01,2005-01-07,on_ds_daily_axis
BW-ARXT,ARXT,2000-01-01,2008-01-29,on_ds_daily_axis
BW-ARXX,ARXX,2000-01-01,2007-08-15,on_ds_daily_axis
BW-ARX_OLD,ARX_OLD,2000-01-01,2014-09-12,on_ds_daily_axis
BW-KYG3166W1069,ARYA,2000-01-01,2021-06-10,on_ds_daily_axis
BW-ARYAU,ARYAU,2000-01-01,2020-07-01,on_ds_daily_axis
BW-ARYAW,ARYAW,2000-01-01,2020-07-01,on_ds_daily_axis
BW-BBG00ZDRF751,ASAI,2000-01-01,2025-01-10,on_ds_daily_axis
BW-ASAL,ASAL,2000-01-01,2018-06-13,on_ds_daily_axis
BW-US04906P1012,ASAQ,2000-01-01,2022-10-05,on_ds_daily_axis
BW-ASAQ-U,ASAQ-U,2000-01-01,2021-12-17,on_ds_daily_axis
BW-US04637C1062,ASAX,2000-01-01,2023-01-06,on_ds_daily_axis
BW-ASB-WS,ASB-WS,2000-01-01,2018-11-16,on_ds_daily_axis
BW-ASBB,ASBB,2000-01-01,2017-09-29,on_ds_daily_axis
BW-ASBC,ASBC,2000-01-01,2014-12-22,on_ds_daily_axis
BW-ASBI,ASBI,2000-01-01,2015-12-31,on_ds_daily_axis
BW-VGG0542S1065,ASCA_OLD,2000-01-01,2013-08-13,on_ds_daily_axis
BW-ASCL,ASCL,2000-01-01,2005-04-29,on_ds_daily_axis
BW-BBG000HZRY18,ASCMA,2000-01-01,2019-07-11,on_ds_daily_axis
BW-ASCX,ASCX,2000-01-01,2020-04-29,on_ds_daily_axis
BW-ASDS,ASDS,2000-01-01,2001-05-10,on_ds_daily_axis
BW-ASDV,ASDV,2000-01-01,2000-06-09,on_ds_daily_axis
BW-ASEI,ASEI,2000-01-01,2016-09-09,on_ds_daily_axis
BW-ASFD,ASFD,2000-01-01,2002-03-14,on_ds_daily_axis
BW-BBG000FMV3P6,ASFI,2000-01-01,2020-09-29,on_ds_daily_axis
BW-ASFN,ASFN,2000-01-01,2011-12-02,on_ds_daily_axis
BW-ASGR,ASGR,2000-01-01,2016-07-26,on_ds_daily_axis
BW-ASHE,ASHE,2000-01-01,2000-04-07,on_ds_daily_axis
BW-ASHW,ASHW,2000-01-01,2008-11-19,on_ds_daily_axis
BW-ASI,ASI,2000-01-01,2013-10-02,on_ds_daily_axis
BW-ASIS,ASIS,2000-01-01,2001-05-09,on_ds_daily_axis
BW-ASKJ,ASKJ,2000-01-01,2005-07-19,on_ds_daily_axis
BW-ASLEW,ASLEW,2000-01-01,2021-12-29,on_ds_daily_axis
BW-ASMI,ASMI,2000-01-01,2020-10-08,on_ds_daily_axis
BW-ASN,ASN,2000-01-01,2007-10-05,on_ds_daily_axis
BW-BBG000BGZ9V9,ASNA,2000-01-01,2020-10-22,on_ds_daily_axis
BW-US0428731097,ASNS_OLD,2000-01-01,2020-07-10,on_ds_daily_axis
BW-ASO_OLD,ASO_OLD,2000-01-01,2006-11-03,on_ds_daily_axis
BW-US00085X1054,ASPA,2000-01-01,2023-11-16,on_ds_daily_axis
BW-ASPCW,ASPCW,2000-01-01,2022-08-03,on_ds_daily_axis
BW-KYG0316P1303,ASPC_OLD,2000-01-01,2022-08-03,on_ds_daily_axis
BW-ASPI_OLD,ASPI_OLD,2000-01-01,2021-09-24,on_ds_daily_axis
BW-ASPM,ASPM,2000-01-01,2009-11-06,on_ds_daily_axis
BW-ASPV,ASPV,2000-01-01,2008-01-03,on_ds_daily_axis
BW-ASPX,ASPX,2000-01-01,2015-05-04,on_ds_daily_axis
BW-ASPXQ,ASPXQ,2000-01-01,2006-03-29,on_ds_daily_axis
BW-US04624N1072,AST,2000-01-01,2019-03-07,on_ds_daily_axis
BW-AST-WS,AST-WS,2000-01-01,2017-09-26,on_ds_daily_axis
BW-ASTSF,ASTSF,2000-01-01,2008-05-30,on_ds_daily_axis
BW-ASTTY,ASTTY,2000-01-01,2010-02-26,on_ds_daily_axis
BW-ASTX_OLD,ASTX_OLD,2000-01-01,2001-01-26,on_ds_daily_axis
BW-C0000919722,ASTX_OLD1,2000-01-01,2013-10-10,on_ds_daily_axis
BW-ASVI,ASVI,2000-01-01,2008-03-03,on_ds_daily_axis
BW-ASV_OLD,ASV_OLD,2000-01-01,2003-12-31,on_ds_daily_axis
BW-ASWX,ASWX,2000-01-01,2000-08-15,on_ds_daily_axis
BW-ASYT,ASYT,2000-01-01,2011-09-28,on_ds_daily_axis
BW-KYG0633U1013,ASZ,2000-01-01,2022-11-22,on_ds_daily_axis
BW-ASZ-U,ASZ-U,2000-01-01,2022-01-11,on_ds_daily_axis
BW-ASZ-UN,ASZ-UN,2000-01-01,2022-11-22,on_ds_daily_axis
BW-ASZ-WS,ASZ-WS,2000-01-01,2022-01-12,on_ds_daily_axis
BW-BBG000QZ9GM4,AT,2000-01-01,2021-05-14,on_ds_daily_axis
BW-KYG0404A1022,ATA,2000-01-01,2022-12-16,on_ds_daily_axis
BW-C0002135163,ATAC,2000-01-01,2021-05-25,on_ds_daily_axis
BW-ATACR,ATACR,2000-01-01,2018-08-22,on_ds_daily_axis
BW-US0482062058,ATACU,2000-01-01,2018-08-28,on_ds_daily_axis
BW-C0000933405,ATAC_OLD,2000-01-01,2010-10-22,on_ds_daily_axis
BW-ATAHQ,ATAHQ,2000-01-01,2006-02-28,on_ds_daily_axis
BW-ATAI_OLD,ATAI_OLD,2000-01-01,2020-09-24,on_ds_daily_axis
BW-KYG069841198,ATAK,2000-01-01,2024-02-08,on_ds_daily_axis
BW-ATAKW,ATAKW,2000-01-01,2024-01-08,on_ds_daily_axis
BW-ATAR_OLD,ATAR_OLD,2000-01-01,2008-11-03,on_ds_daily_axis
BW-ATB,ATB,2000-01-01,2022-03-02,on_ds_daily_axis
BW-ATBC,ATBC,2000-01-01,2010-11-15,on_ds_daily_axis
BW-ATCM,ATCM,2000-01-01,2001-06-26,on_ds_daily_axis
BW-MHY0436Q1098,ATCO,2000-01-01,2023-03-27,on_ds_daily_axis
BW-ATCS_OLD,ATCS_OLD,2000-01-01,2012-08-06,on_ds_daily_axis
BW-ATCXW,ATCXW,2000-01-01,2020-12-02,on_ds_daily_axis
BW-ATD,ATD,2000-01-01,2018-01-30,on_ds_daily_axis
BW-ATE,ATE,2000-01-01,2016-04-21,on_ds_daily_axis
BW-ATEK-UN,ATEK-UN,2000-01-01,2024-12-12,on_ds_daily_axis
BW-ATEST-C,ATEST-C,2000-01-01,2023-06-28,on_ds_daily_axis
BW-ATEST-G,ATEST-G,2000-01-01,2023-06-28,on_ds_daily_axis
BW-ATEST-H,ATEST-H,2000-01-01,2023-06-28,on_ds_daily_axis
BW-BMG0684D1074,ATH,2000-01-01,2021-12-31,on_ds_daily_axis
BW-ATHL,ATHL,2000-01-01,2014-11-12,on_ds_daily_axis
BW-ATHM_OLD,ATHM_OLD,2000-01-01,2001-09-28,on_ds_daily_axis
BW-US04685W1036,ATHN,2000-01-01,2021-12-30,on_ds_daily_axis
BW-ATHN-U,ATHN-U,2000-01-01,2021-12-17,on_ds_daily_axis
BW-ATHN-WS,ATHN-WS,2000-01-01,2021-12-17,on_ds_daily_axis
BW-C0001140486,ATHR_OLD,2000-01-01,2011-05-24,on_ds_daily_axis
BW-ATHYQ,ATHYQ,2000-01-01,2015-01-22,on_ds_daily_axis
BW-VGG0602B2093,ATIF,2000-01-01,2025-02-18,on_ds_daily_axis
BW-ATIP-WS,ATIP-WS,2000-01-01,2021-12-17,on_ds_daily_axis
BW-ATISZ,ATISZ,2000-01-01,2007-11-30,on_ds_daily_axis
BW-ATL,ATL,2000-01-01,2003-07-11,on_ds_daily_axis
BW-ATLRS,ATLRS,2000-01-01,2006-03-31,on_ds_daily_axis
BW-ATLS2,ATLS2,2000-01-01,2011-02-17,on_ds_daily_axis
BW-C0001347218-ATLS,ATLS_OLD,2000-01-01,2015-02-27,on_ds_daily_axis
BW-ATMI,ATMI,2000-01-01,2014-04-29,on_ds_daily_axis
BW-ATML,ATML,2000-01-01,2016-04-04,on_ds_daily_axis
BW-KYG037091058,ATMR,2000-01-01,2021-12-31,on_ds_daily_axis
BW-ATMR-U,ATMR-U,2000-01-01,2021-12-17,on_ds_daily_axis
BW-ATMR-WS,ATMR-WS,2000-01-01,2021-12-23,on_ds_daily_axis
BW-KYG0283A1085,ATMV,2000-01-01,2025-12-11,on_ds_daily_axis
BW-ATN,ATN,2000-01-01,2019-06-07,on_ds_daily_axis
BW-BBG00H1PMQX7,ATNX,2000-01-01,2023-07-26,on_ds_daily_axis
BW-ATNY,ATNY,2000-01-01,2016-04-22,on_ds_daily_axis
BW-ATN_OLD,ATN_OLD,2000-01-01,2005-12-09,on_ds_daily_axis
BW-ATOM_OLD,ATOM_OLD,2000-01-01,2001-03-02,on_ds_daily_axis
BW-ATON_OLD,ATON_OLD,2000-01-01,2025-09-23,on_ds_daily_axis
BW-ATPC_OLD,ATPC_OLD,2000-01-01,2000-12-08,on_ds_daily_axis
BW-ATPX,ATPX,2000-01-01,2002-06-14,on_ds_daily_axis
BW-ATRN,ATRN,2000-01-01,2012-12-26,on_ds_daily_axis
BW-BBG008S83BB4,ATRS,2000-01-01,2022-05-24,on_ds_daily_axis
BW-ATRS_OLD,ATRS_OLD,2000-01-01,2007-04-05,on_ds_daily_axis
BW-ATRX_OLD,ATRX_OLD,2000-01-01,2004-11-19,on_ds_daily_axis
BW-ATSC_OLD,ATSC_OLD,2000-01-01,2012-03-30,on_ds_daily_axis
BW-ATSI,ATSI,2000-01-01,2010-08-12,on_ds_daily_axis
BW-ATSN,ATSN,2000-01-01,2006-04-28,on_ds_daily_axis
BW-US0395623012,ATSPT,2000-01-01,2022-04-27,on_ds_daily_axis
BW-ATSPW,ATSPW,2000-01-01,2022-04-27,on_ds_daily_axis
BW-ATS_OLD,ATS_OLD,2000-01-01,2018-11-28,on_ds_daily_axis
BW-ATT,ATT,2000-01-01,2020-01-24,on_ds_daily_axis
BW-ATTL,ATTL,2000-01-01,2003-01-16,on_ds_daily_axis
BW-LU2212224153,ATTO,2000-01-01,2023-09-21,on_ds_daily_axis
BW-USM153321056,ATTU,2000-01-01,2019-05-06,on_ds_daily_axis
BW-BBG00GFMPRK0,ATUS,2000-01-01,2025-11-18,on_ds_daily_axis
BW-US0048542049,ATV,2000-01-01,2021-02-01,on_ds_daily_axis
BW-ATVA,ATVA,2000-01-01,2000-04-12,on_ds_daily_axis
BW-US89601Y1010,ATVC,2000-01-01,2022-09-28,on_ds_daily_axis
BW-ATVCW,ATVCW,2000-01-01,2022-07-27,on_ds_daily_axis
BW-C0000008411,ATW,2000-01-01,2017-10-05,on_ds_daily_axis
BW-ATX,ATX,2000-01-01,2017-12-14,on_ds_daily_axis
BW-CA00510L1067,ATY,2000-01-01,2023-06-16,on_ds_daily_axis
BW-ATYT,ATYT,2000-01-01,2006-10-24,on_ds_daily_axis
BW-C0000005907,AT_OLD1,2000-01-01,2007-11-16,on_ds_daily_axis
BW-AT_OLD2,AT_OLD2,2000-01-01,2007-11-16,on_ds_daily_axis
BW-US05070N1037,AUD,2000-01-01,2023-05-16,on_ds_daily_axis
BW-AUE,AUE,2000-01-01,2016-01-27,on_ds_daily_axis
BW-BBG000CVM6Q1,AUG,2000-01-01,2021-01-28,on_ds_daily_axis
BW-AULT-P-D,AULT-P-D,2000-01-01,2024-09-09,on_ds_daily_axis
BW-AULT_OLD,AULT_OLD,2000-01-01,2006-01-27,on_ds_daily_axis
BW-BBG00K8785N6,AUO,2000-01-01,2019-10-01,on_ds_daily_axis
BW-AUQ,AUQ,2000-01-01,2015-07-02,on_ds_daily_axis
BW-KYG0698L1032,AURC,2000-01-01,2023-08-23,on_ds_daily_axis
BW-AURDQ,AURDQ,2000-01-01,2010-02-26,on_ds_daily_axis
BW-KYG0633D1097,AUS,2000-01-01,2022-11-22,on_ds_daily_axis
BW-AUSA,AUSA,2000-01-01,2009-03-31,on_ds_daily_axis
BW-AUSPF,AUSPF,2000-01-01,2008-10-22,on_ds_daily_axis
BW-AUTH,AUTH,2000-01-01,2012-10-04,on_ds_daily_axis
BW-AUTN,AUTN,2000-01-01,2016-09-28,on_ds_daily_axis
BW-AUTO_OLD,AUTO_OLD,2000-01-01,2013-04-25,on_ds_daily_axis
BW-US03828V1052,AUVI,2000-01-01,2024-07-30,on_ds_daily_axis
BW-AUXL,AUXL,2000-01-01,2015-01-29,on_ds_daily_axis
BW-AUXO,AUXO,2000-01-01,2017-09-07,on_ds_daily_axis
BW-BBG000QF1X67,AUY,2000-01-01,2023-03-31,on_ds_daily_axis
BW-KYG0682V1095,AVAN,2000-01-01,2022-10-06,on_ds_daily_axis
BW-AVAN-U,AVAN-U,2000-01-01,2021-12-17,on_ds_daily_axis
BW-AVAN-UN,AVAN-UN,2000-01-01,2022-10-06,on_ds_daily_axis
BW-AVAN-WS,AVAN-WS,2000-01-01,2021-12-17,on_ds_daily_axis
BW-AVCS,AVCS,2000-01-01,2013-07-25,on_ds_daily_axis
BW-BBG00K2NBMR2,AVCT,2000-01-01,2023-05-30,on_ds_daily_axis
BW-AVE,AVE,2000-01-01,2019-06-07,on_ds_daily_axis
BW-BBG00JVRN7P6,AVEO,2000-01-01,2023-01-20,on_ds_daily_axis
BW-AVG,AVG,2000-01-01,2016-11-18,on_ds_daily_axis
BW-AVGN,AVGN,2000-01-01,2009-12-18,on_ds_daily_axis
BW-AVGO_OLD,AVGO_OLD,2000-01-01,2003-02-25,on_ds_daily_axis
BW-US05367G1004,AVH,2000-01-01,2020-05-08,on_ds_daily_axis
BW-US00234P1021,AVHI_OLD,2000-01-01,2018-10-01,on_ds_daily_axis
BW-AVI,AVI,2000-01-01,2001-02-28,on_ds_daily_axis
BW-C0001499686,AVIV_OLD,2000-01-01,2015-04-01,on_ds_daily_axis
BW-BBG00YNB35G3,AVLR,2000-01-01,2022-10-28,on_ds_daily_axis
BW-AVL_OLD1,AVL_OLD1,2000-01-01,2006-09-19,on_ds_daily_axis
BW-AVMC_OLD,AVMC_OLD,2000-01-01,2012-06-20,on_ds_daily_axis
BW-AVNR,AVNR,2000-01-01,2015-01-12,on_ds_daily_axis
BW-C0001122976,AVNT_OLD,2000-01-01,2020-09-18,on_ds_daily_axis
BW-AVNU,AVNU,2000-01-01,2016-06-30,on_ds_daily_axis
BW-AVNX,AVNX,2000-01-01,2009-04-27,on_ds_daily_axis
BW-AVOL,AVOL,2000-01-01,2016-01-07,on_ds_daily_axis
BW-BBG0089KKP28,AVP,2000-01-01,2020-01-03,on_ds_daily_axis
BW-AVRT_OLD,AVRT_OLD,2000-01-01,2001-08-17,on_ds_daily_axis
BW-AVRX,AVRX,2000-01-01,2009-05-28,on_ds_daily_axis
BW-AVTM_OLD,AVTM_OLD,2000-01-01,2001-03-23,on_ds_daily_axis
BW-AVV,AVV,2000-01-01,2016-10-31,on_ds_daily_axis
BW-US05366U1007,AVXS,2000-01-01,2018-05-15,on_ds_daily_axis
BW-US0024441075,AVX_OLD,2000-01-01,2020-03-27,on_ds_daily_axis
BW-BBG00JVRR3C5,AVYA,2000-01-01,2023-02-17,on_ds_daily_axis
BW-AWA,AWA,2000-01-01,2005-09-26,on_ds_daily_axis
BW-AWBCQ,AWBCQ,2000-01-01,2010-12-23,on_ds_daily_axis
BW-AWE,AWE,2000-01-01,2004-10-26,on_ds_daily_axis
BW-AWEB,AWEB,2000-01-01,2021-12-01,on_ds_daily_axis
BW-AWGI_OLD,AWGI_OLD,2000-01-01,2006-11-28,on_ds_daily_axis
BW-US04537Y1091,AWH,2000-01-01,2025-04-17,on_ds_daily_axis
BW-AWHHF,AWHHF,2000-01-01,2017-07-27,on_ds_daily_axis
BW-AWIN_OLD,AWIN_OLD,2000-01-01,2004-11-16,on_ds_daily_axis
BW-AWK_OLD,AWK_OLD,2000-01-01,2003-01-09,on_ds_daily_axis
BW-AWS,AWS,2000-01-01,2018-02-22,on_ds_daily_axis
BW-AXAR,AXAR,2000-01-01,2017-10-02,on_ds_daily_axis
BW-AXARU,AXARU,2000-01-01,2017-09-27,on_ds_daily_axis
BW-AXARW,AXARW,2000-01-01,2017-09-27,on_ds_daily_axis
BW-AXCA,AXCA,2000-01-01,2008-02-25,on_ds_daily_axis
BW-C0000727207,AXDX,2000-01-01,2025-05-15,on_ds_daily_axis
BW-BBG00JXGL084,AXE,2000-01-01,2020-06-22,on_ds_daily_axis
BW-BMG0750W2037,AXGT,2000-01-01,2021-01-28,on_ds_daily_axis
BW-US45617P1049,AXH,2000-01-01,2022-12-07,on_ds_daily_axis
BW-AXH-UN,AXH-UN,2000-01-01,2022-12-07,on_ds_daily_axis
BW-AXLL,AXLL,2000-01-01,2016-08-30,on_ds_daily_axis
BW-AXM,AXM,2000-01-01,2018-01-30,on_ds_daily_axis
BW-AXNT,AXNT,2000-01-01,2000-12-18,on_ds_daily_axis
BW-AXPH,AXPH,2000-01-01,2001-11-16,on_ds_daily_axis
BW-AXSI,AXSI,2000-01-01,2002-09-23,on_ds_daily_axis
BW-AXSO,AXSO,2000-01-01,2009-07-02,on_ds_daily_axis
BW-AXST,AXST,2000-01-01,2017-04-24,on_ds_daily_axis
BW-AXT,AXT,2000-01-01,2010-04-26,on_ds_daily_axis
BW-BBG000BB9JJ1,AXU,2000-01-01,2022-09-09,on_ds_daily_axis
BW-AXYS,AXYS,2000-01-01,2009-09-02,on_ds_daily_axis
BW-AX_OLD,AX_OLD,2000-01-01,2006-03-07,on_ds_daily_axis
BW-AYE,AYE,2000-01-01,2017-01-11,on_ds_daily_axis
BW-US05465V1089,AYLA,2000-01-01,2023-01-27,on_ds_daily_axis
BW-AYS,AYS,2000-01-01,2016-09-28,on_ds_daily_axis
BW-AZIC,AZIC,2000-01-01,2022-06-09,on_ds_daily_axis
BW-AZK,AZK,2000-01-01,2013-06-03,on_ds_daily_axis
BW-MU0527S00004,AZRE,2000-01-01,2023-09-13,on_ds_daily_axis
BW-AZS,AZS,2000-01-01,2008-03-13,on_ds_daily_axis
BW-AZTC,AZTC,2000-01-01,2001-05-11,on_ds_daily_axis
BW-C0001432364,AZUL,2000-01-01,2025-07-29,on_ds_daily_axis
BW-AZUR,AZUR,2000-01-01,2016-11-21,on_ds_daily_axis
BW-AZUR_OLD,AZUR_OLD,2000-01-01,2000-04-28,on_ds_daily_axis
BW-AZX,AZX,2000-01-01,2001-03-16,on_ds_daily_axis
BW-BAA,BAA,2000-01-01,2017-12-21,on_ds_daily_axis
BW-BAANF,BAANF,2000-01-01,2011-07-18,on_ds_daily_axis
BW-BAC-P-Q,BAC-P-Q,2000-01-01,2024-11-01,on_ds_daily_axis
BW-BAC-WS-A,BAC-WS-A,2000-01-01,2018-12-21,on_ds_daily_axis
BW-BAC-WS-B,BAC-WS-B,2000-01-01,2018-10-24,on_ds_daily_axis
BW-BAE,BAE,2000-01-01,2015-03-24,on_ds_daily_axis
BW-US09250G1022,BAF,2000-01-01,2021-12-17,on_ds_daily_axis
BW-BAGL,BAGL,2000-01-01,2007-06-07,on_ds_daily_axis
BW-BALT_OLD,BALT_OLD,2000-01-01,2015-07-17,on_ds_daily_axis
BW-BAL_OLD,BAL_OLD,2000-01-01,2002-08-19,on_ds_daily_axis
BW-BAMH,BAMH,2000-01-01,2023-02-10,on_ds_daily_axis
BW-BAMM,BAMM,2000-01-01,2015-12-09,on_ds_daily_axis
BW-BAMM_OLD,BAMM_OLD,2000-01-01,2015-12-09,on_ds_daily_axis
BW-BANB,BANB,2000-01-01,2020-10-08,on_ds_daily_axis
BW-BARE,BARE,2000-01-01,2010-03-12,on_ds_daily_axis
BW-BARI,BARI,2000-01-01,2011-12-30,on_ds_daily_axis
BW-BARR,BARR,2000-01-01,2001-05-11,on_ds_daily_axis
BW-BARZ_OLD,BARZ_OLD,2000-01-01,2004-06-03,on_ds_daily_axis
BW-BASEA,BASEA,2000-01-01,2000-12-11,on_ds_daily_axis
BW-BATS,BATS,2000-01-01,2017-02-28,on_ds_daily_axis
BW-BAU,BAU,2000-01-01,2001-09-06,on_ds_daily_axis
BW-BAXS,BAXS,2000-01-01,2014-12-02,on_ds_daily_axis
BW-BAXS_OLD,BAXS_OLD,2000-01-01,2003-07-01,on_ds_daily_axis
BW-BAYB,BAYB,2000-01-01,2001-03-27,on_ds_daily_axis
BW-BBA,BBA,2000-01-01,2018-01-30,on_ds_daily_axis
BW-BBBB,BBBB,2000-01-01,2011-10-04,on_ds_daily_axis
BW-BBG0087LHFY9,BBBY_OLD,2000-01-01,2025-08-29,on_ds_daily_axis
BW-BBCZ,BBCZ,2000-01-01,2016-08-22,on_ds_daily_axis
BW-BBDC_OLD,BBDC_OLD,2000-01-01,2012-04-23,on_ds_daily_axis
BW-BBEPP,BBEPP,2000-01-01,2016-05-24,on_ds_daily_axis
BW-US09248H1059,BBF,2000-01-01,2021-04-14,on_ds_daily_axis
BW-BBG00JQ00L84,BBG,2000-01-01,2018-03-19,on_ds_daily_axis
BW-C0001145460,BBI,2000-01-01,2024-04-19,on_ds_daily_axis
BW-BBG000D7FT09,BBL,2000-01-01,2022-01-28,on_ds_daily_axis
BW-BBND,BBND,2000-01-01,2011-11-21,on_ds_daily_axis
BW-BBNK,BBNK,2000-01-01,2015-06-30,on_ds_daily_axis
BW-US0918261076,BBOX,2000-01-01,2019-01-07,on_ds_daily_axis
BW-BBR,BBR,2000-01-01,2018-01-24,on_ds_daily_axis
BW-BBRC_OLD,BBRC_OLD,2000-01-01,2000-08-24,on_ds_daily_axis
BW-C0001495479,BBRG,2000-01-01,2018-05-23,on_ds_daily_axis
BW-C0001070235,BBRY,2000-01-01,2018-03-29,on_ds_daily_axis
BW-BBSW,BBSW,2000-01-01,2001-06-28,on_ds_daily_axis
BW-BBG00JPVTY24,BBT_OLD,2000-01-01,2019-12-06,on_ds_daily_axis
BW-BBX_OLD,BBX_OLD,2000-01-01,2016-11-23,on_ds_daily_axis
BW-C0002102072,BCAC,2000-01-01,2022-07-29,on_ds_daily_axis
BW-BCACR,BCACR,2000-01-01,2019-05-14,on_ds_daily_axis
BW-USG1142P1208,BCACU,2000-01-01,2022-07-29,on_ds_daily_axis
BW-CA05608P1099,BCAN,2000-01-01,2025-03-31,on_ds_daily_axis
BW-BCAR_OLD,BCAR_OLD,2000-01-01,2015-08-03,on_ds_daily_axis
BW-BCAS,BCAS,2000-01-01,2012-02-03,on_ds_daily_axis
BW-BCB,BCB,2000-01-01,2019-06-07,on_ds_daily_axis
BW-US0977934001,BCEI,2000-01-01,2021-11-19,on_ds_daily_axis
BW-BCF_OLD,BCF_OLD,2000-01-01,2006-04-13,on_ds_daily_axis
BW-BCGI,BCGI,2000-01-01,2007-08-30,on_ds_daily_axis
BW-BCHE,BCHE,2000-01-01,2001-05-11,on_ds_daily_axis
BW-BCICF,BCICF,2000-01-01,2007-06-11,on_ds_daily_axis
BW-BCII_OLD,BCII_OLD,2000-01-01,2005-06-30,on_ds_daily_axis
BW-BCIS,BCIS,2000-01-01,2010-12-27,on_ds_daily_axis
BW-USM156291041,BCOM,2000-01-01,2020-09-04,on_ds_daily_axis
BW-BCONQ,BCONQ,2000-01-01,2019-01-14,on_ds_daily_axis
BW-BBG00GMHXBP4,BCOR_OLD,2000-01-01,2023-03-28,on_ds_daily_axis
BW-BCR,BCR,2000-01-01,2017-12-28,on_ds_daily_axis
BW-USG1189R1044,BCRH,2000-01-01,2020-04-16,on_ds_daily_axis
BW-BCSB,BCSB,2000-01-01,2014-02-14,on_ds_daily_axis
BW-BCSF-R-W,BCSF-R-W,2000-01-01,2021-12-17,on_ds_daily_axis
BW-BCSF-RW,BCSF-RW,2000-01-01,2021-12-17,on_ds_daily_axis
BW-BCSI,BCSI,2000-01-01,2012-02-15,on_ds_daily_axis
BW-BCT,BCT,2000-01-01,2009-10-12,on_ds_daily_axis
BW-US0891152086,BCYPU,2000-01-01,2021-11-17,on_ds_daily_axis
BW-BCYPW,BCYPW,2000-01-01,2021-10-22,on_ds_daily_axis
BW-BCYP_OLD,BCYP_OLD,2000-01-01,2019-05-28,on_ds_daily_axis
BW-BDAY,BDAY,2000-01-01,2008-08-29,on_ds_daily_axis
BW-BDBD,BDBD,2000-01-01,2016-01-15,on_ds_daily_axis
BW-BDE,BDE,2000-01-01,2018-10-31,on_ds_daily_axis
BW-C0001304069,BDE_OLD,2000-01-01,2008-08-28,on_ds_daily_axis
BW-BDF,BDF,2000-01-01,2018-01-30,on_ds_daily_axis
BW-US1080351067,BDGE,2000-01-01,2021-01-29,on_ds_daily_axis
BW-BDG_OLD,BDG_OLD,2000-01-01,2007-05-31,on_ds_daily_axis
BW-BDLN,BDLN,2000-01-01,2009-05-20,on_ds_daily_axis
BW-BDO,BDO,2000-01-01,2019-06-21,on_ds_daily_axis
BW-BBG00JPYG9M5,BDSI,2000-01-01,2022-03-22,on_ds_daily_axis
BW-BDXB,BDXB,2000-01-01,2023-05-31,on_ds_daily_axis
BW-BDY,BDY,2000-01-01,2008-02-21,on_ds_daily_axis
BW-BDY_OLD,BDY_OLD,2000-01-01,2001-02-14,on_ds_daily_axis
BW-US09540T1043,BEAG_OLD,2000-01-01,2022-02-03,on_ds_daily_axis
BW-BEAM_OLD,BEAM_OLD,2000-01-01,2014-04-30,on_ds_daily_axis
BW-BEAR,BEAR,2000-01-01,2005-09-30,on_ds_daily_axis
BW-BEAS,BEAS,2000-01-01,2008-04-29,on_ds_daily_axis
BW-BBG005P4C1P9,BEAT_OLD,2000-01-01,2021-02-12,on_ds_daily_axis
BW-BEAV,BEAV,2000-01-01,2017-04-12,on_ds_daily_axis
BW-BEC,BEC,2000-01-01,2018-02-28,on_ds_daily_axis
BW-BED,BED,2000-01-01,2018-01-31,on_ds_daily_axis
BW-BEE,BEE,2000-01-01,2015-12-11,on_ds_daily_axis
BW-BEIQ,BEIQ,2000-01-01,2005-10-05,on_ds_daily_axis
BW-BMG1154H1079,BEL,2000-01-01,2019-04-16,on_ds_daily_axis
BW-BELM,BELM,2000-01-01,2020-04-29,on_ds_daily_axis
BW-US08179B1035,BENE,2000-01-01,2022-11-09,on_ds_daily_axis
BW-BEPC-W,BEPC-W,2000-01-01,2021-12-17,on_ds_daily_axis
BW-BERK_OLD,BERK_OLD,2000-01-01,2000-09-01,on_ds_daily_axis
BW-BERS,BERS,2000-01-01,2008-09-16,on_ds_daily_axis
BW-BERW,BERW,2000-01-01,2000-10-02,on_ds_daily_axis
BW-BEST_OLD,BEST_OLD,2000-01-01,2000-02-18,on_ds_daily_axis
BW-BET,BET,2000-01-01,2001-04-18,on_ds_daily_axis
BW-BETM,BETM,2000-01-01,2000-08-03,on_ds_daily_axis
BW-BETR_OLD,BETR_OLD,2000-01-01,2018-01-30,on_ds_daily_axis
BW-BETS,BETS,2000-01-01,2024-05-28,on_ds_daily_axis
BW-BEV,BEV,2000-01-01,2006-03-14,on_ds_daily_axis
BW-BEXP,BEXP,2000-01-01,2011-12-08,on_ds_daily_axis
BW-C0000009342,BEZ_OLD,2000-01-01,2011-01-27,on_ds_daily_axis
BW-KYG0888J1085,BFAC,2000-01-01,2025-02-14,on_ds_daily_axis
BW-BFAC-UN,BFAC-UN,2000-01-01,2025-01-24,on_ds_daily_axis
BW-C0001437578,BFAM_OLD,2000-01-01,2008-05-29,on_ds_daily_axis
BW-BFBC,BFBC,2000-01-01,2009-04-13,on_ds_daily_axis
BW-BFD,BFD,2000-01-01,2019-01-18,on_ds_daily_axis
BW-BFED,BFED,2000-01-01,2012-10-19,on_ds_daily_axis
BW-BFFC,BFFC,2000-01-01,2003-01-03,on_ds_daily_axis
BW-BBG00VXCVN58,BFI,2000-01-01,2024-09-20,on_ds_daily_axis
BW-BFIIW,BFIIW,2000-01-01,2024-09-20,on_ds_daily_axis
BW-BFL,BFL,2000-01-01,2020-10-08,on_ds_daily_axis
BW-BFLY-WS,BFLY-WS,2000-01-01,2021-12-17,on_ds_daily_axis
BW-BFLY_OLD,BFLY_OLD,2000-01-01,2013-05-22,on_ds_daily_axis
BW-BFNB,BFNB,2000-01-01,2010-06-03,on_ds_daily_axis
BW-BFOH,BFOH,2000-01-01,2002-03-07,on_ds_daily_axis
BW-BFO_OLD,BFO_OLD,2000-01-01,2000-10-04,on_ds_daily_axis
BW-BBG00JPYGNN3,BFR,2000-01-01,2019-06-28,on_ds_daily_axis
BW-US09075G1058,BFRA,2000-01-01,2022-05-06,on_ds_daily_axis
BW-BFRM,BFRM,2000-01-01,2010-02-19,on_ds_daily_axis
BW-BFSB,BFSB,2000-01-01,2012-01-06,on_ds_daily_axis
BW-BFT,BFT,2000-01-01,2022-02-18,on_ds_daily_axis
BW-BFTH,BFTH,2000-01-01,2008-03-31,on_ds_daily_axis
BW-BFUN,BFUN,2000-01-01,2006-01-19,on_ds_daily_axis
BW-BFX,BFX,2000-01-01,2024-05-06,on_ds_daily_axis
BW-BFX_OLD,BFX_OLD,2000-01-01,2000-12-21,on_ds_daily_axis
BW-US09249R1023,BFY,2000-01-01,2021-04-14,on_ds_daily_axis
BW-BFYT,BFYT,2000-01-01,2020-08-21,on_ds_daily_axis
BW-US3693001089,BGC_OLD,2000-01-01,2018-06-05,on_ds_daily_axis
BW-BGEN,BGEN,2000-01-01,2012-09-20,on_ds_daily_axis
BW-C0001359055,BGH_OLD,2000-01-01,2010-11-19,on_ds_daily_axis
BW-BGMR,BGMR,2000-01-01,2000-10-05,on_ds_daily_axis
BW-BBG00B6WF7T5,BGNE,2000-01-01,2024-12-31,on_ds_daily_axis
BW-BGO,BGO,2000-01-01,2007-02-27,on_ds_daily_axis
BW-BGRH,BGRH,2000-01-01,2003-11-25,on_ds_daily_axis
BW-US12008J1051,BGSX,2000-01-01,2023-03-16,on_ds_daily_axis
BW-BGXX,BGXX,2000-01-01,2025-02-24,on_ds_daily_axis
BW-BHACR,BHACR,2000-01-01,2018-10-31,on_ds_daily_axis
BW-BHAC_OLD,BHAC_OLD,2000-01-01,2018-09-24,on_ds_daily_axis
BW-BHAG,BHAG,2000-01-01,2004-08-31,on_ds_daily_axis
BW-US0955731015,BHBK,2000-01-01,2019-03-29,on_ds_daily_axis
BW-US10920V1070,BHG,2000-01-01,2024-02-02,on_ds_daily_axis
BW-BHGE,BHGE,2000-01-01,2019-10-23,on_ds_daily_axis
BW-C0000808362,BHI,2000-01-01,2017-07-03,on_ds_daily_axis
BW-BBG000BB00D7,BHLB,2000-01-01,2025-09-04,on_ds_daily_axis
BW-BHODQ,BHODQ,2000-01-01,2013-04-29,on_ds_daily_axis
BW-BHS,BHS,2000-01-01,2011-03-31,on_ds_daily_axis
BW-VGG1686P1062,BHSE,2000-01-01,2023-03-13,on_ds_daily_axis
BW-BHSEW,BHSEW,2000-01-01,2022-10-28,on_ds_daily_axis
BW-BBG005K98LG4,BHTG,2000-01-01,2022-02-11,on_ds_daily_axis
BW-VGG111961055,BHVN_OLD,2000-01-01,2022-10-03,on_ds_daily_axis
BW-BH_OLD,BH_OLD,2000-01-01,2000-03-30,on_ds_daily_axis
BW-BIAC,BIAC,2000-01-01,2000-10-05,on_ds_daily_axis
BW-BBG000BD6GP9,BID,2000-01-01,2019-10-02,on_ds_daily_axis
BW-BIDZ,BIDZ,2000-01-01,2012-11-26,on_ds_daily_axis
BW-BBG000J0D904,BIG,2000-01-01,2024-09-20,on_ds_daily_axis
BW-US08975P1084,BIGC,2000-01-01,2025-08-01,on_ds_daily_axis
BW-BIKEQ,BIKEQ,2000-01-01,2014-09-25,on_ds_daily_axis
BW-BIND,BIND,2000-01-01,2021-05-26,on_ds_daily_axis
BW-BINDQ,BINDQ,2000-01-01,2016-10-10,on_ds_daily_axis
BW-BINX,BINX,2000-01-01,2003-03-10,on_ds_daily_axis
BW-BIOA-WS,BIOA-WS,2000-01-01,2020-10-08,on_ds_daily_axis
BW-BBG000Q9NFZ4,BIOA_OLD,2000-01-01,2018-05-11,on_ds_daily_axis
BW-BIOC1,BIOC1,2000-01-01,2013-03-13,on_ds_daily_axis
BW-BIOI,BIOI,2000-01-01,2005-10-05,on_ds_daily_axis
BW-BBG007253RV3,BIOL,2000-01-01,2024-10-03,on_ds_daily_axis
BW-BIOP,BIOP,2000-01-01,2017-10-18,on_ds_daily_axis
BW-KYG1125A1085,BIOT,2000-01-01,2023-02-10,on_ds_daily_axis
BW-BIOTW,BIOTW,2000-01-01,2023-02-02,on_ds_daily_axis
BW-BIOV,BIOV,2000-01-01,2007-06-26,on_ds_daily_axis
BW-BIOX-WT,BIOX-WT,2000-01-01,2020-08-27,on_ds_daily_axis
BW-BIQI,BIQI,2000-01-01,2019-07-09,on_ds_daily_axis
BW-BIR,BIR,2000-01-01,2018-02-22,on_ds_daily_axis
BW-BIRT,BIRT,2000-01-01,2015-01-15,on_ds_daily_axis
BW-BITE-U,BITE-U,2000-01-01,2024-07-10,on_ds_daily_axis
BW-BITI_OLD,BITI_OLD,2000-01-01,2016-06-10,on_ds_daily_axis
BW-BIVN,BIVN,2000-01-01,2007-10-22,on_ds_daily_axis
BW-C0001681689,BIVV,2000-01-01,2018-03-08,on_ds_daily_axis
BW-BIW,BIW,2000-01-01,2017-07-26,on_ds_daily_axis
BW-BJCT,BJCT,2000-01-01,2016-04-04,on_ds_daily_axis
BW-BJGP,BJGP,2000-01-01,2011-02-24,on_ds_daily_axis
BW-BJICA,BJICA,2000-01-01,2000-08-03,on_ds_daily_axis
BW-BJS,BJS,2000-01-01,2010-04-28,on_ds_daily_axis
BW-US09249C1053,BJZ,2000-01-01,2018-12-14,on_ds_daily_axis
BW-C0001037461,BJ_OLD,2000-01-01,2011-09-30,on_ds_daily_axis
BW-BKBK,BKBK,2000-01-01,2014-02-14,on_ds_daily_axis
BW-BKCT_OLD,BKCT_OLD,2000-01-01,2002-08-30,on_ds_daily_axis
BW-C0001352801,BKC_OLD,2000-01-01,2010-10-19,on_ds_daily_axis
BW-BKDT,BKDT,2000-01-01,2025-03-28,on_ds_daily_axis
BW-BKFR,BKFR,2000-01-01,2000-12-27,on_ds_daily_axis
BW-BKFS,BKFS,2000-01-01,2017-09-29,on_ds_daily_axis
BW-BKG,BKG,2000-01-01,2017-03-13,on_ds_daily_axis
BW-C0000899597,BKI_OLD,2000-01-01,2013-08-23,on_ds_daily_axis
BW-BKMU,BKMU,2000-01-01,2018-01-31,on_ds_daily_axis
BW-BKNW,BKNW,2000-01-01,2002-11-07,on_ds_daily_axis
BW-BKRSQ,BKRSQ,2000-01-01,2014-09-29,on_ds_daily_axis
BW-US0677741094,BKS,2000-01-01,2019-08-06,on_ds_daily_axis
BW-BKST,BKST,2000-01-01,2005-10-04,on_ds_daily_axis
BW-BKUNA,BKUNA,2000-01-01,2012-03-12,on_ds_daily_axis
BW-BKW,BKW,2000-01-01,2014-12-12,on_ds_daily_axis
BW-BKYF,BKYF,2000-01-01,2015-06-19,on_ds_daily_axis
BW-BLAC,BLAC,2000-01-01,2025-02-14,on_ds_daily_axis
BW-BLACW,BLACW,2000-01-01,2025-02-14,on_ds_daily_axis
BW-US09229E2046,BLBX,2000-01-01,2026-04-27,on_ds_daily_axis
BW-BLC,BLC,2000-01-01,2021-12-13,on_ds_daily_axis
BW-BLCI,BLCI,2000-01-01,2000-09-13,on_ds_daily_axis
BW-US09610L1061,BLCT,2000-01-01,2022-08-12,on_ds_daily_axis
BW-BLD1,BLD1,2000-01-01,2012-03-20,on_ds_daily_axis
BW-BLDEW,BLDEW,2000-01-01,2025-08-28,on_ds_daily_axis
BW-US09248K1088,BLH,2000-01-01,2018-12-14,on_ds_daily_axis
BW-BBG00Z69VPS6,BLI,2000-01-01,2023-05-23,on_ds_daily_axis
BW-BLM,BLM,2000-01-01,2002-01-24,on_ds_daily_axis
BW-US05573H1086,BLMT,2000-01-01,2019-03-29,on_ds_daily_axis
BW-BLN,BLN,2000-01-01,2011-10-05,on_ds_daily_axis
BW-BLNKW,BLNKW,2000-01-01,2023-02-16,on_ds_daily_axis
BW-BLOCA,BLOCA,2000-01-01,2001-01-18,on_ds_daily_axis
BW-BLOG,BLOG,2000-01-01,2008-04-18,on_ds_daily_axis
BW-BLOX_OLD,BLOX_OLD,2000-01-01,2016-11-04,on_ds_daily_axis
BW-KYG0904B1059,BLSA,2000-01-01,2022-11-04,on_ds_daily_axis
BW-BLSC,BLSC,2000-01-01,2006-01-04,on_ds_daily_axis
BW-BLSW,BLSW,2000-01-01,2001-01-18,on_ds_daily_axis
BW-BLT,BLT,2000-01-01,2016-04-11,on_ds_daily_axis
BW-US10920K1016,BLTS,2000-01-01,2022-12-21,on_ds_daily_axis
BW-BLUA-U,BLUA-U,2000-01-01,2021-12-17,on_ds_daily_axis
BW-BLUD,BLUD,2000-01-01,2011-08-19,on_ds_daily_axis
BW-BLUWW_OLD,BLUWW_OLD,2000-01-01,2021-09-10,on_ds_daily_axis
BW-US09607T1043,BLUW_OLD,2000-01-01,2021-09-15,on_ds_daily_axis
BW-BLVD,BLVD,2000-01-01,2017-12-21,on_ds_daily_axis
BW-BLVDU,BLVDU,2000-01-01,2017-12-21,on_ds_daily_axis
BW-BLVDW,BLVDW,2000-01-01,2017-12-21,on_ds_daily_axis
BW-BLZE_OLD,BLZE_OLD,2000-01-01,2000-09-29,on_ds_daily_axis
BW-BLZN,BLZN,2000-01-01,2001-08-07,on_ds_daily_axis
BW-BL_OLD,BL_OLD,2000-01-01,2007-04-30,on_ds_daily_axis
BW-BMAC-UN,BMAC-UN,2000-01-01,2023-12-07,on_ds_daily_axis
BW-US09370F1093,BMAQ,2000-01-01,2023-05-02,on_ds_daily_axis
BW-BMC,BMC,2000-01-01,2013-09-10,on_ds_daily_axis
BW-BBG004PQN2M2,BMCH,2000-01-01,2021-01-05,on_ds_daily_axis
BW-BMET,BMET,2000-01-01,2007-09-25,on_ds_daily_axis
BW-BMMI,BMMI,2000-01-01,2018-01-30,on_ds_daily_axis
BW-BMNR_OLD,BMNR_OLD,2000-01-01,2025-05-15,on_ds_daily_axis
BW-BMR_OLD,BMR_OLD,2000-01-01,2016-01-27,on_ds_daily_axis
BW-US0814371052,BMS,2000-01-01,2019-06-10,on_ds_daily_axis
BW-BMT,BMT,2000-01-01,2010-12-09,on_ds_daily_axis
BW-BMTI,BMTI,2000-01-01,2013-02-28,on_ds_daily_axis
BW-BMTR,BMTR,2000-01-01,2000-04-03,on_ds_daily_axis
BW-BMY-R,BMY-R,2000-01-01,2020-08-14,on_ds_daily_axis
BW-BMY-RI,BMY-RI,2000-01-01,2020-12-31,on_ds_daily_axis
BW-BNBN,BNBN,2000-01-01,2004-05-27,on_ds_daily_axis
BW-US08171T1025,BNCL,2000-01-01,2019-02-28,on_ds_daily_axis
BW-BNCN,BNCN,2000-01-01,2017-06-15,on_ds_daily_axis
BW-C0000013610,BNE_OLD,2000-01-01,2010-11-23,on_ds_daily_axis
BW-BBG00KBK36B9,BNFT,2000-01-01,2023-01-26,on_ds_daily_axis
BW-BNHN,BNHN,2000-01-01,2012-08-21,on_ds_daily_axis
BW-BNHNA,BNHNA,2000-01-01,2011-11-29,on_ds_daily_axis
BW-BNI,BNI,2000-01-01,2010-02-12,on_ds_daily_axis
BW-C0001304994,BNK,2000-01-01,2016-07-21,on_ds_daily_axis
BW-BNK1,BNK1,2000-01-01,2007-04-19,on_ds_daily_axis
BW-BNNP,BNNP,2000-01-01,2017-11-21,on_ds_daily_axis
BW-BNNX,BNNX,2000-01-01,2012-07-05,on_ds_daily_axis
BW-BNNY,BNNY,2000-01-01,2014-10-20,on_ds_daily_axis
BW-BMG161691073,BNRE,2000-01-01,2024-11-07,on_ds_daily_axis
BW-BNRE-A,BNRE-A,2000-01-01,2024-09-10,on_ds_daily_axis
BW-BNSC,BNSC,2000-01-01,2000-07-21,on_ds_daily_axis
BW-BNSSA,BNSSA,2000-01-01,2012-06-19,on_ds_daily_axis
BW-BNT_OLD,BNT_OLD,2000-01-01,2024-09-18,on_ds_daily_axis
BW-BNV,BNV,2000-01-01,2017-01-30,on_ds_daily_axis
BW-BN_OLD,BN_OLD,2000-01-01,2007-01-09,on_ds_daily_axis
BW-BOA,BOA,2000-01-01,2000-11-03,on_ds_daily_axis
BW-US05601A1097,BOAS,2000-01-01,2022-10-28,on_ds_daily_axis
BW-BOBE,BOBE,2000-01-01,2018-01-11,on_ds_daily_axis
BW-BOBJ,BOBJ,2000-01-01,2008-02-05,on_ds_daily_axis
BW-BOCB,BOCB,2000-01-01,2000-10-02,on_ds_daily_axis
BW-US06424J1034,BOCH,2000-01-01,2021-09-30,on_ds_daily_axis
BW-C0001299709,BOFI,2000-01-01,2018-09-28,on_ds_daily_axis
BW-BOFLQ,BOFLQ,2000-01-01,2011-06-30,on_ds_daily_axis
BW-BOG,BOG,2000-01-01,2001-08-21,on_ds_daily_axis
BW-C0001630132,BOJA,2000-01-01,2019-01-25,on_ds_daily_axis
BW-BBG00DGX0ND6,BOLD_OLD,2000-01-01,2020-01-16,on_ds_daily_axis
BW-BOLT_OLD,BOLT_OLD,2000-01-01,2014-11-18,on_ds_daily_axis
BW-BONA,BONA,2000-01-01,2016-04-08,on_ds_daily_axis
BW-BOOT1,BOOT1,2000-01-01,2012-08-16,on_ds_daily_axis
BW-BOOZT,BOOZT,2000-01-01,2021-08-10,on_ds_daily_axis
BW-BOP,BOP,2000-01-01,2022-03-02,on_ds_daily_axis
BW-BOR,BOR,2000-01-01,2000-09-08,on_ds_daily_axis
BW-BORD,BORD,2000-01-01,2008-01-31,on_ds_daily_axis
BW-BORL,BORL,2000-01-01,2009-07-27,on_ds_daily_axis
BW-C0001314772,BORN,2000-01-01,2019-06-18,on_ds_daily_axis
BW-BOSA,BOSA,2000-01-01,2018-01-24,on_ds_daily_axis
BW-C0001813756,BOWX,2000-01-01,2021-10-21,on_ds_daily_axis
BW-BOWXW,BOWXW,2000-01-01,2021-10-21,on_ds_daily_axis
BW-BOX1,BOX1,2000-01-01,2013-04-24,on_ds_daily_axis
BW-BOXC,BOXC,2000-01-01,2017-06-29,on_ds_daily_axis
BW-C0001828672,BOXD,2000-01-01,2023-06-02,on_ds_daily_axis
BW-BOY,BOY,2000-01-01,2018-01-30,on_ds_daily_axis
BW-BOYD,BOYD,2000-01-01,2004-09-10,on_ds_daily_axis
BW-BOYL,BOYL,2000-01-01,2001-10-25,on_ds_daily_axis
BW-BPAO,BPAO,2000-01-01,2001-05-30,on_ds_daily_axis
BW-BPE,BPE,2000-01-01,2018-02-28,on_ds_daily_axis
BW-BPFHW,BPFHW,2000-01-01,2018-11-15,on_ds_daily_axis
BW-US10807M1053,BPI_OLD,2000-01-01,2019-06-28,on_ds_daily_axis
BW-US09248C1062,BPK,2000-01-01,2018-12-14,on_ds_daily_axis
BW-BPLS,BPLS,2000-01-01,2001-12-31,on_ds_daily_axis
BW-BPLX,BPLX,2000-01-01,2001-03-05,on_ds_daily_axis
BW-US0556EL1098,BPMP,2000-01-01,2022-04-05,on_ds_daily_axis
BW-C0001504167,BPMX,2000-01-01,2020-05-18,on_ds_daily_axis
BW-BPO,BPO,2000-01-01,2014-06-09,on_ds_daily_axis
BW-BPOM,BPOM,2000-01-01,2008-12-31,on_ds_daily_axis
BW-BPR,BPR,2000-01-01,2020-04-16,on_ds_daily_axis
BW-BPRAP,BPRAP,2000-01-01,2020-04-16,on_ds_daily_axis
BW-BPS,BPS,2000-01-01,2015-04-10,on_ds_daily_axis
BW-BPTR,BPTR,2000-01-01,2003-08-28,on_ds_daily_axis
BW-BBG00Z722JZ8,BPTS,2000-01-01,2024-06-27,on_ds_daily_axis
BW-BPURQ,BPURQ,2000-01-01,2009-12-23,on_ds_daily_axis
BW-BMG162491077,BPY,2000-01-01,2021-09-23,on_ds_daily_axis
BW-US11282X1037,BPYU,2000-01-01,2021-07-29,on_ds_daily_axis
BW-BPZ,BPZ,2000-01-01,2015-03-02,on_ds_daily_axis
BW-BPZRQ,BPZRQ,2000-01-01,2015-12-31,on_ds_daily_axis
BW-BRAD,BRAD,2000-01-01,2000-12-22,on_ds_daily_axis
BW-BRAI_OLD,BRAI_OLD,2000-01-01,2008-02-13,on_ds_daily_axis
BW-BRBK,BRBK,2000-01-01,2000-12-01,on_ds_daily_axis
BW-BRCD,BRCD,2000-01-01,2017-11-17,on_ds_daily_axis
BW-BRCM,BRCM,2000-01-01,2016-01-29,on_ds_daily_axis
BW-BBG00CTTC852,BRCN,2000-01-01,2022-11-11,on_ds_daily_axis
BW-BRDR,BRDR,2000-01-01,2015-06-09,on_ds_daily_axis
BW-US09077J1079,BRDS,2000-01-01,2024-02-21,on_ds_daily_axis
BW-BRD_OLD,BRD_OLD,2000-01-01,2014-03-04,on_ds_daily_axis
BW-BRE,BRE,2000-01-01,2018-02-28,on_ds_daily_axis
BW-IE000SI5SP84,BREA,2000-01-01,2025-10-02,on_ds_daily_axis
BW-BREK,BREK,2000-01-01,2007-12-20,on_ds_daily_axis
BW-BREL,BREL,2000-01-01,2004-02-06,on_ds_daily_axis
BW-BBG0068SQCL8,BRG,2000-01-01,2022-10-05,on_ds_daily_axis
BW-BRGP,BRGP,2000-01-01,2000-08-16,on_ds_daily_axis
BW-BRIO,BRIO,2000-01-01,2003-10-16,on_ds_daily_axis
BW-C0002098707,BRKH,2000-01-01,2025-02-06,on_ds_daily_axis
BW-BBG000DX9JV7,BRKS,2000-01-01,2022-01-14,on_ds_daily_axis
BW-BRKT,BRKT,2000-01-01,2005-10-24,on_ds_daily_axis
BW-BRL,BRL,2000-01-01,2008-12-22,on_ds_daily_axis
BW-BRLCQ,BRLCQ,2000-01-01,2008-09-17,on_ds_daily_axis
BW-C0000792641,BRLI_OLD,2000-01-01,2015-08-19,on_ds_daily_axis
BW-BRM,BRM,2000-01-01,2008-12-09,on_ds_daily_axis
BW-BRMK-WS,BRMK-WS,2000-01-01,2021-12-31,on_ds_daily_axis
BW-BRNC,BRNC,2000-01-01,2011-06-06,on_ds_daily_axis
BW-KYG1611B1077,BROG,2000-01-01,2025-08-20,on_ds_daily_axis
BW-BROGR,BROGR,2000-01-01,2019-12-20,on_ds_daily_axis
BW-BROGU,BROGU,2000-01-01,2019-12-20,on_ds_daily_axis
BW-BBG00QDCHF36,BRP,2000-01-01,2024-06-11,on_ds_daily_axis
BW-US0894821034,BRPA,2000-01-01,2021-05-28,on_ds_daily_axis
BW-C0001839360,BRPM,2000-01-01,2022-07-19,on_ds_daily_axis
BW-BRPMW,BRPMW,2000-01-01,2022-07-19,on_ds_daily_axis
BW-BRR_OLD,BRR_OLD,2000-01-01,2007-08-09,on_ds_daily_axis
BW-C0000801907,BRS,2000-01-01,2019-05-17,on_ds_daily_axis
BW-BRSWQ,BRSWQ,2000-01-01,2019-05-28,on_ds_daily_axis
BW-BRW_OLD,BRW_OLD,2000-01-01,2021-07-01,on_ds_daily_axis
BW-BRY1,BRY1,2000-01-01,2013-12-16,on_ds_daily_axis
BW-BRZZQ,BRZZQ,2000-01-01,2006-01-18,on_ds_daily_axis
BW-BSBN,BSBN,2000-01-01,2004-07-14,on_ds_daily_axis
BW-C0000777001,BSC_OLD,2000-01-01,2008-03-14,on_ds_daily_axis
BW-US09248T1097,BSD,2000-01-01,2021-04-14,on_ds_daily_axis
BW-US09249U1051,BSE,2000-01-01,2021-04-14,on_ds_daily_axis
BW-US32020F3038,BSF,2000-01-01,2018-04-20,on_ds_daily_axis
BW-BSFT,BSFT,2000-01-01,2018-02-02,on_ds_daily_axis
BW-BSG,BSG,2000-01-01,2016-11-14,on_ds_daily_axis
BW-VGG1195R1064,BSGA,2000-01-01,2023-04-13,on_ds_daily_axis
BW-BSGAR,BSGAR,2000-01-01,2023-04-13,on_ds_daily_axis
BW-BSH,BSH,2000-01-01,2018-02-22,on_ds_daily_axis
BW-BSI,BSI,2000-01-01,2022-03-02,on_ds_daily_axis
BW-BBG00P2HLNY3,BSIG,2000-01-01,2024-12-31,on_ds_daily_axis
BW-BSIRY,BSIRY,2000-01-01,2016-10-12,on_ds_daily_axis
BW-US08954L1026,BSKY,2000-01-01,2022-12-21,on_ds_daily_axis
BW-BSMD,BSMD,2000-01-01,2010-09-10,on_ds_daily_axis
BW-KYG1739V1005,BSN,2000-01-01,2021-12-16,on_ds_daily_axis
BW-BSN-U,BSN-U,2000-01-01,2021-12-15,on_ds_daily_axis
BW-BSN-WS,BSN-WS,2000-01-01,2021-12-15,on_ds_daily_axis
BW-BSNX,BSNX,2000-01-01,2001-02-01,on_ds_daily_axis
BW-BSPE,BSPE,2000-01-01,2021-06-08,on_ds_daily_axis
BW-BSTE,BSTE,2000-01-01,2007-06-29,on_ds_daily_axis
BW-BSXT,BSXT,2000-01-01,2008-05-30,on_ds_daily_axis
BW-KYG1702T1168,BTAQ,2000-01-01,2022-03-10,on_ds_daily_axis
BW-VGG1144D1096,BTB,2000-01-01,2023-11-10,on_ds_daily_axis
BW-BTC_OLD3,BTC_OLD3,2000-01-01,2013-03-13,on_ds_daily_axis
BW-BTFG,BTFG,2000-01-01,2013-02-15,on_ds_daily_axis
BW-BTH,BTH,2000-01-01,2015-10-14,on_ds_daily_axis
BW-BTHS,BTHS,2000-01-01,2006-01-27,on_ds_daily_axis
BW-BTIC,BTIC,2000-01-01,2000-07-06,on_ds_daily_axis
BW-BTIOQ,BTIOQ,2000-01-01,2011-02-02,on_ds_daily_axis
BW-BTL,BTL,2000-01-01,2018-01-30,on_ds_daily_axis
BW-C0000889127,BTM_OLD,2000-01-01,2012-04-05,on_ds_daily_axis
BW-US0585161054,BTN,2000-01-01,2023-02-24,on_ds_daily_axis
BW-KYG1355V1032,BTNB,2000-01-01,2022-03-31,on_ds_daily_axis
BW-BTOB,BTOB,2000-01-01,2001-03-30,on_ds_daily_axis
BW-BBG011S4NND7,BTRS,2000-01-01,2022-12-16,on_ds_daily_axis
BW-BTRSW,BTRSW,2000-01-01,2021-12-30,on_ds_daily_axis
BW-BTRX,BTRX,2000-01-01,2008-08-06,on_ds_daily_axis
BW-US08771Y3036,BTTR,2000-01-01,2025-04-30,on_ds_daily_axis
BW-BTUI,BTUI,2000-01-01,2015-01-30,on_ds_daily_axis
BW-C0001064728,BTU_OLD,2000-01-01,2016-04-12,on_ds_daily_axis
BW-BUCA,BUCA,2000-01-01,2008-09-29,on_ds_daily_axis
BW-BUCY,BUCY,2000-01-01,2011-07-08,on_ds_daily_axis
BW-C0000310569,BUD_OLD,2000-01-01,2008-11-17,on_ds_daily_axis
BW-BUF,BUF,2000-01-01,2020-02-19,on_ds_daily_axis
BW-US09531U1025,BUFF_OLD,2000-01-01,2018-04-25,on_ds_daily_axis
BW-BULL_OLD,BULL_OLD,2000-01-01,2019-02-27,on_ds_daily_axis
BW-BUSY,BUSY,2000-01-01,2001-04-04,on_ds_daily_axis
BW-BUTI,BUTI,2000-01-01,2000-10-18,on_ds_daily_axis
BW-BUTLQ,BUTLQ,2000-01-01,2013-10-23,on_ds_daily_axis
BW-BUYX,BUYX,2000-01-01,2001-08-13,on_ds_daily_axis
BW-BVA,BVA,2000-01-01,2016-08-31,on_ds_daily_axis
BW-BVB,BVB,2000-01-01,2019-12-09,on_ds_daily_axis
BW-BVEW,BVEW,2000-01-01,2006-01-06,on_ds_daily_axis
BW-BVNC,BVNC,2000-01-01,2009-10-30,on_ds_daily_axis
BW-BBG00D8FH643,BVSN,2000-01-01,2020-05-27,on_ds_daily_axis
BW-BVS_OLD,BVS_OLD,2000-01-01,2018-01-31,on_ds_daily_axis
BW-US0323472052,BVX,2000-01-01,2018-12-31,on_ds_daily_axis
BW-BVXVW,BVXVW,2000-01-01,2020-05-13,on_ds_daily_axis
BW-C0001330421,BV_OLD,2000-01-01,2018-01-31,on_ds_daily_axis
BW-BWE,BWE,2000-01-01,2001-12-19,on_ds_daily_axis
BW-BWEBF,BWEBF,2000-01-01,2014-11-06,on_ds_daily_axis
BW-BWFC,BWFC,2000-01-01,2001-09-10,on_ds_daily_axis
BW-US0577552096,BWINB,2000-01-01,2018-07-31,on_ds_daily_axis
BW-US1025651084,BWLA,2000-01-01,2021-08-16,on_ds_daily_axis
BW-BWLD,BWLD,2000-01-01,2018-02-05,on_ds_daily_axis
BW-BWMC,BWMC,2000-01-01,2020-04-16,on_ds_daily_axis
BW-BWMCU,BWMCU,2000-01-01,2020-02-21,on_ds_daily_axis
BW-BWMCW,BWMCW,2000-01-01,2020-02-14,on_ds_daily_axis
BW-BWNG,BWNG,2000-01-01,2016-07-26,on_ds_daily_axis
BW-C0001336047,BWP,2000-01-01,2018-07-17,on_ds_daily_axis
BW-BWS,BWS,2000-01-01,2020-10-08,on_ds_daily_axis
BW-BWSI,BWSI,2000-01-01,2001-07-02,on_ds_daily_axis
BW-US09610B1089,BWV,2000-01-01,2024-02-22,on_ds_daily_axis
BW-BWY,BWY,2000-01-01,2010-06-16,on_ds_daily_axis
BW-BWY1,BWY1,2000-01-01,2010-06-16,on_ds_daily_axis
BW-BXB,BXB,2000-01-01,2009-04-17,on_ds_daily_axis
BW-C0000319643,BXE,2000-01-01,2020-10-19,on_ds_daily_axis
BW-BBG00J29D109,BXG,2000-01-01,2021-05-05,on_ds_daily_axis
BW-BXG_OLD,BXG_OLD,2000-01-01,2013-04-02,on_ds_daily_axis
BW-BXLT,BXLT,2000-01-01,2016-06-02,on_ds_daily_axis
BW-BXM,BXM,2000-01-01,2000-12-18,on_ds_daily_axis
BW-US07160F2065,BXRX,2000-01-01,2024-05-02,on_ds_daily_axis
BW-US05971J1025,BXS,2000-01-01,2021-12-30,on_ds_daily_axis
BW-BYBI,BYBI,2000-01-01,2007-11-05,on_ds_daily_axis
BW-US07203T1060,BYBK,2000-01-01,2018-04-13,on_ds_daily_axis
BW-BYH,BYH,2000-01-01,2018-01-31,on_ds_daily_axis
BW-BYI,BYI,2000-01-01,2014-11-21,on_ds_daily_axis
BW-BYLK,BYLK,2000-01-01,2016-04-29,on_ds_daily_axis
BW-BYN-UN,BYN-UN,2000-01-01,2023-12-29,on_ds_daily_axis
BW-BYS,BYS,2000-01-01,2003-05-30,on_ds_daily_axis
BW-KYG1R25Q1059,BYTS,2000-01-01,2023-12-21,on_ds_daily_axis
BW-BZ1,BZ1,2000-01-01,2007-04-24,on_ds_daily_axis
BW-BZBC,BZBC,2000-01-01,2004-01-15,on_ds_daily_axis
BW-BZC,BZC,2000-01-01,2015-12-31,on_ds_daily_axis
BW-BZT,BZT,2000-01-01,2020-10-08,on_ds_daily_axis
BW-BZ_OLD,BZ_OLD,2000-01-01,2013-10-25,on_ds_daily_axis
BW-C-WS-A,C-WS-A,2000-01-01,2018-11-26,on_ds_daily_axis
BW-CAA,CAA,2000-01-01,2018-02-12,on_ds_daily_axis
BW-CAB,CAB,2000-01-01,2017-09-25,on_ds_daily_axis
BW-CABG,CABG,2000-01-01,2006-04-27,on_ds_daily_axis
BW-CABK,CABK,2000-01-01,2022-03-02,on_ds_daily_axis
BW-CABL,CABL,2000-01-01,2022-03-02,on_ds_daily_axis
BW-CACB,CACB,2000-01-01,2017-05-30,on_ds_daily_axis
BW-CACO,CACO,2000-01-01,2024-11-29,on_ds_daily_axis
BW-CACQ,CACQ,2000-01-01,2017-10-05,on_ds_daily_axis
BW-CACS,CACS,2000-01-01,2008-02-08,on_ds_daily_axis
BW-CADA,CADA,2000-01-01,2008-08-14,on_ds_daily_axis
BW-CADD,CADD,2000-01-01,2009-10-23,on_ds_daily_axis
BW-CADE1,CADE1,2000-01-01,2011-03-04,on_ds_daily_axis
BW-CADMQ,CADMQ,2000-01-01,2013-05-21,on_ds_daily_axis
BW-CADX,CADX,2000-01-01,2014-03-18,on_ds_daily_axis
BW-CAER,CAER,2000-01-01,2000-03-13,on_ds_daily_axis
BW-C0001599947,CAFD,2000-01-01,2018-06-19,on_ds_daily_axis
BW-CAGAQ,CAGAQ,2000-01-01,2011-11-21,on_ds_daily_axis
BW-CAGC,CAGC,2000-01-01,2012-10-16,on_ds_daily_axis
BW-US12510W2061,CAHCU,2000-01-01,2021-09-28,on_ds_daily_axis
BW-CAHCW,CAHCW,2000-01-01,2021-09-28,on_ds_daily_axis
BW-CAIR,CAIR,2000-01-01,2001-02-07,on_ds_daily_axis
BW-BBG000BVJLF5,CAJ,2000-01-01,2023-04-11,on_ds_daily_axis
BW-CALAQ,CALAQ,2000-01-01,2016-03-30,on_ds_daily_axis
BW-CALCQ,CALCQ,2000-01-01,2011-03-01,on_ds_daily_axis
BW-CALGZ,CALGZ,2000-01-01,2006-01-03,on_ds_daily_axis
BW-USM6787E1012,CALL,2000-01-01,2022-12-13,on_ds_daily_axis
BW-CALL1,CALL1,2000-01-01,2015-06-24,on_ds_daily_axis
BW-CALP,CALP,2000-01-01,2011-11-07,on_ds_daily_axis
BW-CAL_OLD,CAL_OLD,2000-01-01,2010-09-30,on_ds_daily_axis
BW-CAMB,CAMB,2000-01-01,2015-12-23,on_ds_daily_axis
BW-CAMD,CAMD,2000-01-01,2010-01-27,on_ds_daily_axis
BW-CAMH,CAMH,2000-01-01,2015-05-27,on_ds_daily_axis
BW-BBG008GBGL33,CAMP_OLD,2000-01-01,2024-06-12,on_ds_daily_axis
BW-CAMZ,CAMZ,2000-01-01,2003-04-09,on_ds_daily_axis
BW-C0000941548,CAM_OLD,2000-01-01,2016-04-01,on_ds_daily_axis
BW-CANI,CANI,2000-01-01,2007-04-02,on_ds_daily_axis
BW-US13781Y1038,CANO,2000-01-01,2024-04-05,on_ds_daily_axis
BW-CANO-WS,CANO-WS,2000-01-01,2021-12-17,on_ds_daily_axis
BW-CANO-WT,CANO-WT,2000-01-01,2023-11-09,on_ds_daily_axis
BW-CANRQ,CANRQ,2000-01-01,2010-01-07,on_ds_daily_axis
BW-CAO,CAO,2000-01-01,2008-07-11,on_ds_daily_axis
BW-US25703A1043,CAP,2000-01-01,2021-07-30,on_ds_daily_axis
BW-CAP-UN,CAP-UN,2000-01-01,2021-07-28,on_ds_daily_axis
BW-CAPA1,CAPA1,2000-01-01,2008-10-31,on_ds_daily_axis
BW-US42984L2043,CAPAU,2000-01-01,2021-06-10,on_ds_daily_axis
BW-CAPAW,CAPAW,2000-01-01,2021-06-11,on_ds_daily_axis
BW-CAPD,CAPD,2000-01-01,2023-02-16,on_ds_daily_axis
BW-CAPEQ,CAPEQ,2000-01-01,2009-12-15,on_ds_daily_axis
BW-CAPNW,CAPNW,2000-01-01,2017-05-11,on_ds_daily_axis
BW-CAPN_OLD,CAPN_OLD,2000-01-01,2017-05-11,on_ds_daily_axis
BW-CAPX1,CAPX1,2000-01-01,2007-02-14,on_ds_daily_axis
BW-US2249013069,CAP_OLD,2000-01-01,2021-01-21,on_ds_daily_axis
BW-BBG00K2T2QF3,CARB,2000-01-01,2019-12-23,on_ds_daily_axis
BW-CARD_OLD,CARD_OLD,2000-01-01,2008-02-01,on_ds_daily_axis
BW-CARI,CARI,2000-01-01,2000-09-12,on_ds_daily_axis
BW-US1442001020,CART_OLD,2000-01-01,2019-05-28,on_ds_daily_axis
BW-CARY_OLD,CARY_OLD,2000-01-01,2000-09-19,on_ds_daily_axis
BW-CAR_OLD,CAR_OLD,2000-01-01,2001-09-28,on_ds_daily_axis
BW-BBG00JKSD8D8,CASA,2000-01-01,2024-04-23,on_ds_daily_axis
BW-CASA1,CASA1,2000-01-01,2014-05-06,on_ds_daily_axis
BW-CASB,CASB,2000-01-01,2011-06-30,on_ds_daily_axis
BW-C0000018061,CASC,2000-01-01,2018-03-09,on_ds_daily_axis
BW-CASC1,CASC1,2000-01-01,2013-03-28,on_ds_daily_axis
BW-CASM,CASM,2000-01-01,2019-04-18,on_ds_daily_axis
BW-US1471511048,CAS_OLD2,2000-01-01,2022-06-07,on_ds_daily_axis
BW-BBG00JVJXZC5,CATB,2000-01-01,2021-11-10,on_ds_daily_axis
BW-GB00BYT18414,CATM,2000-01-01,2021-06-21,on_ds_daily_axis
BW-CATP,CATP,2000-01-01,2020-01-24,on_ds_daily_axis
BW-US1490495041,CATS,2000-01-01,2020-09-02,on_ds_daily_axis
BW-CATS1,CATS1,2000-01-01,2008-10-10,on_ds_daily_axis
BW-CATT,CATT,2000-01-01,2009-06-23,on_ds_daily_axis
BW-CATYW,CATYW,2000-01-01,2018-11-13,on_ds_daily_axis
BW-CATZ,CATZ,2000-01-01,2004-10-29,on_ds_daily_axis
BW-CAU,CAU,2000-01-01,2008-03-18,on_ds_daily_axis
BW-CAV,CAV,2000-01-01,2022-03-02,on_ds_daily_axis
BW-CAVB,CAVB,2000-01-01,2006-03-15,on_ds_daily_axis
BW-C0001175609,CAVM,2000-01-01,2018-07-05,on_ds_daily_axis
BW-CAVO,CAVO,2000-01-01,2013-08-06,on_ds_daily_axis
BW-CAX,CAX,2000-01-01,2000-08-10,on_ds_daily_axis
BW-US12673P1057,CA_OLD,2000-01-01,2018-11-05,on_ds_daily_axis
BW-CB1,CB1,2000-01-01,2016-01-14,on_ds_daily_axis
BW-C0000892222,CBA,2000-01-01,2018-11-16,on_ds_daily_axis
BW-US12510J1060,CBAH,2000-01-01,2021-12-15,on_ds_daily_axis
BW-CBAH-U,CBAH-U,2000-01-01,2021-12-09,on_ds_daily_axis
BW-CBAH-WS,CBAH-WS,2000-01-01,2021-12-09,on_ds_daily_axis
BW-BBG000D8YF24,CBB,2000-01-01,2021-09-03,on_ds_daily_axis
BW-CBCRQ,CBCRQ,2000-01-01,2013-09-25,on_ds_daily_axis
BW-CBC_OLD,CBC_OLD,2000-01-01,2019-12-09,on_ds_daily_axis
BW-BBG000Q3SRS4,CBD,2000-01-01,2024-04-29,on_ds_daily_axis
BW-CBDR,CBDR,2000-01-01,2000-08-24,on_ds_daily_axis
BW-CBE,CBE,2000-01-01,2018-01-30,on_ds_daily_axis
BW-CBEH,CBEH,2000-01-01,2014-12-22,on_ds_daily_axis
BW-CBES,CBES,2000-01-01,2002-12-19,on_ds_daily_axis
BW-CBEY,CBEY,2000-01-01,2014-07-18,on_ds_daily_axis
BW-CBF,CBF,2000-01-01,2017-11-30,on_ds_daily_axis
BW-CBH1,CBH1,2000-01-01,2008-03-28,on_ds_daily_axis
BW-C0001027884,CBI,2000-01-01,2018-05-10,on_ds_daily_axis
BW-US14888D2080,CBIO_OLD,2000-01-01,2024-12-13,on_ds_daily_axis
BW-CBIV,CBIV,2000-01-01,2001-11-30,on_ds_daily_axis
BW-CBJ,CBJ,2000-01-01,2006-11-08,on_ds_daily_axis
BW-CBKN,CBKN,2000-01-01,2012-09-24,on_ds_daily_axis
BW-BBG000KNSCG2,CBK_OLD,2000-01-01,2019-06-28,on_ds_daily_axis
BW-BBG000C3YCP8,CBLI,2000-01-01,2021-11-02,on_ds_daily_axis
BW-CBLK,CBLK,2000-01-01,2019-10-07,on_ds_daily_axis
BW-BBG000C0XBT3,CBM,2000-01-01,2019-12-03,on_ds_daily_axis
BW-CBMC,CBMC,2000-01-01,2015-04-02,on_ds_daily_axis
BW-CBMD,CBMD,2000-01-01,2006-01-31,on_ds_daily_axis
BW-BBG008HBGVY6,CBMG,2000-01-01,2021-02-19,on_ds_daily_axis
BW-CBMX,CBMX,2000-01-01,2017-11-14,on_ds_daily_axis
BW-CBMXW,CBMXW,2000-01-01,2017-11-14,on_ds_daily_axis
BW-CBN,CBN,2000-01-01,2022-03-02,on_ds_daily_axis
BW-CBNJ,CBNJ,2000-01-01,2016-04-29,on_ds_daily_axis
BW-CBNK1,CBNK1,2000-01-01,2016-10-21,on_ds_daily_axis
BW-CBNR,CBNR,2000-01-01,2016-02-29,on_ds_daily_axis
BW-CBNV,CBNV,2000-01-01,2005-05-18,on_ds_daily_axis
BW-CBON1,CBON1,2000-01-01,2010-06-10,on_ds_daily_axis
BW-CBOU,CBOU,2000-01-01,2013-01-24,on_ds_daily_axis
BW-KYG215151047,CBPO,2000-01-01,2021-04-20,on_ds_daily_axis
BW-BBG008G2QXC6,CBPX,2000-01-01,2020-01-31,on_ds_daily_axis
BW-CBR,CBR,2000-01-01,2017-04-10,on_ds_daily_axis
BW-CBRGW,CBRGW,2000-01-01,2023-08-22,on_ds_daily_axis
BW-CBRYA,CBRYA,2000-01-01,2001-11-05,on_ds_daily_axis
BW-US1248572026,CBS,2000-01-01,2019-12-04,on_ds_daily_axis
BW-CBST,CBST,2000-01-01,2015-01-21,on_ds_daily_axis
BW-US12481V1044,CBTX,2000-01-01,2023-01-19,on_ds_daily_axis
BW-CBUK,CBUK,2000-01-01,2007-06-08,on_ds_daily_axis
BW-CBX,CBX,2000-01-01,2025-07-02,on_ds_daily_axis
BW-CBXC,CBXC,2000-01-01,2000-06-30,on_ds_daily_axis
BW-CBYL,CBYL,2000-01-01,2016-11-21,on_ds_daily_axis
BW-KYG215131098,CCAC,2000-01-01,2022-02-08,on_ds_daily_axis
BW-CCAC-U,CCAC-U,2000-01-01,2021-12-17,on_ds_daily_axis
BW-CCAC-UN,CCAC-UN,2000-01-01,2022-02-08,on_ds_daily_axis
BW-CCAC-WS,CCAC-WS,2000-01-01,2021-12-17,on_ds_daily_axis
BW-CCAC-WT,CCAC-WT,2000-01-01,2022-02-08,on_ds_daily_axis
BW-CCALF,CCALF,2000-01-01,2013-01-23,on_ds_daily_axis
BW-CCBD,CCBD,2000-01-01,2013-01-08,on_ds_daily_axis
BW-CCBI,CCBI,2000-01-01,2006-09-29,on_ds_daily_axis
BW-CCBL,CCBL,2000-01-01,2022-03-02,on_ds_daily_axis
BW-CCBN,CCBN,2000-01-01,2022-03-02,on_ds_daily_axis
BW-CCBP,CCBP,2000-01-01,2010-12-31,on_ds_daily_axis
BW-CCBT,CCBT,2000-01-01,2004-04-30,on_ds_daily_axis
BW-CCC-WT,CCC-WT,2000-01-01,2020-03-20,on_ds_daily_axis
BW-CCCG,CCCG,2000-01-01,2006-02-10,on_ds_daily_axis
BW-VGG041JN1065,CCCL,2000-01-01,2021-07-15,on_ds_daily_axis
BW-US16891K1034,CCCR,2000-01-01,2018-07-20,on_ds_daily_axis
BW-C0000812701,CCC_OLD,2000-01-01,2018-03-08,on_ds_daily_axis
BW-C0001017917,CCC_OLD1,2000-01-01,2021-01-29,on_ds_daily_axis
BW-CCDC,CCDC,2000-01-01,2006-08-31,on_ds_daily_axis
BW-C0001491675,CCE_OLD,2000-01-01,2016-05-27,on_ds_daily_axis
BW-CCG_OLD,CCG_OLD,2000-01-01,2016-03-02,on_ds_daily_axis
BW-BBG00M8652H1,CCH,2000-01-01,2021-01-28,on_ds_daily_axis
BW-CCH-WT,CCH-WT,2000-01-01,2020-08-28,on_ds_daily_axis
BW-CCHE,CCHE,2000-01-01,2000-12-13,on_ds_daily_axis
BW-C0001498576,CCIH,2000-01-01,2021-02-04,on_ds_daily_axis
BW-US1714391026,CCIV,2000-01-01,2022-02-18,on_ds_daily_axis
BW-CCIV-WT,CCIV-WT,2000-01-01,2021-07-23,on_ds_daily_axis
BW-CCIX_OLD,CCIX_OLD,2000-01-01,2014-02-11,on_ds_daily_axis
BW-CCLDP,CCLDP,2000-01-01,2025-03-28,on_ds_daily_axis
BW-CCLN,CCLN,2000-01-01,2000-12-26,on_ds_daily_axis
BW-BBG000BP3NW2,CCMP,2000-01-01,2022-07-06,on_ds_daily_axis
BW-CCMTF,CCMTF,2000-01-01,2012-11-01,on_ds_daily_axis
BW-CCN,CCN,2000-01-01,2017-07-05,on_ds_daily_axis
BW-CCNI,CCNI,2000-01-01,2019-09-10,on_ds_daily_axis
BW-CCNWW,CCNWW,2000-01-01,2017-07-19,on_ds_daily_axis
BW-CCP,CCP,2000-01-01,2017-08-16,on_ds_daily_axis
BW-VGG2118P1027,CCRC,2000-01-01,2021-07-06,on_ds_daily_axis
BW-CCRD_OLD,CCRD_OLD,2000-01-01,2005-06-07,on_ds_daily_axis
BW-CCRO,CCRO,2000-01-01,2001-04-05,on_ds_daily_axis
BW-CCRT,CCRT,2000-01-01,2012-11-30,on_ds_daily_axis
BW-CCSC,CCSC,2000-01-01,2016-04-20,on_ds_daily_axis
BW-CCSI_OLD,CCSI_OLD,2000-01-01,2001-12-04,on_ds_daily_axis
BW-US2198801019,CCT,2000-01-01,2018-12-19,on_ds_daily_axis
BW-CCTYQ,CCTYQ,2000-01-01,2011-09-26,on_ds_daily_axis
BW-CCU1,CCU1,2000-01-01,2008-07-30,on_ds_daily_axis
BW-CCV-UN,CCV-UN,2000-01-01,2023-10-16,on_ds_daily_axis
BW-CCVI-U,CCVI-U,2000-01-01,2022-01-14,on_ds_daily_axis
BW-CCVI-WS,CCVI-WS,2000-01-01,2021-12-17,on_ds_daily_axis
BW-CCX-U,CCX-U,2000-01-01,2021-12-20,on_ds_daily_axis
BW-CCX-WS,CCX-WS,2000-01-01,2021-12-20,on_ds_daily_axis
BW-CCX-WT,CCX-WT,2000-01-01,2021-06-11,on_ds_daily_axis
BW-CCXX-U,CCXX-U,2000-01-01,2020-10-08,on_ds_daily_axis
BW-CCXX-UN,CCXX-UN,2000-01-01,2020-10-08,on_ds_daily_axis
BW-CCXX-WS,CCXX-WS,2000-01-01,2020-10-08,on_ds_daily_axis
BW-CDCAQ,CDCAQ,2000-01-01,2012-12-19,on_ds_daily_axis
BW-CDCM,CDCM,2000-01-01,2000-10-31,on_ds_daily_axis
BW-CDCSY,CDCSY,2000-01-01,2012-05-14,on_ds_daily_axis
BW-CDCY,CDCY,2000-01-01,2007-09-21,on_ds_daily_axis
BW-CDD,CDD,2000-01-01,2006-09-29,on_ds_daily_axis
BW-CDDD,CDDD,2000-01-01,2002-04-16,on_ds_daily_axis
BW-BBG00GK9RVT3,CDEV,2000-01-01,2022-11-04,on_ds_daily_axis
BW-CDEVW,CDEVW,2000-01-01,2017-03-31,on_ds_daily_axis
BW-CDF,CDF,2000-01-01,2000-03-17,on_ds_daily_axis
BW-CDI,CDI,2000-01-01,2017-09-12,on_ds_daily_axis
BW-CDIC,CDIC,2000-01-01,2018-10-01,on_ds_daily_axis
BW-CDII,CDII,2000-01-01,2015-10-23,on_ds_daily_axis
BW-CDIR,CDIR,2000-01-01,2015-02-27,on_ds_daily_axis
BW-BBG006B6PVN9,CDK,2000-01-01,2022-07-15,on_ds_daily_axis
BW-CDMS,CDMS,2000-01-01,2007-03-07,on_ds_daily_axis
BW-CDNW,CDNW,2000-01-01,2000-08-31,on_ds_daily_axis
BW-CDO,CDO,2000-01-01,2018-08-03,on_ds_daily_axis
BW-BBG00RD0QV44,CDOR,2000-01-01,2022-01-10,on_ds_daily_axis
BW-CDORO,CDORO,2000-01-01,2016-04-14,on_ds_daily_axis
BW-CDORP,CDORP,2000-01-01,2016-04-14,on_ds_daily_axis
BW-CDOT,CDOT,2000-01-01,2000-02-10,on_ds_daily_axis
BW-BBG011K031T6,CDR,2000-01-01,2022-08-22,on_ds_daily_axis
BW-CDRB,CDRB,2000-01-01,2016-05-20,on_ds_daily_axis
BW-CDS,CDS,2000-01-01,2002-08-14,on_ds_daily_axis
BW-CDS1,CDS1,2000-01-01,2007-05-04,on_ds_daily_axis
BW-CDSS,CDSS,2000-01-01,2006-05-04,on_ds_daily_axis
BW-CDSW,CDSW,2000-01-01,2005-06-01,on_ds_daily_axis
BW-CDTS,CDTS,2000-01-01,2002-12-17,on_ds_daily_axis
BW-CDV,CDV,2000-01-01,2006-08-17,on_ds_daily_axis
BW-CDWC,CDWC,2000-01-01,2007-10-12,on_ds_daily_axis
BW-CDWI,CDWI,2000-01-01,2001-04-09,on_ds_daily_axis
BW-BBG000BG1J71,CDXC,2000-01-01,2025-03-19,on_ds_daily_axis
BW-CE1,CE1,2000-01-01,2004-02-26,on_ds_daily_axis
BW-BBG000BPPHD2,CEA,2000-01-01,2023-04-06,on_ds_daily_axis
BW-C0001066104,CEB,2000-01-01,2017-04-04,on_ds_daily_axis
BW-CEBC,CEBC,2000-01-01,2022-03-02,on_ds_daily_axis
BW-CEBK,CEBK,2000-01-01,2012-11-16,on_ds_daily_axis
BW-CEC,CEC,2000-01-01,2018-12-27,on_ds_daily_axis
BW-BBG00D8FHFZ9,CECO_OLD,2000-01-01,2019-05-28,on_ds_daily_axis
BW-CECX1,CECX1,2000-01-01,2006-04-28,on_ds_daily_axis
BW-CEDU,CEDU,2000-01-01,2014-04-23,on_ds_daily_axis
BW-CEGE,CEGE,2000-01-01,2009-10-14,on_ds_daily_axis
BW-C0001004440,CEG_OLD,2000-01-01,2012-03-12,on_ds_daily_axis
BW-US13200M5085,CEI,2000-01-01,2024-12-24,on_ds_daily_axis
BW-CEI1,CEI1,2000-01-01,2007-08-03,on_ds_daily_axis
BW-BBG00J8CB787,CEIX,2000-01-01,2025-01-15,on_ds_daily_axis
BW-IL0011015349,CEL,2000-01-01,2021-04-12,on_ds_daily_axis
BW-BBG000BFC8J2,CELG,2000-01-01,2019-11-20,on_ds_daily_axis
BW-CELGZ,CELGZ,2000-01-01,2019-11-29,on_ds_daily_axis
BW-C0000918946,CELL_OLD,2000-01-01,2012-10-15,on_ds_daily_axis
BW-CELM,CELM,2000-01-01,2014-08-11,on_ds_daily_axis
BW-BBG00JVWTQK2,CELP,2000-01-01,2022-05-09,on_ds_daily_axis
BW-CELSIA,CELSIA,2000-01-01,2020-06-05,on_ds_daily_axis
BW-CEMP,CEMP,2000-01-01,2017-11-06,on_ds_daily_axis
BW-CEMX,CEMX,2000-01-01,2000-06-02,on_ds_daily_axis
BW-CEN1,CEN1,2000-01-01,2007-11-08,on_ds_daily_axis
BW-CENB,CENB,2000-01-01,2001-05-17,on_ds_daily_axis
BW-CENF,CENF,2000-01-01,2006-11-27,on_ds_daily_axis
BW-CENL,CENL,2000-01-01,2001-04-30,on_ds_daily_axis
BW-US15130M1027,CENQ,2000-01-01,2023-02-22,on_ds_daily_axis
BW-BBG000C2F2Y3,CEO,2000-01-01,2021-10-11,on_ds_daily_axis
BW-CEPH,CEPH,2000-01-01,2011-10-13,on_ds_daily_axis
BW-CERB,CERB,2000-01-01,2019-06-07,on_ds_daily_axis
BW-CERCW,CERCW,2000-01-01,2018-10-17,on_ds_daily_axis
BW-CERCZ,CERCZ,2000-01-01,2017-04-17,on_ds_daily_axis
BW-CEREW,CEREW,2000-01-01,2021-08-30,on_ds_daily_axis
BW-C0000767884,CERE_OLD,2000-01-01,2016-07-29,on_ds_daily_axis
BW-CERG,CERG,2000-01-01,2006-08-07,on_ds_daily_axis
BW-BBG007F5VYB5,CERN,2000-01-01,2022-06-08,on_ds_daily_axis
BW-CERO_OLD,CERO_OLD,2000-01-01,2024-08-30,on_ds_daily_axis
BW-CERP,CERP,2000-01-01,2017-04-19,on_ds_daily_axis
BW-US1567322086,CERPQ,2000-01-01,2021-08-12,on_ds_daily_axis
BW-CERTF,CERTF,2000-01-01,2009-03-25,on_ds_daily_axis
BW-CERU,CERU,2000-01-01,2017-07-20,on_ds_daily_axis
BW-CES,CES,2000-01-01,2014-12-16,on_ds_daily_axis
BW-BMG200452024,CETV,2000-01-01,2020-10-13,on_ds_daily_axis
BW-US12529D2071,CFACU,2000-01-01,2021-08-17,on_ds_daily_axis
BW-CFACW,CFACW,2000-01-01,2021-08-20,on_ds_daily_axis
BW-CFBX,CFBX,2000-01-01,2004-10-29,on_ds_daily_axis
BW-CFC,CFC,2000-01-01,2019-11-27,on_ds_daily_axis
BW-CFCB,CFCB,2000-01-01,2017-06-09,on_ds_daily_axis
BW-CFCM,CFCM,2000-01-01,2002-11-08,on_ds_daily_axis
BW-CFCO,CFCO,2000-01-01,2017-11-30,on_ds_daily_axis
BW-CFCOU,CFCOU,2000-01-01,2017-11-30,on_ds_daily_axis
BW-CFCOW,CFCOW,2000-01-01,2017-11-30,on_ds_daily_axis
BW-CFCP,CFCP,2000-01-01,2022-03-02,on_ds_daily_axis
BW-CFFAW,CFFAW,2000-01-01,2020-11-17,on_ds_daily_axis
BW-CFFC,CFFC,2000-01-01,2013-01-11,on_ds_daily_axis
BW-US12520C1099,CFFE,2000-01-01,2023-11-30,on_ds_daily_axis
BW-CFFVW,CFFVW,2000-01-01,2022-01-25,on_ds_daily_axis
BW-US15725Q2030,CFIIU,2000-01-01,2021-03-08,on_ds_daily_axis
BW-CFK,CFK,2000-01-01,2012-07-24,on_ds_daily_axis
BW-CFKY,CFKY,2000-01-01,2001-11-12,on_ds_daily_axis
BW-CFL,CFL,2000-01-01,2010-05-13,on_ds_daily_axis
BW-CFMT,CFMT,2000-01-01,2000-12-29,on_ds_daily_axis
BW-CFN,CFN,2000-01-01,2015-03-16,on_ds_daily_axis
BW-CFNL,CFNL,2000-01-01,2017-04-21,on_ds_daily_axis
BW-CFON,CFON,2000-01-01,2001-01-08,on_ds_daily_axis
BW-CFRXW,CFRXW,2000-01-01,2017-01-26,on_ds_daily_axis
BW-CFRXZ,CFRXZ,2000-01-01,2015-10-28,on_ds_daily_axis
BW-CFSB_OLD,CFSB_OLD,2000-01-01,2005-03-31,on_ds_daily_axis
BW-CFSG,CFSG,2000-01-01,2011-11-04,on_ds_daily_axis
BW-CFSI,CFSI,2000-01-01,2006-03-01,on_ds_daily_axis
BW-CFSL,CFSL,2000-01-01,2018-10-31,on_ds_daily_axis
BW-US12520R1068,CFV,2000-01-01,2022-01-27,on_ds_daily_axis
BW-US12521J1034,CFVI,2000-01-01,2022-09-16,on_ds_daily_axis
BW-CFWY,CFWY,2000-01-01,2002-10-03,on_ds_daily_axis
BW-BBG000C5Z443,CFX,2000-01-01,2022-06-01,on_ds_daily_axis
BW-BBG000D5F435,CGA,2000-01-01,2024-11-26,on_ds_daily_axis
BW-CGC1,CGC1,2000-01-01,2007-07-02,on_ds_daily_axis
BW-CGE,CGE,2000-01-01,2018-02-22,on_ds_daily_axis
BW-CGFW,CGFW,2000-01-01,2006-01-11,on_ds_daily_axis
BW-C0001037962,CGG,2000-01-01,2018-10-01,on_ds_daily_axis
BW-CGGI,CGGI,2000-01-01,2001-09-21,on_ds_daily_axis
BW-BBG000BC8305,CGI,2000-01-01,2018-04-02,on_ds_daily_axis
BW-CGI1,CGI1,2000-01-01,2008-06-04,on_ds_daily_axis
BW-C0001349929,CGIX,2000-01-01,2021-04-01,on_ds_daily_axis
BW-CGMCQ,CGMCQ,2000-01-01,2010-06-30,on_ds_daily_axis
BW-US19243A1043,CGNT_OLD,2000-01-01,2018-04-20,on_ds_daily_axis
BW-CGP,CGP,2000-01-01,2022-03-02,on_ds_daily_axis
BW-CGPI1,CGPI1,2000-01-01,2008-04-10,on_ds_daily_axis
BW-CGR,CGR,2000-01-01,2022-03-02,on_ds_daily_axis
BW-CGRB,CGRB,2000-01-01,2009-07-09,on_ds_daily_axis
BW-CGRM,CGRM,2000-01-01,2000-07-26,on_ds_daily_axis
BW-US14067D5086,CGRN,2000-01-01,2023-12-06,on_ds_daily_axis
BW-US19424L2007,CGROU,2000-01-01,2021-04-14,on_ds_daily_axis
BW-CGROW,CGROW,2000-01-01,2021-04-06,on_ds_daily_axis
BW-CGS,CGS,2000-01-01,2015-01-07,on_ds_daily_axis
BW-CGUE,CGUE,2000-01-01,2013-12-27,on_ds_daily_axis
BW-CGX,CGX,2000-01-01,2014-01-31,on_ds_daily_axis
BW-CGZ,CGZ,2000-01-01,2001-10-11,on_ds_daily_axis
BW-CHAA-U,CHAA-U,2000-01-01,2021-12-17,on_ds_daily_axis
BW-CHAA-WS,CHAA-WS,2000-01-01,2022-01-14,on_ds_daily_axis
BW-CHAC_OLD,CHAC_OLD,2000-01-01,2019-12-30,on_ds_daily_axis
BW-CHADQ,CHADQ,2000-01-01,2016-06-06,on_ds_daily_axis
BW-CHANF,CHANF,2000-01-01,2001-03-28,on_ds_daily_axis
BW-CHAP1,CHAP1,2000-01-01,2007-09-14,on_ds_daily_axis
BW-US75989E1064,CHAQ,2000-01-01,2021-09-30,on_ds_daily_axis
BW-CHAQ-U,CHAQ-U,2000-01-01,2021-09-02,on_ds_daily_axis
BW-CHAQ-WS,CHAQ-WS,2000-01-01,2021-09-02,on_ds_daily_axis
BW-CHAR_OLD,CHAR_OLD,2000-01-01,2006-10-11,on_ds_daily_axis
BW-CHAS,CHAS,2000-01-01,2018-01-30,on_ds_daily_axis
BW-US1694261033,CHA_OLD,2000-01-01,2021-01-08,on_ds_daily_axis
BW-CHBT,CHBT,2000-01-01,2013-11-01,on_ds_daily_axis
BW-CHC,CHC,2000-01-01,2014-07-08,on_ds_daily_axis
BW-CHDX,CHDX,2000-01-01,2014-09-29,on_ds_daily_axis
BW-CHEL,CHEL,2000-01-01,2002-06-26,on_ds_daily_axis
BW-CHEMM,CHEMM,2000-01-01,2021-11-22,on_ds_daily_axis
BW-CHEZ,CHEZ,2000-01-01,2001-12-20,on_ds_daily_axis
BW-US16122M1009,CHFN,2000-01-01,2018-08-31,on_ds_daily_axis
BW-CHFN1,CHFN1,2000-01-01,2015-12-10,on_ds_daily_axis
BW-KYG2445M1033,CHFW,2000-01-01,2021-08-12,on_ds_daily_axis
BW-CHFW-U,CHFW-U,2000-01-01,2021-08-12,on_ds_daily_axis
BW-CHG,CHG,2000-01-01,2022-11-04,on_ds_daily_axis
BW-CHIC1,CHIC1,2000-01-01,2009-10-13,on_ds_daily_axis
BW-CHIR1,CHIR1,2000-01-01,2006-04-19,on_ds_daily_axis
BW-BBG00Z6DX554,CHK,2000-01-01,2024-10-01,on_ds_daily_axis
BW-CHKAQ,CHKAQ,2000-01-01,2021-02-10,on_ds_daily_axis
BW-C0000844161,CHKE,2000-01-01,2021-04-06,on_ds_daily_axis
BW-CHKEL,CHKEL,2000-01-01,2024-10-01,on_ds_daily_axis
BW-CHKEZ,CHKEZ,2000-01-01,2024-10-01,on_ds_daily_axis
BW-CHKR1,CHKR1,2000-01-01,2006-06-20,on_ds_daily_axis
BW-C0000895126,CHK_OLD,2000-01-01,2020-06-26,on_ds_daily_axis
BW-BBG00JPVR1N5,CHL,2000-01-01,2021-01-08,on_ds_daily_axis
BW-CHLD_OLD,CHLD_OLD,2000-01-01,2000-10-18,on_ds_daily_axis
BW-CHLN,CHLN,2000-01-01,2016-02-18,on_ds_daily_axis
BW-CHLN_OLD,CHLN_OLD,2000-01-01,2005-02-08,on_ds_daily_axis
BW-BBG0026ZCS06,CHMA,2000-01-01,2021-08-05,on_ds_daily_axis
BW-CHMO,CHMO,2000-01-01,2012-09-04,on_ds_daily_axis
BW-C0001091862,CHMT_OLD,2000-01-01,2017-04-20,on_ds_daily_axis
BW-CHNL,CHNL,2000-01-01,2012-03-14,on_ds_daily_axis
BW-VGG211011371,CHOPF,2000-01-01,2021-05-26,on_ds_daily_axis
BW-CHPC1,CHPC1,2000-01-01,2004-08-04,on_ds_daily_axis
BW-CHPMW,CHPMW,2000-01-01,2022-04-22,on_ds_daily_axis
BW-CHPT-WS,CHPT-WS,2000-01-01,2021-12-17,on_ds_daily_axis
BW-CHQGF,CHQGF,2000-01-01,2009-09-16,on_ds_daily_axis
BW-CHRK,CHRK,2000-01-01,2008-11-20,on_ds_daily_axis
BW-CHRM,CHRM,2000-01-01,2014-09-24,on_ds_daily_axis
BW-US1711261057,CHRO,2000-01-01,2025-09-02,on_ds_daily_axis
BW-CHRS1,CHRS1,2000-01-01,2012-06-14,on_ds_daily_axis
BW-CHRT,CHRT,2000-01-01,2016-09-28,on_ds_daily_axis
BW-CHRX,CHRX,2000-01-01,2000-09-06,on_ds_daily_axis
BW-CHSI,CHSI,2000-01-01,2012-07-02,on_ds_daily_axis
BW-BBG000PLK6H1,CHSP,2000-01-01,2019-09-17,on_ds_daily_axis
BW-CHST,CHST,2000-01-01,2004-04-16,on_ds_daily_axis
BW-CHTP,CHTP,2000-01-01,2014-06-23,on_ds_daily_axis
BW-CHTRQ,CHTRQ,2000-01-01,2009-11-30,on_ds_daily_axis
BW-CHTT,CHTT,2000-01-01,2010-03-10,on_ds_daily_axis
BW-C0001665658,CHUBK,2000-01-01,2018-05-18,on_ds_daily_axis
BW-CHUX,CHUX,2000-01-01,2012-05-09,on_ds_daily_axis
BW-KYG2254A1094,CHWA,2000-01-01,2022-08-09,on_ds_daily_axis
BW-CHWAW,CHWAW,2000-01-01,2022-08-09,on_ds_daily_axis
BW-CHWG,CHWG,2000-01-01,2017-07-11,on_ds_daily_axis
BW-CHYR,CHYR,2000-01-01,2015-03-09,on_ds_daily_axis
BW-CHZ,CHZ,2000-01-01,2007-12-31,on_ds_daily_axis
BW-CHZS,CHZS,2000-01-01,2012-12-21,on_ds_daily_axis
BW-CIC-U,CIC-U,2000-01-01,2018-12-21,on_ds_daily_axis
BW-CIC-WS,CIC-WS,2000-01-01,2018-12-21,on_ds_daily_axis
BW-CID_OLD,CID_OLD,2000-01-01,2001-08-07,on_ds_daily_axis
BW-CIFC,CIFC,2000-01-01,2016-11-21,on_ds_daily_axis
BW-VGG4645C2085,CIFS,2000-01-01,2020-10-21,on_ds_daily_axis
BW-US16954W1018,CIH,2000-01-01,2023-04-25,on_ds_daily_axis
BW-CIICW,CIICW,2000-01-01,2021-03-25,on_ds_daily_axis
BW-CIL1,CIL1,2000-01-01,2011-07-01,on_ds_daily_axis
BW-CIMA,CIMA,2000-01-01,2004-08-12,on_ds_daily_axis
BW-CIMT,CIMT,2000-01-01,2015-02-06,on_ds_daily_axis
BW-CIN,CIN,2000-01-01,2018-01-30,on_ds_daily_axis
BW-US17240Y1091,CINC,2000-01-01,2023-03-03,on_ds_daily_axis
BW-CIS,CIS,2000-01-01,2014-03-27,on_ds_daily_axis
BW-CISC,CISC,2000-01-01,2001-12-31,on_ds_daily_axis
BW-BBG00JPW01R8,CIT,2000-01-01,2022-01-03,on_ds_daily_axis
BW-CITC,CITC,2000-01-01,2001-06-26,on_ds_daily_axis
BW-CITGQ,CITGQ,2000-01-01,2009-12-09,on_ds_daily_axis
BW-CITP,CITP,2000-01-01,2010-04-05,on_ds_daily_axis
BW-CIV,CIV,2000-01-01,2002-07-31,on_ds_daily_axis
BW-US3194594004,CIVBP,2000-01-01,2019-12-19,on_ds_daily_axis
BW-CIVC,CIVC,2000-01-01,2002-02-28,on_ds_daily_axis
BW-US17887R1023,CIVI_OLD,2000-01-01,2019-03-07,on_ds_daily_axis
BW-CA1254911003,CIXX,2000-01-01,2023-03-23,on_ds_daily_axis
BW-BBG00J2F2XK5,CJ,2000-01-01,2019-10-30,on_ds_daily_axis
BW-CJBK,CJBK,2000-01-01,2010-11-30,on_ds_daily_axis
BW-CJES,CJES,2000-01-01,2016-07-20,on_ds_daily_axis
BW-CJHBQ,CJHBQ,2000-01-01,2010-12-03,on_ds_daily_axis
BW-CJT,CJT,2000-01-01,2019-05-10,on_ds_daily_axis
BW-CKCM,CKCM,2000-01-01,2006-10-26,on_ds_daily_axis
BW-CKCRQ,CKCRQ,2000-01-01,2007-10-15,on_ds_daily_axis
BW-CKEC,CKEC,2000-01-01,2016-12-20,on_ds_daily_axis
BW-CKEY,CKEY,2000-01-01,2001-04-11,on_ds_daily_axis
BW-CKFB,CKFB,2000-01-01,2012-11-14,on_ds_daily_axis
BW-CKFR,CKFR,2000-01-01,2007-12-03,on_ds_daily_axis
BW-US8119041015,CKH,2000-01-01,2021-04-15,on_ds_daily_axis
BW-CKNN,CKNN,2000-01-01,2008-08-08,on_ds_daily_axis
BW-CKP,CKP,2000-01-01,2016-05-13,on_ds_daily_axis
BW-CKR,CKR,2000-01-01,2017-12-21,on_ds_daily_axis
BW-CKSW,CKSW,2000-01-01,2015-07-10,on_ds_daily_axis
BW-CKUN,CKUN,2000-01-01,2013-05-13,on_ds_daily_axis
BW-CKXE,CKXE,2000-01-01,2011-06-21,on_ds_daily_axis
BW-CLA,CLA,2000-01-01,2021-03-12,on_ds_daily_axis
BW-CLA1,CLA1,2000-01-01,2009-10-27,on_ds_daily_axis
BW-KYG2284B1014,CLAA,2000-01-01,2023-03-10,on_ds_daily_axis
BW-CLAC,CLAC,2000-01-01,2017-07-11,on_ds_daily_axis
BW-CLACU,CLACU,2000-01-01,2017-06-29,on_ds_daily_axis
BW-US18453L1070,CLAQ,2000-01-01,2022-09-12,on_ds_daily_axis
BW-CLAQR,CLAQR,2000-01-01,2022-09-12,on_ds_daily_axis
BW-CLAQW,CLAQW,2000-01-01,2022-09-12,on_ds_daily_axis
BW-CLAR1,CLAR1,2000-01-01,2016-05-31,on_ds_daily_axis
BW-US18274B1061,CLAS,2000-01-01,2022-12-30,on_ds_daily_axis
BW-KYG2058L1032,CLAY_OLD,2000-01-01,2008-07-01,on_ds_daily_axis
BW-CLBH,CLBH,2000-01-01,2017-03-03,on_ds_daily_axis
BW-CLBK1,CLBK1,2000-01-01,2007-06-01,on_ds_daily_axis
BW-CLBR-UN,CLBR-UN,2000-01-01,2025-07-10,on_ds_daily_axis
BW-CLBR-WT,CLBR-WT,2000-01-01,2025-07-17,on_ds_daily_axis
BW-CLBS_OLD,CLBS_OLD,2000-01-01,2010-12-17,on_ds_daily_axis
BW-C0000020740,CLC,2000-01-01,2017-02-27,on_ds_daily_axis
BW-CLCD,CLCD,2000-01-01,2017-02-28,on_ds_daily_axis
BW-CLCX,CLCX,2000-01-01,2001-01-19,on_ds_daily_axis
BW-BBG00D8FJDV6,CLD,2000-01-01,2020-10-08,on_ds_daily_axis
BW-CLDA,CLDA,2000-01-01,2011-04-13,on_ds_daily_axis
BW-USG216121099,CLDC,2000-01-01,2019-09-05,on_ds_daily_axis
BW-CLDCW,CLDCW,2000-01-01,2016-12-29,on_ds_daily_axis
BW-CLDN,CLDN,2000-01-01,2016-03-22,on_ds_daily_axis
BW-BBG000DRJFC8,CLDR,2000-01-01,2021-10-11,on_ds_daily_axis
BW-CLE,CLE,2000-01-01,2018-06-28,on_ds_daily_axis
BW-CLFC,CLFC,2000-01-01,2011-11-30,on_ds_daily_axis
BW-CLFY,CLFY,2000-01-01,2000-03-16,on_ds_daily_axis
BW-CLG1,CLG1,2000-01-01,2007-07-09,on_ds_daily_axis
BW-CLGRF,CLGRF,2000-01-01,2016-06-06,on_ds_daily_axis
BW-BBG000C2H3F0,CLGX,2000-01-01,2021-06-08,on_ds_daily_axis
BW-CLII-U,CLII-U,2000-01-01,2021-07-01,on_ds_daily_axis
BW-CLII-WS,CLII-WS,2000-01-01,2021-07-01,on_ds_daily_axis
BW-CLIM-U,CLIM-U,2000-01-01,2022-01-07,on_ds_daily_axis
BW-CLIM-WS,CLIM-WS,2000-01-01,2021-12-17,on_ds_daily_axis
BW-US1844931048,CLIN,2000-01-01,2023-12-22,on_ds_daily_axis
BW-CLK,CLK,2000-01-01,2007-03-12,on_ds_daily_axis
BW-CLKS,CLKS,2000-01-01,2004-03-18,on_ds_daily_axis
BW-CLMS,CLMS,2000-01-01,2017-02-21,on_ds_daily_axis
BW-BBG00JVRRQF1,CLNC,2000-01-01,2022-02-18,on_ds_daily_axis
BW-C0001679688,CLNS,2000-01-01,2018-06-22,on_ds_daily_axis
BW-CLNT,CLNT,2000-01-01,2018-01-05,on_ds_daily_axis
BW-CLNY1,CLNY1,2000-01-01,2017-01-10,on_ds_daily_axis
BW-CLOVW,CLOVW,2000-01-01,2021-08-23,on_ds_daily_axis
BW-CLP,CLP,2000-01-01,2013-10-01,on_ds_daily_axis
BW-CLPA,CLPA,2000-01-01,2003-06-11,on_ds_daily_axis
BW-CLQ,CLQ,2000-01-01,2018-01-30,on_ds_daily_axis
BW-BBG00JPW67M4,CLR,2000-01-01,2022-11-22,on_ds_daily_axis
BW-CLRK,CLRK,2000-01-01,2007-08-24,on_ds_daily_axis
BW-US18049C1080,CLRM,2000-01-01,2022-12-16,on_ds_daily_axis
BW-CLRT,CLRT,2000-01-01,2010-12-22,on_ds_daily_axis
BW-CLSP,CLSP,2000-01-01,2013-01-17,on_ds_daily_axis
BW-CLSR,CLSR,2000-01-01,2005-06-03,on_ds_daily_axis
BW-CLT,CLT,2000-01-01,2017-09-15,on_ds_daily_axis
BW-CLTX,CLTX,2000-01-01,2002-07-02,on_ds_daily_axis
BW-CLU,CLU,2000-01-01,2010-12-27,on_ds_daily_axis
BW-CLV,CLV,2000-01-01,2016-01-29,on_ds_daily_axis
BW-BBG008B8PPG2,CLVS,2000-01-01,2023-02-22,on_ds_daily_axis
BW-CLWR,CLWR,2000-01-01,2013-07-09,on_ds_daily_axis
BW-US13173L1070,CLXT,2000-01-01,2023-05-31,on_ds_daily_axis
BW-CLYS,CLYS,2000-01-01,2003-02-26,on_ds_daily_axis
BW-CLZR,CLZR,2000-01-01,2010-01-05,on_ds_daily_axis
BW-CM1,CM1,2000-01-01,2006-02-03,on_ds_daily_axis
BW-CMA-WS,CMA-WS,2000-01-01,2018-11-09,on_ds_daily_axis
BW-CMAN,CMAN,2000-01-01,2000-06-19,on_ds_daily_axis
BW-CMBC,CMBC,2000-01-01,2006-10-26,on_ds_daily_axis
BW-KYG1889L1005,CMCA,2000-01-01,2024-06-12,on_ds_daily_axis
BW-CMCSK,CMCSK,2000-01-01,2015-12-11,on_ds_daily_axis
BW-BBG000KJP3V7,CMD,2000-01-01,2021-06-02,on_ds_daily_axis
BW-CMD1,CMD1,2000-01-01,2008-04-10,on_ds_daily_axis
BW-CMDC,CMDC,2000-01-01,2000-11-09,on_ds_daily_axis
BW-CMDL,CMDL,2000-01-01,2002-08-06,on_ds_daily_axis
BW-CMED,CMED,2000-01-01,2018-01-30,on_ds_daily_axis
BW-CMEDQ,CMEDQ,2000-01-01,2012-11-08,on_ds_daily_axis
BW-CMFB,CMFB,2000-01-01,2012-05-30,on_ds_daily_axis
BW-US12574Q1031,CMFN,2000-01-01,2019-09-06,on_ds_daily_axis
BW-CMGE,CMGE,2000-01-01,2015-08-10,on_ds_daily_axis
BW-CMGT,CMGT,2000-01-01,2000-06-19,on_ds_daily_axis
BW-CMH,CMH,2000-01-01,2020-01-24,on_ds_daily_axis
BW-CMIG3,CMIG3,2000-01-01,2021-12-17,on_ds_daily_axis
BW-C0002088805,CMIIU,2000-01-01,2021-09-01,on_ds_daily_axis
BW-CMIN,CMIN,2000-01-01,2004-12-09,on_ds_daily_axis
BW-CMIV,CMIV,2000-01-01,2001-08-08,on_ds_daily_axis
BW-CMKG,CMKG,2000-01-01,2014-08-22,on_ds_daily_axis
BW-C0001253955,CML,2000-01-01,2011-02-22,on_ds_daily_axis
BW-US18978W2089,CMLFU,2000-01-01,2021-07-22,on_ds_daily_axis
BW-CMLFW,CMLFW,2000-01-01,2021-07-22,on_ds_daily_axis
BW-CMLP,CMLP,2000-01-01,2015-09-30,on_ds_daily_axis
BW-CMLP1,CMLP1,2000-01-01,2013-10-07,on_ds_daily_axis
BW-CMLSQ,CMLSQ,2000-01-01,2018-06-08,on_ds_daily_axis
BW-US1258411065,CMLT,2000-01-01,2021-12-21,on_ds_daily_axis
BW-CMLTW,CMLTW,2000-01-01,2021-12-17,on_ds_daily_axis
BW-CMM,CMM,2000-01-01,2012-03-16,on_ds_daily_axis
BW-CMN,CMN,2000-01-01,2016-12-02,on_ds_daily_axis
BW-BBG0131739J2,CMO,2000-01-01,2021-10-18,on_ds_daily_axis
BW-CMOS,CMOS,2000-01-01,2008-08-29,on_ds_daily_axis
BW-CMPC,CMPC,2000-01-01,2016-05-09,on_ds_daily_axis
BW-US1628181083,CMPI,2000-01-01,2022-06-09,on_ds_daily_axis
BW-CMPP,CMPP,2000-01-01,2007-10-22,on_ds_daily_axis
BW-CMRN,CMRN,2000-01-01,2001-01-12,on_ds_daily_axis
BW-US2000801090,CMRO,2000-01-01,2019-05-28,on_ds_daily_axis
BW-CMSB,CMSB,2000-01-01,2015-04-28,on_ds_daily_axis
BW-CMSB_OLD,CMSB_OLD,2000-01-01,2003-01-17,on_ds_daily_axis
BW-USG2345N1021,CMSS,2000-01-01,2019-06-28,on_ds_daily_axis
BW-CMSSR,CMSSR,2000-01-01,2019-05-01,on_ds_daily_axis
BW-CMSSU,CMSSU,2000-01-01,2020-03-16,on_ds_daily_axis
BW-CMSSW,CMSSW,2000-01-01,2019-05-02,on_ds_daily_axis
BW-CMSV,CMSV,2000-01-01,2002-03-22,on_ds_daily_axis
BW-US1855751079,CMTA,2000-01-01,2019-04-17,on_ds_daily_axis
BW-CMTI,CMTI,2000-01-01,2000-10-25,on_ds_daily_axis
BW-CMTN,CMTN,2000-01-01,2005-06-01,on_ds_daily_axis
BW-CMTO,CMTO,2000-01-01,2003-02-20,on_ds_daily_axis
BW-CMTY,CMTY,2000-01-01,2007-11-16,on_ds_daily_axis
BW-CMVT,CMVT,2000-01-01,2013-02-04,on_ds_daily_axis
BW-CMX,CMX,2000-01-01,2007-03-22,on_ds_daily_axis
BW-CMZPF,CMZPF,2000-01-01,2012-09-13,on_ds_daily_axis
BW-CN1,CN1,2000-01-01,2008-10-06,on_ds_daily_axis
BW-CNACR,CNACR,2000-01-01,2019-08-29,on_ds_daily_axis
BW-USG2379F1244,CNACU,2000-01-01,2019-08-19,on_ds_daily_axis
BW-CNACW,CNACW,2000-01-01,2019-08-29,on_ds_daily_axis
BW-BBG00D8FJT05,CNAT,2000-01-01,2020-05-26,on_ds_daily_axis
BW-CNBC,CNBC,2000-01-01,2014-06-30,on_ds_daily_axis
BW-CNBD,CNBD,2000-01-01,2003-02-28,on_ds_daily_axis
BW-CNBT,CNBT,2000-01-01,2001-01-11,on_ds_daily_axis
BW-BBG00JRDCZ09,CNCE,2000-01-01,2023-03-06,on_ds_daily_axis
BW-CNCO,CNCO,2000-01-01,2017-06-16,on_ds_daily_axis
BW-CNCP,CNCP,2000-01-01,2008-01-31,on_ds_daily_axis
BW-CNCT_OLD,CNCT_OLD,2000-01-01,2006-12-28,on_ds_daily_axis
BW-CNCX,CNCX,2000-01-01,2000-06-16,on_ds_daily_axis
BW-C0001099358,CND,2000-01-01,2022-12-09,on_ds_daily_axis
BW-CND-UN,CND-UN,2000-01-01,2022-12-09,on_ds_daily_axis
BW-US20607V1061,CNDB,2000-01-01,2024-03-26,on_ds_daily_axis
BW-CNDO,CNDO,2000-01-01,2000-11-13,on_ds_daily_axis
BW-CNEP,CNEP,2000-01-01,2013-04-04,on_ds_daily_axis
BW-C0001015577,CNET_OLD,2000-01-01,2008-06-30,on_ds_daily_axis
BW-BBG01282V2K0,CNFR,2000-01-01,2025-09-29,on_ds_daily_axis
BW-CNFRL,CNFRL,2000-01-01,2023-09-29,on_ds_daily_axis
BW-CNGL_OLD,CNGL_OLD,2000-01-01,2015-06-22,on_ds_daily_axis
BW-CNG_OLD,CNG_OLD,2000-01-01,2000-01-28,on_ds_daily_axis
BW-NL0010545661,CNHI,2000-01-01,2024-05-17,on_ds_daily_axis
BW-CNH_OLD,CNH_OLD,2000-01-01,2024-05-20,on_ds_daily_axis
BW-C0001350684,CNIT,2000-01-01,2018-06-01,on_ds_daily_axis
BW-CNJ,CNJ,2000-01-01,2004-10-04,on_ds_daily_axis
BW-CNKT,CNKT,2000-01-01,2000-02-01,on_ds_daily_axis
BW-CNLG,CNLG,2000-01-01,2017-06-05,on_ds_daily_axis
BW-CNL_OLD1,CNL_OLD1,2000-01-01,2016-04-13,on_ds_daily_axis
BW-CNN,CNN,2000-01-01,2008-07-18,on_ds_daily_axis
BW-CNNG,CNNG,2000-01-01,2000-04-19,on_ds_daily_axis
BW-CNNX,CNNX,2000-01-01,2018-01-03,on_ds_daily_axis
BW-CNOB1,CNOB1,2000-01-01,2014-06-30,on_ds_daily_axis
BW-CNQR,CNQR,2000-01-01,2014-12-04,on_ds_daily_axis
BW-CNR_OLD1,CNR_OLD1,2000-01-01,2016-08-17,on_ds_daily_axis
BW-CNR_OLD2,CNR_OLD2,2000-01-01,2022-07-22,on_ds_daily_axis
BW-CNSB,CNSB,2000-01-01,2000-06-14,on_ds_daily_axis
BW-CNSI,CNSI,2000-01-01,2006-10-31,on_ds_daily_axis
BW-CNSO,CNSO,2000-01-01,2000-03-06,on_ds_daily_axis
BW-CNST1,CNST1,2000-01-01,2011-06-01,on_ds_daily_axis
BW-CNSW,CNSW,2000-01-01,2000-12-08,on_ds_daily_axis
BW-CNT,CNT,2000-01-01,2006-03-08,on_ds_daily_axis
BW-NL0014040206,CNTG,2000-01-01,2025-08-11,on_ds_daily_axis
BW-US1595611096,CNTQ,2000-01-01,2022-10-07,on_ds_daily_axis
BW-CNTQW,CNTQW,2000-01-01,2022-10-07,on_ds_daily_axis
BW-CNTV,CNTV,2000-01-01,2006-11-29,on_ds_daily_axis
BW-CNU,CNU,2000-01-01,2011-10-04,on_ds_daily_axis
BW-CNV,CNV,2000-01-01,2017-03-02,on_ds_daily_axis
BW-CNVO,CNVO,2000-01-01,2012-05-07,on_ds_daily_axis
BW-CNVR,CNVR,2000-01-01,2014-12-09,on_ds_daily_axis
BW-CNVR1,CNVR1,2000-01-01,2011-05-06,on_ds_daily_axis
BW-US21258C1080,CNVY,2000-01-01,2022-10-28,on_ds_daily_axis
BW-CNW,CNW,2000-01-01,2015-10-29,on_ds_daily_axis
BW-CNXC_OLD,CNXC_OLD,2000-01-01,2017-11-28,on_ds_daily_axis
BW-US12654A1016,CNXM,2000-01-01,2020-09-28,on_ds_daily_axis
BW-US20786J1060,CNXR,2000-01-01,2018-04-27,on_ds_daily_axis
BW-CNXT1,CNXT1,2000-01-01,2011-04-19,on_ds_daily_axis
BW-CNYF,CNYF,2000-01-01,2000-07-07,on_ds_daily_axis
BW-COA1,COA1,2000-01-01,2014-04-28,on_ds_daily_axis
BW-COB,COB,2000-01-01,2016-10-25,on_ds_daily_axis
BW-COBK,COBK,2000-01-01,2015-03-31,on_ds_daily_axis
BW-COBR,COBR,2000-01-01,2014-10-08,on_ds_daily_axis
BW-COBT,COBT,2000-01-01,2000-12-06,on_ds_daily_axis
BW-US1908971088,COBZ,2000-01-01,2018-09-28,on_ds_daily_axis
BW-COD,COD,2000-01-01,2002-08-07,on_ds_daily_axis
BW-C0001045280,CODE,2000-01-01,2015-03-12,on_ds_daily_axis
BW-COE1,COE1,2000-01-01,2007-03-01,on_ds_daily_axis
BW-COF-WS,COF-WS,2000-01-01,2018-11-09,on_ds_daily_axis
BW-BBG000C3GN47,COG,2000-01-01,2021-12-03,on_ds_daily_axis
BW-COGN,COGN,2000-01-01,2008-01-31,on_ds_daily_axis
BW-COGO,COGO,2000-01-01,2013-11-25,on_ds_daily_axis
BW-COGT1,COGT1,2000-01-01,2010-12-01,on_ds_daily_axis
BW-US19241Q1013,COGT_OLD,2000-01-01,2018-04-13,on_ds_daily_axis
BW-COH,COH,2000-01-01,2020-01-24,on_ds_daily_axis
BW-COHB,COHB,2000-01-01,2001-04-20,on_ds_daily_axis
BW-COHM,COHM,2000-01-01,2011-03-28,on_ds_daily_axis
BW-COHT,COHT,2000-01-01,2008-02-27,on_ds_daily_axis
BW-COIB,COIB,2000-01-01,2008-10-23,on_ds_daily_axis
BW-US7743411016,COL,2000-01-01,2018-11-26,on_ds_daily_axis
BW-US1941701062,COLI,2000-01-01,2022-12-29,on_ds_daily_axis
BW-COLY,COLY,2000-01-01,2008-01-04,on_ds_daily_axis
BW-COMB1,COMB1,2000-01-01,2006-11-07,on_ds_daily_axis
BW-US20337X1090,COMM,2000-01-01,2026-01-13,on_ds_daily_axis
BW-COMP_OLD,COMP_OLD,2000-01-01,2021-04-09,on_ds_daily_axis
BW-COMR,COMR,2000-01-01,2000-01-11,on_ds_daily_axis
BW-COMV,COMV,2000-01-01,2012-05-15,on_ds_daily_axis
BW-BBG00D0MXDW2,CONE,2000-01-01,2022-03-25,on_ds_daily_axis
BW-CONM,CONM,2000-01-01,2012-08-29,on_ds_daily_axis
BW-BBG000BRV2X2,CONN,2000-01-01,2024-08-30,on_ds_daily_axis
BW-CONR,CONR,2000-01-01,2007-02-01,on_ds_daily_axis
BW-CONV,CONV,2000-01-01,2001-04-16,on_ds_daily_axis
BW-CONXW,CONXW,2000-01-01,2024-05-14,on_ds_daily_axis
BW-BBG00XS14F06,CONX_OLD,2000-01-01,2024-07-05,on_ds_daily_axis
BW-COOK_OLD,COOK_OLD,2000-01-01,2000-03-30,on_ds_daily_axis
BW-COOPQ,COOPQ,2000-01-01,2014-10-23,on_ds_daily_axis
BW-COPE,COPE,2000-01-01,2000-10-06,on_ds_daily_axis
BW-US2186811046,CORE,2000-01-01,2021-09-01,on_ds_daily_axis
BW-C0001594337,CORI,2000-01-01,2018-11-26,on_ds_daily_axis
BW-CORI1,CORI1,2000-01-01,2007-05-15,on_ds_daily_axis
BW-CORL,CORL,2000-01-01,2003-08-28,on_ds_daily_axis
BW-BBG00JDMH2W7,CORR,2000-01-01,2024-02-27,on_ds_daily_axis
BW-CORR_OLD,CORR_OLD,2000-01-01,2002-02-12,on_ds_daily_axis
BW-CORSQ,CORSQ,2000-01-01,2011-10-27,on_ds_daily_axis
BW-CORV,CORV,2000-01-01,2020-06-01,on_ds_daily_axis
BW-US21873J1088,CORZ_OLD,2000-01-01,2023-02-28,on_ds_daily_axis
BW-BBG00H32TJ83,COR_OLD,2000-01-01,2023-08-30,on_ds_daily_axis
BW-COSI,COSI,2000-01-01,2017-05-10,on_ds_daily_axis
BW-COSN,COSN,2000-01-01,2015-12-28,on_ds_daily_axis
BW-C0000884713,COT,2000-01-01,2020-04-20,on_ds_daily_axis
BW-C0001657197,COTV,2000-01-01,2018-08-24,on_ds_daily_axis
BW-BBG00DZHZW33,COUP,2000-01-01,2023-02-27,on_ds_daily_axis
BW-COUR_OLD,COUR_OLD,2000-01-01,2021-06-23,on_ds_daily_axis
BW-C0001316257,COV,2000-01-01,2012-06-15,on_ds_daily_axis
BW-KYG2554Y1044,COVA,2000-01-01,2022-12-29,on_ds_daily_axis
BW-COVAW,COVAW,2000-01-01,2022-12-20,on_ds_daily_axis
BW-COVB,COVB,2000-01-01,2003-12-29,on_ds_daily_axis
BW-COVR,COVR,2000-01-01,2015-06-26,on_ds_daily_axis
BW-COVS,COVS,2000-01-01,2017-07-26,on_ds_daily_axis
BW-BBG00FGYYDP1,COWN,2000-01-01,2023-03-01,on_ds_daily_axis
BW-COX,COX,2000-01-01,2017-03-20,on_ds_daily_axis
BW-COYNW,COYNW,2000-01-01,2017-04-05,on_ds_daily_axis
BW-BBG000J8K2L1,CPAH,2000-01-01,2021-03-01,on_ds_daily_axis
BW-CPAK,CPAK,2000-01-01,2007-04-13,on_ds_daily_axis
BW-KYG2542B1178,CPAQ,2000-01-01,2023-03-03,on_ds_daily_axis
BW-KYG195501054,CPAR,2000-01-01,2023-02-09,on_ds_daily_axis
BW-CPBK,CPBK,2000-01-01,2011-10-31,on_ds_daily_axis
BW-CPBRQ,CPBRQ,2000-01-01,2015-02-18,on_ds_daily_axis
BW-CPC,CPC,2000-01-01,2022-03-02,on_ds_daily_axis
BW-CPC1,CPC1,2000-01-01,2007-05-22,on_ds_daily_axis
BW-CPCIQ,CPCIQ,2000-01-01,2008-09-17,on_ds_daily_axis
BW-CPCL,CPCL,2000-01-01,2002-06-10,on_ds_daily_axis
BW-CPEX1,CPEX1,2000-01-01,2011-04-05,on_ds_daily_axis
BW-CPG,CPG,2000-01-01,2024-07-16,on_ds_daily_axis
BW-CPGI,CPGI,2000-01-01,2015-09-15,on_ds_daily_axis
BW-CPGX,CPGX,2000-01-01,2016-06-30,on_ds_daily_axis
BW-CPHD,CPHD,2000-01-01,2016-11-04,on_ds_daily_axis
BW-CPHJ,CPHJ,2000-01-01,2006-05-31,on_ds_daily_axis
BW-CPHR,CPHR,2000-01-01,2016-12-08,on_ds_daily_axis
BW-CPII_OLD,CPII_OLD,2000-01-01,2011-02-11,on_ds_daily_axis
BW-CPJ,CPJ,2000-01-01,2020-01-24,on_ds_daily_axis
BW-CPKI,CPKI,2000-01-01,2011-07-07,on_ds_daily_axis
BW-C0001104349,CPLA,2000-01-01,2018-07-31,on_ds_daily_axis
BW-MHY110822068,CPLP,2000-01-01,2024-08-30,on_ds_daily_axis
BW-C0000809940,CPN,2000-01-01,2021-02-19,on_ds_daily_axis
BW-CPNLQ,CPNLQ,2000-01-01,2008-02-01,on_ds_daily_axis
BW-CPNO,CPNO,2000-01-01,2013-05-01,on_ds_daily_axis
BW-CPP,CPP,2000-01-01,2000-06-19,on_ds_daily_axis
BW-CPPL,CPPL,2000-01-01,2017-02-16,on_ds_daily_axis
BW-CPQ,CPQ,2000-01-01,2002-05-03,on_ds_daily_axis
BW-CPRK,CPRK,2000-01-01,2000-12-07,on_ds_daily_axis
BW-US16941J2050,CPSL_OLD,2000-01-01,2017-11-08,on_ds_daily_axis
BW-US14903C1027,CPSL_OLD1,2000-01-01,2022-01-04,on_ds_daily_axis
BW-CPSR-U,CPSR-U,2000-01-01,2021-12-30,on_ds_daily_axis
BW-CPSR-WS,CPSR-WS,2000-01-01,2021-12-17,on_ds_daily_axis
BW-C0001040596,CPS_OLD,2000-01-01,2008-09-18,on_ds_daily_axis
BW-BBG00JQC0LK4,CPTA,2000-01-01,2021-09-02,on_ds_daily_axis
BW-CPTH,CPTH,2000-01-01,2008-04-29,on_ds_daily_axis
BW-CPTK-U,CPTK-U,2000-01-01,2021-12-17,on_ds_daily_axis
BW-CPTK-WS,CPTK-WS,2000-01-01,2021-12-17,on_ds_daily_axis
BW-CPTL,CPTL,2000-01-01,2002-08-19,on_ds_daily_axis
BW-CPTS,CPTS,2000-01-01,2013-06-05,on_ds_daily_axis
BW-CPTV,CPTV,2000-01-01,2005-12-30,on_ds_daily_axis
BW-CPU,CPU,2000-01-01,2016-01-27,on_ds_daily_axis
BW-CPUH-U,CPUH-U,2000-01-01,2022-01-14,on_ds_daily_axis
BW-CPUH-UN,CPUH-UN,2000-01-01,2023-08-01,on_ds_daily_axis
BW-CPUH-WS,CPUH-WS,2000-01-01,2021-12-17,on_ds_daily_axis
BW-CPUH-WT,CPUH-WT,2000-01-01,2023-08-01,on_ds_daily_axis
BW-CPV,CPV,2000-01-01,2007-01-24,on_ds_daily_axis
BW-CPWM,CPWM,2000-01-01,2012-06-29,on_ds_daily_axis
BW-C0000859014,CPWR_OLD,2000-01-01,2014-12-15,on_ds_daily_axis
BW-CPX,CPX,2000-01-01,2012-02-07,on_ds_daily_axis
BW-CPXX,CPXX,2000-01-01,2016-07-11,on_ds_daily_axis
BW-CQ,CQ,2000-01-01,2000-08-02,on_ds_daily_axis
BW-CQB,CQB,2000-01-01,2015-01-06,on_ds_daily_axis
BW-C0001582966,CQH,2000-01-01,2018-09-19,on_ds_daily_axis
BW-CRA,CRA,2000-01-01,2018-09-26,on_ds_daily_axis
BW-BBG000BJ70F1,CRAY,2000-01-01,2019-09-24,on_ds_daily_axis
BW-CRB,CRB,2000-01-01,2003-10-29,on_ds_daily_axis
BW-CRBC,CRBC,2000-01-01,2013-04-12,on_ds_daily_axis
BW-CRBU_OLD,CRBU_OLD,2000-01-01,2021-07-20,on_ds_daily_axis
BW-US2076961059,CRCA_OLD,2000-01-01,2010-09-30,on_ds_daily_axis
BW-BBG00JQBP3J1,CRCM,2000-01-01,2020-02-10,on_ds_daily_axis
BW-CRCV,CRCV,2000-01-01,2013-11-19,on_ds_daily_axis
BW-BBG00Y04KP80,CRC_OLD,2000-01-01,2020-07-10,on_ds_daily_axis
BW-CRDN,CRDN,2000-01-01,2012-11-28,on_ds_daily_axis
BW-CRDS,CRDS,2000-01-01,2017-10-13,on_ds_daily_axis
BW-KYG265071061,CREC,2000-01-01,2023-09-11,on_ds_daily_axis
BW-CRED1,CRED1,2000-01-01,2012-09-28,on_ds_daily_axis
BW-BBG00RM77P16,CREE,2000-01-01,2021-10-18,on_ds_daily_axis
BW-CREL,CREL,2000-01-01,2010-01-26,on_ds_daily_axis
BW-CREN,CREN,2000-01-01,2000-02-14,on_ds_daily_axis
BW-CRE_OLD,CRE_OLD,2000-01-01,2006-07-13,on_ds_daily_axis
BW-CRFT,CRFT,2000-01-01,2012-01-09,on_ds_daily_axis
BW-CRG,CRG,2000-01-01,2018-02-28,on_ds_daily_axis
BW-CRGN,CRGN,2000-01-01,2009-10-01,on_ds_daily_axis
BW-CRGO_OLD,CRGO_OLD,2000-01-01,2002-02-06,on_ds_daily_axis
BW-KYG237261055,CRHC,2000-01-01,2022-12-20,on_ds_daily_axis
BW-CRHC-U,CRHC-U,2000-01-01,2021-12-17,on_ds_daily_axis
BW-CRHC-UN,CRHC-UN,2000-01-01,2022-12-20,on_ds_daily_axis
BW-CRIC,CRIC,2000-01-01,2012-04-20,on_ds_daily_axis
BW-CRIO,CRIO,2000-01-01,2005-03-15,on_ds_daily_axis
BW-CRLTS,CRLTS,2000-01-01,2006-11-17,on_ds_daily_axis
BW-US14159U2024,CRME,2000-01-01,2020-10-08,on_ds_daily_axis
BW-CRN,CRN,2000-01-01,2010-08-12,on_ds_daily_axis
BW-CRNS,CRNS,2000-01-01,2007-08-01,on_ds_daily_axis
BW-CRO1,CRO1,2000-01-01,2005-09-27,on_ds_daily_axis
BW-CROS,CROS,2000-01-01,2022-03-02,on_ds_daily_axis
BW-CROS_OLD1,CROS_OLD1,2000-01-01,2012-03-23,on_ds_daily_axis
BW-CRPB_OLD,CRPB_OLD,2000-01-01,2000-11-30,on_ds_daily_axis
BW-BBG00FVQ6NX1,CRR,2000-01-01,2020-10-08,on_ds_daily_axis
BW-CRRC,CRRC,2000-01-01,2015-06-05,on_ds_daily_axis
BW-CRRP,CRRP,2000-01-01,2009-04-01,on_ds_daily_axis
BW-CRRR,CRRR,2000-01-01,2001-11-30,on_ds_daily_axis
BW-CRRR1,CRRR1,2000-01-01,2010-08-04,on_ds_daily_axis
BW-CRRS,CRRS,2000-01-01,2015-03-03,on_ds_daily_axis
BW-CRRT,CRRT,2000-01-01,2020-07-02,on_ds_daily_axis
BW-US53838L1008,CRSA,2000-01-01,2022-02-18,on_ds_daily_axis
BW-CRSAW,CRSAW,2000-01-01,2021-06-22,on_ds_daily_axis
BW-CRSC,CRSC,2000-01-01,2001-05-21,on_ds_daily_axis
BW-CRTK,CRTK,2000-01-01,2003-03-18,on_ds_daily_axis
BW-CRTP,CRTP,2000-01-01,2013-10-02,on_ds_daily_axis
BW-US22053A1079,CRTX,2000-01-01,2022-09-30,on_ds_daily_axis
BW-CRTX1,CRTX1,2000-01-01,2014-01-31,on_ds_daily_axis
BW-US22877P1084,CRU,2000-01-01,2022-11-30,on_ds_daily_axis
BW-CRU-U,CRU-U,2000-01-01,2021-03-10,on_ds_daily_axis
BW-CRU-UN,CRU-UN,2000-01-01,2022-11-30,on_ds_daily_axis
BW-CRV,CRV,2000-01-01,2015-08-19,on_ds_daily_axis
BW-US22940F1030,CRVP,2000-01-01,2018-03-22,on_ds_daily_axis
BW-CRWN,CRWN,2000-01-01,2016-04-29,on_ds_daily_axis
BW-CRXA,CRXA,2000-01-01,2005-07-12,on_ds_daily_axis
BW-C0001817944,CRXT,2000-01-01,2022-11-08,on_ds_daily_axis
BW-CRXTW,CRXTW,2000-01-01,2022-09-06,on_ds_daily_axis
BW-CRYFQ,CRYFQ,2000-01-01,2013-04-29,on_ds_daily_axis
BW-CRYO1,CRYO1,2000-01-01,2008-05-27,on_ds_daily_axis
BW-KYG242371022,CRZN,2000-01-01,2023-03-31,on_ds_daily_axis
BW-BBG00D0MX5F8,CRZO,2000-01-01,2019-12-20,on_ds_daily_axis
BW-CSA1,CSA1,2000-01-01,2012-04-02,on_ds_daily_axis
BW-CSAN-W,CSAN-W,2000-01-01,2021-12-17,on_ds_daily_axis
BW-CSBC,CSBC,2000-01-01,2012-09-28,on_ds_daily_axis
BW-US1868731050,CSBK,2000-01-01,2018-03-29,on_ds_daily_axis
BW-CSC,CSC,2000-01-01,2017-03-31,on_ds_daily_axis
BW-CSCD,CSCD,2000-01-01,2016-06-24,on_ds_daily_axis
BW-CSCQ,CSCQ,2000-01-01,2005-11-04,on_ds_daily_axis
BW-CSCX,CSCX,2000-01-01,2010-12-03,on_ds_daily_axis
BW-CSDS,CSDS,2000-01-01,2001-06-29,on_ds_daily_axis
BW-CSE,CSE,2000-01-01,2014-04-07,on_ds_daily_axis
BW-CSHZ,CSHZ,2000-01-01,2014-06-03,on_ds_daily_axis
BW-CSH_OLD,CSH_OLD,2000-01-01,2016-09-01,on_ds_daily_axis
BW-CSI,CSI,2000-01-01,2016-12-28,on_ds_daily_axis
BW-CSK,CSK,2000-01-01,2018-01-31,on_ds_daily_axis
BW-CSKI,CSKI,2000-01-01,2015-10-05,on_ds_daily_axis
BW-CSKKY,CSKKY,2000-01-01,2006-01-27,on_ds_daily_axis
BW-KYG2365L1014,CSLM,2000-01-01,2025-03-25,on_ds_daily_axis
BW-CSLR_OLD,CSLR_OLD,2000-01-01,2013-12-16,on_ds_daily_axis
BW-BBG00JX5WGK7,CSLT,2000-01-01,2022-02-17,on_ds_daily_axis
BW-CSNC,CSNC,2000-01-01,2008-03-28,on_ds_daily_axis
BW-CSNY,CSNY,2000-01-01,2007-09-04,on_ds_daily_axis
BW-BBG0016X4XN6,CSOD,2000-01-01,2021-10-15,on_ds_daily_axis
BW-CSON,CSON,2000-01-01,2003-01-31,on_ds_daily_axis
BW-CSP,CSP,2000-01-01,2014-09-05,on_ds_daily_axis
BW-C0001084752,CSPR,2000-01-01,2022-01-24,on_ds_daily_axis
BW-US12650T1043,CSRA,2000-01-01,2018-04-03,on_ds_daily_axis
BW-CSRE_OLD2,CSRE_OLD2,2000-01-01,2015-08-12,on_ds_daily_axis
BW-US1259061075,CSS,2000-01-01,2020-03-03,on_ds_daily_axis
BW-BBG00H5M1QT8,CSSE,2000-01-01,2024-07-16,on_ds_daily_axis
BW-CST,CST,2000-01-01,2017-06-27,on_ds_daily_axis
BW-CSTA-U,CSTA-U,2000-01-01,2021-12-17,on_ds_daily_axis
BW-CSTA-UN,CSTA-UN,2000-01-01,2024-03-15,on_ds_daily_axis
BW-CSTA-WS,CSTA-WS,2000-01-01,2021-12-17,on_ds_daily_axis
BW-BBG000BW7NT7,CSU,2000-01-01,2022-02-18,on_ds_daily_axis
BW-CSUN,CSUN,2000-01-01,2016-03-11,on_ds_daily_axis
BW-BBG007NLG4L3,CSWI,2000-01-01,2025-06-06,on_ds_daily_axis
BW-CSYI,CSYI,2000-01-01,2000-06-01,on_ds_daily_axis
BW-CTAC-U,CTAC-U,2000-01-01,2021-12-20,on_ds_daily_axis
BW-CTAC-WS,CTAC-WS,2000-01-01,2021-12-17,on_ds_daily_axis
BW-CTAC1,CTAC1,2000-01-01,2007-09-06,on_ds_daily_axis
BW-CTACU,CTACU,2000-01-01,2020-03-12,on_ds_daily_axis
BW-CTACW,CTACW,2000-01-01,2020-03-05,on_ds_daily_axis
BW-KYG2040C1042,CTAC_OLD,2000-01-01,2020-10-08,on_ds_daily_axis
BW-CTAL,CTAL,2000-01-01,2000-12-15,on_ds_daily_axis
BW-US1436361083,CTAQ,2000-01-01,2023-02-23,on_ds_daily_axis
BW-CTA_OLD,CTA_OLD,2000-01-01,2003-01-17,on_ds_daily_axis
BW-BBG000BGKXV2,CTB,2000-01-01,2021-06-08,on_ds_daily_axis
BW-CTBC,CTBC,2000-01-01,2002-10-31,on_ds_daily_axis
BW-CTBC1,CTBC1,2000-01-01,2012-04-18,on_ds_daily_axis
BW-CTCI,CTCI,2000-01-01,2007-08-31,on_ds_daily_axis
BW-CTCLY,CTCLY,2000-01-01,2015-01-02,on_ds_daily_axis
BW-CTCM,CTCM,2000-01-01,2016-05-18,on_ds_daily_axis
BW-CTCO,CTCO,2000-01-01,2007-03-08,on_ds_daily_axis
BW-CTCT,CTCT,2000-01-01,2016-02-09,on_ds_daily_axis
BW-CTEA,CTEA,2000-01-01,2000-05-30,on_ds_daily_axis
BW-CTEN,CTEN,2000-01-01,2000-06-13,on_ds_daily_axis
BW-CTEST,CTEST,2000-01-01,2025-07-02,on_ds_daily_axis
BW-CTFO,CTFO,2000-01-01,2012-10-31,on_ds_daily_axis
BW-CTGI1,CTGI1,2000-01-01,2006-09-08,on_ds_daily_axis
BW-CTIX,CTIX,2000-01-01,2001-10-08,on_ds_daily_axis
BW-BBG00LQF1JR9,CTK,2000-01-01,2022-07-21,on_ds_daily_axis
BW-CTL,CTL,2000-01-01,2021-02-01,on_ds_daily_axis
BW-CTLG,CTLG,2000-01-01,2001-11-14,on_ds_daily_axis
BW-CTLM,CTLM,2000-01-01,2008-10-24,on_ds_daily_axis
BW-CTMI,CTMI,2000-01-01,2005-05-05,on_ds_daily_axis
BW-CTQ,CTQ,2000-01-01,2016-12-29,on_ds_daily_axis
BW-CTQN,CTQN,2000-01-01,2011-06-14,on_ds_daily_axis
BW-CTRA2,CTRA2,2000-01-01,2006-01-31,on_ds_daily_axis
BW-US21241B1008,CTRA_OLD,2000-01-01,2021-02-08,on_ds_daily_axis
BW-US15644G1040,CTRC,2000-01-01,2020-10-21,on_ds_daily_axis
BW-BBG0017DVFY6,CTRL,2000-01-01,2019-07-31,on_ds_daily_axis
BW-CTRP,CTRP,2000-01-01,2019-11-08,on_ds_daily_axis
BW-US21234W1036,CTRV,2000-01-01,2019-07-25,on_ds_daily_axis
BW-CTRX,CTRX,2000-01-01,2015-07-23,on_ds_daily_axis
BW-CTRX1,CTRX1,2000-01-01,2007-01-10,on_ds_daily_axis
BW-CTRY,CTRY,2000-01-01,2001-12-07,on_ds_daily_axis
BW-CTST,CTST,2000-01-01,2020-03-30,on_ds_daily_axis
BW-CTTY,CTTY,2000-01-01,2008-11-14,on_ds_daily_axis
BW-CTV1,CTV1,2000-01-01,2011-01-13,on_ds_daily_axis
BW-BBG00DRMR4Z7,CTWS,2000-01-01,2019-10-09,on_ds_daily_axis
BW-CTX1,CTX1,2000-01-01,2009-08-17,on_ds_daily_axis
BW-BBG007253DB6,CTXS,2000-01-01,2022-09-29,on_ds_daily_axis
BW-CTZN,CTZN,2000-01-01,2011-10-06,on_ds_daily_axis
BW-CUBN,CUBN,2000-01-01,2017-12-29,on_ds_daily_axis
BW-BBG00JRQ0MC9,CUB_OLD,2000-01-01,2021-05-24,on_ds_daily_axis
BW-CUDA,CUDA,2000-01-01,2018-02-13,on_ds_daily_axis
BW-CULS,CULS,2000-01-01,2007-12-13,on_ds_daily_axis
BW-CUNB,CUNB,2000-01-01,2017-10-20,on_ds_daily_axis
BW-CUNO,CUNO,2000-01-01,2005-08-02,on_ds_daily_axis
BW-US2116153071,CUO,2000-01-01,2020-05-11,on_ds_daily_axis
BW-CUP,CUP,2000-01-01,2007-09-21,on_ds_daily_axis
BW-C0001556226,CUR,2000-01-01,2020-10-02,on_ds_daily_axis
BW-CUREQ,CUREQ,2000-01-01,2006-06-08,on_ds_daily_axis
BW-BBG00JGZ15F4,CURO,2000-01-01,2024-03-26,on_ds_daily_axis
BW-CURT,CURT,2000-01-01,2001-06-11,on_ds_daily_axis
BW-CUSM,CUSM,2000-01-01,2001-06-19,on_ds_daily_axis
BW-BBG00JNKC647,CVA,2000-01-01,2021-11-29,on_ds_daily_axis
BW-CVAL,CVAL,2000-01-01,2018-02-28,on_ds_daily_axis
BW-CVBG,CVBG,2000-01-01,2007-05-18,on_ds_daily_axis
BW-CVBK,CVBK,2000-01-01,2013-09-30,on_ds_daily_axis
BW-CVC,CVC,2000-01-01,2016-06-20,on_ds_daily_axis
BW-CVCI,CVCI,2000-01-01,2000-05-05,on_ds_daily_axis
BW-CVD,CVD,2000-01-01,2015-02-18,on_ds_daily_axis
BW-CVE-WS,CVE-WS,2000-01-01,2024-06-28,on_ds_daily_axis
BW-CVE-WT,CVE-WT,2000-01-01,2026-01-02,on_ds_daily_axis
BW-CVF,CVF,2000-01-01,2012-04-24,on_ds_daily_axis
BW-US2124851062,CVG,2000-01-01,2018-10-04,on_ds_daily_axis
BW-CVGP,CVGP,2000-01-01,2000-12-01,on_ds_daily_axis
BW-CVH,CVH,2000-01-01,2013-05-06,on_ds_daily_axis
BW-US22305A1034,CVIA,2000-01-01,2020-12-31,on_ds_daily_axis
BW-CVII-U,CVII-U,2000-01-01,2022-01-12,on_ds_daily_axis
BW-CVII-WS,CVII-WS,2000-01-01,2022-01-12,on_ds_daily_axis
BW-CVLB,CVLB,2000-01-01,2021-04-23,on_ds_daily_axis
BW-CVLL,CVLL,2000-01-01,2010-11-02,on_ds_daily_axis
BW-CVNSQ,CVNSQ,2000-01-01,2015-10-01,on_ds_daily_axis
BW-CVO,CVO,2000-01-01,2018-02-12,on_ds_daily_axis
BW-C0001558785,CVRR,2000-01-01,2019-01-28,on_ds_daily_axis
BW-BBG000DNYKG5,CVTI,2000-01-01,2021-01-28,on_ds_daily_axis
BW-CVTX,CVTX,2000-01-01,2009-04-17,on_ds_daily_axis
BW-CVT_OLD,CVT_OLD,2000-01-01,2016-11-28,on_ds_daily_axis
BW-CVUA,CVUA,2000-01-01,2022-12-06,on_ds_daily_axis
BW-CVVT,CVVT,2000-01-01,2015-03-02,on_ds_daily_axis
BW-C0000018808,CV_OLD,2000-01-01,2012-06-27,on_ds_daily_axis
BW-US1906321096,CWAY,2000-01-01,2018-10-05,on_ds_daily_axis
BW-CWBS,CWBS,2000-01-01,2011-10-06,on_ds_daily_axis
BW-CWEI,CWEI,2000-01-01,2017-04-24,on_ds_daily_axis
BW-CWG,CWG,2000-01-01,2022-03-02,on_ds_daily_axis
BW-CWLD,CWLD,2000-01-01,2002-01-11,on_ds_daily_axis
BW-CWLZ,CWLZ,2000-01-01,2014-08-12,on_ds_daily_axis
BW-CWN,CWN,2000-01-01,2018-01-02,on_ds_daily_axis
BW-CWP,CWP,2000-01-01,2018-01-30,on_ds_daily_axis
BW-BBG000S23CB2,CXDC,2000-01-01,2025-01-29,on_ds_daily_axis
BW-CXG,CXG,2000-01-01,2010-05-28,on_ds_daily_axis
BW-BBG00FZQM817,CXO,2000-01-01,2021-01-19,on_ds_daily_axis
BW-BBG00JRSWV12,CXP,2000-01-01,2021-12-07,on_ds_daily_axis
BW-CXP1,CXP1,2000-01-01,2008-06-27,on_ds_daily_axis
BW-CXPO,CXPO,2000-01-01,2013-10-01,on_ds_daily_axis
BW-CXR,CXR,2000-01-01,2018-09-14,on_ds_daily_axis
BW-C0001642271,CXRX,2000-01-01,2018-06-07,on_ds_daily_axis
BW-CXS,CXS,2000-01-01,2016-03-23,on_ds_daily_axis
BW-CXSPY,CXSPY,2000-01-01,2011-07-18,on_ds_daily_axis
BW-BBG0099QHSN8,CY,2000-01-01,2020-04-15,on_ds_daily_axis
BW-US1512052002,CYAD,2000-01-01,2023-07-20,on_ds_daily_axis
BW-CYBI,CYBI,2000-01-01,2013-02-07,on_ds_daily_axis
BW-CYBS,CYBS,2000-01-01,2010-07-21,on_ds_daily_axis
BW-C0000864683,CYBX,2000-01-01,2015-10-16,on_ds_daily_axis
BW-CYCH,CYCH,2000-01-01,2001-03-01,on_ds_daily_axis
BW-CYCO,CYCO,2000-01-01,2002-02-21,on_ds_daily_axis
BW-CYDEQ,CYDEQ,2000-01-01,2012-05-11,on_ds_daily_axis
BW-CYDS,CYDS,2000-01-01,2011-12-22,on_ds_daily_axis
BW-CYHHZ,CYHHZ,2000-01-01,2019-01-11,on_ds_daily_axis
BW-CYLK,CYLK,2000-01-01,2003-02-05,on_ds_daily_axis
BW-CYMI,CYMI,2000-01-01,2013-05-31,on_ds_daily_axis
BW-CYNA,CYNA,2000-01-01,2016-10-20,on_ds_daily_axis
BW-CYNI,CYNI,2000-01-01,2015-07-31,on_ds_daily_axis
BW-CYNO,CYNO,2000-01-01,2017-03-21,on_ds_daily_axis
BW-US23257B1070,CYN_OLD,2000-01-01,2020-07-09,on_ds_daily_axis
BW-CYOU,CYOU,2000-01-01,2020-04-17,on_ds_daily_axis
BW-CYPB,CYPB,2000-01-01,2011-01-13,on_ds_daily_axis
BW-IL0010832371,CYRN,2000-01-01,2023-05-05,on_ds_daily_axis
BW-CYRV,CYRV,2000-01-01,2010-07-30,on_ds_daily_axis
BW-CYRXW,CYRXW,2000-01-01,2020-07-29,on_ds_daily_axis
BW-C0001396446,CYS,2000-01-01,2018-07-31,on_ds_daily_axis
BW-CYSV,CYSV,2000-01-01,2003-11-28,on_ds_daily_axis
BW-CYTC,CYTC,2000-01-01,2007-10-22,on_ds_daily_axis
BW-CYTO_OLD,CYTO_OLD,2000-01-01,2008-05-08,on_ds_daily_axis
BW-US23283K2042,CYTX,2000-01-01,2019-08-02,on_ds_daily_axis
BW-C0000912513,CYT_OLD,2000-01-01,2015-12-08,on_ds_daily_axis
BW-CYXT,CYXT,2000-01-01,2023-08-16,on_ds_daily_axis
BW-US23284C1100,CYXTW,2000-01-01,2022-01-19,on_ds_daily_axis
BW-US17462Q1076,CZFC,2000-01-01,2019-06-28,on_ds_daily_axis
BW-CZK,CZK,2000-01-01,2018-01-30,on_ds_daily_axis
BW-CZM,CZM,2000-01-01,2015-12-08,on_ds_daily_axis
BW-KYG2007L1059,CZOO,2000-01-01,2024-07-23,on_ds_daily_axis
BW-CZR_OLD,CZR_OLD,2000-01-01,2005-06-13,on_ds_daily_axis
BW-BMG253431073,CZZ,2000-01-01,2021-11-12,on_ds_daily_axis
BW-DAB,DAB,2000-01-01,2017-03-13,on_ds_daily_axis
BW-DABR,DABR,2000-01-01,2000-08-10,on_ds_daily_axis
BW-DADE,DADE,2000-01-01,2007-11-06,on_ds_daily_axis
BW-DAEG,DAEG,2000-01-01,2015-11-20,on_ds_daily_axis
BW-DAIEY,DAIEY,2000-01-01,2009-03-24,on_ds_daily_axis
BW-DAKP,DAKP,2000-01-01,2016-06-30,on_ds_daily_axis
BW-DALRQ,DALRQ,2000-01-01,2007-04-27,on_ds_daily_axis
BW-DANG,DANG,2000-01-01,2016-09-20,on_ds_daily_axis
BW-DANKY,DANKY,2000-01-01,2010-09-21,on_ds_daily_axis
BW-KYG3168A1022,DAOO,2000-01-01,2022-12-30,on_ds_daily_axis
BW-DAOOW,DAOOW,2000-01-01,2022-12-21,on_ds_daily_axis
BW-DAP,DAP,2000-01-01,2001-11-28,on_ds_daily_axis
BW-US23703P3047,DARA,2000-01-01,2015-12-04,on_ds_daily_axis
BW-BBG0029BK2G7,DATA,2000-01-01,2019-07-31,on_ds_daily_axis
BW-DATA1,DATA1,2000-01-01,2015-07-14,on_ds_daily_axis
BW-DATC,DATC,2000-01-01,2006-02-14,on_ds_daily_axis
BW-DATE,DATE,2000-01-01,2016-05-13,on_ds_daily_axis
BW-DATM,DATM,2000-01-01,2002-10-29,on_ds_daily_axis
BW-BBG00K9VQDD6,DATS,2000-01-01,2025-10-10,on_ds_daily_axis
BW-DATX,DATX,2000-01-01,2015-12-02,on_ds_daily_axis
BW-DAVL,DAVL,2000-01-01,2000-05-12,on_ds_daily_axis
BW-DAY_OLD,DAY_OLD,2000-01-01,2002-04-15,on_ds_daily_axis
BW-DB-R,DB-R,2000-01-01,2020-10-08,on_ds_daily_axis
BW-DB-R-W,DB-R-W,2000-01-01,2020-10-08,on_ds_daily_axis
BW-DBCP,DBCP,2000-01-01,2021-01-28,on_ds_daily_axis
BW-US77584N1019,DBDR,2000-01-01,2021-12-28,on_ds_daily_axis
BW-DBDRW,DBDRW,2000-01-01,2021-12-27,on_ds_daily_axis
BW-DBG,DBG,2000-01-01,2000-04-05,on_ds_daily_axis
BW-DBK,DBK,2000-01-01,2018-02-28,on_ds_daily_axis
BW-DBRT,DBRT,2000-01-01,2018-08-07,on_ds_daily_axis
BW-DBSI,DBSI,2000-01-01,2000-02-01,on_ds_daily_axis
BW-DBTK,DBTK,2000-01-01,2010-07-23,on_ds_daily_axis
BW-DCAI,DCAI,2000-01-01,2010-06-03,on_ds_daily_axis
BW-DCAR,DCAR,2000-01-01,2020-05-28,on_ds_daily_axis
BW-DCBI,DCBI,2000-01-01,2001-02-28,on_ds_daily_axis
BW-DCBK,DCBK,2000-01-01,2007-08-17,on_ds_daily_axis
BW-DCEL,DCEL,2000-01-01,2007-11-16,on_ds_daily_axis
BW-DCGN,DCGN,2000-01-01,2010-06-11,on_ds_daily_axis
BW-DCGOW,DCGOW,2000-01-01,2022-09-16,on_ds_daily_axis
BW-DCH_OLD,DCH_OLD,2000-01-01,2016-05-11,on_ds_daily_axis
BW-DCIN,DCIN,2000-01-01,2014-08-15,on_ds_daily_axis
BW-USY2069P3092,DCIX,2000-01-01,2020-04-16,on_ds_daily_axis
BW-DCLK,DCLK,2000-01-01,2005-07-13,on_ds_daily_axis
BW-BBG000BGF5Q5,DCM,2000-01-01,2022-03-02,on_ds_daily_axis
BW-DCMYY,DCMYY,2000-01-01,2021-03-11,on_ds_daily_axis
BW-DCNAQ,DCNAQ,2000-01-01,2008-01-31,on_ds_daily_axis
BW-DCNT,DCNT,2000-01-01,2004-03-18,on_ds_daily_axis
BW-C0001338916,DCP_OLD,2000-01-01,2010-07-07,on_ds_daily_axis
BW-US2427972078,DCRBU,2000-01-01,2021-07-16,on_ds_daily_axis
BW-DCRBW,DCRBW,2000-01-01,2021-07-16,on_ds_daily_axis
BW-US24279D1054,DCRC,2000-01-01,2021-12-16,on_ds_daily_axis
BW-DCRCW,DCRCW,2000-01-01,2021-12-09,on_ds_daily_axis
BW-KYG2773W1033,DCRD,2000-01-01,2023-03-03,on_ds_daily_axis
BW-DCRDW,DCRDW,2000-01-01,2023-02-24,on_ds_daily_axis
BW-DCRNW,DCRNW,2000-01-01,2022-01-13,on_ds_daily_axis
BW-DCR_OLD,DCR_OLD,2000-01-01,2000-04-11,on_ds_daily_axis
BW-US2641201064,DCT,2000-01-01,2023-04-06,on_ds_daily_axis
BW-DCTM,DCTM,2000-01-01,2003-12-18,on_ds_daily_axis
BW-US2331531051,DCT_OLD,2000-01-01,2018-08-21,on_ds_daily_axis
BW-DCUA,DCUA,2000-01-01,2016-03-31,on_ds_daily_axis
BW-DCUB,DCUB,2000-01-01,2016-06-30,on_ds_daily_axis
BW-DCUC,DCUC,2000-01-01,2017-06-30,on_ds_daily_axis
BW-DDC_OLD,DDC_OLD,2000-01-01,2017-11-01,on_ds_daily_axis
BW-DDDC,DDDC,2000-01-01,2015-07-16,on_ds_daily_axis
BW-DDDP,DDDP,2000-01-01,2003-03-28,on_ds_daily_axis
BW-US2600951048,DDE,2000-01-01,2019-03-28,on_ds_daily_axis
BW-DDIC,DDIC,2000-01-01,2012-05-31,on_ds_daily_axis
BW-DDIM,DDIM,2000-01-01,2001-06-21,on_ds_daily_axis
BW-DDL_OLD,DDL_OLD,2000-01-01,2021-06-25,on_ds_daily_axis
BW-DDMGQ,DDMGQ,2000-01-01,2012-09-10,on_ds_daily_axis
BW-DDMX,DDMX,2000-01-01,2021-11-30,on_ds_daily_axis
BW-DDMX1,DDMX1,2000-01-01,2011-02-22,on_ds_daily_axis
BW-US23318M2098,DDMXU,2000-01-01,2021-11-30,on_ds_daily_axis
BW-DDMXW,DDMXW,2000-01-01,2021-11-30,on_ds_daily_axis
BW-DDMX_OLD,DDMX_OLD,2000-01-01,2019-05-28,on_ds_daily_axis
BW-DDRX,DDRX,2000-01-01,2010-05-11,on_ds_daily_axis
BW-DDUP,DDUP,2000-01-01,2009-07-23,on_ds_daily_axis
BW-DEACU,DEACU,2000-01-01,2020-05-01,on_ds_daily_axis
BW-DEACW,DEACW,2000-01-01,2020-04-23,on_ds_daily_axis
BW-C0000911503,DEAR,2000-01-01,2017-12-14,on_ds_daily_axis
BW-DEBS,DEBS,2000-01-01,2007-10-23,on_ds_daily_axis
BW-KYG6256B1068,DECA,2000-01-01,2025-08-11,on_ds_daily_axis
BW-DECC,DECC,2000-01-01,2009-11-10,on_ds_daily_axis
BW-DECTF,DECTF,2000-01-01,2008-08-14,on_ds_daily_axis
BW-DEEPQ,DEEPQ,2000-01-01,2009-02-11,on_ds_daily_axis
BW-DEG,DEG,2000-01-01,2016-07-22,on_ds_daily_axis
BW-KYG2614K1105,DEH,2000-01-01,2021-09-23,on_ds_daily_axis
BW-DEH-UN,DEH-UN,2000-01-01,2021-09-17,on_ds_daily_axis
BW-DEH-WS,DEH-WS,2000-01-01,2021-09-17,on_ds_daily_axis
BW-DEH-WT,DEH-WT,2000-01-01,2021-09-17,on_ds_daily_axis
BW-DEL,DEL,2000-01-01,2018-02-20,on_ds_daily_axis
BW-DELI,DELI,2000-01-01,2001-10-09,on_ds_daily_axis
BW-C0000826083,DELL_OLD,2000-01-01,2013-10-29,on_ds_daily_axis
BW-DEMP,DEMP,2000-01-01,2001-03-14,on_ds_daily_axis
BW-C0001005201,DEPO,2000-01-01,2018-08-14,on_ds_daily_axis
BW-DER1,DER1,2000-01-01,2006-02-10,on_ds_daily_axis
BW-BBG00GST18L8,DERM_OLD,2000-01-01,2020-02-19,on_ds_daily_axis
BW-DESC1,DESC1,2000-01-01,2008-06-19,on_ds_daily_axis
BW-DESCQ,DESCQ,2000-01-01,2013-12-10,on_ds_daily_axis
BW-BBG00K2709P0,DEST,2000-01-01,2019-10-29,on_ds_daily_axis
BW-DETC,DETC,2000-01-01,2001-01-22,on_ds_daily_axis
BW-DEVC,DEVC,2000-01-01,2009-10-08,on_ds_daily_axis
BW-DEX1,DEX1,2000-01-01,2006-02-01,on_ds_daily_axis
BW-DEXO,DEXO,2000-01-01,2013-04-30,on_ds_daily_axis
BW-DEZ,DEZ,2000-01-01,2006-04-05,on_ds_daily_axis
BW-BBG000BBMT95,DF,2000-01-01,2020-10-08,on_ds_daily_axis
BW-C0000844143,DFBG,2000-01-01,2018-11-01,on_ds_daily_axis
BW-DFBH,DFBH,2000-01-01,2019-11-13,on_ds_daily_axis
BW-DFBHU,DFBHU,2000-01-01,2020-03-12,on_ds_daily_axis
BW-DFBHW,DFBHW,2000-01-01,2019-11-08,on_ds_daily_axis
BW-DFBS,DFBS,2000-01-01,2004-09-20,on_ds_daily_axis
BW-DFCLQ,DFCLQ,2000-01-01,2009-01-14,on_ds_daily_axis
BW-US2537484048,DFFN,2000-01-01,2023-10-18,on_ds_daily_axis
BW-DFG,DFG,2000-01-01,2012-05-15,on_ds_daily_axis
BW-US2444131005,DFHT,2000-01-01,2021-06-11,on_ds_daily_axis
BW-DFHTW,DFHTW,2000-01-01,2021-06-09,on_ds_daily_axis
BW-DFIB,DFIB,2000-01-01,2005-08-31,on_ds_daily_axis
BW-DFNS-U,DFNS-U,2000-01-01,2021-08-26,on_ds_daily_axis
BW-US23343Q2093,DFPHU,2000-01-01,2021-11-12,on_ds_daily_axis
BW-DFPHW,DFPHW,2000-01-01,2021-11-12,on_ds_daily_axis
BW-BBG000TR8XG0,DFRG,2000-01-01,2019-09-24,on_ds_daily_axis
BW-DFT,DFT,2000-01-01,2017-09-13,on_ds_daily_axis
BW-DFZ,DFZ,2000-01-01,2014-09-03,on_ds_daily_axis
BW-DG1,DG1,2000-01-01,2007-07-06,on_ds_daily_axis
BW-DGAS,DGAS,2000-01-01,2017-09-20,on_ds_daily_axis
BW-DGI,DGI,2000-01-01,2017-10-04,on_ds_daily_axis
BW-DGIT,DGIT,2000-01-01,2014-02-06,on_ds_daily_axis
BW-DGJL,DGJL,2000-01-01,2002-10-23,on_ds_daily_axis
BW-DGLH,DGLH,2000-01-01,2001-07-13,on_ds_daily_axis
BW-DGLV,DGLV,2000-01-01,2001-12-03,on_ds_daily_axis
BW-BBG00WNSJM49,DGNR,2000-01-01,2021-09-03,on_ds_daily_axis
BW-DGNR-U,DGNR-U,2000-01-01,2021-07-30,on_ds_daily_axis
BW-DGNR-WS,DGNR-WS,2000-01-01,2021-07-30,on_ds_daily_axis
BW-KYG283141052,DGNS,2000-01-01,2021-12-08,on_ds_daily_axis
BW-KYG283151028,DGNU,2000-01-01,2023-03-31,on_ds_daily_axis
BW-DGOC_OLD,DGOC_OLD,2000-01-01,2020-09-04,on_ds_daily_axis
BW-DGTC,DGTC,2000-01-01,2015-09-03,on_ds_daily_axis
BW-DHA,DHA,2000-01-01,2001-08-09,on_ds_daily_axis
BW-US2538931013,DHAC,2000-01-01,2024-06-24,on_ds_daily_axis
BW-US23291W1099,DHBC,2000-01-01,2022-12-16,on_ds_daily_axis
BW-KYG2758T1094,DHCA,2000-01-01,2024-03-25,on_ds_daily_axis
BW-DHCPQ,DHCPQ,2000-01-01,2019-05-28,on_ds_daily_axis
BW-DHFT,DHFT,2000-01-01,2013-03-07,on_ds_daily_axis
BW-US25278L1052,DHHC,2000-01-01,2023-03-30,on_ds_daily_axis
BW-DHOM,DHOM,2000-01-01,2008-07-02,on_ds_daily_axis
BW-DHOXY,DHOXY,2000-01-01,2016-12-08,on_ds_daily_axis
BW-US2524066089,DHXM,2000-01-01,2019-12-23,on_ds_daily_axis
BW-DH_OLD,DH_OLD,2000-01-01,2021-09-13,on_ds_daily_axis
BW-DIAL1,DIAL1,2000-01-01,2013-12-13,on_ds_daily_axis
BW-DIAN,DIAN,2000-01-01,2003-01-17,on_ds_daily_axis
BW-BBG011DJJ3G6,DIDI,2000-01-01,2022-06-13,on_ds_daily_axis
BW-DIEG,DIEG,2000-01-01,2000-05-19,on_ds_daily_axis
BW-DIGE,DIGE,2000-01-01,2007-07-30,on_ds_daily_axis
BW-DIGF,DIGF,2000-01-01,2008-12-29,on_ds_daily_axis
BW-DIGL,DIGL,2000-01-01,2010-01-29,on_ds_daily_axis
BW-DII,DII,2000-01-01,2012-03-19,on_ds_daily_axis
BW-US2540281035,DILA,2000-01-01,2022-12-30,on_ds_daily_axis
BW-DIOMQ,DIOMQ,2000-01-01,2008-06-27,on_ds_daily_axis
BW-BBG00YJ9X749,DISCA,2000-01-01,2022-04-08,on_ds_daily_axis
BW-DISS,DISS,2000-01-01,2001-04-19,on_ds_daily_axis
BW-DITC,DITC,2000-01-01,2012-12-04,on_ds_daily_axis
BW-DIVX,DIVX,2000-01-01,2010-10-08,on_ds_daily_axis
BW-DJ,DJ,2000-01-01,2007-12-13,on_ds_daily_axis
BW-DJO,DJO,2000-01-01,2007-11-20,on_ds_daily_axis
BW-US2376991038,DKDCA,2000-01-01,2024-03-20,on_ds_daily_axis
BW-DKDCW,DKDCW,2000-01-01,2023-11-07,on_ds_daily_axis
BW-DKHR,DKHR,2000-01-01,2005-08-30,on_ds_daily_axis
BW-DKNGW,DKNGW,2000-01-01,2020-07-02,on_ds_daily_axis
BW-BBG000BM2MR8,DL,2000-01-01,2021-03-18,on_ds_daily_axis
BW-BBG000BXD9G3,DLA,2000-01-01,2024-07-03,on_ds_daily_axis
BW-KYG270291001,DLCA,2000-01-01,2023-01-20,on_ds_daily_axis
BW-DLGC,DLGC,2000-01-01,2014-12-01,on_ds_daily_axis
BW-DLI,DLI,2000-01-01,2018-03-02,on_ds_daily_axis
BW-DLIA,DLIA,2000-01-01,2014-12-19,on_ds_daily_axis
BW-DLLR,DLLR,2000-01-01,2014-06-13,on_ds_daily_axis
BW-DLM,DLM,2000-01-01,2022-03-02,on_ds_daily_axis
BW-DLP,DLP,2000-01-01,2007-06-01,on_ds_daily_axis
BW-JE00BD85SC56,DLPH,2000-01-01,2020-10-02,on_ds_daily_axis
BW-DLTDF,DLTDF,2000-01-01,2002-03-07,on_ds_daily_axis
BW-DLTK,DLTK,2000-01-01,2002-05-31,on_ds_daily_axis
BW-DLWI,DLWI,2000-01-01,2007-05-30,on_ds_daily_axis
BW-DMD,DMD,2000-01-01,2016-11-08,on_ds_daily_axis
BW-DMDS,DMDS,2000-01-01,2001-04-09,on_ds_daily_axis
BW-DME,DME,2000-01-01,2018-04-13,on_ds_daily_axis
BW-DMHYY,DMHYY,2000-01-01,2009-01-15,on_ds_daily_axis
BW-DMIF,DMIF,2000-01-01,2003-09-25,on_ds_daily_axis
BW-DMK,DMK,2000-01-01,2024-07-18,on_ds_daily_axis
BW-DML,DML,2000-01-01,2018-02-22,on_ds_daily_axis
BW-DMND,DMND,2000-01-01,2016-02-26,on_ds_daily_axis
BW-DMRC1,DMRC1,2000-01-01,2008-08-13,on_ds_daily_axis
BW-DMTX,DMTX,2000-01-01,2017-11-06,on_ds_daily_axis
BW-DMX_OLD,DMX_OLD,2000-01-01,2008-04-30,on_ds_daily_axis
BW-DMYD-U,DMYD-U,2000-01-01,2021-04-20,on_ds_daily_axis
BW-DMYD-WS,DMYD-WS,2000-01-01,2021-04-20,on_ds_daily_axis
BW-DMYI-U,DMYI-U,2000-01-01,2021-09-30,on_ds_daily_axis
BW-DMYI-WS,DMYI-WS,2000-01-01,2021-09-30,on_ds_daily_axis
BW-US23344K1025,DMYQ,2000-01-01,2022-02-18,on_ds_daily_axis
BW-DMYQ-U,DMYQ-U,2000-01-01,2021-12-07,on_ds_daily_axis
BW-DMYQ-WS,DMYQ-WS,2000-01-01,2021-12-07,on_ds_daily_axis
BW-US2332471059,DMYS,2000-01-01,2023-05-04,on_ds_daily_axis
BW-DMYS-UN,DMYS-UN,2000-01-01,2023-05-04,on_ds_daily_axis
BW-US2332531035,DMYT,2000-01-01,2020-12-30,on_ds_daily_axis
BW-DMYT-U,DMYT-U,2000-01-01,2020-12-29,on_ds_daily_axis
BW-DMYT-WS,DMYT-WS,2000-01-01,2020-12-29,on_ds_daily_axis
BW-DMYY-UN,DMYY-UN,2000-01-01,2024-11-25,on_ds_daily_axis
BW-C0001603286,DM_OLD,2000-01-01,2019-01-25,on_ds_daily_axis
BW-DNA-WT,DNA-WT,2000-01-01,2024-09-03,on_ds_daily_axis
BW-KYG8253T1067,DNAA,2000-01-01,2022-08-26,on_ds_daily_axis
BW-KYG8253W1096,DNAC,2000-01-01,2022-07-11,on_ds_daily_axis
BW-US1920031010,DNAY,2000-01-01,2023-03-07,on_ds_daily_axis
BW-C0000318771,DNA_OLD,2000-01-01,2009-03-26,on_ds_daily_axis
BW-DNBK,DNBK,2000-01-01,2011-06-30,on_ds_daily_axis
BW-C0000030419,DNB_OLD,2000-01-01,2019-02-07,on_ds_daily_axis
BW-DNCR,DNCR,2000-01-01,2002-07-25,on_ds_daily_axis
BW-DNDN,DNDN,2000-01-01,2015-06-10,on_ds_daily_axis
BW-DNET,DNET,2000-01-01,2004-10-25,on_ds_daily_axis
BW-DNEX,DNEX,2000-01-01,2011-05-17,on_ds_daily_axis
BW-KYG1144A1058,DNJR,2000-01-01,2021-01-28,on_ds_daily_axis
BW-BBG001P3K000,DNKN,2000-01-01,2020-12-21,on_ds_daily_axis
BW-DNKY,DNKY,2000-01-01,2006-04-21,on_ds_daily_axis
BW-DNMR-WS,DNMR-WS,2000-01-01,2021-12-17,on_ds_daily_axis
BW-BBG008B8M1N0,DNR,2000-01-01,2020-07-30,on_ds_daily_axis
BW-US23305Q1067,DNZ,2000-01-01,2023-06-28,on_ds_daily_axis
BW-DOCC,DOCC,2000-01-01,2007-02-23,on_ds_daily_axis
BW-DOCX,DOCX,2000-01-01,2008-03-06,on_ds_daily_axis
BW-DOC_OLD2,DOC_OLD2,2000-01-01,2024-02-29,on_ds_daily_axis
BW-DODV,DODV,2000-01-01,2000-05-08,on_ds_daily_axis
BW-DOLE1,DOLE1,2000-01-01,2013-11-01,on_ds_daily_axis
BW-DOLNQ,DOLNQ,2000-01-01,2014-06-12,on_ds_daily_axis
BW-DOMZ,DOMZ,2000-01-01,2000-05-25,on_ds_daily_axis
BW-DOTA,DOTA,2000-01-01,2018-12-19,on_ds_daily_axis
BW-DOTAR,DOTAR,2000-01-01,2018-12-19,on_ds_daily_axis
BW-US26146L2025,DOTAU,2000-01-01,2018-12-19,on_ds_daily_axis
BW-DOTAW,DOTAW,2000-01-01,2018-12-19,on_ds_daily_axis
BW-BBG00GVSXWW6,DOVA,2000-01-01,2019-11-11,on_ds_daily_axis
BW-DOVP,DOVP,2000-01-01,2008-11-20,on_ds_daily_axis
BW-DOVR,DOVR,2000-01-01,2015-07-01,on_ds_daily_axis
BW-C0000029915,DOW_OLD,2000-01-01,2017-08-31,on_ds_daily_axis
BW-DO_OLD,DO_OLD,2000-01-01,2020-04-29,on_ds_daily_axis
BW-DP,DP,2000-01-01,2006-07-27,on_ds_daily_axis
BW-US54405Q1004,DPHC,2000-01-01,2020-10-23,on_ds_daily_axis
BW-US25280H2094,DPHCU,2000-01-01,2020-10-23,on_ds_daily_axis
BW-DPHCW,DPHCW,2000-01-01,2020-11-20,on_ds_daily_axis
BW-DPHIQ,DPHIQ,2000-01-01,2009-10-07,on_ds_daily_axis
BW-DPL,DPL,2000-01-01,2018-01-30,on_ds_daily_axis
BW-BBG0099QHWW9,DPLO,2000-01-01,2020-02-07,on_ds_daily_axis
BW-C0001338065,DPM,2000-01-01,2021-10-29,on_ds_daily_axis
BW-DPMI,DPMI,2000-01-01,2005-04-22,on_ds_daily_axis
BW-DPRX,DPRX,2000-01-01,2017-04-27,on_ds_daily_axis
BW-US26138E1091,DPS,2000-01-01,2018-07-09,on_ds_daily_axis
BW-DPTRQ,DPTRQ,2000-01-01,2012-08-31,on_ds_daily_axis
BW-US05150X1046,DPW,2000-01-01,2022-02-11,on_ds_daily_axis
BW-DQE,DQE,2000-01-01,2007-05-31,on_ds_daily_axis
BW-DR,DR,2000-01-01,2008-10-20,on_ds_daily_axis
BW-US2538277037,DRAD,2000-01-01,2021-03-04,on_ds_daily_axis
BW-DRAX,DRAX,2000-01-01,2008-05-29,on_ds_daily_axis
BW-KYG5853A1076,DRAY_OLD,2000-01-01,2023-01-13,on_ds_daily_axis
BW-DRCO,DRCO,2000-01-01,2014-01-31,on_ds_daily_axis
BW-DRCT_OLD,DRCT_OLD,2000-01-01,2007-03-30,on_ds_daily_axis
BW-BBG00YJ9XD37,DRE,2000-01-01,2022-10-03,on_ds_daily_axis
BW-DRII,DRII,2000-01-01,2016-09-01,on_ds_daily_axis
BW-C0000930049,DRIV_OLD,2000-01-01,2015-02-12,on_ds_daily_axis
BW-DRJ,DRJ,2000-01-01,2018-04-02,on_ds_daily_axis
BW-DRL,DRL,2000-01-01,2016-10-27,on_ds_daily_axis
BW-DRMD,DRMD,2000-01-01,2001-10-24,on_ds_daily_axis
BW-BBG00JPF3557,DRNA,2000-01-01,2021-12-29,on_ds_daily_axis
BW-DROV,DROV,2000-01-01,2001-06-29,on_ds_daily_axis
BW-DRP,DRP,2000-01-01,2011-02-17,on_ds_daily_axis
BW-BBG00D0MXHD4,DRQ,2000-01-01,2024-09-09,on_ds_daily_axis
BW-DRRAQ,DRRAQ,2000-01-01,2008-06-10,on_ds_daily_axis
BW-DRS_OLD,DRS_OLD,2000-01-01,2022-12-06,on_ds_daily_axis
BW-DRTE,DRTE,2000-01-01,2007-05-08,on_ds_daily_axis
BW-DRTK,DRTK,2000-01-01,2006-06-07,on_ds_daily_axis
BW-DRTN,DRTN,2000-01-01,2002-01-09,on_ds_daily_axis
BW-BBG000VBMMK5,DRTT,2000-01-01,2023-11-16,on_ds_daily_axis
BW-DRTX,DRTX,2000-01-01,2014-11-17,on_ds_daily_axis
BW-DRWI,DRWI,2000-01-01,2017-08-01,on_ds_daily_axis
BW-DRX,DRX,2000-01-01,2018-02-22,on_ds_daily_axis
BW-DRY,DRY,2000-01-01,2007-11-20,on_ds_daily_axis
BW-DRYR,DRYR,2000-01-01,2006-01-17,on_ds_daily_axis
BW-USY2109Q7052,DRYS,2000-01-01,2019-10-18,on_ds_daily_axis
BW-BBG00FP36V61,DS,2000-01-01,2023-03-03,on_ds_daily_axis
BW-DSCI,DSCI,2000-01-01,2017-02-23,on_ds_daily_axis
BW-DSCM,DSCM,2000-01-01,2011-06-03,on_ds_daily_axis
BW-DSCP,DSCP,2000-01-01,2009-01-29,on_ds_daily_axis
BW-DSET,DSET,2000-01-01,2002-11-25,on_ds_daily_axis
BW-DSGR_OLD,DSGR_OLD,2000-01-01,2002-12-31,on_ds_daily_axis
BW-DSIIQ,DSIIQ,2000-01-01,2009-05-13,on_ds_daily_axis
BW-DSIT,DSIT,2000-01-01,2003-03-26,on_ds_daily_axis
BW-DSKEW,DSKEW,2000-01-01,2022-02-23,on_ds_daily_axis
BW-US23336Q1094,DSKX,2000-01-01,2017-12-21,on_ds_daily_axis
BW-DSKY,DSKY,2000-01-01,2016-09-07,on_ds_daily_axis
BW-DSLN,DSLN,2000-01-01,2007-03-12,on_ds_daily_axis
BW-BBG00FZLLL74,DSPG,2000-01-01,2021-12-02,on_ds_daily_axis
BW-C0000714603,DST,2000-01-01,2018-04-16,on_ds_daily_axis
BW-DSTM,DSTM,2000-01-01,2006-04-04,on_ds_daily_axis
BW-DSUP,DSUP,2000-01-01,2009-10-26,on_ds_daily_axis
BW-DSV,DSV,2000-01-01,2018-04-05,on_ds_daily_axis
BW-DSW,DSW,2000-01-01,2019-04-04,on_ds_daily_axis
BW-C0000894329,DTC,2000-01-01,2025-04-23,on_ds_daily_axis
BW-BBG002VKHYN8,DTEA,2000-01-01,2023-06-23,on_ds_daily_axis
BW-DTEK,DTEK,2000-01-01,2001-02-23,on_ds_daily_axis
BW-DTHK,DTHK,2000-01-01,2004-05-03,on_ds_daily_axis
BW-DTL,DTL,2000-01-01,2002-03-20,on_ds_daily_axis
BW-DTLK,DTLK,2000-01-01,2017-01-06,on_ds_daily_axis
BW-DTLN,DTLN,2000-01-01,2000-04-25,on_ds_daily_axis
BW-DTMC,DTMC,2000-01-01,2001-08-17,on_ds_daily_axis
BW-US25401K1079,DTOC,2000-01-01,2023-09-20,on_ds_daily_axis
BW-DTPI,DTPI,2000-01-01,2010-11-02,on_ds_daily_axis
BW-US8162882034,DTRM,2000-01-01,2018-12-19,on_ds_daily_axis
BW-US23344T1034,DTRT,2000-01-01,2023-02-10,on_ds_daily_axis
BW-DTSI,DTSI,2000-01-01,2016-12-01,on_ds_daily_axis
BW-C0001465112,DTV_OLD,2000-01-01,2015-07-24,on_ds_daily_axis
BW-DUA,DUA,2000-01-01,2015-03-17,on_ds_daily_axis
BW-US26432K1088,DUC,2000-01-01,2021-03-16,on_ds_daily_axis
BW-DUF,DUF,2000-01-01,2013-04-22,on_ds_daily_axis
BW-US2653341022,DUNE,2000-01-01,2023-12-21,on_ds_daily_axis
BW-DUNR,DUNR,2000-01-01,2010-07-26,on_ds_daily_axis
BW-DUSA1,DUSA1,2000-01-01,2012-12-20,on_ds_daily_axis
BW-US2601741075,DVD,2000-01-01,2021-12-22,on_ds_daily_axis
BW-DVID,DVID,2000-01-01,2010-02-26,on_ds_daily_axis
BW-DVIXQ,DVIXQ,2000-01-01,2011-10-21,on_ds_daily_axis
BW-DVR,DVR,2000-01-01,2014-10-29,on_ds_daily_axis
BW-DVW,DVW,2000-01-01,2008-04-15,on_ds_daily_axis
BW-DWA,DWA,2000-01-01,2016-08-22,on_ds_daily_axis
BW-US2379172081,DWCH,2000-01-01,2018-12-13,on_ds_daily_axis
BW-US24803C1027,DWIN,2000-01-01,2023-01-19,on_ds_daily_axis
BW-DWIN-U,DWIN-U,2000-01-01,2021-12-17,on_ds_daily_axis
BW-DWIN-WS,DWIN-WS,2000-01-01,2022-01-11,on_ds_daily_axis
BW-DWL,DWL,2000-01-01,2002-09-11,on_ds_daily_axis
BW-DWRE,DWRE,2000-01-01,2016-07-08,on_ds_daily_axis
BW-DWRI,DWRI,2000-01-01,2014-08-26,on_ds_daily_axis
BW-DWSN1,DWSN1,2000-01-01,2015-02-11,on_ds_daily_axis
BW-DWYR,DWYR,2000-01-01,2003-10-30,on_ds_daily_axis
BW-DXB-CL,DXB-CL,2000-01-01,2020-05-26,on_ds_daily_axis
BW-US26605Q1067,DXF_OLD,2000-01-01,2024-09-18,on_ds_daily_axis
BW-DXT,DXT,2000-01-01,2005-02-11,on_ds_daily_axis
BW-BBG00D6TSWP3,DXTR,2000-01-01,2017-12-12,on_ds_daily_axis
BW-DYAX,DYAX,2000-01-01,2016-01-21,on_ds_daily_axis
BW-DYFN,DYFN,2000-01-01,2022-08-10,on_ds_daily_axis
BW-DYHM,DYHM,2000-01-01,2000-12-27,on_ds_daily_axis
BW-DYNK,DYNK,2000-01-01,2008-08-05,on_ds_daily_axis
BW-DYNXW,DYNXW,2000-01-01,2025-08-27,on_ds_daily_axis
BW-C0001379895,DYN_OLD,2000-01-01,2018-04-06,on_ds_daily_axis
BW-DYOLF,DYOLF,2000-01-01,2005-09-30,on_ds_daily_axis
BW-DYPR,DYPR,2000-01-01,2000-10-10,on_ds_daily_axis
BW-DYSVY,DYSVY,2000-01-01,2009-07-27,on_ds_daily_axis
BW-DZA,DZA,2000-01-01,2013-02-01,on_ds_daily_axis
BW-BBG000BHDXR3,DZSI,2000-01-01,2025-03-18,on_ds_daily_axis
BW-EAC1,EAC1,2000-01-01,2010-03-09,on_ds_daily_axis
BW-US27616L1026,EACQ,2000-01-01,2018-11-05,on_ds_daily_axis
BW-EACQU,EACQU,2000-01-01,2018-11-09,on_ds_daily_axis
BW-EACQW,EACQW,2000-01-01,2018-11-05,on_ds_daily_axis
BW-EAGLU1,EAGLU1,2000-01-01,2015-08-27,on_ds_daily_axis
BW-EAGLW,EAGLW,2000-01-01,2020-07-10,on_ds_daily_axis
BW-C0001001718,EAGL_OLD2,2000-01-01,2007-08-02,on_ds_daily_axis
BW-EAGL_OLD3,EAGL_OLD3,2000-01-01,2019-03-15,on_ds_daily_axis
BW-USG7126L1001,EAGL_OLD4,2000-01-01,2020-07-10,on_ds_daily_axis
BW-EAII,EAII,2000-01-01,2000-10-23,on_ds_daily_axis
BW-BMG0360L1000,EARS,2000-01-01,2022-02-18,on_ds_daily_axis
BW-EAS,EAS,2000-01-01,2018-01-30,on_ds_daily_axis
BW-EASI1,EASI1,2000-01-01,2006-01-31,on_ds_daily_axis
BW-EASTW,EASTW,2000-01-01,2018-09-20,on_ds_daily_axis
BW-C0001081661,EASY_OLD,2000-01-01,2018-04-05,on_ds_daily_axis
BW-KYG3167F1028,EBAC,2000-01-01,2023-03-02,on_ds_daily_axis
BW-EBACW,EBACW,2000-01-01,2023-03-02,on_ds_daily_axis
BW-EBHI,EBHI,2000-01-01,2010-04-08,on_ds_daily_axis
BW-US2862211065,EBIO,2000-01-01,2018-05-16,on_ds_daily_axis
BW-BBG00F8ZWX39,EBIX,2000-01-01,2024-02-28,on_ds_daily_axis
BW-EBNX,EBNX,2000-01-01,2003-02-05,on_ds_daily_axis
BW-BBG000BL5Q89,EBR,2000-01-01,2026-01-09,on_ds_daily_axis
BW-EBRB,EBRB,2000-01-01,2025-11-07,on_ds_daily_axis
BW-BBG000TGNSP8,EBSB,2000-01-01,2021-11-12,on_ds_daily_axis
BW-EBSC,EBSC,2000-01-01,2003-10-24,on_ds_daily_axis
BW-EBSI,EBSI,2000-01-01,2002-07-19,on_ds_daily_axis
BW-EBTN,EBTN,2000-01-01,2006-05-02,on_ds_daily_axis
BW-EBTX,EBTX,2000-01-01,2012-07-02,on_ds_daily_axis
BW-ECACU,ECACU,2000-01-01,2017-08-28,on_ds_daily_axis
BW-ECBE,ECBE,2000-01-01,2013-03-28,on_ds_daily_axis
BW-ECGO,ECGO,2000-01-01,2000-06-29,on_ds_daily_axis
BW-ECHI,ECHI,2000-01-01,2018-06-12,on_ds_daily_axis
BW-ECHO1,ECHO1,2000-01-01,2008-02-29,on_ds_daily_axis
BW-ECIL,ECIL,2000-01-01,2007-09-28,on_ds_daily_axis
BW-ECIN,ECIN,2000-01-01,2002-10-24,on_ds_daily_axis
BW-ECLG,ECLG,2000-01-01,2007-07-31,on_ds_daily_axis
BW-ECMN,ECMN,2000-01-01,2002-08-19,on_ds_daily_axis
BW-ECNG,ECNG,2000-01-01,2011-07-05,on_ds_daily_axis
BW-BBG00PKQGVM4,ECOL,2000-01-01,2022-05-02,on_ds_daily_axis
BW-ECOLW,ECOLW,2000-01-01,2022-04-29,on_ds_daily_axis
BW-BBG00ZR84Q30,ECOM,2000-01-01,2022-11-14,on_ds_daily_axis
BW-ECO_OLD,ECO_OLD,2000-01-01,2003-01-31,on_ds_daily_axis
BW-ECP,ECP,2000-01-01,2022-03-02,on_ds_daily_axis
BW-C0002089161,ECR,2000-01-01,2019-06-28,on_ds_daily_axis
BW-ECSI,ECSI,2000-01-01,2005-01-13,on_ds_daily_axis
BW-ECST,ECST,2000-01-01,2006-01-31,on_ds_daily_axis
BW-ECTL,ECTL,2000-01-01,2001-01-19,on_ds_daily_axis
BW-ECTX1,ECTX1,2000-01-01,2010-01-13,on_ds_daily_axis
BW-ECV,ECV,2000-01-01,2010-07-22,on_ds_daily_axis
BW-US29269A1025,ECYT,2000-01-01,2018-12-20,on_ds_daily_axis
BW-EDAC,EDAC,2000-01-01,2013-05-07,on_ds_daily_axis
BW-EDCO,EDCO,2000-01-01,2001-04-16,on_ds_daily_axis
BW-C0000032689,EDE,2000-01-01,2016-12-30,on_ds_daily_axis
BW-EDEL,EDEL,2000-01-01,2004-12-20,on_ds_daily_axis
BW-EDEN1,EDEN1,2000-01-01,2009-06-26,on_ds_daily_axis
BW-EDG,EDG,2000-01-01,2013-11-20,on_ds_daily_axis
BW-US2798701098,EDGE_OLD,2000-01-01,2020-07-10,on_ds_daily_axis
BW-EDGR,EDGR,2000-01-01,2012-08-14,on_ds_daily_axis
BW-US2803581022,EDGW,2000-01-01,2018-11-01,on_ds_daily_axis
BW-EDIN,EDIN,2000-01-01,2001-03-27,on_ds_daily_axis
BW-EDLG,EDLG,2000-01-01,2005-02-17,on_ds_daily_axis
BW-KYG3041W1078,EDNC,2000-01-01,2024-09-17,on_ds_daily_axis
BW-EDNCW,EDNCW,2000-01-01,2022-10-27,on_ds_daily_axis
BW-US28103E1064,EDNT,2000-01-01,2021-01-28,on_ds_daily_axis
BW-EDO,EDO,2000-01-01,2018-01-24,on_ds_daily_axis
BW-EDP,EDP,2000-01-01,2018-01-24,on_ds_daily_axis
BW-US28140H1041,EDR_OLD,2000-01-01,2018-09-19,on_ds_daily_axis
BW-EDS,EDS,2000-01-01,2008-08-25,on_ds_daily_axis
BW-EDSN,EDSN,2000-01-01,2003-11-14,on_ds_daily_axis
BW-EDTXW,EDTXW,2000-01-01,2023-07-14,on_ds_daily_axis
BW-US28139A1025,EDTX_OLD,2000-01-01,2020-04-16,on_ds_daily_axis
BW-EECPQ,EECPQ,2000-01-01,2012-05-24,on_ds_daily_axis
BW-EEEE,EEEE,2000-01-01,2007-06-14,on_ds_daily_axis
BW-EEEI,EEEI,2000-01-01,2011-01-06,on_ds_daily_axis
BW-EEGL,EEGL,2000-01-01,2004-09-22,on_ds_daily_axis
BW-EELN,EELN,2000-01-01,2005-10-31,on_ds_daily_axis
BW-US29250R1068,EEP,2000-01-01,2018-12-19,on_ds_daily_axis
BW-US29250X1037,EEQ,2000-01-01,2018-12-20,on_ds_daily_axis
BW-US2836778546,EE_OLD,2000-01-01,2021-05-06,on_ds_daily_axis
BW-EF,EF,2000-01-01,2012-09-20,on_ds_daily_axis
BW-EFBC,EFBC,2000-01-01,2003-02-28,on_ds_daily_axis
BW-EFC-P-E,EFC-P-E,2000-01-01,2024-12-12,on_ds_daily_axis
BW-EFC-PE,EFC-PE,2000-01-01,2024-12-13,on_ds_daily_axis
BW-EFC1,EFC1,2000-01-01,2006-01-31,on_ds_daily_axis
BW-EFHT,EFHT,2000-01-01,2023-12-12,on_ds_daily_axis
BW-BBG000CW13X1,EFII,2000-01-01,2019-07-22,on_ds_daily_axis
BW-EFJI,EFJI,2000-01-01,2010-08-12,on_ds_daily_axis
BW-EFNT,EFNT,2000-01-01,2001-04-03,on_ds_daily_axis
BW-EFTD,EFTD,2000-01-01,2002-06-27,on_ds_daily_axis
BW-EGAS,EGAS,2000-01-01,2017-08-03,on_ds_daily_axis
BW-EGC,EGC,2000-01-01,2018-10-18,on_ds_daily_axis
BW-US26846A1007,EGGF,2000-01-01,2024-01-08,on_ds_daily_axis
BW-EGGF-UN,EGGF-UN,2000-01-01,2023-12-27,on_ds_daily_axis
BW-EGGS_OLD,EGGS_OLD,2000-01-01,2001-08-15,on_ds_daily_axis
BW-US29383G1004,EGI,2000-01-01,2020-08-07,on_ds_daily_axis
BW-US29285W1045,EGL,2000-01-01,2019-01-11,on_ds_daily_axis
BW-EGLO,EGLO,2000-01-01,2000-11-21,on_ds_daily_axis
BW-EGLS,EGLS,2000-01-01,2009-07-15,on_ds_daily_axis
BW-BBG00FM5ML90,EGLT,2000-01-01,2020-07-10,on_ds_daily_axis
BW-EGLT1,EGLT1,2000-01-01,2008-11-14,on_ds_daily_axis
BW-EGLTQ,EGLTQ,2000-01-01,2019-03-29,on_ds_daily_axis
BW-US29265N1081,EGN,2000-01-01,2018-11-29,on_ds_daily_axis
BW-BBG00DLDJS07,EGOV,2000-01-01,2021-04-20,on_ds_daily_axis
BW-EGR,EGR,2000-01-01,2008-12-10,on_ds_daily_axis
BW-EGRT,EGRT,2000-01-01,2001-03-19,on_ds_daily_axis
BW-EGT,EGT,2000-01-01,2017-06-21,on_ds_daily_axis
BW-US26853A1007,EHIC,2000-01-01,2019-04-09,on_ds_daily_axis
BW-EHP,EHP,2000-01-01,2007-08-15,on_ds_daily_axis
BW-EI,EI,2000-01-01,2000-11-08,on_ds_daily_axis
BW-EICU,EICU,2000-01-01,2008-02-20,on_ds_daily_axis
BW-BBG00K60R2D0,EIGI,2000-01-01,2021-02-12,on_ds_daily_axis
BW-BBG008MM9M56,EIGR,2000-01-01,2024-04-23,on_ds_daily_axis
BW-EIHI,EIHI,2000-01-01,2013-12-31,on_ds_daily_axis
BW-EILL,EILL,2000-01-01,2016-04-25,on_ds_daily_axis
BW-EIN,EIN,2000-01-01,2000-03-07,on_ds_daily_axis
BW-EISI,EISI,2000-01-01,2000-01-31,on_ds_daily_axis
BW-EJ,EJ,2000-01-01,2016-08-12,on_ds_daily_axis
BW-KYG2955B1095,EJFA,2000-01-01,2022-06-28,on_ds_daily_axis
BW-EK,EK,2000-01-01,2012-01-18,on_ds_daily_axis
BW-EKT,EKT,2000-01-01,2018-06-28,on_ds_daily_axis
BW-ELAB_OLD,ELAB_OLD,2000-01-01,2005-07-26,on_ds_daily_axis
BW-ELAS,ELAS,2000-01-01,2002-03-05,on_ds_daily_axis
BW-ELBI,ELBI,2000-01-01,2001-03-30,on_ds_daily_axis
BW-ELBO,ELBO,2000-01-01,2005-10-07,on_ds_daily_axis
BW-ELBT,ELBT,2000-01-01,2002-05-15,on_ds_daily_axis
BW-ELEC,ELEC,2000-01-01,2018-06-04,on_ds_daily_axis
BW-USG3105C1204,ELECU,2000-01-01,2018-06-15,on_ds_daily_axis
BW-ELET,ELET,2000-01-01,2001-03-22,on_ds_daily_axis
BW-ELE_OLD,ELE_OLD,2000-01-01,2018-06-28,on_ds_daily_axis
BW-BBG00D23XSS4,ELGX,2000-01-01,2020-10-02,on_ds_daily_axis
BW-ELI,ELI,2000-01-01,2020-01-24,on_ds_daily_axis
BW-ELIX,ELIX,2000-01-01,2002-05-23,on_ds_daily_axis
BW-ELK,ELK,2000-01-01,2007-03-26,on_ds_daily_axis
BW-US28849P1003,ELLI,2000-01-01,2019-04-16,on_ds_daily_axis
BW-ELMG,ELMG,2000-01-01,2011-08-22,on_ds_daily_axis
BW-US3498851035,ELMSW,2000-01-01,2022-06-23,on_ds_daily_axis
BW-ELN,ELN,2000-01-01,2013-12-18,on_ds_daily_axis
BW-ELNK,ELNK,2000-01-01,2017-02-24,on_ds_daily_axis
BW-ELNT,ELNT,2000-01-01,2002-05-14,on_ds_daily_axis
BW-US27874N3035,ELON_OLD,2000-01-01,2018-09-13,on_ds_daily_axis
BW-ELOQ,ELOQ,2000-01-01,2013-02-08,on_ds_daily_axis
BW-ELOS,ELOS,2000-01-01,2017-07-17,on_ds_daily_axis
BW-ELOT,ELOT,2000-01-01,2001-07-31,on_ds_daily_axis
BW-ELRC,ELRC,2000-01-01,2016-08-10,on_ds_daily_axis
BW-ELSI,ELSI,2000-01-01,2001-06-11,on_ds_daily_axis
BW-ELTE,ELTE,2000-01-01,2003-05-12,on_ds_daily_axis
BW-ELTTY,ELTTY,2000-01-01,2012-08-28,on_ds_daily_axis
BW-BBG00JRWTW15,ELVT,2000-01-01,2023-02-27,on_ds_daily_axis
BW-ELX,ELX,2000-01-01,2015-05-04,on_ds_daily_axis
BW-US2686132059,ELXS,2000-01-01,2018-06-07,on_ds_daily_axis
BW-ELY,ELY,2000-01-01,2022-11-08,on_ds_daily_axis
BW-EMAG1,EMAG1,2000-01-01,2009-04-02,on_ds_daily_axis
BW-EMAKQ,EMAKQ,2000-01-01,2011-06-30,on_ds_daily_axis
BW-EMBX_OLD,EMBX_OLD,2000-01-01,2007-01-19,on_ds_daily_axis
BW-US2908281023,EMCF,2000-01-01,2023-01-06,on_ds_daily_axis
BW-EMC_OLD,EMC_OLD,2000-01-01,2016-09-06,on_ds_daily_axis
BW-EMDAQ,EMDAQ,2000-01-01,2012-12-26,on_ds_daily_axis
BW-EMESZ,EMESZ,2000-01-01,2019-07-18,on_ds_daily_axis
BW-EMEX,EMEX,2000-01-01,2002-07-16,on_ds_daily_axis
BW-EMG,EMG,2000-01-01,2017-10-02,on_ds_daily_axis
BW-US29103K1007,EMLD,2000-01-01,2024-10-04,on_ds_daily_axis
BW-EMLTF,EMLTF,2000-01-01,2003-04-08,on_ds_daily_axis
BW-EMMSP,EMMSP,2000-01-01,2016-02-26,on_ds_daily_axis
BW-EMON,EMON,2000-01-01,2019-06-05,on_ds_daily_axis
BW-EMPW-U,EMPW-U,2000-01-01,2021-07-16,on_ds_daily_axis
BW-EMPW-WS,EMPW-WS,2000-01-01,2021-07-16,on_ds_daily_axis
BW-EMRT,EMRT,2000-01-01,2002-05-31,on_ds_daily_axis
BW-EMS,EMS,2000-01-01,2011-05-25,on_ds_daily_axis
BW-EMSF_OLD,EMSF_OLD,2000-01-01,2017-08-28,on_ds_daily_axis
BW-EMU,EMU,2000-01-01,2007-08-13,on_ds_daily_axis
BW-EMUS,EMUS,2000-01-01,2001-06-14,on_ds_daily_axis
BW-EM_OLD,EM_OLD,2000-01-01,2011-11-01,on_ds_daily_axis
BW-ENA,ENA,2000-01-01,2018-02-22,on_ds_daily_axis
BW-ENBC,ENBC,2000-01-01,2002-10-21,on_ds_daily_axis
BW-ENBX,ENBX,2000-01-01,2000-03-06,on_ds_daily_axis
BW-ENCD,ENCD,2000-01-01,2002-01-23,on_ds_daily_axis
BW-ENCO,ENCO,2000-01-01,2013-02-13,on_ds_daily_axis
BW-KYG304491056,ENCP,2000-01-01,2024-03-14,on_ds_daily_axis
BW-ENCY,ENCY,2000-01-01,2008-06-10,on_ds_daily_axis
BW-ENCZQ,ENCZQ,2000-01-01,2007-04-02,on_ds_daily_axis
BW-ENDO_OLD,ENDO_OLD,2000-01-01,2009-07-27,on_ds_daily_axis
BW-IE00BJ3V9050,ENDP,2000-01-01,2022-10-27,on_ds_daily_axis
BW-ENERQ,ENERQ,2000-01-01,2012-09-04,on_ds_daily_axis
BW-ENE_OLD,ENE_OLD,2000-01-01,2018-01-30,on_ds_daily_axis
BW-US28250A1051,ENFA,2000-01-01,2021-12-03,on_ds_daily_axis
BW-ENFAW,ENFAW,2000-01-01,2021-12-03,on_ds_daily_axis
BW-US2933061069,ENG,2000-01-01,2024-12-05,on_ds_daily_axis
BW-ENGA_OLD,ENGA_OLD,2000-01-01,2002-08-14,on_ds_daily_axis
BW-ENGL,ENGL,2000-01-01,2018-01-30,on_ds_daily_axis
BW-ENH,ENH,2000-01-01,2017-03-28,on_ds_daily_axis
BW-US29274F1049,ENIA,2000-01-01,2022-07-20,on_ds_daily_axis
BW-ENJYW,ENJYW,2000-01-01,2023-01-05,on_ds_daily_axis
BW-ENL,ENL,2000-01-01,2015-07-01,on_ds_daily_axis
BW-US29336U1079,ENLK,2000-01-01,2019-01-25,on_ds_daily_axis
BW-ENLV1,ENLV1,2000-01-01,2008-10-01,on_ds_daily_axis
BW-ENMC,ENMC,2000-01-01,2006-11-03,on_ds_daily_axis
BW-ENN,ENN,2000-01-01,2007-10-25,on_ds_daily_axis
BW-US26829T1007,ENNV,2000-01-01,2022-03-18,on_ds_daily_axis
BW-ENNVW,ENNVW,2000-01-01,2022-02-04,on_ds_daily_axis
BW-ENOC,ENOC,2000-01-01,2017-08-07,on_ds_daily_axis
BW-ENP,ENP,2000-01-01,2019-12-09,on_ds_daily_axis
BW-C0001816261,ENPC,2000-01-01,2022-10-24,on_ds_daily_axis
BW-ENPT1,ENPT1,2000-01-01,2009-08-07,on_ds_daily_axis
BW-US2927582088,ENRJ,2000-01-01,2018-03-27,on_ds_daily_axis
BW-ENSI,ENSI,2000-01-01,2008-10-01,on_ds_daily_axis
BW-ENSTY,ENSTY,2000-01-01,2008-04-11,on_ds_daily_axis
BW-C0002028464,ENT,2000-01-01,2020-09-08,on_ds_daily_axis
BW-C0001374128,ENTL,2000-01-01,2018-02-27,on_ds_daily_axis
BW-ENTR1,ENTR1,2000-01-01,2015-04-30,on_ds_daily_axis
BW-ENTU,ENTU,2000-01-01,2009-07-28,on_ds_daily_axis
BW-ENVE,ENVE,2000-01-01,2014-10-16,on_ds_daily_axis
BW-ENVG,ENVG,2000-01-01,2003-02-06,on_ds_daily_axis
BW-ENVI,ENVI,2000-01-01,2022-02-04,on_ds_daily_axis
BW-ENVIW,ENVIW,2000-01-01,2022-02-02,on_ds_daily_axis
BW-US29408N1063,ENVI_OLD,2000-01-01,2015-10-26,on_ds_daily_axis
BW-ENWV,ENWV,2000-01-01,2011-06-17,on_ds_daily_axis
BW-BBG000BHY9Q4,ENZ,2000-01-01,2025-06-18,on_ds_daily_axis
BW-ENZY,ENZY,2000-01-01,2018-01-10,on_ds_daily_axis
BW-EOAN,EOAN,2000-01-01,2018-12-21,on_ds_daily_axis
BW-EOCA,EOCA,2000-01-01,2016-11-30,on_ds_daily_axis
BW-C0000926864,EOCC,2000-01-01,2018-12-28,on_ds_daily_axis
BW-EOCW-UN,EOCW-UN,2000-01-01,2023-06-30,on_ds_daily_axis
BW-EOP,EOP,2000-01-01,2007-02-09,on_ds_daily_axis
BW-EOPN,EOPN,2000-01-01,2015-03-25,on_ds_daily_axis
BW-EOX,EOX,2000-01-01,2016-03-22,on_ds_daily_axis
BW-BBG00JPDY9T4,EPAY,2000-01-01,2022-05-13,on_ds_daily_axis
BW-EPB,EPB,2000-01-01,2014-11-26,on_ds_daily_axis
BW-EPCYY,EPCYY,2000-01-01,2009-12-10,on_ds_daily_axis
BW-BBG0099QHYH2,EPE,2000-01-01,2019-05-22,on_ds_daily_axis
BW-EPE1,EPE1,2000-01-01,2010-11-22,on_ds_daily_axis
BW-EPEN,EPEN,2000-01-01,2007-11-14,on_ds_daily_axis
BW-EPEX,EPEX,2000-01-01,2009-12-31,on_ds_daily_axis
BW-EPHC,EPHC,2000-01-01,2013-03-27,on_ds_daily_axis
BW-US29429X1090,EPHY,2000-01-01,2023-01-20,on_ds_daily_axis
BW-EPIC,EPIC,2000-01-01,2011-05-16,on_ds_daily_axis
BW-EPIE,EPIE,2000-01-01,2000-10-06,on_ds_daily_axis
BW-EPIQ,EPIQ,2000-01-01,2016-09-30,on_ds_daily_axis
BW-EPIX1,EPIX1,2000-01-01,2010-09-08,on_ds_daily_axis
BW-EPL,EPL,2000-01-01,2014-06-03,on_ds_daily_axis
BW-EPMD,EPMD,2000-01-01,2008-07-03,on_ds_daily_axis
BW-EPNY,EPNY,2000-01-01,2005-09-29,on_ds_daily_axis
BW-EPOC,EPOC,2000-01-01,2013-03-11,on_ds_daily_axis
BW-EPRS,EPRS,2000-01-01,2016-08-03,on_ds_daily_axis
BW-EPTG,EPTG,2000-01-01,2001-04-18,on_ds_daily_axis
BW-US29248N1000,EPWR,2000-01-01,2022-12-13,on_ds_daily_axis
BW-EPWR-U,EPWR-U,2000-01-01,2021-12-17,on_ds_daily_axis
BW-EPYSQ,EPYSQ,2000-01-01,2009-10-09,on_ds_daily_axis
BW-BBG00JPR0KT5,EPZM,2000-01-01,2022-08-12,on_ds_daily_axis
BW-EP_OLD,EP_OLD,2000-01-01,2012-05-24,on_ds_daily_axis
BW-EQ1,EQ1,2000-01-01,2009-06-30,on_ds_daily_axis
BW-US29465E1064,EQD,2000-01-01,2022-09-16,on_ds_daily_axis
BW-C0001632933,EQGP,2000-01-01,2019-01-10,on_ds_daily_axis
BW-US26886A1016,EQHA,2000-01-01,2022-12-21,on_ds_daily_axis
BW-EQHA-U,EQHA-U,2000-01-01,2021-12-15,on_ds_daily_axis
BW-EQHA-WS,EQHA-WS,2000-01-01,2021-12-15,on_ds_daily_axis
BW-EQNX,EQNX,2000-01-01,2001-01-03,on_ds_daily_axis
BW-EQSB,EQSB,2000-01-01,2003-03-14,on_ds_daily_axis
BW-EQU,EQU,2000-01-01,2020-07-31,on_ds_daily_axis
BW-EQY,EQY,2000-01-01,2017-03-01,on_ds_daily_axis
BW-BBG00KFTXY59,ERA,2000-01-01,2020-06-11,on_ds_daily_axis
BW-ERB,ERB,2000-01-01,2016-09-29,on_ds_daily_axis
BW-US2746811056,ERES,2000-01-01,2023-09-01,on_ds_daily_axis
BW-ERESW,ERESW,2000-01-01,2023-07-03,on_ds_daily_axis
BW-ERI,ERI,2000-01-01,2021-01-28,on_ds_daily_axis
BW-ERI1,ERI1,2000-01-01,2011-02-22,on_ds_daily_axis
BW-BBG000BG3TV0,ERJ,2000-01-01,2026-01-02,on_ds_daily_axis
BW-BBG000F05WS6,ERN,2000-01-01,2018-04-25,on_ds_daily_axis
BW-IM00B86NL059,EROS,2000-01-01,2020-10-13,on_ds_daily_axis
BW-ERO_OLD1,ERO_OLD1,2000-01-01,2023-07-10,on_ds_daily_axis
BW-ERPS,ERPS,2000-01-01,2007-05-15,on_ds_daily_axis
BW-ERS,ERS,2000-01-01,2017-05-05,on_ds_daily_axis
BW-ERT,ERT,2000-01-01,2012-07-03,on_ds_daily_axis
BW-ERTS,ERTS,2000-01-01,2011-12-19,on_ds_daily_axis
BW-KYG3R95N1030,ESAC,2000-01-01,2024-03-25,on_ds_daily_axis
BW-ESBF,ESBF,2000-01-01,2015-02-10,on_ds_daily_axis
BW-ESC,ESC,2000-01-01,2014-07-30,on_ds_daily_axis
BW-ESCH,ESCH,2000-01-01,2007-08-31,on_ds_daily_axis
BW-ESCI,ESCI,2000-01-01,2010-07-12,on_ds_daily_axis
BW-ESCR_OLD,ESCR_OLD,2000-01-01,2020-10-30,on_ds_daily_axis
BW-ESDI,ESDI,2000-01-01,2018-01-03,on_ds_daily_axis
BW-ESF,ESF,2000-01-01,2017-03-20,on_ds_daily_axis
BW-IM00BMT7S123,ESGC,2000-01-01,2022-08-26,on_ds_daily_axis
BW-ESH,ESH,2000-01-01,2009-04-30,on_ds_daily_axis
BW-ESHEQ,ESHEQ,2000-01-01,2007-08-03,on_ds_daily_axis
BW-ESHR,ESHR,2000-01-01,2001-10-23,on_ds_daily_axis
BW-ESI1,ESI1,2000-01-01,2016-07-27,on_ds_daily_axis
BW-ESIC,ESIC,2000-01-01,2012-07-02,on_ds_daily_axis
BW-ESIMF,ESIMF,2000-01-01,2013-04-17,on_ds_daily_axis
BW-US2852291002,ESIO,2000-01-01,2019-02-01,on_ds_daily_axis
BW-US2974251009,ESL,2000-01-01,2019-03-13,on_ds_daily_axis
BW-ESLRQ,ESLRQ,2000-01-01,2012-07-19,on_ds_daily_axis
BW-KYG3195H1048,ESM,2000-01-01,2023-03-09,on_ds_daily_axis
BW-ESMK,ESMK,2000-01-01,2008-08-04,on_ds_daily_axis
BW-US2966891028,ESND,2000-01-01,2019-01-30,on_ds_daily_axis
BW-ESNI,ESNI,2000-01-01,2001-11-08,on_ds_daily_axis
BW-ESNJ,ESNJ,2000-01-01,2002-04-26,on_ds_daily_axis
BW-ESON,ESON,2000-01-01,2000-09-22,on_ds_daily_axis
BW-ESPR_OLD,ESPR_OLD,2000-01-01,2004-02-10,on_ds_daily_axis
BW-US30219G1085,ESRX,2000-01-01,2018-12-20,on_ds_daily_axis
BW-ESR_OLD,ESR_OLD,2000-01-01,2002-10-01,on_ds_daily_axis
BW-ESSCR,ESSCR,2000-01-01,2022-11-11,on_ds_daily_axis
BW-ESSCW,ESSCW,2000-01-01,2022-11-11,on_ds_daily_axis
BW-VGG2911D1087,ESSC_OLD,2000-01-01,2022-12-05,on_ds_daily_axis
BW-ESST,ESST,2000-01-01,2008-06-30,on_ds_daily_axis
BW-ESSX,ESSX,2000-01-01,2015-12-24,on_ds_daily_axis
BW-ESTR,ESTR,2000-01-01,2020-01-31,on_ds_daily_axis
BW-GB00B4VLR192,ESV,2000-01-01,2019-07-30,on_ds_daily_axis
BW-ESX,ESX,2000-01-01,2001-08-31,on_ds_daily_axis
BW-US2036121067,ESXB,2000-01-01,2021-12-06,on_ds_daily_axis
BW-ESYS,ESYS,2000-01-01,2015-01-22,on_ds_daily_axis
BW-C0001393744,ES_OLD,2000-01-01,2013-05-24,on_ds_daily_axis
BW-US26873Y1047,ETAC,2000-01-01,2022-09-09,on_ds_daily_axis
BW-ETACW,ETACW,2000-01-01,2022-09-02,on_ds_daily_axis
BW-C0001276187,ETE,2000-01-01,2019-12-26,on_ds_daily_axis
BW-ETELY,ETELY,2000-01-01,2009-04-24,on_ds_daily_axis
BW-ETF,ETF,2000-01-01,2015-07-31,on_ds_daily_axis
BW-US2692461047,ETFC,2000-01-01,2020-10-02,on_ds_daily_axis
BW-ETL,ETL,2000-01-01,2021-06-03,on_ds_daily_axis
BW-ETOP,ETOP,2000-01-01,2006-11-28,on_ds_daily_axis
BW-ETPC,ETPC,2000-01-01,2024-02-08,on_ds_daily_axis
BW-ETP_OLD1,ETP_OLD1,2000-01-01,2017-04-27,on_ds_daily_axis
BW-ETRM,ETRM,2000-01-01,2017-10-20,on_ds_daily_axis
BW-ETS_OLD,ETS_OLD,2000-01-01,2006-03-01,on_ds_daily_axis
BW-US2936141033,ETTX,2000-01-01,2022-07-11,on_ds_daily_axis
BW-ETYS,ETYS,2000-01-01,2001-02-26,on_ds_daily_axis
BW-C0001420850,ET_OLD,2000-01-01,2013-07-11,on_ds_daily_axis
BW-EUA,EUA,2000-01-01,2017-07-10,on_ds_daily_axis
BW-EUBK,EUBK,2000-01-01,2011-05-17,on_ds_daily_axis
BW-EUPH,EUPH,2000-01-01,2001-09-25,on_ds_daily_axis
BW-EURN,EURN,2000-01-01,2024-08-23,on_ds_daily_axis
BW-EURO,EURO,2000-01-01,2007-05-29,on_ds_daily_axis
BW-EUROY,EUROY,2000-01-01,2007-08-03,on_ds_daily_axis
BW-EURX,EURX,2000-01-01,2011-03-01,on_ds_daily_axis
BW-EUSGW,EUSGW,2000-01-01,2021-12-22,on_ds_daily_axis
BW-EVAC_OLD,EVAC_OLD,2000-01-01,2014-01-09,on_ds_daily_axis
BW-EVAR,EVAR,2000-01-01,2017-11-08,on_ds_daily_axis
BW-EVBS,EVBS,2000-01-01,2017-06-23,on_ds_daily_axis
BW-EVDY,EVDY,2000-01-01,2016-12-05,on_ds_daily_axis
BW-EVE-UN,EVE-UN,2000-01-01,2024-12-13,on_ds_daily_axis
BW-BBG00JXQ4YB3,EVEP,2000-01-01,2018-05-10,on_ds_daily_axis
BW-EVEQ,EVEQ,2000-01-01,2013-08-01,on_ds_daily_axis
BW-EVER1,EVER1,2000-01-01,2017-06-08,on_ds_daily_axis
BW-US27830G8630,EVGBC_OLD,2000-01-01,2020-08-17,on_ds_daily_axis
BW-KYG3312W1096,EVGR,2000-01-01,2026-03-02,on_ds_daily_axis
BW-BBG000BFZMK4,EVK,2000-01-01,2023-02-24,on_ds_daily_axis
BW-US92047K1079,EVLV_OLD,2000-01-01,2019-07-18,on_ds_daily_axis
BW-EVMD,EVMD,2000-01-01,2000-05-15,on_ds_daily_axis
BW-BBG00L1MLL30,EVOP,2000-01-01,2023-03-27,on_ds_daily_axis
BW-EVOQ,EVOQ,2000-01-01,2014-10-17,on_ds_daily_axis
BW-EVRYQ,EVRYQ,2000-01-01,2015-06-02,on_ds_daily_axis
BW-BBG000BBJG06,EVSI,2000-01-01,2021-01-28,on_ds_daily_axis
BW-EVSIW,EVSIW,2000-01-01,2020-09-15,on_ds_daily_axis
BW-USM375761014,EVSNF,2000-01-01,2017-03-24,on_ds_daily_axis
BW-EVST,EVST,2000-01-01,2007-09-20,on_ds_daily_axis
BW-EVVV,EVVV,2000-01-01,2010-07-12,on_ds_daily_axis
BW-US27826W1045,EVY,2000-01-01,2021-09-16,on_ds_daily_axis
BW-BBG00BCQ5VG3,EV_OLD2,2000-01-01,2021-03-01,on_ds_daily_axis
BW-EWB,EWB,2000-01-01,2001-05-31,on_ds_daily_axis
BW-EWTX_OLD,EWTX_OLD,2000-01-01,2021-06-23,on_ds_daily_axis
BW-EXA,EXA,2000-01-01,2017-11-16,on_ds_daily_axis
BW-EXAM,EXAM,2000-01-01,2016-07-27,on_ds_daily_axis
BW-EXAP,EXAP,2000-01-01,2002-06-11,on_ds_daily_axis
BW-EXAR,EXAR,2000-01-01,2017-05-11,on_ds_daily_axis
BW-EXCO,EXCO,2000-01-01,2003-07-29,on_ds_daily_axis
BW-EXCU,EXCU,2000-01-01,2017-05-31,on_ds_daily_axis
BW-EXCVV,EXCVV,2000-01-01,2023-06-28,on_ds_daily_axis
BW-EXDS,EXDS,2000-01-01,2001-09-25,on_ds_daily_axis
BW-EXEA,EXEA,2000-01-01,2006-11-09,on_ds_daily_axis
BW-EXEE,EXEE,2000-01-01,2003-12-19,on_ds_daily_axis
BW-EXEXA,EXEXA,2000-01-01,2010-06-21,on_ds_daily_axis
BW-EXGP,EXGP,2000-01-01,2002-01-10,on_ds_daily_axis
BW-EXH,EXH,2000-01-01,2015-11-03,on_ds_daily_axis
BW-C0001478950,EXL,2000-01-01,2015-07-31,on_ds_daily_axis
BW-EXLN,EXLN,2000-01-01,2002-12-19,on_ds_daily_axis
BW-EXLP,EXLP,2000-01-01,2015-11-03,on_ds_daily_axis
BW-EXLT,EXLT,2000-01-01,2004-09-30,on_ds_daily_axis
BW-EXMCQ,EXMCQ,2000-01-01,2014-02-14,on_ds_daily_axis
BW-BBG000C3B033,EXN,2000-01-01,2023-04-03,on_ds_daily_axis
BW-EXO,EXO,2000-01-01,2018-02-28,on_ds_daily_axis
BW-US30217C1099,EXPC,2000-01-01,2021-05-11,on_ds_daily_axis
BW-EXPCW,EXPCW,2000-01-01,2021-05-07,on_ds_daily_axis
BW-US30219E1038,EXPR,2000-01-01,2024-04-23,on_ds_daily_axis
BW-BBG01J3NR5X6,EXTO,2000-01-01,2025-03-12,on_ds_daily_axis
BW-C0001404973,EXXI,2000-01-01,2018-03-22,on_ds_daily_axis
BW-EYESW,EYESW,2000-01-01,2022-08-30,on_ds_daily_axis
BW-EYET,EYET,2000-01-01,2005-11-14,on_ds_daily_axis
BW-C0001168335,EYE_OLD,2000-01-01,2009-02-26,on_ds_daily_axis
BW-EZCH,EZCH,2000-01-01,2016-02-22,on_ds_daily_axis
BW-US3023142082,EZFL,2000-01-01,2025-02-13,on_ds_daily_axis
BW-EZM1,EZM1,2000-01-01,2008-04-02,on_ds_daily_axis
BW-EZM2,EZM2,2000-01-01,2006-10-31,on_ds_daily_axis
BW-US3024381069,FACA,2000-01-01,2022-12-29,on_ds_daily_axis
BW-FACA-U,FACA-U,2000-01-01,2021-12-17,on_ds_daily_axis
BW-FACA-UN,FACA-UN,2000-01-01,2022-12-29,on_ds_daily_axis
BW-FACA-WS,FACA-WS,2000-01-01,2022-01-13,on_ds_daily_axis
BW-FACE,FACE,2000-01-01,2012-12-12,on_ds_daily_axis
BW-KYG3663X1108,FACT_OLD,2000-01-01,2010-04-21,on_ds_daily_axis
BW-FADV,FADV,2000-01-01,2009-11-17,on_ds_daily_axis
BW-FAH,FAH,2000-01-01,2001-05-30,on_ds_daily_axis
BW-US3496421088,FAII,2000-01-01,2021-06-18,on_ds_daily_axis
BW-FAII-U,FAII-U,2000-01-01,2021-06-16,on_ds_daily_axis
BW-FAII-WS,FAII-WS,2000-01-01,2021-06-16,on_ds_daily_axis
BW-FAJ,FAJ,2000-01-01,2001-09-27,on_ds_daily_axis
BW-FAL,FAL,2000-01-01,2017-08-29,on_ds_daily_axis
BW-US30712A1034,FANH,2000-01-01,2024-10-23,on_ds_daily_axis
BW-FANT,FANT,2000-01-01,2001-05-17,on_ds_daily_axis
BW-FARC,FARC,2000-01-01,2000-05-05,on_ds_daily_axis
BW-FARL,FARL,2000-01-01,2007-03-05,on_ds_daily_axis
BW-FASH,FASH,2000-01-01,2002-12-26,on_ds_daily_axis
BW-FATB,FATB,2000-01-01,2000-11-16,on_ds_daily_axis
BW-FATS,FATS,2000-01-01,2006-10-18,on_ds_daily_axis
BW-FAUX,FAUX,2000-01-01,2002-11-06,on_ds_daily_axis
BW-FAVS,FAVS,2000-01-01,2014-05-28,on_ds_daily_axis
BW-FA_OLD,FA_OLD,2000-01-01,2021-06-09,on_ds_daily_axis
BW-FBA,FBA,2000-01-01,2002-12-31,on_ds_daily_axis
BW-FBAY,FBAY,2000-01-01,2004-04-08,on_ds_daily_axis
BW-FBBC,FBBC,2000-01-01,2003-08-29,on_ds_daily_axis
BW-BBG00L438H60,FBC,2000-01-01,2022-11-30,on_ds_daily_axis
BW-FBCP,FBCP,2000-01-01,2004-05-28,on_ds_daily_axis
BW-FBF,FBF,2000-01-01,2018-02-22,on_ds_daily_axis
BW-BBG00JWTLY10,FBM,2000-01-01,2021-01-28,on_ds_daily_axis
BW-FBMI,FBMI,2000-01-01,2014-05-30,on_ds_daily_axis
BW-FBMT,FBMT,2000-01-01,2006-04-13,on_ds_daily_axis
BW-FBNIQ,FBNIQ,2000-01-01,2014-07-31,on_ds_daily_axis
BW-US3198501039,FBNK,2000-01-01,2020-10-21,on_ds_daily_axis
BW-FBNW,FBNW,2000-01-01,2006-11-30,on_ds_daily_axis
BW-US31573A1097,FBR,2000-01-01,2019-01-03,on_ds_daily_axis
BW-FBRC,FBRC,2000-01-01,2017-06-01,on_ds_daily_axis
BW-FBTXQ,FBTXQ,2000-01-01,2015-01-06,on_ds_daily_axis
BW-US30606L2079,FCACU,2000-01-01,2021-07-01,on_ds_daily_axis
BW-FCACW,FCACW,2000-01-01,2021-07-02,on_ds_daily_axis
BW-FCAL1,FCAL1,2000-01-01,2013-06-03,on_ds_daily_axis
BW-FCAM,FCAM,2000-01-01,2016-12-14,on_ds_daily_axis
BW-NL0010877643,FCAU,2000-01-01,2021-01-15,on_ds_daily_axis
BW-KYG364271059,FCAX,2000-01-01,2023-01-13,on_ds_daily_axis
BW-FCAX-U,FCAX-U,2000-01-01,2021-12-17,on_ds_daily_axis
BW-FCAX-WS,FCAX-WS,2000-01-01,2022-01-13,on_ds_daily_axis
BW-US30255G1031,FCB,2000-01-01,2018-12-31,on_ds_daily_axis
BW-FCBIA,FCBIA,2000-01-01,2000-06-15,on_ds_daily_axis
BW-FCBIB,FCBIB,2000-01-01,2000-06-16,on_ds_daily_axis
BW-BBG00ZR22XP6,FCCY,2000-01-01,2022-01-14,on_ds_daily_axis
BW-FCEC,FCEC,2000-01-01,2010-12-10,on_ds_daily_axis
BW-FCFC,FCFC,2000-01-01,2013-05-17,on_ds_daily_axis
BW-FCFL,FCFL,2000-01-01,2012-04-05,on_ds_daily_axis
BW-FCFP,FCFP,2000-01-01,2017-06-30,on_ds_daily_axis
BW-FCGI,FCGI,2000-01-01,2008-01-11,on_ds_daily_axis
BW-FCH,FCH,2000-01-01,2017-08-31,on_ds_daily_axis
BW-FCIN,FCIN,2000-01-01,2002-03-28,on_ds_daily_axis
BW-FCL1,FCL1,2000-01-01,2009-07-31,on_ds_daily_axis
BW-FCLF,FCLF,2000-01-01,2016-09-08,on_ds_daily_axis
BW-FCLX,FCLX,2000-01-01,2000-08-28,on_ds_daily_axis
BW-FCMCQ,FCMCQ,2000-01-01,2012-08-09,on_ds_daily_axis
BW-FCME,FCME,2000-01-01,2001-08-29,on_ds_daily_axis
BW-FCNB,FCNB,2000-01-01,2001-01-08,on_ds_daily_axis
BW-FCP,FCP,2000-01-01,2016-07-26,on_ds_daily_axis
BW-FCPO,FCPO,2000-01-01,2007-11-16,on_ds_daily_axis
BW-FCRZ,FCRZ,2000-01-01,2021-06-18,on_ds_daily_axis
BW-FCS,FCS,2000-01-01,2016-09-16,on_ds_daily_axis
BW-US3157211000,FCSC,2000-01-01,2019-12-12,on_ds_daily_axis
BW-FCSEQ,FCSEQ,2000-01-01,2008-09-16,on_ds_daily_axis
BW-FCSX,FCSX,2000-01-01,2009-09-30,on_ds_daily_axis
BW-FCTR1,FCTR1,2000-01-01,2008-06-06,on_ds_daily_axis
BW-FCTY,FCTY,2000-01-01,2016-06-30,on_ds_daily_axis
BW-FCVA,FCVA,2000-01-01,2015-12-31,on_ds_daily_axis
BW-US3199631041,FDC,2000-01-01,2019-07-26,on_ds_daily_axis
BW-FDCC,FDCC,2000-01-01,2003-08-21,on_ds_daily_axis
BW-C0000883980,FDC_OLD,2000-01-01,2007-09-24,on_ds_daily_axis
BW-FDJA,FDJA,2000-01-01,2000-06-07,on_ds_daily_axis
BW-FDML,FDML,2000-01-01,2017-01-23,on_ds_daily_axis
BW-FDNHQ,FDNHQ,2000-01-01,2017-10-13,on_ds_daily_axis
BW-FDO,FDO,2000-01-01,2015-07-06,on_ds_daily_axis
BW-FDRY,FDRY,2000-01-01,2008-12-18,on_ds_daily_axis
BW-FDT1,FDT1,2000-01-01,2009-06-24,on_ds_daily_axis
BW-FDUSG,FDUSG,2000-01-01,2021-11-01,on_ds_daily_axis
BW-FDUSL,FDUSL,2000-01-01,2021-01-19,on_ds_daily_axis
BW-FDY,FDY,2000-01-01,2002-06-25,on_ds_daily_axis
BW-FEAC-U,FEAC-U,2000-01-01,2020-12-16,on_ds_daily_axis
BW-FEAC-WS,FEAC-WS,2000-01-01,2020-12-16,on_ds_daily_axis
BW-US34407Y1038,FEAC_OLD,2000-01-01,2020-12-17,on_ds_daily_axis
BW-C0001331427,FEED_OLD,2000-01-01,2011-12-19,on_ds_daily_axis
BW-FEES,FEES,2000-01-01,2021-12-14,on_ds_daily_axis
BW-FEIC,FEIC,2000-01-01,2016-09-19,on_ds_daily_axis
BW-FEP1,FEP1,2000-01-01,2010-02-24,on_ds_daily_axis
BW-FES,FES,2000-01-01,2016-11-18,on_ds_daily_axis
BW-FESX,FESX,2000-01-01,2004-02-06,on_ds_daily_axis
BW-FEYE,FEYE,2000-01-01,2021-12-06,on_ds_daily_axis
BW-FFBCW,FFBCW,2000-01-01,2018-12-24,on_ds_daily_axis
BW-FFBH,FFBH,2000-01-01,2014-06-02,on_ds_daily_axis
BW-FFBI,FFBI,2000-01-01,2007-03-12,on_ds_daily_axis
BW-FFBK,FFBK,2000-01-01,2004-05-14,on_ds_daily_axis
BW-FFBT,FFBT,2000-01-01,2012-12-31,on_ds_daily_axis
BW-FFBZ,FFBZ,2000-01-01,2004-12-30,on_ds_daily_axis
BW-FFCH,FFCH,2000-01-01,2013-07-26,on_ds_daily_axis
BW-US31429X1054,FFCO,2000-01-01,2014-10-31,on_ds_daily_axis
BW-FFD,FFD,2000-01-01,2012-09-14,on_ds_daily_axis
BW-FFDB,FFDB,2000-01-01,2005-12-23,on_ds_daily_axis
BW-FFEDQ,FFEDQ,2000-01-01,2011-12-07,on_ds_daily_axis
BW-FFEX,FFEX,2000-01-01,2013-08-20,on_ds_daily_axis
BW-FFFD,FFFD,2000-01-01,2012-06-22,on_ds_daily_axis
BW-FFFL,FFFL,2000-01-01,2007-01-05,on_ds_daily_axis
BW-FFH,FFH,2000-01-01,2017-05-03,on_ds_daily_axis
BW-FFHH,FFHH,2000-01-01,2004-10-27,on_ds_daily_axis
BW-KYG3704F1101,FFHL,2000-01-01,2023-02-24,on_ds_daily_axis
BW-FFHS,FFHS,2000-01-01,2011-03-16,on_ds_daily_axis
BW-FFI,FFI,2000-01-01,2018-09-26,on_ds_daily_axis
BW-US3095621062,FFKT,2000-01-01,2018-08-20,on_ds_daily_axis
BW-FFKY,FFKY,2000-01-01,2014-12-31,on_ds_daily_axis
BW-FFLC_OLD,FFLC_OLD,2000-01-01,2005-05-18,on_ds_daily_axis
BW-US32021X1054,FFNM,2000-01-01,2018-05-22,on_ds_daily_axis
BW-FFOH,FFOH,2000-01-01,2000-02-04,on_ds_daily_axis
BW-FFSL,FFSL,2000-01-01,2015-10-27,on_ds_daily_axis
BW-FFSW,FFSW,2000-01-01,2007-02-12,on_ds_daily_axis
BW-FFSX,FFSX,2000-01-01,2010-02-18,on_ds_daily_axis
BW-FFYF,FFYF,2000-01-01,2000-12-22,on_ds_daily_axis
BW-FG-WT,FG-WT,2000-01-01,2020-06-01,on_ds_daily_axis
BW-FGCI,FGCI,2000-01-01,2000-05-03,on_ds_daily_axis
BW-BBG00H8P68F8,FGEN,2000-01-01,2026-01-09,on_ds_daily_axis
BW-US30259W1045,FGF,2000-01-01,2025-10-10,on_ds_daily_axis
BW-FGHC,FGHC,2000-01-01,2003-05-01,on_ds_daily_axis
BW-US34416A2033,FGLD,2000-01-01,2023-05-18,on_ds_daily_axis
BW-FGL_OLD,FGL_OLD,2000-01-01,2024-11-01,on_ds_daily_axis
BW-FGNA-U,FGNA-U,2000-01-01,2021-07-20,on_ds_daily_axis
BW-FGNA-WS,FGNA-WS,2000-01-01,2021-07-20,on_ds_daily_axis
BW-FGXI,FGXI,2000-01-01,2010-03-12,on_ds_daily_axis
BW-FH,FH,2000-01-01,2020-07-15,on_ds_daily_axis
BW-FHCC,FHCC,2000-01-01,2005-01-28,on_ds_daily_axis
BW-FHCO,FHCO,2000-01-01,2017-08-04,on_ds_daily_axis
BW-FHL,FHL,2000-01-01,2019-10-23,on_ds_daily_axis
BW-FHR,FHR,2000-01-01,2017-03-13,on_ds_daily_axis
BW-US3205051002,FHS,2000-01-01,2022-11-18,on_ds_daily_axis
BW-BBG000BJKPG0,FI,2000-01-01,2025-11-10,on_ds_daily_axis
BW-FICC,FICC,2000-01-01,2007-07-17,on_ds_daily_axis
BW-FIF1,FIF1,2000-01-01,2010-02-18,on_ds_daily_axis
BW-FIFS,FIFS,2000-01-01,2012-10-31,on_ds_daily_axis
BW-BBG000BP0929,FII,2000-01-01,2020-01-31,on_ds_daily_axis
BW-FIIIW,FIIIW,2000-01-01,2021-06-25,on_ds_daily_axis
BW-FILM,FILM,2000-01-01,2001-08-17,on_ds_daily_axis
BW-FIMG,FIMG,2000-01-01,2009-03-02,on_ds_daily_axis
BW-FIN,FIN,2000-01-01,2020-04-29,on_ds_daily_axis
BW-FINB,FINB,2000-01-01,2008-01-02,on_ds_daily_axis
BW-C0000886137,FINL,2000-01-01,2018-06-15,on_ds_daily_axis
BW-KYG584111028,FINM,2000-01-01,2023-01-20,on_ds_daily_axis
BW-FIO,FIO,2000-01-01,2014-07-22,on_ds_daily_axis
BW-FIRE,FIRE,2000-01-01,2013-10-07,on_ds_daily_axis
BW-BBG009F7SXM1,FIT,2000-01-01,2021-01-19,on_ds_daily_axis
BW-BBG00KH5K1X4,FIXX,2000-01-01,2024-04-05,on_ds_daily_axis
BW-FJ,FJ,2000-01-01,2000-11-27,on_ds_daily_axis
BW-FJCC,FJCC,2000-01-01,2008-09-05,on_ds_daily_axis
BW-FKAN,FKAN,2000-01-01,2004-03-22,on_ds_daily_axis
BW-FKFS,FKFS,2000-01-01,2010-06-30,on_ds_daily_axis
BW-FKKY,FKKY,2000-01-01,2005-03-01,on_ds_daily_axis
BW-FLA,FLA,2000-01-01,2016-10-27,on_ds_daily_axis
BW-KYG3710A1058,FLAC,2000-01-01,2022-11-23,on_ds_daily_axis
BW-FLACW,FLACW,2000-01-01,2022-11-22,on_ds_daily_axis
BW-FLAG1,FLAG1,2000-01-01,2006-12-08,on_ds_daily_axis
BW-US3207031010,FLAG_OLD2,2000-01-01,2023-09-25,on_ds_daily_axis
BW-FLAS,FLAS,2000-01-01,2000-05-31,on_ds_daily_axis
BW-FLBC,FLBC,2000-01-01,2003-01-17,on_ds_daily_axis
BW-FLBK,FLBK,2000-01-01,2004-07-15,on_ds_daily_axis
BW-FLCN,FLCN,2000-01-01,2005-03-03,on_ds_daily_axis
BW-FLDR1,FLDR1,2000-01-01,2012-05-16,on_ds_daily_axis
BW-FLFV,FLFV,2000-01-01,2024-06-25,on_ds_daily_axis
BW-FLI,FLI,2000-01-01,2008-09-16,on_ds_daily_axis
BW-BBG000BHK836,FLIR,2000-01-01,2021-05-17,on_ds_daily_axis
BW-FLJ,FLJ,2000-01-01,2024-08-01,on_ds_daily_axis
BW-FLKY,FLKY,2000-01-01,2001-05-17,on_ds_daily_axis
BW-FLLC,FLLC,2000-01-01,2020-03-04,on_ds_daily_axis
BW-FLLCU,FLLCU,2000-01-01,2020-05-08,on_ds_daily_axis
BW-US33850F1084,FLME,2000-01-01,2024-04-17,on_ds_daily_axis
BW-FLME-U,FLME-U,2000-01-01,2021-12-17,on_ds_daily_axis
BW-FLME-WS,FLME-WS,2000-01-01,2021-12-17,on_ds_daily_axis
BW-FLMK,FLMK,2000-01-01,2001-05-21,on_ds_daily_axis
BW-US30607B1098,FLMN,2000-01-01,2022-08-05,on_ds_daily_axis
BW-FLOW1,FLOW1,2000-01-01,2014-01-31,on_ds_daily_axis
BW-FLSCQ,FLSCQ,2000-01-01,2012-03-13,on_ds_daily_axis
BW-BBG00CKGN1M3,FLT,2000-01-01,2024-05-24,on_ds_daily_axis
BW-FLTWQ,FLTWQ,2000-01-01,2009-07-24,on_ds_daily_axis
BW-FLTX,FLTX,2000-01-01,2016-11-04,on_ds_daily_axis
BW-US33938L1017,FLXE,2000-01-01,2021-11-04,on_ds_daily_axis
BW-US33938J1060,FLXN_OLD,2000-01-01,2021-11-19,on_ds_daily_axis
BW-KYG824721123,FLYA,2000-01-01,2022-12-20,on_ds_daily_axis
BW-FLYI,FLYI,2000-01-01,2006-02-28,on_ds_daily_axis
BW-FLYR,FLYR,2000-01-01,2006-08-08,on_ds_daily_axis
BW-C0002099232,FMAC,2000-01-01,2022-05-04,on_ds_daily_axis
BW-FMAC-U,FMAC-U,2000-01-01,2021-12-17,on_ds_daily_axis
BW-FMAC-WS,FMAC-WS,2000-01-01,2022-01-13,on_ds_daily_axis
BW-FMAR_OLD,FMAR_OLD,2000-01-01,2014-12-10,on_ds_daily_axis
BW-BBG00KD8ZMC3,FMBI,2000-01-01,2022-02-15,on_ds_daily_axis
BW-FMBIO,FMBIO,2000-01-01,2022-02-18,on_ds_daily_axis
BW-FMBIP,FMBIP,2000-01-01,2022-02-16,on_ds_daily_axis
BW-US2124811058,FMCI,2000-01-01,2020-10-16,on_ds_daily_axis
BW-FMCIR,FMCIR,2000-01-01,2018-02-22,on_ds_daily_axis
BW-US34986F2020,FMCIU,2000-01-01,2020-10-15,on_ds_daily_axis
BW-FMCIW,FMCIW,2000-01-01,2020-10-16,on_ds_daily_axis
BW-FMCN,FMCN,2000-01-01,2013-05-24,on_ds_daily_axis
BW-FMCO,FMCO,2000-01-01,2007-07-13,on_ds_daily_axis
BW-FMD,FMD,2000-01-01,2016-08-22,on_ds_daily_axis
BW-FMER,FMER,2000-01-01,2016-08-15,on_ds_daily_axis
BW-FMFC_OLD,FMFC_OLD,2000-01-01,2013-08-30,on_ds_daily_axis
BW-C0001488613,FMI,2000-01-01,2018-07-31,on_ds_daily_axis
BW-FMKIQ,FMKIQ,2000-01-01,2006-01-03,on_ds_daily_axis
BW-FMKT_OLD,FMKT_OLD,2000-01-01,2004-06-30,on_ds_daily_axis
BW-FMR,FMR,2000-01-01,2011-02-09,on_ds_daily_axis
BW-C0001010858,FMSA,2000-01-01,2018-05-31,on_ds_daily_axis
BW-FMSB,FMSB,2000-01-01,2008-02-01,on_ds_daily_axis
BW-FMTIF,FMTIF,2000-01-01,2010-04-16,on_ds_daily_axis
BW-CA31447N2041,FMTO,2000-01-01,2025-06-20,on_ds_daily_axis
BW-US34633R1041,FMTX,2000-01-01,2022-10-21,on_ds_daily_axis
BW-FMXLQ,FMXLQ,2000-01-01,2009-03-31,on_ds_daily_axis
BW-FNA_OLD,FNA_OLD,2000-01-01,2021-10-14,on_ds_daily_axis
BW-FNBF,FNBF,2000-01-01,2007-07-31,on_ds_daily_axis
BW-US3025151016,FNBG,2000-01-01,2018-07-13,on_ds_daily_axis
BW-FNCE,FNCE,2000-01-01,2001-08-03,on_ds_daily_axis
BW-FNCO,FNCO,2000-01-01,2000-06-14,on_ds_daily_axis
BW-BBG0099QK714,FNCX,2000-01-01,2017-06-21,on_ds_daily_axis
BW-FNDT,FNDT,2000-01-01,2011-11-30,on_ds_daily_axis
BW-FNET,FNET,2000-01-01,2010-03-03,on_ds_daily_axis
BW-FNFG,FNFG,2000-01-01,2016-07-29,on_ds_daily_axis
BW-FNFN,FNFN,2000-01-01,2004-06-10,on_ds_daily_axis
BW-FNFV,FNFV,2000-01-01,2017-11-17,on_ds_daily_axis
BW-C0000809398,FNF_OLD,2000-01-01,2006-11-09,on_ds_daily_axis
BW-FNGB_OLD,FNGB_OLD,2000-01-01,2000-11-01,on_ds_daily_axis
BW-C0001430592,FNGN,2000-01-01,2018-07-19,on_ds_daily_axis
BW-BBG00K9LW7Y1,FNHC,2000-01-01,2023-02-15,on_ds_daily_axis
BW-FNIN,FNIN,2000-01-01,2008-07-23,on_ds_daily_axis
BW-FNIS,FNIS,2000-01-01,2003-09-30,on_ds_daily_axis
BW-FNIX,FNIX,2000-01-01,2006-09-19,on_ds_daily_axis
BW-US31788H1059,FNJN,2000-01-01,2020-07-24,on_ds_daily_axis
BW-FNLYQ,FNLYQ,2000-01-01,2010-01-15,on_ds_daily_axis
BW-FNM,FNM,2000-01-01,2010-07-07,on_ds_daily_axis
BW-FNOX,FNOX,2000-01-01,2021-06-29,on_ds_daily_axis
BW-FNP,FNP,2000-01-01,2014-02-25,on_ds_daily_axis
BW-FNSC,FNSC,2000-01-01,2010-08-25,on_ds_daily_axis
BW-BBG000C26K28,FNSR,2000-01-01,2019-09-23,on_ds_daily_axis
BW-FNT,FNT,2000-01-01,2006-09-28,on_ds_daily_axis
BW-FNTE,FNTE,2000-01-01,2018-07-26,on_ds_daily_axis
BW-US31810G2084,FNTEU,2000-01-01,2018-07-25,on_ds_daily_axis
BW-FO,FO,2000-01-01,2011-10-03,on_ds_daily_axis
BW-FOB1,FOB1,2000-01-01,2006-06-30,on_ds_daily_axis
BW-FOBB,FOBB,2000-01-01,2006-08-25,on_ds_daily_axis
BW-BBG000BJQK11,FOE,2000-01-01,2022-04-21,on_ds_daily_axis
BW-FOHL,FOHL,2000-01-01,2014-05-30,on_ds_daily_axis
BW-FOM,FOM,2000-01-01,2000-03-07,on_ds_daily_axis
BW-C0001606645,FOMX,2000-01-01,2020-03-06,on_ds_daily_axis
BW-FOOD1,FOOD1,2000-01-01,2011-09-15,on_ds_daily_axis
BW-FOOT,FOOT,2000-01-01,2019-04-26,on_ds_daily_axis
BW-FORBQ,FORBQ,2000-01-01,2013-04-18,on_ds_daily_axis
BW-US34552Y1064,FORE,2000-01-01,2021-12-08,on_ds_daily_axis
BW-FOREW,FOREW,2000-01-01,2021-12-03,on_ds_daily_axis
BW-KYG3729B1023,FORK,2000-01-01,2020-11-23,on_ds_daily_axis
BW-FORS,FORS,2000-01-01,2000-11-20,on_ds_daily_axis
BW-KYG3661E1061,FOUN,2000-01-01,2024-05-28,on_ds_daily_axis
BW-FOUNW,FOUNW,2000-01-01,2022-08-15,on_ds_daily_axis
BW-FOX1,FOX1,2000-01-01,2019-03-12,on_ds_daily_axis
BW-FOXA1,FOXA1,2000-01-01,2019-03-12,on_ds_daily_axis
BW-FOXH,FOXH,2000-01-01,2007-10-04,on_ds_daily_axis
BW-US35166L1098,FOXW,2000-01-01,2023-02-03,on_ds_daily_axis
BW-FOXX_OLD,FOXX_OLD,2000-01-01,2006-03-01,on_ds_daily_axis
BW-KYG3312L1032,FPAC,2000-01-01,2023-03-07,on_ds_daily_axis
BW-FPAC-U,FPAC-U,2000-01-01,2022-01-14,on_ds_daily_axis
BW-FPAC-WS,FPAC-WS,2000-01-01,2020-08-28,on_ds_daily_axis
BW-FPAC-WT,FPAC-WT,2000-01-01,2020-08-28,on_ds_daily_axis
BW-FPAC_OLD,FPAC_OLD,2000-01-01,2020-08-28,on_ds_daily_axis
BW-BBG000TX5LD9,FPAY,2000-01-01,2025-12-24,on_ds_daily_axis
BW-FPAYW,FPAYW,2000-01-01,2020-02-19,on_ds_daily_axis
BW-FPBI,FPBI,2000-01-01,2012-01-31,on_ds_daily_axis
BW-FPBN,FPBN,2000-01-01,2010-08-10,on_ds_daily_axis
BW-FPC,FPC,2000-01-01,2022-03-02,on_ds_daily_axis
BW-FPFCQ,FPFCQ,2000-01-01,2014-09-22,on_ds_daily_axis
BW-FPFX,FPFX,2000-01-01,2012-02-22,on_ds_daily_axis
BW-FPIC,FPIC,2000-01-01,2011-10-19,on_ds_daily_axis
BW-FPO,FPO,2000-01-01,2017-09-29,on_ds_daily_axis
BW-FPP,FPP,2000-01-01,2017-11-27,on_ds_daily_axis
BW-BBG000TYL740,FPRX,2000-01-01,2021-04-16,on_ds_daily_axis
BW-FPU,FPU,2000-01-01,2009-10-28,on_ds_daily_axis
BW-FPWBQ,FPWBQ,2000-01-01,2010-03-02,on_ds_daily_axis
BW-C0001549848,FRAC,2000-01-01,2019-11-06,on_ds_daily_axis
BW-FRC,FRC,2000-01-01,2023-05-22,on_ds_daily_axis
BW-FRCMQ,FRCMQ,2000-01-01,2011-01-24,on_ds_daily_axis
BW-BBG000CQ8K32,FRED,2000-01-01,2019-09-17,on_ds_daily_axis
BW-US35803L1089,FREQ,2000-01-01,2023-11-16,on_ds_daily_axis
BW-FREY-WS,FREY-WS,2000-01-01,2024-07-26,on_ds_daily_axis
BW-FRF,FRF,2000-01-01,2014-12-03,on_ds_daily_axis
BW-FRGBQ,FRGBQ,2000-01-01,2014-10-27,on_ds_daily_axis
BW-FRGO,FRGO,2000-01-01,2006-08-03,on_ds_daily_axis
BW-FRK,FRK,2000-01-01,2007-11-14,on_ds_daily_axis
BW-C0001042017,FRM,2000-01-01,2016-02-29,on_ds_daily_axis
BW-FRN1,FRN1,2000-01-01,2007-08-30,on_ds_daily_axis
BW-FRNK,FRNK,2000-01-01,2015-01-02,on_ds_daily_axis
BW-KYG368261080,FRON,2000-01-01,2023-03-24,on_ds_daily_axis
BW-US3055603027,FRP,2000-01-01,2017-07-03,on_ds_daily_axis
BW-FRPT1,FRPT1,2000-01-01,2011-12-19,on_ds_daily_axis
BW-FRRSF,FRRSF,2000-01-01,2023-10-20,on_ds_daily_axis
BW-US3361691070,FRSG,2000-01-01,2023-03-15,on_ds_daily_axis
BW-FRSH1,FRSH1,2000-01-01,2006-02-27,on_ds_daily_axis
BW-US6988141007,FRSH_OLD,2000-01-01,2019-05-22,on_ds_daily_axis
BW-FRSH_OLDOLDOLD,FRSH_OLDOLDOLD,2000-01-01,2024-07-31,on_ds_daily_axis
BW-BBG00F32WP25,FRTA,2000-01-01,2022-03-18,on_ds_daily_axis
BW-FRTL,FRTL,2000-01-01,2016-02-12,on_ds_daily_axis
BW-FRTZ,FRTZ,2000-01-01,2001-05-24,on_ds_daily_axis
BW-US74709Q1013,FRW,2000-01-01,2022-12-07,on_ds_daily_axis
BW-FRX-UN,FRX-UN,2000-01-01,2021-06-25,on_ds_daily_axis
BW-FRX-WS,FRX-WS,2000-01-01,2021-12-20,on_ds_daily_axis
BW-FRXB-U,FRXB-U,2000-01-01,2021-12-17,on_ds_daily_axis
BW-FRXB-WS,FRXB-WS,2000-01-01,2021-12-17,on_ds_daily_axis
BW-C0000038074,FRX_OLD,2000-01-01,2014-06-30,on_ds_daily_axis
BW-FRZ,FRZ,2000-01-01,2012-06-01,on_ds_daily_axis
BW-FS,FS,2000-01-01,2007-04-26,on_ds_daily_axis
BW-FSAC,FSAC,2000-01-01,2019-01-04,on_ds_daily_axis
BW-US31421V1070,FSACU,2000-01-01,2018-12-31,on_ds_daily_axis
BW-FSACW,FSACW,2000-01-01,2019-01-04,on_ds_daily_axis
BW-C0001551097,FSB,2000-01-01,2021-05-06,on_ds_daily_axis
BW-FSBC2,FSBC2,2000-01-01,2006-01-03,on_ds_daily_axis
BW-US35952B1098,FSBC_OLD,2000-01-01,2020-05-01,on_ds_daily_axis
BW-FSBI,FSBI,2000-01-01,2012-11-30,on_ds_daily_axis
BW-FSBK,FSBK,2000-01-01,2017-10-31,on_ds_daily_axis
BW-US33646D1028,FSBS,2000-01-01,2008-12-19,on_ds_daily_axis
BW-FSC,FSC,2000-01-01,2017-10-17,on_ds_daily_axis
BW-FSCE,FSCE,2000-01-01,2017-11-03,on_ds_daily_axis
BW-FSCFL,FSCFL,2000-01-01,2017-10-17,on_ds_daily_axis
BW-FSCI,FSCI,2000-01-01,2013-08-08,on_ds_daily_axis
BW-BBG00J3YZB43,FSCT,2000-01-01,2020-08-18,on_ds_daily_axis
BW-US3030201012,FSDC,2000-01-01,2021-03-30,on_ds_daily_axis
BW-FSFF,FSFF,2000-01-01,2018-12-03,on_ds_daily_axis
BW-FSFR,FSFR,2000-01-01,2017-10-17,on_ds_daily_axis
BW-FSFT,FSFT,2000-01-01,2001-04-30,on_ds_daily_axis
BW-FSGI,FSGI,2000-01-01,2015-10-30,on_ds_daily_axis
BW-FSH,FSH,2000-01-01,2006-11-09,on_ds_daily_axis
BW-FSII,FSII,2000-01-01,2021-12-23,on_ds_daily_axis
BW-US30318F1003,FSII_OLD,2000-01-01,2012-10-11,on_ds_daily_axis
BW-FSIN,FSIN,2000-01-01,2012-12-26,on_ds_daily_axis
BW-FSL,FSL,2000-01-01,2015-12-07,on_ds_daily_axis
BW-FSLA,FSLA,2000-01-01,2004-07-14,on_ds_daily_axis
BW-FSLF,FSLF,2000-01-01,2021-07-09,on_ds_daily_axis
BW-FSL_OLD,FSL_OLD,2000-01-01,2006-12-01,on_ds_daily_axis
BW-FSM1,FSM1,2000-01-01,2006-07-12,on_ds_daily_axis
BW-FSN,FSN,2000-01-01,2000-02-29,on_ds_daily_axis
BW-FSNB-U,FSNB-U,2000-01-01,2021-12-17,on_ds_daily_axis
BW-FSNB-UN,FSNB-UN,2000-01-01,2023-10-17,on_ds_daily_axis
BW-FSNB-WS,FSNB-WS,2000-01-01,2021-12-17,on_ds_daily_axis
BW-FSNMQ,FSNMQ,2000-01-01,2011-06-07,on_ds_daily_axis
BW-C0001071411,FSNN,2000-01-01,2019-04-24,on_ds_daily_axis
BW-FSPT,FSPT,2000-01-01,2001-03-02,on_ds_daily_axis
BW-BBG00WPRT616,FSR,2000-01-01,2024-03-28,on_ds_daily_axis
BW-FSR-WT,FSR-WT,2000-01-01,2021-04-16,on_ds_daily_axis
BW-US31187R1005,FSRD,2000-01-01,2023-01-19,on_ds_daily_axis
BW-FSRDW,FSRDW,2000-01-01,2022-11-17,on_ds_daily_axis
BW-US3180851079,FSRV,2000-01-01,2021-06-10,on_ds_daily_axis
BW-FSRVW,FSRVW,2000-01-01,2021-06-10,on_ds_daily_axis
BW-US34962M1062,FSSI,2000-01-01,2022-12-16,on_ds_daily_axis
BW-FSST_OLD,FSST_OLD,2000-01-01,2021-09-16,on_ds_daily_axis
BW-C0000038079,FST,2000-01-01,2022-08-25,on_ds_daily_axis
BW-FST-U,FST-U,2000-01-01,2020-10-06,on_ds_daily_axis
BW-FST-UN,FST-UN,2000-01-01,2022-08-25,on_ds_daily_axis
BW-FSTP,FSTP,2000-01-01,2003-02-18,on_ds_daily_axis
BW-C0001566373,FSTX,2000-01-01,2023-03-17,on_ds_daily_axis
BW-FSYS,FSYS,2000-01-01,2016-06-01,on_ds_daily_axis
BW-KYG372831019,FTAA,2000-01-01,2023-03-03,on_ds_daily_axis
BW-FTAAW,FTAAW,2000-01-01,2023-02-23,on_ds_daily_axis
BW-US31811A3095,FTACU,2000-01-01,2020-10-16,on_ds_daily_axis
BW-FTACW,FTACW,2000-01-01,2020-10-16,on_ds_daily_axis
BW-FTAL,FTAL,2000-01-01,2020-09-04,on_ds_daily_axis
BW-FTAR,FTAR,2000-01-01,2012-04-18,on_ds_daily_axis
BW-FTCG,FTCG,2000-01-01,2003-10-31,on_ds_daily_axis
BW-KY30744W1070,FTCH,2000-01-01,2024-02-16,on_ds_daily_axis
BW-C0001829328,FTCV,2000-01-01,2022-12-16,on_ds_daily_axis
BW-BBG00K9D6VQ4,FTD,2000-01-01,2019-06-12,on_ds_daily_axis
BW-FTD1,FTD1,2000-01-01,2008-08-26,on_ds_daily_axis
BW-US35905J1007,FTEO,2000-01-01,2020-02-12,on_ds_daily_axis
BW-KYG3R19A1046,FTEV,2000-01-01,2023-03-03,on_ds_daily_axis
BW-FTEV-U,FTEV-U,2000-01-01,2021-12-17,on_ds_daily_axis
BW-FTEV-WS,FTEV-WS,2000-01-01,2021-12-27,on_ds_daily_axis
BW-FTFC,FTFC,2000-01-01,2004-10-29,on_ds_daily_axis
BW-FTGX,FTGX,2000-01-01,2009-09-09,on_ds_daily_axis
BW-FTHL,FTHL,2000-01-01,2002-06-12,on_ds_daily_axis
BW-FTHR,FTHR,2000-01-01,2006-10-27,on_ds_daily_axis
BW-FTI1,FTI1,2000-01-01,2017-01-13,on_ds_daily_axis
BW-US31810N3026,FTIVU,2000-01-01,2021-06-25,on_ds_daily_axis
BW-FTIVW,FTIVW,2000-01-01,2021-06-24,on_ds_daily_axis
BW-FTLK,FTLK,2000-01-01,2011-08-25,on_ds_daily_axis
BW-US30283R4020,FTNW,2000-01-01,2019-12-11,on_ds_daily_axis
BW-FTO,FTO,2000-01-01,2019-04-26,on_ds_daily_axis
BW-KYG372881188,FTOCU,2000-01-01,2021-06-25,on_ds_daily_axis
BW-FTOCW,FTOCW,2000-01-01,2021-06-25,on_ds_daily_axis
BW-US30319B1089,FTPA_OLD,2000-01-01,2023-03-24,on_ds_daily_axis
BW-FTRL,FTRL,2000-01-01,2001-08-13,on_ds_daily_axis
BW-CA31656R1029,FTRP,2000-01-01,2022-10-18,on_ds_daily_axis
BW-BBG011S4NQW9,FTSI,2000-01-01,2022-03-04,on_ds_daily_axis
BW-FTSV,FTSV,2000-01-01,2020-04-06,on_ds_daily_axis
BW-FTUSQ,FTUSQ,2000-01-01,2016-02-22,on_ds_daily_axis
BW-US31811H1068,FTVI,2000-01-01,2023-01-05,on_ds_daily_axis
BW-FUBC,FUBC,2000-01-01,2014-10-31,on_ds_daily_axis
BW-FUEL,FUEL,2000-01-01,2017-09-05,on_ds_daily_axis
BW-FUEL1,FUEL1,2000-01-01,2014-03-05,on_ds_daily_axis
BW-FULL,FULL,2000-01-01,2016-11-03,on_ds_daily_axis
BW-FUR,FUR,2000-01-01,2016-08-01,on_ds_daily_axis
BW-FURX,FURX,2000-01-01,2014-07-01,on_ds_daily_axis
BW-FUSA,FUSA,2000-01-01,2004-01-21,on_ds_daily_axis
BW-FUSE-U,FUSE-U,2000-01-01,2021-12-17,on_ds_daily_axis
BW-FUSE-WS,FUSE-WS,2000-01-01,2021-12-17,on_ds_daily_axis
BW-FUSE-WT,FUSE-WT,2000-01-01,2021-09-22,on_ds_daily_axis
BW-US36118H1059,FUSE_OLD1,2000-01-01,2021-09-22,on_ds_daily_axis
BW-BBG00HQ780X3,FUV,2000-01-01,2024-05-01,on_ds_daily_axis
BW-FVAC-UN,FVAC-UN,2000-01-01,2020-11-18,on_ds_daily_axis
BW-US33836P1057,FVAM,2000-01-01,2022-10-26,on_ds_daily_axis
BW-FVB,FVB,2000-01-01,2003-07-01,on_ds_daily_axis
BW-BBG00ZR23NC1,FVE,2000-01-01,2022-03-31,on_ds_daily_axis
BW-US34964K1088,FVIV,2000-01-01,2022-11-22,on_ds_daily_axis
BW-FVNB,FVNB,2000-01-01,2001-08-13,on_ds_daily_axis
BW-US34964G1076,FVT,2000-01-01,2022-11-22,on_ds_daily_axis
BW-FVT-UN,FVT-UN,2000-01-01,2022-11-22,on_ds_daily_axis
BW-KYG341421025,FWAC,2000-01-01,2023-08-25,on_ds_daily_axis
BW-FWBN,FWBN,2000-01-01,2001-12-21,on_ds_daily_axis
BW-FWFC,FWFC,2000-01-01,2004-12-28,on_ds_daily_axis
BW-FWLT,FWLT,2000-01-01,2014-12-03,on_ds_daily_axis
BW-FWM,FWM,2000-01-01,2016-07-06,on_ds_daily_axis
BW-US34986J2042,FWP,2000-01-01,2023-02-28,on_ds_daily_axis
BW-FWV,FWV,2000-01-01,2015-11-13,on_ds_daily_axis
BW-FXAI,FXAI,2000-01-01,2012-09-11,on_ds_daily_axis
BW-FXCB,FXCB,2000-01-01,2016-06-30,on_ds_daily_axis
BW-FXEN,FXEN,2000-01-01,2015-12-31,on_ds_daily_axis
BW-FXENP,FXENP,2000-01-01,2016-01-06,on_ds_daily_axis
BW-FZT-U,FZT-U,2000-01-01,2021-12-17,on_ds_daily_axis
BW-FZT-WS,FZT-WS,2000-01-01,2021-12-17,on_ds_daily_axis
BW-GA,GA,2000-01-01,2014-07-18,on_ds_daily_axis
BW-US37892B1089,GACQ,2000-01-01,2023-01-05,on_ds_daily_axis
BW-GADZ,GADZ,2000-01-01,2006-02-17,on_ds_daily_axis
BW-GAGA,GAGA,2000-01-01,2014-12-02,on_ds_daily_axis
BW-GAI,GAI,2000-01-01,2020-01-24,on_ds_daily_axis
BW-GALTW,GALTW,2000-01-01,2017-03-23,on_ds_daily_axis
BW-US3807991068,GAMC,2000-01-01,2024-08-30,on_ds_daily_axis
BW-CA29287W1023,GAME_OLD,2000-01-01,2015-11-18,on_ds_daily_axis
BW-GANS,GANS,2000-01-01,2020-12-31,on_ds_daily_axis
BW-GAPA-U,GAPA-U,2000-01-01,2021-12-17,on_ds_daily_axis
BW-GAPA-WS,GAPA-WS,2000-01-01,2022-01-14,on_ds_daily_axis
BW-GAPTQ,GAPTQ,2000-01-01,2012-03-14,on_ds_daily_axis
BW-GAQ-UN,GAQ-UN,2000-01-01,2024-05-28,on_ds_daily_axis
BW-GAS,GAS,2000-01-01,2016-06-30,on_ds_daily_axis
BW-GAS1,GAS1,2000-01-01,2011-12-09,on_ds_daily_axis
BW-GATT,GATT,2000-01-01,2001-03-28,on_ds_daily_axis
BW-US37961B1044,GBBK_OLD,2000-01-01,2007-09-28,on_ds_daily_axis
BW-GBCB,GBCB,2000-01-01,2003-10-20,on_ds_daily_axis
BW-GBGLF,GBGLF,2000-01-01,2013-06-13,on_ds_daily_axis
BW-GBIXQ,GBIXQ,2000-01-01,2008-06-16,on_ds_daily_axis
BW-BBG000BLP360,GBL,2000-01-01,2022-12-08,on_ds_daily_axis
BW-USG393191196,GBLIZ,2000-01-01,2020-08-14,on_ds_daily_axis
BW-GBND_OLD,GBND_OLD,2000-01-01,2005-08-16,on_ds_daily_axis
BW-GBNE,GBNE,2000-01-01,2001-11-01,on_ds_daily_axis
BW-CA3937043097,GBNH,2000-01-01,2024-04-26,on_ds_daily_axis
BW-US40075T1025,GBNK,2000-01-01,2018-12-31,on_ds_daily_axis
BW-GBP,GBP,2000-01-01,2021-07-16,on_ds_daily_axis
BW-GBSE,GBSE,2000-01-01,2000-03-16,on_ds_daily_axis
BW-US39013L6011,GBSN,2000-01-01,2019-12-04,on_ds_daily_axis
BW-BBG00JQ6G883,GBT,2000-01-01,2022-10-05,on_ds_daily_axis
BW-GBTB,GBTB,2000-01-01,2008-04-30,on_ds_daily_axis
BW-GBTS,GBTS,2000-01-01,2008-12-31,on_ds_daily_axis
BW-GBTVQ,GBTVQ,2000-01-01,2007-06-05,on_ds_daily_axis
BW-GCA,GCA,2000-01-01,2015-08-21,on_ds_daily_axis
BW-C0001406251,GCAC,2000-01-01,2022-02-14,on_ds_daily_axis
BW-GCACW,GCACW,2000-01-01,2022-02-10,on_ds_daily_axis
BW-BBG00FZ5BDT4,GCAP,2000-01-01,2020-07-30,on_ds_daily_axis
BW-BBG005C9FQQ3,GCI_OLD,2000-01-01,2021-02-01,on_ds_daily_axis
BW-GCOM,GCOM,2000-01-01,2013-12-10,on_ds_daily_axis
BW-BBG00G5CYWD0,GCP,2000-01-01,2022-10-06,on_ds_daily_axis
BW-GCSAY,GCSAY,2000-01-01,2013-03-12,on_ds_daily_axis
BW-GCT_OLD,GCT_OLD,2000-01-01,2008-06-11,on_ds_daily_axis
BW-GCVRZ,GCVRZ,2000-01-01,2020-03-03,on_ds_daily_axis
BW-GCW,GCW,2000-01-01,2002-06-26,on_ds_daily_axis
BW-BBG00GPYRR21,GDI,2000-01-01,2020-06-08,on_ds_daily_axis
BW-GDI1,GDI1,2000-01-01,2013-07-30,on_ds_daily_axis
BW-GDLN,GDLN,2000-01-01,2007-09-12,on_ds_daily_axis
BW-GDN,GDN,2000-01-01,2017-12-14,on_ds_daily_axis
BW-BBG011DXF4Y7,GDP,2000-01-01,2021-12-31,on_ds_daily_axis
BW-GDT_OLD,GDT_OLD,2000-01-01,2006-04-21,on_ds_daily_axis
BW-GDW,GDW,2000-01-01,2016-06-28,on_ds_daily_axis
BW-GDYNW,GDYNW,2000-01-01,2021-08-30,on_ds_daily_axis
BW-GDYS,GDYS,2000-01-01,2006-01-27,on_ds_daily_axis
BW-GEAC,GEAC,2000-01-01,2006-03-14,on_ds_daily_axis
BW-GEC,GEC,2000-01-01,2021-03-01,on_ds_daily_axis
BW-GECCN,GECCN,2000-01-01,2023-09-06,on_ds_daily_axis
BW-GEDU,GEDU,2000-01-01,2011-12-20,on_ds_daily_axis
BW-KYG3731J1195,GEEX,2000-01-01,2023-04-21,on_ds_daily_axis
BW-GEEXW,GEEXW,2000-01-01,2023-04-21,on_ds_daily_axis
BW-GEG_OLD,GEG_OLD,2000-01-01,2021-02-12,on_ds_daily_axis
BW-GEHL,GEHL,2000-01-01,2008-10-27,on_ds_daily_axis
BW-GELX,GELX,2000-01-01,2000-12-13,on_ds_daily_axis
BW-US36870A1088,GEMP,2000-01-01,2019-12-30,on_ds_daily_axis
BW-GEMP1,GEMP1,2000-01-01,2007-01-26,on_ds_daily_axis
BW-GEN1,GEN1,2000-01-01,2012-12-14,on_ds_daily_axis
BW-GENI_OLD,GENI_OLD,2000-01-01,2001-09-25,on_ds_daily_axis
BW-GENTY,GENTY,2000-01-01,2014-04-11,on_ds_daily_axis
BW-BBG000Q4FY01,GEN_OLD,2000-01-01,2021-05-27,on_ds_daily_axis
BW-GEOI,GEOI,2000-01-01,2012-07-31,on_ds_daily_axis
BW-GEOKQ,GEOKQ,2000-01-01,2013-05-10,on_ds_daily_axis
BW-US37248H3049,GEOR,2000-01-01,2021-11-29,on_ds_daily_axis
BW-GEOY,GEOY,2000-01-01,2013-01-31,on_ds_daily_axis
BW-GEPT,GEPT,2000-01-01,2013-08-06,on_ds_daily_axis
BW-GETI,GETI,2000-01-01,2009-10-29,on_ds_daily_axis
BW-GETY-WT,GETY-WT,2000-01-01,2022-10-18,on_ds_daily_axis
BW-GEVA,GEVA,2000-01-01,2015-06-22,on_ds_daily_axis
BW-GEXA,GEXA,2000-01-01,2005-06-20,on_ds_daily_axis
BW-C0001331301,GFA,2000-01-01,2018-12-17,on_ds_daily_axis
BW-US40108P1012,GFED,2000-01-01,2022-04-04,on_ds_daily_axis
BW-GFG,GFG,2000-01-01,2009-08-21,on_ds_daily_axis
BW-GFIG,GFIG,2000-01-01,2016-01-11,on_ds_daily_axis
BW-GFLS,GFLS,2000-01-01,2008-06-30,on_ds_daily_axis
BW-GFNSZ,GFNSZ,2000-01-01,2021-06-23,on_ds_daily_axis
BW-US3842721009,GFOR,2000-01-01,2023-09-29,on_ds_daily_axis
BW-GFOR-UN,GFOR-UN,2000-01-01,2023-09-29,on_ds_daily_axis
BW-GFR_OLD,GFR_OLD,2000-01-01,2007-09-28,on_ds_daily_axis
BW-GFSI,GFSI,2000-01-01,2009-10-01,on_ds_daily_axis
BW-GFX-U,GFX-U,2000-01-01,2021-12-17,on_ds_daily_axis
BW-US3809564095,GG,2000-01-01,2019-04-17,on_ds_daily_axis
BW-GGAC,GGAC,2000-01-01,2016-07-20,on_ds_daily_axis
BW-GGACU,GGACU,2000-01-01,2017-09-11,on_ds_daily_axis
BW-GGACW,GGACW,2000-01-01,2016-07-22,on_ds_daily_axis
BW-GGBMQ,GGBMQ,2000-01-01,2015-05-04,on_ds_daily_axis
BW-GGC,GGC,2000-01-01,2018-08-29,on_ds_daily_axis
BW-GGEN,GGEN,2000-01-01,2001-01-04,on_ds_daily_axis
BW-US3624251001,GGGV,2000-01-01,2022-07-15,on_ds_daily_axis
BW-GGGVR,GGGVR,2000-01-01,2022-07-06,on_ds_daily_axis
BW-C0000896726,GGLR,2000-01-01,2017-10-19,on_ds_daily_axis
BW-US3785791068,GGMC,2000-01-01,2022-12-23,on_ds_daily_axis
BW-GGMC_OLD,GGMC_OLD,2000-01-01,2019-06-07,on_ds_daily_axis
BW-GGNS,GGNS,2000-01-01,2005-03-10,on_ds_daily_axis
BW-US36250J1097,GGO,2000-01-01,2021-12-17,on_ds_daily_axis
BW-US36174X1019,GGP,2000-01-01,2018-08-27,on_ds_daily_axis
BW-US38286Q1076,GGPI,2000-01-01,2022-08-25,on_ds_daily_axis
BW-GGPIW,GGPIW,2000-01-01,2022-06-23,on_ds_daily_axis
BW-GGUY,GGUY,2000-01-01,2003-12-19,on_ds_daily_axis
BW-GGXY,GGXY,2000-01-01,2007-02-13,on_ds_daily_axis
BW-US3646811063,GHAC,2000-01-01,2022-12-23,on_ds_daily_axis
BW-BBG000BMCC26,GHDX,2000-01-01,2019-11-07,on_ds_daily_axis
BW-GHIVW,GHIVW,2000-01-01,2021-01-21,on_ds_daily_axis
BW-US38286R2040,GHVIU,2000-01-01,2021-07-22,on_ds_daily_axis
BW-GI,GI,2000-01-01,2016-11-21,on_ds_daily_axis
BW-GI1,GI1,2000-01-01,2007-05-31,on_ds_daily_axis
BW-KYG385371094,GIAC,2000-01-01,2023-01-26,on_ds_daily_axis
BW-GIACW,GIACW,2000-01-01,2023-01-25,on_ds_daily_axis
BW-GIBG,GIBG,2000-01-01,2000-03-09,on_ds_daily_axis
BW-GIFH,GIFH,2000-01-01,2001-07-23,on_ds_daily_axis
BW-GIFT_OLD,GIFT_OLD,2000-01-01,2024-09-04,on_ds_daily_axis
BW-GIG-U,GIG-U,2000-01-01,2020-10-08,on_ds_daily_axis
BW-GIG-WS,GIG-WS,2000-01-01,2020-10-08,on_ds_daily_axis
BW-GIG-WT,GIG-WT,2000-01-01,2019-11-25,on_ds_daily_axis
BW-GIG1,GIG1,2000-01-01,2017-04-03,on_ds_daily_axis
BW-GIGGW_OLD,GIGGW_OLD,2000-01-01,2021-12-21,on_ds_daily_axis
BW-GIGX,GIGX,2000-01-01,2001-03-22,on_ds_daily_axis
BW-US37518G1013,GIG_OLD,2000-01-01,2020-10-08,on_ds_daily_axis
BW-US3828631081,GIIX,2000-01-01,2023-01-06,on_ds_daily_axis
BW-GIK-U,GIK-U,2000-01-01,2021-09-17,on_ds_daily_axis
BW-GIK-UN,GIK-UN,2000-01-01,2021-05-06,on_ds_daily_axis
BW-GIK-WS,GIK-WS,2000-01-01,2021-12-17,on_ds_daily_axis
BW-GIMO,GIMO,2000-01-01,2017-12-26,on_ds_daily_axis
BW-GISH,GISH,2000-01-01,2003-04-07,on_ds_daily_axis
BW-GISX,GISX,2000-01-01,2007-05-11,on_ds_daily_axis
BW-GIVN,GIVN,2000-01-01,2014-02-26,on_ds_daily_axis
BW-C0002080019,GIW,2000-01-01,2022-12-30,on_ds_daily_axis
BW-BBG00XJFVWC5,GIX,2000-01-01,2021-12-16,on_ds_daily_axis
BW-GIX-U,GIX-U,2000-01-01,2021-12-20,on_ds_daily_axis
BW-GIX-UN,GIX-UN,2000-01-01,2020-08-20,on_ds_daily_axis
BW-GIX-WS,GIX-WS,2000-01-01,2021-12-16,on_ds_daily_axis
BW-GIX-WT,GIX-WT,2000-01-01,2021-06-10,on_ds_daily_axis
BW-GIXRT,GIXRT,2000-01-01,2021-06-09,on_ds_daily_axis
BW-GIX_OLD,GIX_OLD,2000-01-01,2021-06-09,on_ds_daily_axis
BW-GKI,GKI,2000-01-01,2018-01-30,on_ds_daily_axis
BW-GKIS,GKIS,2000-01-01,2007-01-09,on_ds_daily_axis
BW-GKK,GKK,2000-01-01,2013-04-12,on_ds_daily_axis
BW-GKNT,GKNT,2000-01-01,2015-07-16,on_ds_daily_axis
BW-GLA,GLA,2000-01-01,2017-08-01,on_ds_daily_axis
BW-GLA1,GLA1,2000-01-01,2011-11-03,on_ds_daily_axis
BW-GLACW,GLACW,2000-01-01,2019-10-28,on_ds_daily_axis
BW-GLADD,GLADD,2000-01-01,2021-01-06,on_ds_daily_axis
BW-GLADL,GLADL,2000-01-01,2021-10-29,on_ds_daily_axis
BW-GLADO,GLADO,2000-01-01,2017-09-28,on_ds_daily_axis
BW-US3795822085,GLAQU,2000-01-01,2022-06-09,on_ds_daily_axis
BW-GLAQW,GLAQW,2000-01-01,2022-06-09,on_ds_daily_axis
BW-GLB,GLB,2000-01-01,2018-01-30,on_ds_daily_axis
BW-GLBC,GLBC,2000-01-01,2011-10-04,on_ds_daily_axis
BW-GLBE_OLD,GLBE_OLD,2000-01-01,2000-07-11,on_ds_daily_axis
BW-GLBK,GLBK,2000-01-01,2003-10-20,on_ds_daily_axis
BW-GLBLW,GLBLW,2000-01-01,2023-01-03,on_ds_daily_axis
BW-KYG192761073,GLBL_OLD,2000-01-01,2017-12-28,on_ds_daily_axis
BW-C0000895663,GLBL_OLD1,2000-01-01,2011-12-01,on_ds_daily_axis
BW-GLC,GLC,2000-01-01,2018-01-30,on_ds_daily_axis
BW-C0001015610,GLDB_OLD,2000-01-01,2006-03-31,on_ds_daily_axis
BW-GLDC,GLDC,2000-01-01,2016-09-30,on_ds_daily_axis
BW-GLDN1,GLDN1,2000-01-01,2008-02-28,on_ds_daily_axis
BW-GLDUQ,GLDUQ,2000-01-01,2013-07-15,on_ds_daily_axis
BW-US37653T1088,GLEE,2000-01-01,2022-12-16,on_ds_daily_axis
BW-GLEO-U,GLEO-U,2000-01-01,2021-09-29,on_ds_daily_axis
BW-GLEO-UN,GLEO-UN,2000-01-01,2021-09-29,on_ds_daily_axis
BW-GLEO-WS,GLEO-WS,2000-01-01,2021-09-30,on_ds_daily_axis
BW-GLEO-WT,GLEO-WT,2000-01-01,2021-09-29,on_ds_daily_axis
BW-US4026292080,GLF,2000-01-01,2018-11-15,on_ds_daily_axis
BW-GLFD,GLFD,2000-01-01,2005-09-30,on_ds_daily_axis
BW-GLFMQ,GLFMQ,2000-01-01,2017-11-15,on_ds_daily_axis
BW-US87250W1036,GLG,2000-01-01,2024-03-20,on_ds_daily_axis
BW-GLG1,GLG1,2000-01-01,2006-11-03,on_ds_daily_axis
BW-GLGSQ,GLGSQ,2000-01-01,2008-08-29,on_ds_daily_axis
BW-C0001365790,GLG_OLD,2000-01-01,2010-10-13,on_ds_daily_axis
BW-GLH,GLH,2000-01-01,2018-01-30,on_ds_daily_axis
BW-US37714P1030,GLHA,2000-01-01,2023-01-03,on_ds_daily_axis
BW-GLHV,GLHV,2000-01-01,2018-06-27,on_ds_daily_axis
BW-BBG00K9YNRG9,GLIBA_OLD,2000-01-01,2020-12-21,on_ds_daily_axis
BW-GLK,GLK,2000-01-01,2017-03-13,on_ds_daily_axis
BW-GLLC,GLLC,2000-01-01,2013-12-06,on_ds_daily_axis
BW-GLM,GLM,2000-01-01,2001-11-20,on_ds_daily_axis
BW-GLNHQ,GLNHQ,2000-01-01,2009-12-30,on_ds_daily_axis
BW-GLOB1,GLOB1,2000-01-01,2010-04-12,on_ds_daily_axis
BW-BMG375851091,GLOG,2000-01-01,2021-10-20,on_ds_daily_axis
BW-GLOV_OLD,GLOV_OLD,2000-01-01,2016-05-19,on_ds_daily_axis
BW-GLR,GLR,2000-01-01,2019-01-22,on_ds_daily_axis
BW-KYG3934K1031,GLSPT,2000-01-01,2022-07-14,on_ds_daily_axis
BW-GLSPW,GLSPW,2000-01-01,2022-07-13,on_ds_daily_axis
BW-C0001369824,GLS_OLD,2000-01-01,2010-03-24,on_ds_daily_axis
BW-BBG00D8FKWY9,GLT,2000-01-01,2024-11-05,on_ds_daily_axis
BW-KYG3R23A1081,GLTA,2000-01-01,2023-07-10,on_ds_daily_axis
BW-BBG000QL9YL7,GLUU,2000-01-01,2021-04-29,on_ds_daily_axis
BW-BBG006LCTCM4,GLYC,2000-01-01,2025-06-13,on_ds_daily_axis
BW-GLYN,GLYN,2000-01-01,2004-07-30,on_ds_daily_axis
BW-GLYT,GLYT,2000-01-01,2008-01-25,on_ds_daily_axis
BW-GM-WS-B,GM-WS-B,2000-01-01,2018-12-21,on_ds_daily_axis
BW-KYG7315C1015,GMBT,2000-01-01,2022-04-01,on_ds_daily_axis
BW-GMBTW,GMBTW,2000-01-01,2022-03-31,on_ds_daily_axis
BW-GMCR,GMCR,2000-01-01,2016-03-02,on_ds_daily_axis
BW-IL0011552663,GMDA,2000-01-01,2024-04-26,on_ds_daily_axis
BW-US37250U2015,GMET_OLD,2000-01-01,2015-12-04,on_ds_daily_axis
BW-GMGC,GMGC,2000-01-01,2002-09-27,on_ds_daily_axis
BW-US3828721098,GMHI,2000-01-01,2020-12-03,on_ds_daily_axis
BW-GMHIW,GMHIW,2000-01-01,2020-12-02,on_ds_daily_axis
BW-US3828731071,GMII,2000-01-01,2022-01-24,on_ds_daily_axis
BW-GMIIW,GMIIW,2000-01-01,2022-01-19,on_ds_daily_axis
BW-US4001313067,GMK,2000-01-01,2020-10-08,on_ds_daily_axis
BW-GMKYY,GMKYY,2000-01-01,2016-03-07,on_ds_daily_axis
BW-MHY2745C1021,GMLP,2000-01-01,2021-05-12,on_ds_daily_axis
BW-BBG000BG8XC7,GMO,2000-01-01,2021-01-27,on_ds_daily_axis
BW-GMP,GMP,2000-01-01,2024-02-29,on_ds_daily_axis
BW-GMR,GMR,2000-01-01,2011-11-16,on_ds_daily_axis
BW-GMST,GMST,2000-01-01,2008-05-02,on_ds_daily_axis
BW-GMTA1,GMTA1,2000-01-01,2010-11-10,on_ds_daily_axis
BW-GMTC,GMTC,2000-01-01,2013-04-19,on_ds_daily_axis
BW-US36870G1058,GMTX,2000-01-01,2022-12-30,on_ds_daily_axis
BW-KYG394622081,GMVD,2000-01-01,2023-10-25,on_ds_daily_axis
BW-GMXRQ,GMXRQ,2000-01-01,2014-02-03,on_ds_daily_axis
BW-C0000040730,GM_OLD,2000-01-01,2011-03-31,on_ds_daily_axis
BW-GNA,GNA,2000-01-01,2020-10-08,on_ds_daily_axis
BW-US39947R1041,GNAC,2000-01-01,2022-12-30,on_ds_daily_axis
BW-US39260X1000,GNBC,2000-01-01,2018-12-31,on_ds_daily_axis
BW-BBG0016WLQ18,GNC,2000-01-01,2020-07-27,on_ds_daily_axis
BW-BBG001J41569,GNCA,2000-01-01,2023-02-24,on_ds_daily_axis
BW-C0000808461,GNCMA,2000-01-01,2018-03-08,on_ds_daily_axis
BW-GND,GND,2000-01-01,2020-01-24,on_ds_daily_axis
BW-GNET,GNET,2000-01-01,2011-09-28,on_ds_daily_axis
BW-BBG00NLFGCR9,GNFT,2000-01-01,2026-01-21,on_ds_daily_axis
BW-GNI,GNI,2000-01-01,2015-04-06,on_ds_daily_axis
BW-GNLB,GNLB,2000-01-01,2009-01-07,on_ds_daily_axis
BW-BBG000QJTC65,GNMK,2000-01-01,2021-04-22,on_ds_daily_axis
BW-GNOM2,GNOM2,2000-01-01,2013-03-18,on_ds_daily_axis
BW-KYG382451097,GNPK,2000-01-01,2022-02-18,on_ds_daily_axis
BW-GNPK-U,GNPK-U,2000-01-01,2021-09-02,on_ds_daily_axis
BW-GNPK-WS,GNPK-WS,2000-01-01,2021-09-02,on_ds_daily_axis
BW-GNRL,GNRL,2000-01-01,2012-08-02,on_ds_daily_axis
BW-C0001443799,GNRT,2000-01-01,2018-06-11,on_ds_daily_axis
BW-GNSC,GNSC,2000-01-01,2005-10-06,on_ds_daily_axis
BW-GNSL,GNSL,2000-01-01,2002-10-24,on_ds_daily_axis
BW-GNSM,GNSM,2000-01-01,2007-10-25,on_ds_daily_axis
BW-C0001161396,GNSS_OLD,2000-01-01,2008-01-24,on_ds_daily_axis
BW-GNSYY,GNSYY,2000-01-01,2008-07-24,on_ds_daily_axis
BW-GNTA_OLD,GNTA_OLD,2000-01-01,2011-09-09,on_ds_daily_axis
BW-BBG00V0YSXM9,GNUS,2000-01-01,2023-08-25,on_ds_daily_axis
BW-GNVC,GNVC,2000-01-01,2017-06-15,on_ds_daily_axis
BW-US3620191011,GOAC,2000-01-01,2022-09-07,on_ds_daily_axis
BW-GOAC-U,GOAC-U,2000-01-01,2021-12-29,on_ds_daily_axis
BW-GOAL,GOAL,2000-01-01,2000-06-08,on_ds_daily_axis
BW-KYG4022Y1044,GOBI,2000-01-01,2022-08-05,on_ds_daily_axis
BW-GOED,GOED,2000-01-01,2022-09-22,on_ds_daily_axis
BW-GOED-WS,GOED-WS,2000-01-01,2021-12-17,on_ds_daily_axis
BW-C0001750153,GOEV,2000-01-01,2025-01-31,on_ds_daily_axis
BW-GOEVW,GOEVW,2000-01-01,2026-03-02,on_ds_daily_axis
BW-GOGN-UN,GOGN-UN,2000-01-01,2023-07-05,on_ds_daily_axis
BW-BBG00K6658V8,GOL,2000-01-01,2024-02-02,on_ds_daily_axis
BW-GOLD1,GOLD1,2000-01-01,2018-12-31,on_ds_daily_axis
BW-BBG000LYFKM6,GOLD_OLD,2000-01-01,2025-12-09,on_ds_daily_axis
BW-GOLF1,GOLF1,2000-01-01,2012-07-24,on_ds_daily_axis
BW-GOMO,GOMO,2000-01-01,2015-11-17,on_ds_daily_axis
BW-GON,GON,2000-01-01,2000-08-31,on_ds_daily_axis
BW-GORV_OLD,GORV_OLD,2000-01-01,2018-02-16,on_ds_daily_axis
BW-GORX,GORX,2000-01-01,2011-03-31,on_ds_daily_axis
BW-GOSB,GOSB,2000-01-01,2001-03-30,on_ds_daily_axis
BW-GOSHA,GOSHA,2000-01-01,2005-07-14,on_ds_daily_axis
BW-GOTTQ,GOTTQ,2000-01-01,2009-10-08,on_ds_daily_axis
BW-GOU_OLD,GOU_OLD,2000-01-01,2001-07-16,on_ds_daily_axis
BW-GPAC_OLD,GPAC_OLD,2000-01-01,2018-02-02,on_ds_daily_axis
BW-GPAQ,GPAQ,2000-01-01,2020-07-01,on_ds_daily_axis
BW-GPAQU,GPAQU,2000-01-01,2020-07-01,on_ds_daily_axis
BW-GPAQW,GPAQW,2000-01-01,2020-07-02,on_ds_daily_axis
BW-GPCBY,GPCBY,2000-01-01,2009-03-30,on_ds_daily_axis
BW-KYG4028H1056,GPCO,2000-01-01,2022-09-16,on_ds_daily_axis
BW-GPCOR,GPCOR,2000-01-01,2022-09-16,on_ds_daily_axis
BW-GPCOW,GPCOW,2000-01-01,2022-09-16,on_ds_daily_axis
BW-GPFI,GPFI,2000-01-01,2000-03-31,on_ds_daily_axis
BW-GPIA,GPIA,2000-01-01,2017-10-10,on_ds_daily_axis
BW-GPIAU,GPIAU,2000-01-01,2017-10-10,on_ds_daily_axis
BW-GPIAW,GPIAW,2000-01-01,2017-10-10,on_ds_daily_axis
BW-GPIC,GPIC,2000-01-01,2019-05-01,on_ds_daily_axis
BW-BBG007F5NH85,GPL,2000-01-01,2023-01-19,on_ds_daily_axis
BW-GPORQ,GPORQ,2000-01-01,2021-05-17,on_ds_daily_axis
BW-GPR,GPR,2000-01-01,2018-01-30,on_ds_daily_axis
BW-GPRO1,GPRO1,2000-01-01,2012-08-01,on_ds_daily_axis
BW-BBG000BKLH74,GPS,2000-01-01,2024-10-15,on_ds_daily_axis
BW-GPT2,GPT2,2000-01-01,2015-12-17,on_ds_daily_axis
BW-GPT3,GPT3,2000-01-01,2007-04-13,on_ds_daily_axis
BW-US3850023082,GPT_OLD,2000-01-01,2018-10-09,on_ds_daily_axis
BW-GPU,GPU,2000-01-01,2001-11-06,on_ds_daily_axis
BW-GPWI,GPWI,2000-01-01,2007-04-20,on_ds_daily_axis
BW-BBG000D9LCX9,GPX,2000-01-01,2021-10-14,on_ds_daily_axis
BW-GR,GR,2000-01-01,2018-02-22,on_ds_daily_axis
BW-BBG00FZLLQL7,GRA,2000-01-01,2021-09-22,on_ds_daily_axis
BW-GRAN_OLD,GRAN_OLD,2000-01-01,2011-10-21,on_ds_daily_axis
BW-GRB,GRB,2000-01-01,2018-01-30,on_ds_daily_axis
BW-GRBUQ,GRBUQ,2000-01-01,2011-05-11,on_ds_daily_axis
BW-KYG4086B1077,GRCY,2000-01-01,2023-08-02,on_ds_daily_axis
BW-GRCYW,GRCYW,2000-01-01,2023-05-31,on_ds_daily_axis
BW-GRDCY,GRDCY,2000-01-01,2013-01-28,on_ds_daily_axis
BW-GREY,GREY,2000-01-01,2005-03-07,on_ds_daily_axis
BW-GRHHQ,GRHHQ,2000-01-01,2016-03-01,on_ds_daily_axis
BW-GRIC,GRIC,2000-01-01,2006-02-15,on_ds_daily_axis
BW-GRKA,GRKA,2000-01-01,2003-08-19,on_ds_daily_axis
BW-GRL,GRL,2000-01-01,2002-07-31,on_ds_daily_axis
BW-GRLL,GRLL,2000-01-01,2002-05-01,on_ds_daily_axis
BW-GRM,GRM,2000-01-01,2011-09-08,on_ds_daily_axis
BW-GRNB1,GRNB1,2000-01-01,2012-09-20,on_ds_daily_axis
BW-GRND-WT,GRND-WT,2000-01-01,2025-02-21,on_ds_daily_axis
BW-US39678G2021,GRNVU,2000-01-01,2021-08-13,on_ds_daily_axis
BW-GRNVW,GRNVW,2000-01-01,2021-08-13,on_ds_daily_axis
BW-GRN_OLD,GRN_OLD,2000-01-01,2018-04-12,on_ds_daily_axis
BW-GROV-WT,GROV-WT,2000-01-01,2023-06-14,on_ds_daily_axis
BW-GRO_OLD,GRO_OLD,2000-01-01,2016-11-02,on_ds_daily_axis
BW-US38870X1046,GRPH,2000-01-01,2024-04-01,on_ds_daily_axis
BW-GRRF,GRRF,2000-01-01,2012-04-17,on_ds_daily_axis
BW-GRSH,GRSH,2000-01-01,2020-04-16,on_ds_daily_axis
BW-GRSHU,GRSHU,2000-01-01,2020-07-01,on_ds_daily_axis
BW-GRSHW,GRSHW,2000-01-01,2020-02-10,on_ds_daily_axis
BW-LU2369833749,GRSV,2000-01-01,2021-08-05,on_ds_daily_axis
BW-US3828642054,GRSVU,2000-01-01,2021-08-04,on_ds_daily_axis
BW-GRSVW,GRSVW,2000-01-01,2021-08-05,on_ds_daily_axis
BW-GRT,GRT,2000-01-01,2015-01-15,on_ds_daily_axis
BW-BBG00M54MXW5,GRTS,2000-01-01,2024-11-22,on_ds_daily_axis
BW-BBG010R8C3Y4,GRUB,2000-01-01,2022-05-13,on_ds_daily_axis
BW-GRUB_OLD,GRUB_OLD,2000-01-01,2019-12-13,on_ds_daily_axis
BW-US00973W1027,GRYP,2000-01-01,2025-09-03,on_ds_daily_axis
BW-GSAH-U,GSAH-U,2000-01-01,2021-10-20,on_ds_daily_axis
BW-GSAH-WS,GSAH-WS,2000-01-01,2021-10-20,on_ds_daily_axis
BW-GSAH-WT,GSAH-WT,2000-01-01,2020-02-07,on_ds_daily_axis
BW-US36258Q1058,GSAH_OLD,2000-01-01,2020-04-07,on_ds_daily_axis
BW-BBG00PVXY7C1,GSB,2000-01-01,2020-08-28,on_ds_daily_axis
BW-GSE,GSE,2000-01-01,2004-05-18,on_ds_daily_axis
BW-US38286T1016,GSEV,2000-01-01,2022-12-23,on_ds_daily_axis
BW-GSF1,GSF1,2000-01-01,2007-11-23,on_ds_daily_axis
BW-GSHT,GSHT,2000-01-01,2018-10-17,on_ds_daily_axis
BW-US3828672085,GSHTU,2000-01-01,2018-10-26,on_ds_daily_axis
BW-GSHTW,GSHTW,2000-01-01,2018-10-17,on_ds_daily_axis
BW-GSI,GSI,2000-01-01,2016-07-18,on_ds_daily_axis
BW-GSIC,GSIC,2000-01-01,2011-06-17,on_ds_daily_axis
BW-GSKNF,GSKNF,2000-01-01,2015-10-23,on_ds_daily_axis
BW-BBG00YD1WCK4,GSKY,2000-01-01,2022-04-07,on_ds_daily_axis
BW-GSL1,GSL1,2000-01-01,2007-01-12,on_ds_daily_axis
BW-GSLA,GSLA,2000-01-01,2011-07-15,on_ds_daily_axis
BW-GSLD,GSLD,2000-01-01,2022-07-15,on_ds_daily_axis
BW-GSM1,GSM1,2000-01-01,2015-12-23,on_ds_daily_axis
BW-KYG399731051,GSMG,2000-01-01,2024-01-10,on_ds_daily_axis
BW-GSNX,GSNX,2000-01-01,2001-01-10,on_ds_daily_axis
BW-GSOF,GSOF,2000-01-01,2004-07-20,on_ds_daily_axis
BW-KYG4204R1092,GSQD,2000-01-01,2023-02-08,on_ds_daily_axis
BW-GSQD-U,GSQD-U,2000-01-01,2021-12-28,on_ds_daily_axis
BW-GSQD-WS,GSQD-WS,2000-01-01,2021-12-28,on_ds_daily_axis
BW-US36263W1053,GSRM,2000-01-01,2023-07-03,on_ds_daily_axis
BW-BBG00CF1DQ20,GSS,2000-01-01,2022-02-03,on_ds_daily_axis
BW-C0002064551,GST,2000-01-01,2018-09-06,on_ds_daily_axis
BW-GSTD,GSTD,2000-01-01,2001-10-18,on_ds_daily_axis
BW-BBG00DQ708F3,GSUM,2000-01-01,2021-03-25,on_ds_daily_axis
BW-BBG000QQYXL0,GSV,2000-01-01,2022-08-12,on_ds_daily_axis
BW-BBG005KMLGM4,GSVC,2000-01-01,2019-08-02,on_ds_daily_axis
BW-GTAX,GTAX,2000-01-01,2013-10-15,on_ds_daily_axis
BW-GTCB,GTCB,2000-01-01,2010-12-10,on_ds_daily_axis
BW-GTF,GTF,2000-01-01,2011-01-25,on_ds_daily_axis
BW-GTIV,GTIV,2000-01-01,2015-02-02,on_ds_daily_axis
BW-C0000931148,GTI_OLD,2000-01-01,2015-08-14,on_ds_daily_axis
BW-GTK,GTK,2000-01-01,2018-04-02,on_ds_daily_axis
BW-US3828701033,GTPA,2000-01-01,2022-12-23,on_ds_daily_axis
BW-US38287L1070,GTPB,2000-01-01,2022-12-23,on_ds_daily_axis
BW-GTRC,GTRC,2000-01-01,2007-10-09,on_ds_daily_axis
BW-GTSI,GTSI,2000-01-01,2012-06-21,on_ds_daily_axis
BW-GTW,GTW,2000-01-01,2007-10-16,on_ds_daily_axis
BW-GTWN,GTWN,2000-01-01,2017-05-23,on_ds_daily_axis
BW-US40052B2079,GTXI,2000-01-01,2019-06-28,on_ds_daily_axis
BW-C0001682325,GTYH,2000-01-01,2022-07-07,on_ds_daily_axis
BW-USG4182A1101,GTYHU,2000-01-01,2019-02-19,on_ds_daily_axis
BW-GU1,GU1,2000-01-01,2012-10-17,on_ds_daily_axis
BW-GUCO,GUCO,2000-01-01,2000-07-26,on_ds_daily_axis
BW-GUID,GUID,2000-01-01,2017-09-13,on_ds_daily_axis
BW-GUPB,GUPB,2000-01-01,2005-05-31,on_ds_daily_axis
BW-GVE,GVE,2000-01-01,2017-11-28,on_ds_daily_axis
BW-GVHR,GVHR,2000-01-01,2009-05-29,on_ds_daily_axis
BW-BBG00JPZLG77,GV_OLD,2000-01-01,2021-12-17,on_ds_daily_axis
BW-GW,GW,2000-01-01,2008-12-23,on_ds_daily_axis
BW-US38216X1072,GWAC,2000-01-01,2021-09-03,on_ds_daily_axis
BW-GWACW,GWACW,2000-01-01,2021-08-27,on_ds_daily_axis
BW-GWAY,GWAY,2000-01-01,2013-11-04,on_ds_daily_axis
BW-BBG000H20336,GWB,2000-01-01,2022-02-01,on_ds_daily_axis
BW-BBG002611HY0,GWGH,2000-01-01,2022-06-30,on_ds_daily_axis
BW-GWOW,GWOW,2000-01-01,2010-09-17,on_ds_daily_axis
BW-BBG004BRNXZ3,GWPH,2000-01-01,2021-05-05,on_ds_daily_axis
BW-BBG00JQB5V92,GWR,2000-01-01,2019-12-27,on_ds_daily_axis
BW-GWRU,GWRU,2000-01-01,2015-09-30,on_ds_daily_axis
BW-GWSV,GWSV,2000-01-01,2016-12-12,on_ds_daily_axis
BW-GX,GX,2000-01-01,2018-01-30,on_ds_daily_axis
BW-GXDX,GXDX,2000-01-01,2011-03-07,on_ds_daily_axis
BW-US1511901050,GXGX,2000-01-01,2021-07-19,on_ds_daily_axis
BW-US36251A2069,GXGXU,2000-01-01,2021-07-16,on_ds_daily_axis
BW-GXGXW,GXGXW,2000-01-01,2021-07-16,on_ds_daily_axis
BW-US36260F1057,GXII,2000-01-01,2023-03-24,on_ds_daily_axis
BW-GXIIW,GXIIW,2000-01-01,2023-03-17,on_ds_daily_axis
BW-US3911641005,GXP,2000-01-01,2018-06-04,on_ds_daily_axis
BW-GXYF,GXYF,2000-01-01,2009-06-15,on_ds_daily_axis
BW-GYI,GYI,2000-01-01,2008-07-02,on_ds_daily_axis
BW-GYMB,GYMB,2000-01-01,2010-11-22,on_ds_daily_axis
BW-GYRO_OLD,GYRO_OLD,2000-01-01,2015-09-04,on_ds_daily_axis
BW-GZEA,GZEA,2000-01-01,2000-12-28,on_ds_daily_axis
BW-USM4793C1029,GZT,2000-01-01,2019-03-07,on_ds_daily_axis
BW-C0000041499,G_OLD,2000-01-01,2005-09-30,on_ds_daily_axis
BW-H1,H1,2000-01-01,2007-04-09,on_ds_daily_axis
BW-US42226W1099,HAAC,2000-01-01,2022-11-11,on_ds_daily_axis
BW-BBG00JSKWFK2,HABT,2000-01-01,2020-03-18,on_ds_daily_axis
BW-HAC,HAC,2000-01-01,2018-01-24,on_ds_daily_axis
BW-HAHN,HAHN,2000-01-01,2001-09-20,on_ds_daily_axis
BW-HAI,HAI,2000-01-01,2022-03-02,on_ds_daily_axis
BW-US76133C1036,HAIR,2000-01-01,2019-11-13,on_ds_daily_axis
BW-HAKI,HAKI,2000-01-01,2004-06-07,on_ds_daily_axis
BW-HAMS,HAMS,2000-01-01,2000-09-18,on_ds_daily_axis
BW-HAN,HAN,2000-01-01,2018-01-30,on_ds_daily_axis
BW-HANAY,HANAY,2000-01-01,2008-06-26,on_ds_daily_axis
BW-KYG4289N1144,HAPP,2000-01-01,2023-05-15,on_ds_daily_axis
BW-HAR,HAR,2000-01-01,2017-03-10,on_ds_daily_axis
BW-HARB,HARB,2000-01-01,2006-11-30,on_ds_daily_axis
BW-HARS,HARS,2000-01-01,2000-10-16,on_ds_daily_axis
BW-HART_OLD,HART_OLD,2000-01-01,2021-12-22,on_ds_daily_axis
BW-HAST,HAST,2000-01-01,2014-07-15,on_ds_daily_axis
BW-HAUS_OLD,HAUS_OLD,2000-01-01,2000-10-31,on_ds_daily_axis
BW-HAV,HAV,2000-01-01,2014-08-12,on_ds_daily_axis
BW-HAVN,HAVN,2000-01-01,2000-11-30,on_ds_daily_axis
BW-HAWK1,HAWK1,2000-01-01,2011-10-07,on_ds_daily_axis
BW-HAYZQ,HAYZQ,2000-01-01,2009-12-18,on_ds_daily_axis
BW-HAZ,HAZ,2000-01-01,2001-12-05,on_ds_daily_axis
BW-HBE,HBE,2000-01-01,2010-12-15,on_ds_daily_axis
BW-HBEK,HBEK,2000-01-01,2004-07-09,on_ds_daily_axis
BW-HBFW,HBFW,2000-01-01,2000-10-11,on_ds_daily_axis
BW-HBG,HBG,2000-01-01,2016-01-26,on_ds_daily_axis
BW-HBIX,HBIX,2000-01-01,2000-10-26,on_ds_daily_axis
BW-US4070151067,HBK,2000-01-01,2019-04-30,on_ds_daily_axis
BW-BBG000CLMHP0,HBMD,2000-01-01,2022-01-25,on_ds_daily_axis
BW-HBNK,HBNK,2000-01-01,2015-04-17,on_ds_daily_axis
BW-HBOS,HBOS,2000-01-01,2015-06-30,on_ds_daily_axis
BW-US4484511047,HBP,2000-01-01,2022-05-03,on_ds_daily_axis
BW-HBS,HBS,2000-01-01,2000-02-15,on_ds_daily_axis
BW-HBSC,HBSC,2000-01-01,2000-07-24,on_ds_daily_axis
BW-HBVA,HBVA,2000-01-01,2000-08-31,on_ds_daily_axis
BW-HC,HC,2000-01-01,2007-08-20,on_ds_daily_axis
BW-HCA1,HCA1,2000-01-01,2006-11-17,on_ds_daily_axis
BW-C0002079013,HCAC,2000-01-01,2020-12-22,on_ds_daily_axis
BW-HCAC-U,HCAC-U,2000-01-01,2020-12-21,on_ds_daily_axis
BW-HCACW,HCACW,2000-01-01,2020-12-22,on_ds_daily_axis
BW-BBG004CYXZR0,HCAP,2000-01-01,2021-06-09,on_ds_daily_axis
BW-HCAPL,HCAPL,2000-01-01,2018-03-23,on_ds_daily_axis
BW-KYG441251058,HCAQ,2000-01-01,2021-12-27,on_ds_daily_axis
BW-US42227K1043,HCAR,2000-01-01,2022-12-30,on_ds_daily_axis
BW-HCAR_OLD,HCAR_OLD,2000-01-01,2001-02-12,on_ds_daily_axis
BW-HCBB,HCBB,2000-01-01,2004-08-25,on_ds_daily_axis
BW-HCBK,HCBK,2000-01-01,2015-10-30,on_ds_daily_axis
BW-US42228C1018,HCCC,2000-01-01,2022-03-10,on_ds_daily_axis
BW-HCCCW,HCCCW,2000-01-01,2022-03-08,on_ds_daily_axis
BW-VGG4603R1064,HCCH,2000-01-01,2020-12-10,on_ds_daily_axis
BW-HCCHR,HCCHR,2000-01-01,2020-12-09,on_ds_daily_axis
BW-HCCHW,HCCHW,2000-01-01,2020-12-09,on_ds_daily_axis
BW-US78472F1012,HCCO,2000-01-01,2020-10-30,on_ds_daily_axis
BW-US42227L2016,HCCOU,2000-01-01,2020-10-30,on_ds_daily_axis
BW-HCCOW,HCCOW,2000-01-01,2020-10-30,on_ds_daily_axis
BW-C0000888919,HCC_OLD,2000-01-01,2015-10-27,on_ds_daily_axis
BW-HCDC,HCDC,2000-01-01,2001-08-13,on_ds_daily_axis
BW-C0001784567,HCDI,2000-01-01,2024-02-21,on_ds_daily_axis
BW-HCEN,HCEN,2000-01-01,2001-10-09,on_ds_daily_axis
BW-BBG003QPMHR8,HCFT,2000-01-01,2021-12-17,on_ds_daily_axis
BW-C0002099093,HCIC,2000-01-01,2022-12-30,on_ds_daily_axis
BW-HCICW,HCICW,2000-01-01,2022-12-21,on_ds_daily_axis
BW-US4437601036,HCII,2000-01-01,2022-12-30,on_ds_daily_axis
BW-HCJ,HCJ,2000-01-01,2017-03-14,on_ds_daily_axis
BW-US4200311060,HCOM_OLD,2000-01-01,2018-06-29,on_ds_daily_axis
BW-BBG000BKYDP9,HCP_OLD,2000-01-01,2019-11-08,on_ds_daily_axis
BW-BBG0036PH2T7,HCR,2000-01-01,2020-10-15,on_ds_daily_axis
BW-C0000878736,HCR_OLD,2000-01-01,2007-12-21,on_ds_daily_axis
BW-HCT,HCT,2000-01-01,2015-01-16,on_ds_daily_axis
BW-HCT1,HCT1,2000-01-01,2006-11-03,on_ds_daily_axis
BW-HDC,HDC,2000-01-01,2000-06-23,on_ds_daily_axis
BW-HDIX,HDIX,2000-01-01,2010-03-15,on_ds_daily_axis
BW-HDLM,HDLM,2000-01-01,2013-01-15,on_ds_daily_axis
BW-C0000313716,HDNG,2000-01-01,2018-05-25,on_ds_daily_axis
BW-US4408941031,HDP,2000-01-01,2019-01-02,on_ds_daily_axis
BW-HDR,HDR,2000-01-01,2004-01-12,on_ds_daily_axis
BW-BBG00JPW51Y5,HDS,2000-01-01,2020-12-28,on_ds_daily_axis
BW-HDS1,HDS1,2000-01-01,2009-08-20,on_ds_daily_axis
BW-HDVS,HDVS,2000-01-01,2001-07-02,on_ds_daily_axis
BW-BBG000BM6N47,HEAR,2000-01-01,2025-01-07,on_ds_daily_axis
BW-HEARQ,HEARQ,2000-01-01,2012-06-15,on_ds_daily_axis
BW-US42366C3016,HEB,2000-01-01,2019-09-06,on_ds_daily_axis
BW-VGG4418R1010,HEBT,2000-01-01,2021-01-28,on_ds_daily_axis
BW-BBG00V317301,HEC,2000-01-01,2022-02-18,on_ds_daily_axis
BW-US4437612009,HECCU,2000-01-01,2021-06-22,on_ds_daily_axis
BW-HECCW,HECCW,2000-01-01,2021-06-23,on_ds_daily_axis
BW-HEDYY,HEDYY,2000-01-01,2015-12-03,on_ds_daily_axis
BW-HEIIQ,HEIIQ,2000-01-01,2015-10-07,on_ds_daily_axis
BW-HEK,HEK,2000-01-01,2013-05-17,on_ds_daily_axis
BW-HELI,HELI,2000-01-01,2016-02-01,on_ds_daily_axis
BW-HEM,HEM,2000-01-01,2007-11-06,on_ds_daily_axis
BW-HEN,HEN,2000-01-01,2018-01-24,on_ds_daily_axis
BW-HENL,HENL,2000-01-01,2001-02-20,on_ds_daily_axis
BW-HEOP,HEOP,2000-01-01,2017-03-31,on_ds_daily_axis
BW-KYG3728Y1035,HERA,2000-01-01,2023-03-15,on_ds_daily_axis
BW-HERAW,HERAW,2000-01-01,2023-03-07,on_ds_daily_axis
BW-HERBA,HERBA,2000-01-01,2002-07-31,on_ds_daily_axis
BW-HEROQ,HEROQ,2000-01-01,2015-11-06,on_ds_daily_axis
BW-HET,HET,2000-01-01,2007-12-27,on_ds_daily_axis
BW-HETC,HETC,2000-01-01,2005-01-19,on_ds_daily_axis
BW-HEW,HEW,2000-01-01,2010-10-01,on_ds_daily_axis
BW-BBG00JPGXW53,HFC,2000-01-01,2022-03-14,on_ds_daily_axis
BW-HFFC,HFFC,2000-01-01,2016-05-13,on_ds_daily_axis
BW-HFGI,HFGI,2000-01-01,2002-01-17,on_ds_daily_axis
BW-HFSA,HFSA,2000-01-01,2001-02-16,on_ds_daily_axis
BW-HGFN,HGFN,2000-01-01,2000-04-28,on_ds_daily_axis
BW-HGG,HGG,2000-01-01,2017-02-27,on_ds_daily_axis
BW-HGGR,HGGR,2000-01-01,2005-11-01,on_ds_daily_axis
BW-HGH1,HGH1,2000-01-01,2021-03-29,on_ds_daily_axis
BW-HGIC,HGIC,2000-01-01,2012-05-01,on_ds_daily_axis
BW-HGMG,HGMG,2000-01-01,2008-12-01,on_ds_daily_axis
BW-HGRD,HGRD,2000-01-01,2010-10-07,on_ds_daily_axis
BW-BBG000JNXK52,HGSH,2000-01-01,2022-05-23,on_ds_daily_axis
BW-HGSI,HGSI,2000-01-01,2012-08-03,on_ds_daily_axis
BW-BBG000CY5SF8,HGT,2000-01-01,2018-08-24,on_ds_daily_axis
BW-HGVLY,HGVLY,2000-01-01,2016-01-08,on_ds_daily_axis
BW-HH,HH,2000-01-01,2020-10-08,on_ds_daily_axis
BW-BBG00H5GT9M6,HHC,2000-01-01,2023-10-13,on_ds_daily_axis
BW-HHFC,HHFC,2000-01-01,2000-03-29,on_ds_daily_axis
BW-HHHH,HHHH,2000-01-01,2020-05-08,on_ds_daily_axis
BW-HHHHR,HHHHR,2000-01-01,2020-05-08,on_ds_daily_axis
BW-HHHHU,HHHHU,2000-01-01,2020-05-08,on_ds_daily_axis
BW-HHHHW,HHHHW,2000-01-01,2020-05-08,on_ds_daily_axis
BW-HHLA-U,HHLA-U,2000-01-01,2021-12-17,on_ds_daily_axis
BW-HHLA-WS,HHLA-WS,2000-01-01,2021-12-17,on_ds_daily_axis
BW-HHNT,HHNT,2000-01-01,2001-11-07,on_ds_daily_axis
BW-HIA2,HIA2,2000-01-01,2009-10-01,on_ds_daily_axis
BW-HIB,HIB,2000-01-01,2005-11-16,on_ds_daily_axis
BW-HIC,HIC,2000-01-01,2001-12-11,on_ds_daily_axis
BW-HIFN,HIFN,2000-01-01,2009-04-03,on_ds_daily_axis
BW-US45685L1008,HIFR,2000-01-01,2019-05-16,on_ds_daily_axis
BW-KYG448981079,HIGA,2000-01-01,2022-10-21,on_ds_daily_axis
BW-HIGA-U,HIGA-U,2000-01-01,2021-12-17,on_ds_daily_axis
BW-HIGA-WS,HIGA-WS,2000-01-01,2021-12-17,on_ds_daily_axis
BW-HIH,HIH,2000-01-01,2014-08-12,on_ds_daily_axis
BW-HIH1,HIH1,2000-01-01,2007-07-17,on_ds_daily_axis
BW-US44376L1070,HIII,2000-01-01,2022-12-30,on_ds_daily_axis
BW-C0001561387,HIIQ,2000-01-01,2020-04-16,on_ds_daily_axis
BW-HIIT,HIIT,2000-01-01,2011-02-08,on_ds_daily_axis
BW-HILL,HILL,2000-01-01,2015-10-05,on_ds_daily_axis
BW-HIMS-WS,HIMS-WS,2000-01-01,2021-12-17,on_ds_daily_axis
BW-HIRE,HIRE,2000-01-01,2008-08-21,on_ds_daily_axis
BW-HIRE1,HIRE1,2000-01-01,2006-01-20,on_ds_daily_axis
BW-HIRI,HIRI,2000-01-01,2000-12-01,on_ds_daily_axis
BW-HISC,HISC,2000-01-01,2006-10-20,on_ds_daily_axis
BW-HIST,HIST,2000-01-01,2010-04-28,on_ds_daily_axis
BW-HITK,HITK,2000-01-01,2014-04-16,on_ds_daily_axis
BW-HITS,HITS,2000-01-01,2001-08-24,on_ds_daily_axis
BW-HITT,HITT,2000-01-01,2014-07-22,on_ds_daily_axis
BW-BBG00GTXWHZ9,HIVE_OLD,2000-01-01,2019-05-28,on_ds_daily_axis
BW-US29415J1060,HJLI,2000-01-01,2021-12-02,on_ds_daily_axis
BW-HKFI,HKFI,2000-01-01,2015-12-18,on_ds_daily_axis
BW-HKT,HKT,2000-01-01,2018-01-31,on_ds_daily_axis
BW-C0001059324,HK_OLD,2000-01-01,2011-08-25,on_ds_daily_axis
BW-US40749M1036,HLAH,2000-01-01,2022-12-23,on_ds_daily_axis
BW-HLBZW,HLBZW,2000-01-01,2023-03-30,on_ds_daily_axis
BW-BBG00PPYG7V5,HLG,2000-01-01,2022-09-22,on_ds_daily_axis
BW-HLS,HLS,2000-01-01,2017-12-29,on_ds_daily_axis
BW-HLSS,HLSS,2000-01-01,2015-04-27,on_ds_daily_axis
BW-HLT1,HLT1,2000-01-01,2007-10-24,on_ds_daily_axis
BW-HLTH1,HLTH1,2000-01-01,2009-10-23,on_ds_daily_axis
BW-US65500B1035,HLTH_OLD,2000-01-01,2019-05-28,on_ds_daily_axis
BW-KYG4444H1011,HLXB,2000-01-01,2025-08-12,on_ds_daily_axis
BW-HLYS,HLYS,2000-01-01,2013-01-24,on_ds_daily_axis
BW-HLYW,HLYW,2000-01-01,2005-04-27,on_ds_daily_axis
BW-HMA-UN,HMA-UN,2000-01-01,2023-07-25,on_ds_daily_axis
BW-HMB,HMB,2000-01-01,2018-02-22,on_ds_daily_axis
BW-US44487N1090,HMCO,2000-01-01,2022-12-09,on_ds_daily_axis
BW-HME,HME,2000-01-01,2015-10-07,on_ds_daily_axis
BW-HMGC,HMGC,2000-01-01,2001-10-22,on_ds_daily_axis
BW-HMI,HMI,2000-01-01,2021-02-24,on_ds_daily_axis
BW-HMIN,HMIN,2000-01-01,2016-04-01,on_ds_daily_axis
BW-HMK,HMK,2000-01-01,2016-06-17,on_ds_daily_axis
BW-HMLD,HMLD,2000-01-01,2001-05-03,on_ds_daily_axis
BW-MHY3262R1009,HMLP,2000-01-01,2022-09-23,on_ds_daily_axis
BW-HMNC,HMNC,2000-01-01,2018-06-27,on_ds_daily_axis
BW-HMP,HMP,2000-01-01,2004-07-29,on_ds_daily_axis
BW-HMPR,HMPR,2000-01-01,2016-07-29,on_ds_daily_axis
BW-HMR_OLD,HMR_OLD,2000-01-01,2010-01-15,on_ds_daily_axis
BW-HMSK,HMSK,2000-01-01,2001-07-16,on_ds_daily_axis
BW-HMSV,HMSV,2000-01-01,2001-09-24,on_ds_daily_axis
BW-BBG000C8KWS5,HMSY,2000-01-01,2021-04-01,on_ds_daily_axis
BW-US43787N1081,HMTA,2000-01-01,2019-03-29,on_ds_daily_axis
BW-HMTT,HMTT,2000-01-01,2000-10-02,on_ds_daily_axis
BW-BBG00L437MH8,HMTV,2000-01-01,2022-09-13,on_ds_daily_axis
BW-HNB,HNB,2000-01-01,2012-02-29,on_ds_daily_axis
BW-HNBC,HNBC,2000-01-01,2010-04-09,on_ds_daily_axis
BW-HNCS,HNCS,2000-01-01,2002-08-02,on_ds_daily_axis
BW-HNH,HNH,2000-01-01,2017-10-12,on_ds_daily_axis
BW-HNIN,HNIN,2000-01-01,2015-09-22,on_ds_daily_axis
BW-BBG000FC6WH1,HNP,2000-01-01,2022-09-27,on_ds_daily_axis
BW-HNR,HNR,2000-01-01,2017-05-04,on_ds_daily_axis
BW-HNSN,HNSN,2000-01-01,2016-07-26,on_ds_daily_axis
BW-HNT,HNT,2000-01-01,2016-03-23,on_ds_daily_axis
BW-HNVD,HNVD,2000-01-01,2007-04-26,on_ds_daily_axis
BW-HNZ,HNZ,2000-01-01,2020-07-22,on_ds_daily_axis
BW-HOEN,HOEN,2000-01-01,2002-09-03,on_ds_daily_axis
BW-HOFF,HOFF,2000-01-01,2007-12-11,on_ds_daily_axis
BW-HOGS,HOGS,2000-01-01,2013-06-27,on_ds_daily_axis
BW-HOKU,HOKU,2000-01-01,2013-07-22,on_ds_daily_axis
BW-C0001474439,HOL,2000-01-01,2021-07-01,on_ds_daily_axis
BW-US4362331005,HOLL,2000-01-01,2014-02-18,on_ds_daily_axis
BW-HOLT,HOLT,2000-01-01,2001-01-09,on_ds_daily_axis
BW-US4350631101,HOLUW,2000-01-01,2021-07-01,on_ds_daily_axis
BW-BBG009YVH1T2,HOME,2000-01-01,2021-07-27,on_ds_daily_axis
BW-HOME1,HOME1,2000-01-01,2014-05-16,on_ds_daily_axis
BW-HOMEF,HOMEF,2000-01-01,2000-11-29,on_ds_daily_axis
BW-HOMG,HOMG,2000-01-01,2000-09-05,on_ds_daily_axis
BW-HOMZQ,HOMZQ,2000-01-01,2007-12-03,on_ds_daily_axis
BW-KYG436581063,HOND,2000-01-01,2025-10-28,on_ds_daily_axis
BW-HOOV,HOOV,2000-01-01,2003-03-03,on_ds_daily_axis
BW-HORC,HORC,2000-01-01,2007-05-31,on_ds_daily_axis
BW-KYG3033X1051,HORI,2000-01-01,2023-03-17,on_ds_daily_axis
BW-HORT,HORT,2000-01-01,2008-09-19,on_ds_daily_axis
BW-DE0006070006,HOT,2000-01-01,2017-03-20,on_ds_daily_axis
BW-HOTJ,HOTJ,2000-01-01,2008-04-23,on_ds_daily_axis
BW-HOTJ1,HOTJ1,2000-01-01,2012-05-18,on_ds_daily_axis
BW-HOTT,HOTT,2000-01-01,2013-06-12,on_ds_daily_axis
BW-HPBC,HPBC,2000-01-01,2000-12-27,on_ds_daily_axis
BW-HPC,HPC,2000-01-01,2017-03-20,on_ds_daily_axis
BW-HPGP,HPGP,2000-01-01,2009-12-04,on_ds_daily_axis
BW-HPH,HPH,2000-01-01,2025-05-02,on_ds_daily_axis
BW-US4391041005,HPHW,2000-01-01,2019-02-13,on_ds_daily_axis
BW-BBG00GVX5DX7,HPJ,2000-01-01,2019-10-31,on_ds_daily_axis
BW-HPLA,HPLA,2000-01-01,2002-07-18,on_ds_daily_axis
BW-HPOL,HPOL,2000-01-01,2014-01-31,on_ds_daily_axis
BW-HPOW,HPOW,2000-01-01,2003-03-25,on_ds_daily_axis
BW-BBG00JPR7Y81,HPR,2000-01-01,2021-04-01,on_ds_daily_axis
BW-HPRT,HPRT,2000-01-01,2001-04-18,on_ds_daily_axis
BW-C0000945394,HPT,2000-01-01,2019-09-24,on_ds_daily_axis
BW-HPTRP,HPTRP,2000-01-01,2017-02-09,on_ds_daily_axis
BW-HPTX,HPTX,2000-01-01,2015-05-07,on_ds_daily_axis
BW-HPWR,HPWR,2000-01-01,2020-10-08,on_ds_daily_axis
BW-KYG322191001,HPX,2000-01-01,2023-03-06,on_ds_daily_axis
BW-HPY,HPY,2000-01-01,2016-04-22,on_ds_daily_axis
BW-US41135V3015,HQCL,2000-01-01,2019-01-16,on_ds_daily_axis
BW-HQSM,HQSM,2000-01-01,2012-04-09,on_ds_daily_axis
BW-HRBC,HRBC,2000-01-01,2000-06-16,on_ds_daily_axis
BW-HRBF,HRBF,2000-01-01,2000-08-31,on_ds_daily_axis
BW-HRBN,HRBN,2000-01-01,2011-11-01,on_ds_daily_axis
BW-HRBT,HRBT,2000-01-01,2005-01-14,on_ds_daily_axis
BW-BBG000BKWCS0,HRC,2000-01-01,2021-12-13,on_ds_daily_axis
BW-US40434J1007,HRG,2000-01-01,2018-07-13,on_ds_daily_axis
BW-HRH,HRH,2000-01-01,2018-01-30,on_ds_daily_axis
BW-HRLY,HRLY,2000-01-01,2011-03-30,on_ds_daily_axis
BW-HRMI,HRMI,2000-01-01,2001-05-21,on_ds_daily_axis
BW-HRMN,HRMN,2000-01-01,2017-07-24,on_ds_daily_axis
BW-HRMNU,HRMNU,2000-01-01,2017-08-01,on_ds_daily_axis
BW-HRMNW,HRMNW,2000-01-01,2017-07-24,on_ds_daily_axis
BW-HRSH,HRSH,2000-01-01,2009-10-29,on_ds_daily_axis
BW-HRVEQ,HRVEQ,2000-01-01,2015-08-26,on_ds_daily_axis
BW-HRZB,HRZB,2000-01-01,2010-03-03,on_ds_daily_axis
BW-HSA,HSA,2000-01-01,2014-08-12,on_ds_daily_axis
BW-KYG4411D1097,HSAQ,2000-01-01,2023-01-27,on_ds_daily_axis
BW-HSBA,HSBA,2000-01-01,2018-12-21,on_ds_daily_axis
BW-HSBCPRA,HSBCPRA,2000-01-01,2021-01-12,on_ds_daily_axis
BW-HSD,HSD,2000-01-01,2000-06-07,on_ds_daily_axis
BW-HSDC,HSDC,2000-01-01,2000-12-15,on_ds_daily_axis
BW-HSE,HSE,2000-01-01,2016-09-28,on_ds_daily_axis
BW-HSF,HSF,2000-01-01,2010-10-22,on_ds_daily_axis
BW-US43358V1098,HSGX,2000-01-01,2019-09-27,on_ds_daily_axis
BW-HSH,HSH,2000-01-01,2020-07-21,on_ds_daily_axis
BW-HSI,HSI,2000-01-01,2001-05-18,on_ds_daily_axis
BW-HSM,HSM,2000-01-01,2012-03-30,on_ds_daily_axis
BW-HSM_OLD,HSM_OLD,2000-01-01,2000-06-16,on_ds_daily_axis
BW-HSNI,HSNI,2000-01-01,2017-12-29,on_ds_daily_axis
BW-HSOA,HSOA,2000-01-01,2010-01-05,on_ds_daily_axis
BW-HSONP,HSONP,2000-01-01,2025-11-06,on_ds_daily_axis
BW-HSP,HSP,2000-01-01,2015-09-02,on_ds_daily_axis
BW-HSR,HSR,2000-01-01,2016-01-27,on_ds_daily_axis
BW-HSTD,HSTD,2000-01-01,2007-08-21,on_ds_daily_axis
BW-HSTR,HSTR,2000-01-01,2001-01-09,on_ds_daily_axis
BW-BBG00HT5LSX8,HTA,2000-01-01,2022-08-17,on_ds_daily_axis
BW-KYG464821084,HTAQ,2000-01-01,2022-10-31,on_ds_daily_axis
BW-BBG002CV5W70,HTBI,2000-01-01,2025-02-21,on_ds_daily_axis
BW-BBG00FH3KX42,HTBX,2000-01-01,2022-07-01,on_ds_daily_axis
BW-HTCH,HTCH,2000-01-01,2016-10-05,on_ds_daily_axis
BW-US29402J1016,HTCO_OLD,2000-01-01,2018-04-11,on_ds_daily_axis
BW-HTE,HTE,2000-01-01,2020-04-29,on_ds_daily_axis
BW-HTEI,HTEI,2000-01-01,2003-03-18,on_ds_daily_axis
BW-HTF,HTF,2000-01-01,2017-09-29,on_ds_daily_axis
BW-HTG,HTG,2000-01-01,2016-07-26,on_ds_daily_axis
BW-US40434H2031,HTGM,2000-01-01,2023-08-16,on_ds_daily_axis
BW-HTGY,HTGY,2000-01-01,2017-01-25,on_ds_daily_axis
BW-HTHR,HTHR,2000-01-01,2004-06-04,on_ds_daily_axis
BW-HTI,HTI,2000-01-01,2002-06-03,on_ds_daily_axis
BW-HTLLQ,HTLLQ,2000-01-01,2011-09-01,on_ds_daily_axis
BW-C0001011733,HTM,2000-01-01,2018-04-23,on_ds_daily_axis
BW-HTN,HTN,2000-01-01,2001-08-02,on_ds_daily_axis
BW-KYG446901087,HTPA,2000-01-01,2022-12-07,on_ds_daily_axis
BW-HTPA-U,HTPA-U,2000-01-01,2021-12-17,on_ds_daily_axis
BW-HTPA-WS,HTPA-WS,2000-01-01,2022-01-14,on_ds_daily_axis
BW-HTRN,HTRN,2000-01-01,2010-07-26,on_ds_daily_axis
BW-HTS,HTS,2000-01-01,2016-07-11,on_ds_daily_axis
BW-HTSI,HTSI,2000-01-01,2014-01-28,on_ds_daily_axis
BW-HTV,HTV,2000-01-01,2022-03-02,on_ds_daily_axis
BW-HTWR,HTWR,2000-01-01,2016-08-22,on_ds_daily_axis
BW-HU,HU,2000-01-01,2006-01-31,on_ds_daily_axis
BW-BMG464081030,HUD,2000-01-01,2021-05-06,on_ds_daily_axis
BW-HUDS,HUDS,2000-01-01,2001-08-09,on_ds_daily_axis
BW-HUG,HUG,2000-01-01,2020-01-24,on_ds_daily_axis
BW-HUGH,HUGH,2000-01-01,2011-06-08,on_ds_daily_axis
BW-US91748P1003,HUGS,2000-01-01,2022-12-28,on_ds_daily_axis
BW-HUGS-U,HUGS-U,2000-01-01,2021-12-17,on_ds_daily_axis
BW-HUGS-UN,HUGS-UN,2000-01-01,2022-12-27,on_ds_daily_axis
BW-HUGS-WS,HUGS-WS,2000-01-01,2022-01-14,on_ds_daily_axis
BW-HUMANSOFT,HUMANSOFT,2000-01-01,2020-09-03,on_ds_daily_axis
BW-USY378281031,HUNT,2000-01-01,2019-03-27,on_ds_daily_axis
BW-HUNTW,HUNTW,2000-01-01,2019-03-26,on_ds_daily_axis
BW-BBG00JWRM6J5,HUSA,2000-01-01,2025-12-10,on_ds_daily_axis
BW-VGG514131058,HUSN,2000-01-01,2022-05-26,on_ds_daily_axis
BW-HUTC,HUTC,2000-01-01,2012-07-25,on_ds_daily_axis
BW-HVB,HVB,2000-01-01,2020-07-21,on_ds_daily_axis
BW-HVDC,HVDC,2000-01-01,2001-01-03,on_ds_daily_axis
BW-HW,HW,2000-01-01,2017-05-05,on_ds_daily_axis
BW-HWFGQ,HWFGQ,2000-01-01,2016-08-25,on_ds_daily_axis
BW-HWG,HWG,2000-01-01,2014-05-16,on_ds_daily_axis
BW-HWK,HWK,2000-01-01,2010-12-01,on_ds_daily_axis
BW-HWKZ-UN,HWKZ-UN,2000-01-01,2023-07-11,on_ds_daily_axis
BW-HWL,HWL,2000-01-01,2017-03-13,on_ds_daily_axis
BW-HWLD,HWLD,2000-01-01,2000-03-02,on_ds_daily_axis
BW-HWS,HWS,2000-01-01,2001-04-19,on_ds_daily_axis
BW-HWY,HWY,2000-01-01,2001-06-01,on_ds_daily_axis
BW-BBG00HVQFMZ7,HX,2000-01-01,2022-02-16,on_ds_daily_axis
BW-HXD,HXD,2000-01-01,2004-04-20,on_ds_daily_axis
BW-HYACW,HYACW,2000-01-01,2022-05-26,on_ds_daily_axis
BW-HYBD,HYBD,2000-01-01,2004-06-02,on_ds_daily_axis
BW-HYBR,HYBR,2000-01-01,2002-04-05,on_ds_daily_axis
BW-HYC,HYC,2000-01-01,2011-08-04,on_ds_daily_axis
BW-HYDGQ,HYDGQ,2000-01-01,2013-09-05,on_ds_daily_axis
BW-HYDL,HYDL,2000-01-01,2007-05-07,on_ds_daily_axis
BW-US4488832076,HYGS,2000-01-01,2019-09-06,on_ds_daily_axis
BW-C0001606498,HYH,2000-01-01,2018-06-29,on_ds_daily_axis
BW-HYLN-WS,HYLN-WS,2000-01-01,2021-12-17,on_ds_daily_axis
BW-HYMCZ,HYMCZ,2000-01-01,2022-10-21,on_ds_daily_axis
BW-HYNLZ,HYNLZ,2000-01-01,2008-02-22,on_ds_daily_axis
BW-HYPRQ,HYPRQ,2000-01-01,2018-06-15,on_ds_daily_axis
BW-HYP_OLD,HYP_OLD,2000-01-01,2009-06-15,on_ds_daily_axis
BW-BBG00L07HM73,HYRE,2000-01-01,2023-05-01,on_ds_daily_axis
BW-HYSL,HYSL,2000-01-01,2007-04-19,on_ds_daily_axis
BW-US44951X1046,HYW,2000-01-01,2024-07-29,on_ds_daily_axis
BW-HZAC-U,HZAC-U,2000-01-01,2021-10-18,on_ds_daily_axis
BW-HZAC-WS,HZAC-WS,2000-01-01,2021-10-18,on_ds_daily_axis
BW-HZFS,HZFS,2000-01-01,2000-11-20,on_ds_daily_axis
BW-BBG00JQ525S4,HZN,2000-01-01,2023-02-08,on_ds_daily_axis
BW-KYG460441069,HZON,2000-01-01,2023-04-25,on_ds_daily_axis
BW-HZON-U,HZON-U,2000-01-01,2021-12-17,on_ds_daily_axis
BW-HZON-WS,HZON-WS,2000-01-01,2021-12-17,on_ds_daily_axis
BW-HZP,HZP,2000-01-01,2001-07-23,on_ds_daily_axis
BW-USL5140P1014,I,2000-01-01,2020-10-08,on_ds_daily_axis
BW-IAAI,IAAI,2000-01-01,2005-05-25,on_ds_daily_axis
BW-IACA-U,IACA-U,2000-01-01,2021-06-29,on_ds_daily_axis
BW-IACA-WS,IACA-WS,2000-01-01,2021-06-29,on_ds_daily_axis
BW-KYG493931045,IACB,2000-01-01,2022-02-18,on_ds_daily_axis
BW-IACB-U,IACB-U,2000-01-01,2021-11-30,on_ds_daily_axis
BW-IACB-WS,IACB-WS,2000-01-01,2021-11-30,on_ds_daily_axis
BW-KYG4940J1141,IACC,2000-01-01,2022-11-17,on_ds_daily_axis
BW-IACH,IACH,2000-01-01,2011-12-23,on_ds_daily_axis
BW-IACT,IACT,2000-01-01,2001-05-04,on_ds_daily_axis
BW-IAGI,IAGI,2000-01-01,2014-10-09,on_ds_daily_axis
BW-IAIA,IAIA,2000-01-01,2005-04-01,on_ds_daily_axis
BW-IAIS,IAIS,2000-01-01,2002-12-27,on_ds_daily_axis
BW-IAL,IAL,2000-01-01,2017-03-13,on_ds_daily_axis
BW-IAMXR,IAMXR,2000-01-01,2018-11-21,on_ds_daily_axis
BW-IAMXW,IAMXW,2000-01-01,2018-12-21,on_ds_daily_axis
BW-IASG,IASG,2000-01-01,2007-04-02,on_ds_daily_axis
BW-IAS_OLD,IAS_OLD,2000-01-01,2021-06-09,on_ds_daily_axis
BW-IAWK,IAWK,2000-01-01,2002-03-08,on_ds_daily_axis
BW-IAX,IAX,2000-01-01,2010-05-27,on_ds_daily_axis
BW-BBG00M32FCG3,IBA,2000-01-01,2023-05-08,on_ds_daily_axis
BW-IBAS,IBAS,2000-01-01,2009-12-21,on_ds_daily_axis
BW-IBCA_OLD,IBCA_OLD,2000-01-01,2015-02-10,on_ds_daily_axis
BW-IBCIQ,IBCIQ,2000-01-01,2009-02-03,on_ds_daily_axis
BW-IBEM,IBEM,2000-01-01,2001-10-10,on_ds_daily_axis
BW-KYG468431013,IBER,2000-01-01,2023-03-01,on_ds_daily_axis
BW-IBF,IBF,2000-01-01,2010-02-24,on_ds_daily_axis
BW-IBI,IBI,2000-01-01,2012-09-07,on_ds_daily_axis
BW-IBIS,IBIS,2000-01-01,2012-05-03,on_ds_daily_axis
BW-IBK,IBK,2000-01-01,2000-08-10,on_ds_daily_axis
BW-US4508281080,IBKC,2000-01-01,2020-07-02,on_ds_daily_axis
BW-IBKCN,IBKCN,2000-01-01,2020-07-10,on_ds_daily_axis
BW-IBLTZ,IBLTZ,2000-01-01,2011-02-07,on_ds_daily_axis
BW-IBNKQ,IBNKQ,2000-01-01,2014-09-16,on_ds_daily_axis
BW-ICA,ICA,2000-01-01,2016-07-08,on_ds_daily_axis
BW-ICBC,ICBC,2000-01-01,2006-05-31,on_ds_daily_axis
BW-ICCI,ICCI,2000-01-01,2005-12-21,on_ds_daily_axis
BW-BBG011K1YH97,ICD,2000-01-01,2024-08-30,on_ds_daily_axis
BW-ICEL,ICEL,2000-01-01,2015-05-01,on_ds_daily_axis
BW-ICGE,ICGE,2000-01-01,2014-09-02,on_ds_daily_axis
BW-ICGN,ICGN,2000-01-01,2011-10-27,on_ds_daily_axis
BW-ICGX,ICGX,2000-01-01,2000-11-14,on_ds_daily_axis
BW-ICH,ICH,2000-01-01,2014-07-11,on_ds_daily_axis
BW-ICII,ICII,2000-01-01,2002-05-23,on_ds_daily_axis
BW-ICIX,ICIX,2000-01-01,2001-06-29,on_ds_daily_axis
BW-ICLK1,ICLK1,2000-01-01,2011-12-14,on_ds_daily_axis
BW-ICMI,ICMI,2000-01-01,2022-03-02,on_ds_daily_axis
BW-ICNC-UN,ICNC-UN,2000-01-01,2023-09-26,on_ds_daily_axis
BW-ICO,ICO,2000-01-01,2011-06-14,on_ds_daily_axis
BW-ICOC,ICOC,2000-01-01,2010-04-30,on_ds_daily_axis
BW-US4510553054,ICON_OLD,2000-01-01,2021-08-04,on_ds_daily_axis
BW-ICOPQ,ICOPQ,2000-01-01,2012-04-20,on_ds_daily_axis
BW-ICOS,ICOS,2000-01-01,2007-01-29,on_ds_daily_axis
BW-ICST,ICST,2000-01-01,2005-09-16,on_ds_daily_axis
BW-ICT,ICT,2000-01-01,2019-06-07,on_ds_daily_axis
BW-ICXT,ICXT,2000-01-01,2010-10-04,on_ds_daily_axis
BW-ICY,ICY,2000-01-01,2003-08-15,on_ds_daily_axis
BW-US45173W1053,IDBA,2000-01-01,2023-10-11,on_ds_daily_axis
BW-IDBE,IDBE,2000-01-01,2005-12-08,on_ds_daily_axis
BW-IDC,IDC,2000-01-01,2010-07-29,on_ds_daily_axis
BW-C0000854222,IDEV_OLD,2000-01-01,2009-03-23,on_ds_daily_axis
BW-IDH,IDH,2000-01-01,2002-01-31,on_ds_daily_axis
BW-IDIX,IDIX,2000-01-01,2014-08-05,on_ds_daily_axis
BW-IDMI,IDMI,2000-01-01,2009-06-24,on_ds_daily_axis
BW-IDNX,IDNX,2000-01-01,2006-08-29,on_ds_daily_axis
BW-IDPIQ,IDPIQ,2000-01-01,2009-03-26,on_ds_daily_axis
BW-C0000861838-IDRA,IDRA,2000-01-01,2023-01-17,on_ds_daily_axis
BW-US4563141039,IDSA,2000-01-01,2019-12-30,on_ds_daily_axis
BW-C0000049615,IDSY,2000-01-01,2019-10-08,on_ds_daily_axis
BW-US4581181066,IDTI,2000-01-01,2019-03-29,on_ds_daily_axis
BW-US44951N1063,IDW,2000-01-01,2023-07-20,on_ds_daily_axis
BW-IDWK,IDWK,2000-01-01,2006-11-30,on_ds_daily_axis
BW-IDXC,IDXC,2000-01-01,2006-01-04,on_ds_daily_axis
BW-ID_OLD,ID_OLD,2000-01-01,2020-11-27,on_ds_daily_axis
BW-BBG011S4NRG5,IEA,2000-01-01,2022-10-07,on_ds_daily_axis
BW-IEAWW,IEAWW,2000-01-01,2022-10-06,on_ds_daily_axis
BW-BBG000BJ0Y64,IEC,2000-01-01,2021-10-04,on_ds_daily_axis
BW-IEIB,IEIB,2000-01-01,2007-08-03,on_ds_daily_axis
BW-IFCB,IFCB,2000-01-01,2006-04-28,on_ds_daily_axis
BW-IFCJ,IFCJ,2000-01-01,2006-12-29,on_ds_daily_axis
BW-IFIN_OLD,IFIN_OLD,2000-01-01,2007-07-02,on_ds_daily_axis
BW-C0000857728,IFLO_OLD,2000-01-01,2009-11-24,on_ds_daily_axis
BW-IFMI,IFMI,2000-01-01,2017-10-13,on_ds_daily_axis
BW-C0001274032,IFON,2000-01-01,2018-07-10,on_ds_daily_axis
BW-IFOX,IFOX,2000-01-01,2007-09-20,on_ds_daily_axis
BW-IFRS,IFRS,2000-01-01,2002-06-14,on_ds_daily_axis
BW-PAL2400671A3,IFS_OLD,2000-01-01,2020-12-24,on_ds_daily_axis
BW-IFT,IFT,2000-01-01,2015-08-31,on_ds_daily_axis
BW-IFUL,IFUL,2000-01-01,2008-09-03,on_ds_daily_axis
BW-IFX,IFX,2000-01-01,2018-02-28,on_ds_daily_axis
BW-C0002075068,IGAC,2000-01-01,2023-01-11,on_ds_daily_axis
BW-IGAF,IGAF,2000-01-01,2001-07-02,on_ds_daily_axis
BW-IGATY,IGATY,2000-01-01,2013-01-11,on_ds_daily_axis
BW-IGCA,IGCA,2000-01-01,2002-11-04,on_ds_daily_axis
BW-IGEN_OLD,IGEN_OLD,2000-01-01,2004-02-13,on_ds_daily_axis
BW-IGL,IGL,2000-01-01,2018-01-30,on_ds_daily_axis
BW-IGNX,IGNX,2000-01-01,2003-08-28,on_ds_daily_axis
BW-US45175H1068,IGNY,2000-01-01,2022-11-03,on_ds_daily_axis
BW-IGNYW,IGNYW,2000-01-01,2022-11-01,on_ds_daily_axis
BW-IGOC,IGOC,2000-01-01,2002-09-03,on_ds_daily_axis
BW-US4495933008,IGOI,2000-01-01,2022-01-18,on_ds_daily_axis
BW-GB00BVG7F061,IGT,2000-01-01,2025-09-02,on_ds_daily_axis
BW-IGT1,IGT1,2000-01-01,2015-04-06,on_ds_daily_axis
BW-IGTE,IGTE,2000-01-01,2015-07-01,on_ds_daily_axis
BW-US4599021023,IGT_OLD,2000-01-01,2015-04-02,on_ds_daily_axis
BW-IGZ,IGZ,2000-01-01,2023-06-28,on_ds_daily_axis
BW-US4534403070,IHC,2000-01-01,2022-02-15,on_ds_daily_axis
BW-IHCO,IHCO,2000-01-01,2002-07-31,on_ds_daily_axis
BW-IHHI,IHHI,2000-01-01,2000-12-28,on_ds_daily_axis
BW-IHK,IHK,2000-01-01,2000-12-13,on_ds_daily_axis
BW-IHR,IHR,2000-01-01,2018-01-30,on_ds_daily_axis
BW-IHSC,IHSC,2000-01-01,2001-10-17,on_ds_daily_axis
BW-US4517341073,IHS_OLD,2000-01-01,2016-07-12,on_ds_daily_axis
BW-IIA,IIA,2000-01-01,2009-09-30,on_ds_daily_axis
BW-IIAA,IIAA,2000-01-01,2001-07-18,on_ds_daily_axis
BW-KYG4771L1059,IIAC,2000-01-01,2021-12-17,on_ds_daily_axis
BW-IIAC-U,IIAC-U,2000-01-01,2021-12-17,on_ds_daily_axis
BW-IICR,IICR,2000-01-01,2002-03-15,on_ds_daily_axis
BW-US4578171047,IIII,2000-01-01,2023-02-02,on_ds_daily_axis
BW-IIIM,IIIM,2000-01-01,2003-12-05,on_ds_daily_axis
BW-USJ242101069,IIJI,2000-01-01,2019-04-18,on_ds_daily_axis
BW-IILG,IILG,2000-01-01,2016-10-14,on_ds_daily_axis
BW-BBG00KFV62V5,IIN,2000-01-01,2022-05-24,on_ds_daily_axis
BW-IINT,IINT,2000-01-01,2007-01-09,on_ds_daily_axis
BW-IIR,IIR,2000-01-01,2000-06-28,on_ds_daily_axis
BW-IISX,IISX,2000-01-01,2018-12-26,on_ds_daily_axis
BW-US9021041085,IIVI,2000-01-01,2023-06-30,on_ds_daily_axis
BW-IIXL,IIXL,2000-01-01,2001-11-07,on_ds_daily_axis
BW-IKAN,IKAN,2000-01-01,2015-09-28,on_ds_daily_axis
BW-IKGH,IKGH,2000-01-01,2017-04-26,on_ds_daily_axis
BW-IKN,IKN,2000-01-01,2008-10-31,on_ds_daily_axis
BW-US45172K1025,IKNX,2000-01-01,2021-12-15,on_ds_daily_axis
BW-IKOS,IKOS,2000-01-01,2002-04-18,on_ds_daily_axis
BW-IL,IL,2000-01-01,2017-01-19,on_ds_daily_axis
BW-ILA,ILA,2000-01-01,2018-01-30,on_ds_daily_axis
BW-ILAS,ILAS,2000-01-01,2014-06-27,on_ds_daily_axis
BW-ILC,ILC,2000-01-01,2011-10-17,on_ds_daily_axis
BW-ILCO,ILCO,2000-01-01,2001-05-18,on_ds_daily_axis
BW-ILEIQ,ILEIQ,2000-01-01,2009-07-06,on_ds_daily_axis
BW-ILFO,ILFO,2000-01-01,2001-07-17,on_ds_daily_axis
BW-US44967H1014,ILG,2000-01-01,2018-08-31,on_ds_daily_axis
BW-ILI,ILI,2000-01-01,2018-02-22,on_ds_daily_axis
BW-ILLM,ILLM,2000-01-01,2023-11-10,on_ds_daily_axis
BW-ILN,ILN,2000-01-01,2000-02-01,on_ds_daily_axis
BW-ILND,ILND,2000-01-01,2001-08-06,on_ds_daily_axis
BW-ILOG,ILOG,2000-01-01,2008-12-18,on_ds_daily_axis
BW-ILSE,ILSE,2000-01-01,2007-04-02,on_ds_daily_axis
BW-ILUM,ILUM,2000-01-01,2001-12-12,on_ds_daily_axis
BW-ILXI,ILXI,2000-01-01,2002-02-21,on_ds_daily_axis
BW-ILXO,ILXO,2000-01-01,2004-12-20,on_ds_daily_axis
BW-ILXRQ,ILXRQ,2000-01-01,2009-03-02,on_ds_daily_axis
BW-C0001018003,IM,2000-01-01,2016-12-05,on_ds_daily_axis
BW-BBG00QQ8DFK6,IMAB,2000-01-01,2025-12-31,on_ds_daily_axis
BW-US44967K1043,IMAC,2000-01-01,2023-12-12,on_ds_daily_axis
BW-IMAN,IMAN,2000-01-01,2003-11-18,on_ds_daily_axis
BW-IMAT,IMAT,2000-01-01,2001-12-19,on_ds_daily_axis
BW-BBG000FYSXX9,IMBI,2000-01-01,2023-09-08,on_ds_daily_axis
BW-C0000765258,IMCL,2000-01-01,2008-11-24,on_ds_daily_axis
BW-IMDC1,IMDC1,2000-01-01,2006-03-22,on_ds_daily_axis
BW-US45252L1035,IMDZ,2000-01-01,2019-04-01,on_ds_daily_axis
BW-IMGC,IMGC,2000-01-01,2006-11-09,on_ds_daily_axis
BW-US45250K1079,IMGO,2000-01-01,2023-02-02,on_ds_daily_axis
BW-US45254P5089,IMH,2000-01-01,2023-06-27,on_ds_daily_axis
BW-IMI1,IMI1,2000-01-01,2006-12-29,on_ds_daily_axis
BW-IMIC,IMIC,2000-01-01,2002-12-13,on_ds_daily_axis
BW-IMMCQ,IMMCQ,2000-01-01,2011-06-15,on_ds_daily_axis
BW-IMMP1,IMMP1,2000-01-01,2013-05-30,on_ds_daily_axis
BW-US45323A2015,IMMY,2000-01-01,2019-04-04,on_ds_daily_axis
BW-IMN,IMN,2000-01-01,2017-02-21,on_ds_daily_axis
BW-IMNX,IMNX,2000-01-01,2002-07-15,on_ds_daily_axis
BW-IMNY,IMNY,2000-01-01,2009-06-26,on_ds_daily_axis
BW-IMOS1,IMOS1,2000-01-01,2016-10-31,on_ds_daily_axis
BW-IMP,IMP,2000-01-01,2001-01-29,on_ds_daily_axis
BW-IMPCQ,IMPCQ,2000-01-01,2011-05-09,on_ds_daily_axis
BW-BBG011S4NRB0,IMPL,2000-01-01,2024-02-16,on_ds_daily_axis
BW-IMPR,IMPR,2000-01-01,2016-09-15,on_ds_daily_axis
BW-US45321L1008,IMPV,2000-01-01,2019-01-09,on_ds_daily_axis
BW-KYG010461047,IMPX,2000-01-01,2022-09-26,on_ds_daily_axis
BW-IMPX-U,IMPX-U,2000-01-01,2021-12-17,on_ds_daily_axis
BW-IMPX_OLD,IMPX_OLD,2000-01-01,2009-01-26,on_ds_daily_axis
BW-US45249V1070,IMRA_OLD,2000-01-01,2023-03-10,on_ds_daily_axis
BW-USQ4867H2235,IMRNW,2000-01-01,2022-06-10,on_ds_daily_axis
BW-IMRS,IMRS,2000-01-01,2001-07-27,on_ds_daily_axis
BW-C0001058083,IMS,2000-01-01,2016-09-30,on_ds_daily_axis
BW-IMSC,IMSC,2000-01-01,2001-08-01,on_ds_daily_axis
BW-IMSCQ,IMSCQ,2000-01-01,2017-08-28,on_ds_daily_axis
BW-IMUL,IMUL,2000-01-01,2000-01-20,on_ds_daily_axis
BW-BBG0064N50H7,IMV,2000-01-01,2023-06-28,on_ds_daily_axis
BW-IMVTU,IMVTU,2000-01-01,2020-06-24,on_ds_daily_axis
BW-IMVTW,IMVTW,2000-01-01,2020-06-15,on_ds_daily_axis
BW-IN,IN,2000-01-01,2013-09-16,on_ds_daily_axis
BW-C0001056386,INAP,2000-01-01,2020-03-25,on_ds_daily_axis
BW-US45784L1008,INAQ,2000-01-01,2024-12-13,on_ds_daily_axis
BW-INAQ-UN,INAQ-UN,2000-01-01,2023-06-29,on_ds_daily_axis
BW-INAQW,INAQW,2000-01-01,2024-12-13,on_ds_daily_axis
BW-US19248M1037,INB,2000-01-01,2019-12-20,on_ds_daily_axis
BW-INCB,INCB,2000-01-01,2012-09-14,on_ds_daily_axis
BW-INCLF,INCLF,2000-01-01,2007-01-05,on_ds_daily_axis
BW-INCR_OLD,INCR_OLD,2000-01-01,2018-01-05,on_ds_daily_axis
BW-US45579J2033,INDUU,2000-01-01,2018-12-06,on_ds_daily_axis
BW-INDUW,INDUW,2000-01-01,2018-12-07,on_ds_daily_axis
BW-IND_OLD,IND_OLD,2000-01-01,2016-08-11,on_ds_daily_axis
BW-INEI,INEI,2000-01-01,2007-06-26,on_ds_daily_axis
BW-INET,INET,2000-01-01,2010-12-17,on_ds_daily_axis
BW-INFA_OLD,INFA_OLD,2000-01-01,2015-08-06,on_ds_daily_axis
BW-BBG000CN3TG1,INFI,2000-01-01,2023-12-20,on_ds_daily_axis
BW-INFM,INFM,2000-01-01,2002-12-20,on_ds_daily_axis
BW-BMG475671050,INFO_OLD1,2000-01-01,2022-02-25,on_ds_daily_axis
BW-INFS1,INFS1,2000-01-01,2009-05-28,on_ds_daily_axis
BW-INGA,INGA,2000-01-01,2018-02-28,on_ds_daily_axis
BW-INGE,INGE,2000-01-01,2001-07-26,on_ds_daily_axis
BW-INGR1,INGR1,2000-01-01,2006-11-29,on_ds_daily_axis
BW-INHX,INHX,2000-01-01,2012-02-13,on_ds_daily_axis
BW-ININ,ININ,2000-01-01,2016-12-01,on_ds_daily_axis
BW-INIT,INIT,2000-01-01,2002-07-09,on_ds_daily_axis
BW-US49878L1098,INKA,2000-01-01,2023-05-16,on_ds_daily_axis
BW-INKP,INKP,2000-01-01,2005-09-30,on_ds_daily_axis
BW-INLQ,INLQ,2000-01-01,2002-10-15,on_ds_daily_axis
BW-INMX,INMX,2000-01-01,2002-12-09,on_ds_daily_axis
BW-INNL,INNL,2000-01-01,2017-07-21,on_ds_daily_axis
BW-INNL1,INNL1,2000-01-01,2016-07-15,on_ds_daily_axis
BW-INOC,INOC,2000-01-01,2014-01-06,on_ds_daily_axis
BW-C0001619954,INOV_OLD2,2000-01-01,2021-11-23,on_ds_daily_axis
BW-INPC,INPC,2000-01-01,2008-06-25,on_ds_daily_axis
BW-INPST,INPST,2000-01-01,2021-11-24,on_ds_daily_axis
BW-US45790J8009,INPX,2000-01-01,2024-03-12,on_ds_daily_axis
BW-INRB,INRB,2000-01-01,2008-09-18,on_ds_daily_axis
BW-INRG,INRG,2000-01-01,2003-05-05,on_ds_daily_axis
BW-INS,INS,2000-01-01,2021-12-31,on_ds_daily_axis
BW-INSGY,INSGY,2000-01-01,2009-12-14,on_ds_daily_axis
BW-INSN,INSN,2000-01-01,2002-09-19,on_ds_daily_axis
BW-INST_OLD,INST_OLD,2000-01-01,2019-05-28,on_ds_daily_axis
BW-US4578673075,INSUU,2000-01-01,2020-10-14,on_ds_daily_axis
BW-INSUW,INSUW,2000-01-01,2020-10-15,on_ds_daily_axis
BW-INSV,INSV,2000-01-01,2015-11-02,on_ds_daily_axis
BW-BBG00F0TB3Z5,INSY,2000-01-01,2019-06-18,on_ds_daily_axis
BW-INTD,INTD,2000-01-01,2005-08-18,on_ds_daily_axis
BW-INTL1,INTL1,2000-01-01,2007-08-16,on_ds_daily_axis
BW-INTLL,INTLL,2000-01-01,2016-10-11,on_ds_daily_axis
BW-BBG00KD90LV0,INTL_OLD,2000-01-01,2020-07-02,on_ds_daily_axis
BW-INTN,INTN,2000-01-01,2007-10-02,on_ds_daily_axis
BW-INTX,INTX,2000-01-01,2019-01-10,on_ds_daily_axis
BW-INTXA,INTXA,2000-01-01,2000-10-11,on_ds_daily_axis
BW-INVC,INVC,2000-01-01,2011-09-30,on_ds_daily_axis
BW-INVHY,INVHY,2000-01-01,2010-07-21,on_ds_daily_axis
BW-INVN_OLD2,INVN_OLD2,2000-01-01,2017-05-17,on_ds_daily_axis
BW-BBG00HDT5GR4,INWK,2000-01-01,2020-10-02,on_ds_daily_axis
BW-INXI,INXI,2000-01-01,2011-12-30,on_ds_daily_axis
BW-NL0009693779,INXN,2000-01-01,2020-03-12,on_ds_daily_axis
BW-INZ,INZ,2000-01-01,2017-02-10,on_ds_daily_axis
BW-BBG00JRSTWR6,IO,2000-01-01,2022-07-20,on_ds_daily_axis
BW-KYG4809M1096,IOAC,2000-01-01,2024-01-08,on_ds_daily_axis
BW-IOC,IOC,2000-01-01,2017-02-22,on_ds_daily_axis
BW-IOG,IOG,2000-01-01,2018-01-30,on_ds_daily_axis
BW-IOI,IOI,2000-01-01,2015-09-22,on_ds_daily_axis
BW-IOM,IOM,2000-01-01,2018-01-30,on_ds_daily_axis
BW-IOMI,IOMI,2000-01-01,2008-08-04,on_ds_daily_axis
BW-IONA,IONA,2000-01-01,2008-09-12,on_ds_daily_axis
BW-ION_OLD,ION_OLD,2000-01-01,2009-12-22,on_ds_daily_axis
BW-IOX,IOX,2000-01-01,2007-08-09,on_ds_daily_axis
BW-BBG00K9NQS96,IPA,2000-01-01,2025-09-03,on_ds_daily_axis
BW-IPAS,IPAS,2000-01-01,2019-02-12,on_ds_daily_axis
BW-KYG478741211,IPAX,2000-01-01,2023-03-09,on_ds_daily_axis
BW-IPAXW,IPAXW,2000-01-01,2023-02-27,on_ds_daily_axis
BW-C0000923284,IPCC,2000-01-01,2018-07-11,on_ds_daily_axis
BW-BBG000C0RZ35,IPCI,2000-01-01,2020-10-08,on_ds_daily_axis
BW-IPCM,IPCM,2000-01-01,2015-11-20,on_ds_daily_axis
BW-IPCR,IPCR,2000-01-01,2009-09-04,on_ds_daily_axis
BW-IPCS,IPCS,2000-01-01,2009-12-04,on_ds_daily_axis
BW-IPET,IPET,2000-01-01,2001-01-18,on_ds_daily_axis
BW-BBG000R23VW8,IPHI,2000-01-01,2021-04-20,on_ds_daily_axis
BW-BBG00D8FL3K7,IPHS,2000-01-01,2020-02-06,on_ds_daily_axis
BW-IPII,IPII,2000-01-01,2012-10-23,on_ds_daily_axis
BW-IPIXQ,IPIXQ,2000-01-01,2006-09-13,on_ds_daily_axis
BW-IPI_OLD,IPI_OLD,2000-01-01,2000-06-14,on_ds_daily_axis
BW-IPL,IPL,2000-01-01,2018-02-22,on_ds_daily_axis
BW-IPMT,IPMT,2000-01-01,2006-05-10,on_ds_daily_axis
BW-IPOA,IPOA,2000-01-01,2019-10-25,on_ds_daily_axis
BW-IPOA-U,IPOA-U,2000-01-01,2018-12-21,on_ds_daily_axis
BW-KYG8250T1094,IPOB,2000-01-01,2020-12-18,on_ds_daily_axis
BW-IPOB-U,IPOB-U,2000-01-01,2020-12-18,on_ds_daily_axis
BW-KYG8251K1076,IPOC,2000-01-01,2021-01-08,on_ds_daily_axis
BW-IPOC-U,IPOC-U,2000-01-01,2021-01-07,on_ds_daily_axis
BW-IPOC-UN,IPOC-UN,2000-01-01,2021-01-07,on_ds_daily_axis
BW-IPOD-U,IPOD-U,2000-01-01,2021-12-22,on_ds_daily_axis
BW-IPOD-UN,IPOD-UN,2000-01-01,2022-10-14,on_ds_daily_axis
BW-KYG825141032,IPOD_OLD,2000-01-01,2022-10-14,on_ds_daily_axis
BW-KYG8251L1059,IPOF,2000-01-01,2022-10-14,on_ds_daily_axis
BW-IPOF-U,IPOF-U,2000-01-01,2022-01-14,on_ds_daily_axis
BW-IPOF-UN,IPOF-UN,2000-01-01,2022-10-14,on_ds_daily_axis
BW-IPRPY,IPRPY,2000-01-01,2012-07-24,on_ds_daily_axis
BW-IPRT,IPRT,2000-01-01,2002-10-01,on_ds_daily_axis
BW-IPSU,IPSU,2000-01-01,2012-06-21,on_ds_daily_axis
BW-IPSW,IPSW,2000-01-01,2002-07-26,on_ds_daily_axis
BW-IPT,IPT,2000-01-01,2013-05-09,on_ds_daily_axis
BW-US46064A1034,IPV,2000-01-01,2021-03-19,on_ds_daily_axis
BW-IPV-U,IPV-U,2000-01-01,2021-03-12,on_ds_daily_axis
BW-IPV-UN,IPV-UN,2000-01-01,2021-03-12,on_ds_daily_axis
BW-US46064Q1085,IPVA,2000-01-01,2022-12-08,on_ds_daily_axis
BW-IPVA-U,IPVA-U,2000-01-01,2021-12-17,on_ds_daily_axis
BW-IPVF-U,IPVF-U,2000-01-01,2021-12-17,on_ds_daily_axis
BW-US46064T1025,IPVI,2000-01-01,2023-05-02,on_ds_daily_axis
BW-IPVIW,IPVIW,2000-01-01,2023-04-24,on_ds_daily_axis
BW-BBG00K1JXYZ3,IPXL,2000-01-01,2018-05-08,on_ds_daily_axis
BW-KYG4790U1022,IPXX,2000-01-01,2025-03-14,on_ds_daily_axis
BW-IPX_OLD,IPX_OLD,2000-01-01,2018-01-30,on_ds_daily_axis
BW-IQNT,IQNT,2000-01-01,2017-02-09,on_ds_daily_axis
BW-IQT,IQT,2000-01-01,2012-10-12,on_ds_daily_axis
BW-BBG000KR9PW7,IRBT,2000-01-01,2025-12-22,on_ds_daily_axis
BW-C0000923284-IRC,IRC,2000-01-01,2016-03-30,on_ds_daily_axis
BW-US4635881034,IRCP,2000-01-01,2022-06-27,on_ds_daily_axis
BW-US46267Q2021,IRE_OLD,2000-01-01,2015-02-13,on_ds_daily_axis
BW-IRF,IRF,2000-01-01,2015-01-13,on_ds_daily_axis
BW-IRG,IRG,2000-01-01,2018-07-20,on_ds_daily_axis
BW-IRGI,IRGI,2000-01-01,2004-10-20,on_ds_daily_axis
BW-IRIC,IRIC,2000-01-01,2003-12-15,on_ds_daily_axis
BW-IRIS,IRIS,2000-01-01,2012-10-31,on_ds_daily_axis
BW-IRMC,IRMC,2000-01-01,2009-07-24,on_ds_daily_axis
BW-US46323Q1058,IRNT,2000-01-01,2024-02-22,on_ds_daily_axis
BW-IRRX-UN,IRRX-UN,2000-01-01,2024-04-04,on_ds_daily_axis
BW-IRW,IRW,2000-01-01,2008-06-06,on_ds_daily_axis
BW-ISA,ISA,2000-01-01,2020-07-07,on_ds_daily_axis
BW-US46301G1031,ISAA,2000-01-01,2023-02-01,on_ds_daily_axis
BW-BBG000C1CK87,ISDR,2000-01-01,2025-01-24,on_ds_daily_axis
BW-ISE,ISE,2000-01-01,2007-12-19,on_ds_daily_axis
BW-ISEE1,ISEE1,2000-01-01,2011-04-08,on_ds_daily_axis
BW-ISFC,ISFC,2000-01-01,2001-12-28,on_ds_daily_axis
BW-ISH,ISH,2000-01-01,2015-12-18,on_ds_daily_axis
BW-ISHC,ISHC,2000-01-01,2016-07-12,on_ds_daily_axis
BW-US45765Y2046,ISIG,2000-01-01,2023-10-05,on_ds_daily_axis
BW-ISIL,ISIL,2000-01-01,2017-02-23,on_ds_daily_axis
BW-ISIS,ISIS,2000-01-01,2015-12-21,on_ds_daily_axis
BW-ISKO,ISKO,2000-01-01,2004-06-18,on_ds_daily_axis
BW-ISLD,ISLD,2000-01-01,2001-08-31,on_ds_daily_axis
BW-US46468P1021,ISLE,2000-01-01,2022-09-02,on_ds_daily_axis
BW-ISLN,ISLN,2000-01-01,2010-12-21,on_ds_daily_axis
BW-BBG011MC2100,ISNS,2000-01-01,2021-09-21,on_ds_daily_axis
BW-US4650051067,ISO,2000-01-01,2023-03-27,on_ds_daily_axis
BW-ISOOQ,ISOOQ,2000-01-01,2009-05-05,on_ds_daily_axis
BW-KYG4962C1125,ISOS,2000-01-01,2021-12-17,on_ds_daily_axis
BW-ISOS-U,ISOS-U,2000-01-01,2021-12-15,on_ds_daily_axis
BW-ISOT,ISOT,2000-01-01,2007-10-29,on_ds_daily_axis
BW-ISPH,ISPH,2000-01-01,2011-05-16,on_ds_daily_axis
BW-BBG0099LQ9T5,ISR,2000-01-01,2023-04-21,on_ds_daily_axis
BW-BBG0074JVPG1,ISRL_OLD,2000-01-01,2019-05-28,on_ds_daily_axis
BW-ISS,ISS,2000-01-01,2014-08-29,on_ds_daily_axis
BW-ISSI,ISSI,2000-01-01,2015-12-04,on_ds_daily_axis
BW-ISSX,ISSX,2000-01-01,2006-10-20,on_ds_daily_axis
BW-ISTA,ISTA,2000-01-01,2012-06-06,on_ds_daily_axis
BW-BBG00CDN8ZM8,ISUN,2000-01-01,2024-06-04,on_ds_daily_axis
BW-ISWI,ISWI,2000-01-01,2013-11-12,on_ds_daily_axis
BW-ISYS,ISYS,2000-01-01,2011-07-27,on_ds_daily_axis
BW-US4563572019,ITACU,2000-01-01,2021-10-07,on_ds_daily_axis
BW-ITACW,ITACW,2000-01-01,2021-10-07,on_ds_daily_axis
BW-ITAH,ITAH,2000-01-01,2006-10-04,on_ds_daily_axis
BW-C0001317630,ITC,2000-01-01,2016-10-13,on_ds_daily_axis
BW-US45033E1055,ITCB,2000-01-01,2023-06-28,on_ds_daily_axis
BW-ITCD,ITCD,2000-01-01,2010-12-08,on_ds_daily_axis
BW-ITCL,ITCL,2000-01-01,2024-01-19,on_ds_daily_axis
BW-ITEK,ITEK,2000-01-01,2018-01-04,on_ds_daily_axis
BW-C0002110117,ITG,2000-01-01,2019-02-28,on_ds_daily_axis
BW-KYG497751027,ITHX,2000-01-01,2022-07-22,on_ds_daily_axis
BW-ITHXW,ITHXW,2000-01-01,2022-07-18,on_ds_daily_axis
BW-ITIG,ITIG,2000-01-01,2010-07-26,on_ds_daily_axis
BW-ITLN,ITLN,2000-01-01,2009-12-15,on_ds_daily_axis
BW-ITMN,ITMN,2000-01-01,2014-09-26,on_ds_daily_axis
BW-ITN,ITN,2000-01-01,2017-03-13,on_ds_daily_axis
BW-KYG497731078,ITQ,2000-01-01,2023-02-27,on_ds_daily_axis
BW-ITRA,ITRA,2000-01-01,2009-01-07,on_ds_daily_axis
BW-ITRU,ITRU,2000-01-01,2003-01-07,on_ds_daily_axis
BW-ITSI,ITSI,2000-01-01,2015-01-02,on_ds_daily_axis
BW-US45069V2034,ITUS,2000-01-01,2018-09-28,on_ds_daily_axis
BW-ITVU,ITVU,2000-01-01,2000-04-20,on_ds_daily_axis
BW-C0001009304,ITWO_OLD,2000-01-01,2010-01-28,on_ds_daily_axis
BW-ITX,ITX,2000-01-01,2001-12-26,on_ds_daily_axis
BW-ITXC,ITXC,2000-01-01,2004-05-28,on_ds_daily_axis
BW-ITXI,ITXI,2000-01-01,2002-10-17,on_ds_daily_axis
BW-ITYCQ,ITYCQ,2000-01-01,2008-05-14,on_ds_daily_axis
BW-IUSA_OLD,IUSA_OLD,2000-01-01,2010-07-01,on_ds_daily_axis
BW-IV,IV,2000-01-01,2000-09-14,on_ds_daily_axis
BW-KYG4R87P1144,IVAN,2000-01-01,2022-02-04,on_ds_daily_axis
BW-IVAN-U,IVAN-U,2000-01-01,2021-12-29,on_ds_daily_axis
BW-IVANF,IVANF,2000-01-01,2017-07-06,on_ds_daily_axis
BW-BBG00JX864Q1,IVC,2000-01-01,2023-04-03,on_ds_daily_axis
BW-IVII,IVII,2000-01-01,2006-12-11,on_ds_daily_axis
BW-IVIL,IVIL,2000-01-01,2006-05-15,on_ds_daily_axis
BW-IVISF,IVISF,2000-01-01,2008-05-23,on_ds_daily_axis
BW-IVN,IVN,2000-01-01,2012-09-21,on_ds_daily_axis
BW-US46187J1060,IVTY,2000-01-01,2018-10-24,on_ds_daily_axis
BW-IVX,IVX,2000-01-01,2006-01-25,on_ds_daily_axis
BW-IWA,IWA,2000-01-01,2017-03-13,on_ds_daily_axis
BW-IWAV,IWAV,2000-01-01,2004-12-09,on_ds_daily_axis
BW-IWHM,IWHM,2000-01-01,2001-05-21,on_ds_daily_axis
BW-IWOV,IWOV,2000-01-01,2009-03-16,on_ds_daily_axis
BW-IWRK,IWRK,2000-01-01,2000-11-01,on_ds_daily_axis
BW-KYG5000D1034,IXAQ,2000-01-01,2025-08-11,on_ds_daily_axis
BW-IXX,IXX,2000-01-01,2002-06-28,on_ds_daily_axis
BW-IXYS,IXYS,2000-01-01,2018-01-16,on_ds_daily_axis
BW-JACQ,JACQ,2000-01-01,2014-11-17,on_ds_daily_axis
BW-JADE_OLD,JADE_OLD,2000-01-01,2013-07-30,on_ds_daily_axis
BW-BBG00FXTSJP7,JAG,2000-01-01,2020-01-09,on_ds_daily_axis
BW-JAH,JAH,2000-01-01,2016-04-15,on_ds_daily_axis
BW-JAMS,JAMS,2000-01-01,2006-07-27,on_ds_daily_axis
BW-JANNF,JANNF,2000-01-01,2000-03-09,on_ds_daily_axis
BW-JAS,JAS,2000-01-01,2011-03-18,on_ds_daily_axis
BW-JASO,JASO,2000-01-01,2018-07-16,on_ds_daily_axis
BW-KYG507521071,JATT,2000-01-01,2023-03-20,on_ds_daily_axis
BW-JAV,JAV,2000-01-01,2017-03-20,on_ds_daily_axis
BW-C0000709519,JAVA_OLD,2000-01-01,2010-01-26,on_ds_daily_axis
BW-JAWZ,JAWZ,2000-01-01,2001-07-31,on_ds_daily_axis
BW-BBG00L4BLJP2,JAX,2000-01-01,2021-12-17,on_ds_daily_axis
BW-JAXB,JAXB,2000-01-01,2016-03-11,on_ds_daily_axis
BW-JAXR,JAXR,2000-01-01,2012-10-26,on_ds_daily_axis
BW-JAZ,JAZ,2000-01-01,2008-09-19,on_ds_daily_axis
BW-BBG000ND7CY4,JBT,2000-01-01,2025-01-03,on_ds_daily_axis
BW-JC,JC,2000-01-01,2001-08-15,on_ds_daily_axis
BW-BBG00JVQSH35,JCAP_OLD,2000-01-01,2020-11-06,on_ds_daily_axis
BW-JCBS,JCBS,2000-01-01,2002-01-14,on_ds_daily_axis
BW-JCCI,JCCI,2000-01-01,2006-01-05,on_ds_daily_axis
BW-JCG,JCG,2000-01-01,2011-03-04,on_ds_daily_axis
BW-KYG4989X1152,JCIC,2000-01-01,2023-01-25,on_ds_daily_axis
BW-JCICW,JCICW,2000-01-01,2023-01-25,on_ds_daily_axis
BW-JCLY,JCLY,2000-01-01,2017-02-14,on_ds_daily_axis
BW-US4718922085,JCO,2000-01-01,2022-06-02,on_ds_daily_axis
BW-BBG007F5Y4F4,JCP,2000-01-01,2020-05-18,on_ds_daily_axis
BW-US2039001050,JCS,2000-01-01,2022-04-01,on_ds_daily_axis
BW-JDAS,JDAS,2000-01-01,2012-12-31,on_ds_daily_axis
BW-JDEC,JDEC,2000-01-01,2003-08-28,on_ds_daily_axis
BW-JDEP,JDEP,2000-01-01,2021-11-19,on_ds_daily_axis
BW-JDN,JDN,2000-01-01,2018-02-22,on_ds_daily_axis
BW-JDOGQ,JDOGQ,2000-01-01,2017-08-28,on_ds_daily_axis
BW-JDSU,JDSU,2000-01-01,2015-08-03,on_ds_daily_axis
BW-CA48213W4083,JE,2000-01-01,2022-02-18,on_ds_daily_axis
BW-BBG00YJ80015,JEC,2000-01-01,2019-12-09,on_ds_daily_axis
BW-JEDOF,JEDOF,2000-01-01,2009-02-18,on_ds_daily_axis
BW-C0000717867,JEF_OLD,2000-01-01,2013-02-28,on_ds_daily_axis
BW-JENNQ,JENNQ,2000-01-01,2011-02-18,on_ds_daily_axis
BW-JET,JET,2000-01-01,2022-03-02,on_ds_daily_axis
BW-JFBI,JFBI,2000-01-01,2014-05-30,on_ds_daily_axis
BW-US4711101067,JFC,2000-01-01,2017-07-10,on_ds_daily_axis
BW-JFKKR,JFKKR,2000-01-01,2020-09-30,on_ds_daily_axis
BW-VGG2956M1389,JFKKU,2000-01-01,2020-09-30,on_ds_daily_axis
BW-JFKKW,JFKKW,2000-01-01,2020-09-30,on_ds_daily_axis
BW-JGBO,JGBO,2000-01-01,2013-07-01,on_ds_daily_axis
BW-JGW,JGW,2000-01-01,2016-06-17,on_ds_daily_axis
BW-JH,JH,2000-01-01,2018-01-30,on_ds_daily_axis
BW-JHF,JHF,2000-01-01,2004-04-28,on_ds_daily_axis
BW-JIH-U,JIH-U,2000-01-01,2021-06-07,on_ds_daily_axis
BW-JIH-UN,JIH-UN,2000-01-01,2021-06-07,on_ds_daily_axis
BW-JII,JII,2000-01-01,2000-05-09,on_ds_daily_axis
BW-JILL_OLD,JILL_OLD,2000-01-01,2006-05-03,on_ds_daily_axis
BW-JIT,JIT,2000-01-01,2001-10-31,on_ds_daily_axis
BW-JJZ,JJZ,2000-01-01,2007-02-07,on_ds_daily_axis
BW-JLG,JLG,2000-01-01,2006-12-06,on_ds_daily_axis
BW-JLIC,JLIC,2000-01-01,2010-07-09,on_ds_daily_axis
BW-JLMI,JLMI,2000-01-01,2004-04-05,on_ds_daily_axis
BW-JLNY,JLNY,2000-01-01,2000-02-01,on_ds_daily_axis
BW-JM,JM,2000-01-01,2016-01-27,on_ds_daily_axis
BW-US57778T1060,JMAC,2000-01-01,2023-03-29,on_ds_daily_axis
BW-JMAR,JMAR,2000-01-01,2010-08-03,on_ds_daily_axis
BW-US47023A3095,JMBA,2000-01-01,2018-09-12,on_ds_daily_axis
BW-JMBI,JMBI,2000-01-01,2006-07-17,on_ds_daily_axis
BW-JMDT,JMDT,2000-01-01,2006-02-15,on_ds_daily_axis
BW-JMED,JMED,2000-01-01,2000-08-31,on_ds_daily_axis
BW-BBG00JQCFLY3,JMEI,2000-01-01,2020-04-14,on_ds_daily_axis
BW-JMG,JMG,2000-01-01,2016-04-08,on_ds_daily_axis
BW-JMI,JMI,2000-01-01,2016-04-06,on_ds_daily_axis
BW-JMIC,JMIC,2000-01-01,2000-10-03,on_ds_daily_axis
BW-US46629U1079,JMP,2000-01-01,2021-11-15,on_ds_daily_axis
BW-JMPC,JMPC,2000-01-01,2017-11-27,on_ds_daily_axis
BW-JMPE,JMPE,2000-01-01,2020-04-27,on_ds_daily_axis
BW-JMPNL,JMPNL,2000-01-01,2021-09-10,on_ds_daily_axis
BW-JMPNZ,JMPNZ,2000-01-01,2021-12-14,on_ds_daily_axis
BW-JMXI,JMXI,2000-01-01,2002-08-06,on_ds_daily_axis
BW-JNC,JNC,2000-01-01,2007-11-13,on_ds_daily_axis
BW-JNIC,JNIC,2000-01-01,2003-10-28,on_ds_daily_axis
BW-US48203L1070,JNP,2000-01-01,2018-08-13,on_ds_daily_axis
BW-JNS,JNS,2000-01-01,2017-05-26,on_ds_daily_axis
BW-JNY,JNY,2000-01-01,2014-04-08,on_ds_daily_axis
BW-US47768J1016,JOAN,2000-01-01,2024-04-30,on_ds_daily_axis
BW-US46592C1009,JOFF,2000-01-01,2023-01-20,on_ds_daily_axis
BW-JOINA,JOINA,2000-01-01,2000-03-02,on_ds_daily_axis
BW-JOL,JOL,2000-01-01,2004-08-06,on_ds_daily_axis
BW-C0002129056,JONE,2000-01-01,2018-11-26,on_ds_daily_axis
BW-JOR,JOR,2000-01-01,2006-03-31,on_ds_daily_axis
BW-JORE,JORE,2000-01-01,2001-05-21,on_ds_daily_axis
BW-JOS,JOS,2000-01-01,2013-07-08,on_ds_daily_axis
BW-JOSB,JOSB,2000-01-01,2014-06-18,on_ds_daily_axis
BW-JOY,JOY,2000-01-01,2017-04-05,on_ds_daily_axis
BW-JOYG,JOYG,2000-01-01,2011-12-05,on_ds_daily_axis
BW-BBG009DT9V04,JP,2000-01-01,2022-06-27,on_ds_daily_axis
BW-JP1,JP1,2000-01-01,2006-03-31,on_ds_daily_axis
BW-JPEP,JPEP,2000-01-01,2017-03-07,on_ds_daily_axis
BW-JPMPRD,JPMPRD,2000-01-01,2024-08-16,on_ds_daily_axis
BW-JPMX,JPMX,2000-01-01,2001-05-23,on_ds_daily_axis
BW-JPR,JPR,2000-01-01,2018-01-24,on_ds_daily_axis
BW-JPSP,JPSP,2000-01-01,2000-11-29,on_ds_daily_axis
BW-JPST1,JPST1,2000-01-01,2015-07-07,on_ds_daily_axis
BW-JPTR,JPTR,2000-01-01,2000-09-20,on_ds_daily_axis
BW-JRBK,JRBK,2000-01-01,2001-06-28,on_ds_daily_axis
BW-JRCCQ,JRCCQ,2000-01-01,2016-03-22,on_ds_daily_axis
BW-US1693792038,JRJC,2000-01-01,2022-03-24,on_ds_daily_axis
BW-JRN,JRN,2000-01-01,2015-03-31,on_ds_daily_axis
BW-JRVR1,JRVR1,2000-01-01,2007-12-11,on_ds_daily_axis
BW-JSBA,JSBA,2000-01-01,2001-02-12,on_ds_daily_axis
BW-JST,JST,2000-01-01,2016-04-18,on_ds_daily_axis
BW-JSTN,JSTN,2000-01-01,2000-08-01,on_ds_daily_axis
BW-JSYN,JSYN,2000-01-01,2019-06-28,on_ds_daily_axis
BW-US47632B2016,JSYNU,2000-01-01,2019-06-28,on_ds_daily_axis
BW-JSYNW,JSYNW,2000-01-01,2019-06-20,on_ds_daily_axis
BW-BBG00J0BKGB3,JT,2000-01-01,2024-02-20,on_ds_daily_axis
BW-US9133842024,JTPY,2000-01-01,2018-12-06,on_ds_daily_axis
BW-JTX,JTX,2000-01-01,2011-08-16,on_ds_daily_axis
BW-JUDG,JUDG,2000-01-01,2003-06-17,on_ds_daily_axis
BW-JUN-UN,JUN-UN,2000-01-01,2023-10-09,on_ds_daily_axis
BW-VGG5294K1104,JUNE,2000-01-01,2025-08-01,on_ds_daily_axis
BW-C0001594864,JUNO,2000-01-01,2018-03-05,on_ds_daily_axis
BW-US4819058003,JUNP_OLD,2000-01-01,2025-02-07,on_ds_daily_axis
BW-US48208F1057,JUPW,2000-01-01,2023-11-27,on_ds_daily_axis
BW-JWEB,JWEB,2000-01-01,2001-09-25,on_ds_daily_axis
BW-JWG,JWG,2000-01-01,2000-12-29,on_ds_daily_axis
BW-JWL,JWL,2000-01-01,2006-06-16,on_ds_daily_axis
BW-KYG507441049,JWS,2000-01-01,2022-02-18,on_ds_daily_axis
BW-JWS-U,JWS-U,2000-01-01,2021-06-03,on_ds_daily_axis
BW-JWSM-UN,JWSM-UN,2000-01-01,2024-09-13,on_ds_daily_axis
BW-JXJT,JXJT,2000-01-01,2024-12-20,on_ds_daily_axis
BW-US46924R1068,JXSB,2000-01-01,2018-06-04,on_ds_daily_axis
BW-JXVL,JXVL,2000-01-01,2003-12-30,on_ds_daily_axis
BW-US47760M1027,JYAC,2000-01-01,2022-12-02,on_ds_daily_axis
BW-JZHG,JZHG,2000-01-01,2018-06-12,on_ds_daily_axis
BW-KA,KA,2000-01-01,2024-11-20,on_ds_daily_axis
BW-US48661U1025,KAAC,2000-01-01,2018-11-12,on_ds_daily_axis
BW-KAACW,KAACW,2000-01-01,2018-12-21,on_ds_daily_axis
BW-KACLW,KACLW,2000-01-01,2024-12-18,on_ds_daily_axis
BW-KADR,KADR,2000-01-01,2014-12-18,on_ds_daily_axis
BW-US48253T1097,KAHC,2000-01-01,2023-01-13,on_ds_daily_axis
BW-KAHC-U,KAHC-U,2000-01-01,2021-12-17,on_ds_daily_axis
BW-KAHC-UN,KAHC-UN,2000-01-01,2022-12-22,on_ds_daily_axis
BW-KAHCU,KAHCU,2000-01-01,2022-12-22,on_ds_daily_axis
BW-KAHOT,KAHOT,2000-01-01,2021-11-23,on_ds_daily_axis
BW-KYG528071072,KAII,2000-01-01,2023-04-27,on_ds_daily_axis
BW-KYG521101140,KAIR,2000-01-01,2023-02-02,on_ds_daily_axis
BW-IE0009BOA4C9,KAL,2000-01-01,2023-06-16,on_ds_daily_axis
BW-US45174L1089,KANG,2000-01-01,2019-01-18,on_ds_daily_axis
BW-KAR1,KAR1,2000-01-01,2007-04-20,on_ds_daily_axis
BW-KARO_OLD,KARO_OLD,2000-01-01,2021-06-23,on_ds_daily_axis
BW-KASP,KASP,2000-01-01,2001-02-13,on_ds_daily_axis
BW-KATE,KATE,2000-01-01,2017-07-11,on_ds_daily_axis
BW-KAYE,KAYE,2000-01-01,2001-06-26,on_ds_daily_axis
BW-KBALB,KBALB,2000-01-01,2014-10-31,on_ds_daily_axis
BW-KBAY,KBAY,2000-01-01,2007-02-09,on_ds_daily_axis
BW-KBC,KBC,2000-01-01,2022-03-02,on_ds_daily_axis
BW-KBL,KBL,2000-01-01,2022-03-02,on_ds_daily_axis
BW-US48242A2033,KBLMU,2000-01-01,2020-11-06,on_ds_daily_axis
BW-KBLMW,KBLMW,2000-01-01,2020-11-06,on_ds_daily_axis
BW-MHY460022038,KBSF,2000-01-01,2022-02-18,on_ds_daily_axis
BW-KBW,KBW,2000-01-01,2013-02-15,on_ds_daily_axis
BW-KBXRF,KBXRF,2000-01-01,2013-08-01,on_ds_daily_axis
BW-US5002331016,KCAP,2000-01-01,2020-07-10,on_ds_daily_axis
BW-KCG,KCG,2000-01-01,2017-07-19,on_ds_daily_axis
BW-KCG1,KCG1,2000-01-01,2013-07-01,on_ds_daily_axis
BW-KCI,KCI,2000-01-01,2011-11-04,on_ds_daily_axis
BW-KCP,KCP,2000-01-01,2012-09-25,on_ds_daily_axis
BW-KCS,KCS,2000-01-01,2016-02-08,on_ds_daily_axis
BW-BBG00B9P9V84,KDMN,2000-01-01,2021-11-09,on_ds_daily_axis
BW-KDN,KDN,2000-01-01,2013-10-15,on_ds_daily_axis
BW-KEA,KEA,2000-01-01,2015-11-19,on_ds_daily_axis
BW-US48660Q1022,KED,2000-01-01,2018-08-03,on_ds_daily_axis
BW-BBG00FJDD048,KEG,2000-01-01,2020-10-08,on_ds_daily_axis
BW-KEGX_OLD,KEGX_OLD,2000-01-01,2020-12-11,on_ds_daily_axis
BW-KEI,KEI,2000-01-01,2010-12-08,on_ds_daily_axis
BW-KELL,KELL,2000-01-01,2001-12-18,on_ds_daily_axis
BW-KENT,KENT,2000-01-01,2015-04-01,on_ds_daily_axis
BW-KERA,KERA,2000-01-01,2001-02-13,on_ds_daily_axis
BW-US4925151015,KERX,2000-01-01,2018-12-12,on_ds_daily_axis
BW-KES,KES,2000-01-01,2018-01-30,on_ds_daily_axis
BW-KESI,KESI,2000-01-01,2003-01-09,on_ds_daily_axis
BW-KEST,KEST,2000-01-01,2003-04-08,on_ds_daily_axis
BW-KEYN,KEYN,2000-01-01,2013-08-21,on_ds_daily_axis
BW-KEYS1,KEYS1,2000-01-01,2007-10-12,on_ds_daily_axis
BW-US4937231003,KEYW,2000-01-01,2019-06-11,on_ds_daily_axis
BW-KEYW1,KEYW1,2000-01-01,2007-01-25,on_ds_daily_axis
BW-KFBI,KFBI,2000-01-01,2003-12-31,on_ds_daily_axis
BW-KFFG,KFFG,2000-01-01,2012-11-12,on_ds_daily_axis
BW-KFI2,KFI2,2000-01-01,2007-06-21,on_ds_daily_axis
BW-KFN,KFN,2000-01-01,2014-04-30,on_ds_daily_axis
BW-KFT,KFT,2000-01-01,2012-10-01,on_ds_daily_axis
BW-KFX,KFX,2000-01-01,2015-05-21,on_ds_daily_axis
BW-KG_OLD,KG_OLD,2000-01-01,2011-02-28,on_ds_daily_axis
BW-KH,KH,2000-01-01,2012-10-31,on_ds_daily_axis
BW-KHKH,KHKH,2000-01-01,2007-11-08,on_ds_daily_axis
BW-KHLM,KHLM,2000-01-01,2011-08-01,on_ds_daily_axis
BW-KIDD,KIDD,2000-01-01,2004-09-15,on_ds_daily_axis
BW-KIDEQ,KIDEQ,2000-01-01,2012-12-28,on_ds_daily_axis
BW-KIDQ,KIDQ,2000-01-01,2001-01-09,on_ds_daily_axis
BW-KYG5276C1107,KIII,2000-01-01,2023-02-24,on_ds_daily_axis
BW-KING,KING,2000-01-01,2016-02-22,on_ds_daily_axis
BW-KINN,KINN,2000-01-01,2000-09-08,on_ds_daily_axis
BW-US49714K1097,KINZ,2000-01-01,2023-05-16,on_ds_daily_axis
BW-KIOR,KIOR,2000-01-01,2014-11-12,on_ds_daily_axis
BW-BBG000C08GG4,KIQ,2000-01-01,2024-03-26,on_ds_daily_axis
BW-BBG000D7NYH1,KIRK,2000-01-01,2025-07-28,on_ds_daily_axis
BW-KIT,KIT,2000-01-01,2003-01-06,on_ds_daily_axis
BW-KITDQ,KITDQ,2000-01-01,2013-08-13,on_ds_daily_axis
BW-KITE,KITE,2000-01-01,2017-10-03,on_ds_daily_axis
BW-KKD,KKD,2000-01-01,2016-07-27,on_ds_daily_axis
BW-US49837C1099,KLAQ,2000-01-01,2023-01-20,on_ds_daily_axis
BW-C0001311605,KLDX,2000-01-01,2018-07-20,on_ds_daily_axis
BW-KLLM,KLLM,2000-01-01,2000-07-17,on_ds_daily_axis
BW-KLRE,KLRE,2000-01-01,2017-04-27,on_ds_daily_axis
BW-KLREU,KLREU,2000-01-01,2017-04-25,on_ds_daily_axis
BW-KLUCQ,KLUCQ,2000-01-01,2006-07-06,on_ds_daily_axis
BW-US4825391034,KLXI,2000-01-01,2018-10-08,on_ds_daily_axis
BW-KMA,KMA,2000-01-01,2007-11-30,on_ds_daily_axis
BW-US4825641016,KMG,2000-01-01,2018-11-14,on_ds_daily_axis
BW-KMG_OLD,KMG_OLD,2000-01-01,2006-08-10,on_ds_daily_axis
BW-KMI1,KMI1,2000-01-01,2007-05-30,on_ds_daily_axis
BW-US25160E1029,KMM,2000-01-01,2018-11-09,on_ds_daily_axis
BW-KMP,KMP,2000-01-01,2014-11-26,on_ds_daily_axis
BW-BBG0026ZG1F5,KMPH,2000-01-01,2023-05-03,on_ds_daily_axis
BW-KMR,KMR,2000-01-01,2014-11-26,on_ds_daily_axis
BW-KNAN,KNAN,2000-01-01,2002-06-28,on_ds_daily_axis
BW-KNAP,KNAP,2000-01-01,2006-07-28,on_ds_daily_axis
BW-US49926T1043,KNBE,2000-01-01,2023-02-14,on_ds_daily_axis
BW-KNBT,KNBT,2000-01-01,2008-02-01,on_ds_daily_axis
BW-C0001060009,KND,2000-01-01,2018-06-29,on_ds_daily_axis
BW-KNDL,KNDL,2000-01-01,2011-07-12,on_ds_daily_axis
BW-KNEBV,KNEBV,2000-01-01,2018-12-21,on_ds_daily_axis
BW-BBG000N7N3S6,KNL,2000-01-01,2021-12-20,on_ds_daily_axis
BW-KNM,KNM,2000-01-01,2015-04-23,on_ds_daily_axis
BW-KNOL,KNOL,2000-01-01,2012-07-17,on_ds_daily_axis
BW-KNSW-UN,KNSW-UN,2000-01-01,2023-12-05,on_ds_daily_axis
BW-KNSY,KNSY,2000-01-01,2012-06-22,on_ds_daily_axis
BW-KNT,KNT,2000-01-01,2018-01-30,on_ds_daily_axis
BW-KNTA,KNTA,2000-01-01,2008-07-08,on_ds_daily_axis
BW-KNTH,KNTH,2000-01-01,2011-12-08,on_ds_daily_axis
BW-BBG000CB4621,KNW,2000-01-01,2025-10-16,on_ds_daily_axis
BW-KNX1,KNX1,2000-01-01,2017-09-08,on_ds_daily_axis
BW-KNXA,KNXA,2000-01-01,2012-12-03,on_ds_daily_axis
BW-KODK-WS-A,KODK-WS-A,2000-01-01,2021-12-17,on_ds_daily_axis
BW-KOG,KOG,2000-01-01,2014-12-05,on_ds_daily_axis
BW-KOMG,KOMG,2000-01-01,2007-09-04,on_ds_daily_axis
BW-KONAQ,KONAQ,2000-01-01,2021-07-29,on_ds_daily_axis
BW-US4968801054,KONE,2000-01-01,2020-10-08,on_ds_daily_axis
BW-KOOP,KOOP,2000-01-01,2001-04-27,on_ds_daily_axis
BW-BBG0015PHLM7,KOR,2000-01-01,2022-01-14,on_ds_daily_axis
BW-KORIY,KORIY,2000-01-01,2007-06-21,on_ds_daily_axis
BW-C0001530721,KORS,2000-01-01,2019-01-04,on_ds_daily_axis
BW-KOSN,KOSN,2000-01-01,2008-06-26,on_ds_daily_axis
BW-KOSP,KOSP,2000-01-01,2006-12-14,on_ds_daily_axis
BW-KP,KP,2000-01-01,2002-09-30,on_ds_daily_axis
BW-KPA,KPA,2000-01-01,2007-06-29,on_ds_daily_axis
BW-KPFS,KPFS,2000-01-01,2019-07-08,on_ds_daily_axis
BW-KPG,KPG,2000-01-01,2003-10-29,on_ds_daily_axis
BW-NL0000009082,KPN,2000-01-01,2018-01-30,on_ds_daily_axis
BW-KPT,KPT,2000-01-01,2016-01-27,on_ds_daily_axis
BW-KQIPQ,KQIPQ,2000-01-01,2015-09-10,on_ds_daily_axis
BW-BBG00KD932K1,KRA,2000-01-01,2022-03-18,on_ds_daily_axis
BW-KRAT,KRAT,2000-01-01,2024-06-27,on_ds_daily_axis
BW-KRB,KRB,2000-01-01,2017-03-13,on_ds_daily_axis
BW-KRFT,KRFT,2000-01-01,2015-07-02,on_ds_daily_axis
BW-KRI,KRI,2000-01-01,2018-12-14,on_ds_daily_axis
BW-KROL,KROL,2000-01-01,2004-07-08,on_ds_daily_axis
BW-KRSC,KRSC,2000-01-01,2001-11-30,on_ds_daily_axis
BW-KRSL,KRSL,2000-01-01,2016-07-20,on_ds_daily_axis
BW-KRX,KRX,2000-01-01,2018-03-22,on_ds_daily_axis
BW-C0001571371,KS,2000-01-01,2018-11-02,on_ds_daily_axis
BW-KSE,KSE,2000-01-01,2015-01-28,on_ds_daily_axis
BW-US48284E1055,KSI,2000-01-01,2023-03-30,on_ds_daily_axis
BW-KSL,KSL,2000-01-01,2015-07-31,on_ds_daily_axis
BW-KSMTW,KSMTW,2000-01-01,2021-08-27,on_ds_daily_axis
BW-KSP,KSP,2000-01-01,2011-07-01,on_ds_daily_axis
BW-KSTN,KSTN,2000-01-01,2000-10-06,on_ds_daily_axis
BW-BBG00HPFDYQ4,KSU,2000-01-01,2021-12-14,on_ds_daily_axis
BW-KSW,KSW,2000-01-01,2012-10-11,on_ds_daily_axis
BW-KSWS,KSWS,2000-01-01,2013-04-30,on_ds_daily_axis
BW-KTC,KTC,2000-01-01,2017-03-13,on_ds_daily_axis
BW-KTCO,KTCO,2000-01-01,2001-04-27,on_ds_daily_axis
BW-US4931431013,KTEC_OLD,2000-01-01,2018-03-20,on_ds_daily_axis
BW-KTII,KTII,2000-01-01,2010-04-01,on_ds_daily_axis
BW-KTO,KTO,2000-01-01,2007-08-08,on_ds_daily_axis
BW-C0000912752,KTOV,2000-01-01,2021-02-22,on_ds_daily_axis
BW-KTOVW,KTOVW,2000-01-01,2020-11-23,on_ds_daily_axis
BW-KTR,KTR,2000-01-01,2018-01-30,on_ds_daily_axis
BW-US49720K1016,KTRA,2000-01-01,2024-10-18,on_ds_daily_axis
BW-KTTY,KTTY,2000-01-01,2000-05-01,on_ds_daily_axis
BW-US5012291085,KUKE,2000-01-01,2025-12-23,on_ds_daily_axis
BW-JE00BLB56359,KURI,2000-01-01,2021-10-22,on_ds_daily_axis
BW-US66981N2027,KURIU,2000-01-01,2021-10-21,on_ds_daily_axis
BW-KURIW,KURIW,2000-01-01,2021-10-21,on_ds_daily_axis
BW-KUTV,KUTV,2000-01-01,2016-07-11,on_ds_daily_axis
BW-KVCO,KVCO,2000-01-01,2001-02-02,on_ds_daily_axis
BW-KVPBQ,KVPBQ,2000-01-01,2013-09-13,on_ds_daily_axis
BW-US65345M1080,KVSB,2000-01-01,2021-11-05,on_ds_daily_axis
BW-US4825061025,KVSC,2000-01-01,2023-04-18,on_ds_daily_axis
BW-KWAC-U,KWAC-U,2000-01-01,2021-12-17,on_ds_daily_axis
BW-KWD,KWD,2000-01-01,2008-02-19,on_ds_daily_axis
BW-CA5015067039,KWE,2000-01-01,2025-06-30,on_ds_daily_axis
BW-KWIC,KWIC,2000-01-01,2009-11-16,on_ds_daily_axis
BW-KWKAQ,KWKAQ,2000-01-01,2016-08-31,on_ds_daily_axis
BW-KWS,KWS,2000-01-01,2018-01-30,on_ds_daily_axis
BW-KYAK,KYAK,2000-01-01,2013-05-20,on_ds_daily_axis
BW-KYF,KYF,2000-01-01,2003-11-07,on_ds_daily_axis
BW-US5015562037,KYO,2000-01-01,2020-10-08,on_ds_daily_axis
BW-KYPH,KYPH,2000-01-01,2007-11-02,on_ds_daily_axis
BW-C0001436304,KYTH,2000-01-01,2015-09-30,on_ds_daily_axis
BW-KZ,KZ,2000-01-01,2017-04-13,on_ds_daily_axis
BW-KZL,KZL,2000-01-01,2006-09-01,on_ds_daily_axis
BW-L1,L1,2000-01-01,2006-05-09,on_ds_daily_axis
BW-KYG535211034,LAAA,2000-01-01,2022-12-06,on_ds_daily_axis
BW-LAAAW,LAAAW,2000-01-01,2022-12-06,on_ds_daily_axis
BW-CA53681K1003,LAAC,2000-01-01,2025-03-28,on_ds_daily_axis
BW-LABC,LABC,2000-01-01,2015-09-15,on_ds_daily_axis
BW-US6253831043,LABL,2000-01-01,2019-07-01,on_ds_daily_axis
BW-LAB_OLD,LAB_OLD,2000-01-01,2011-06-28,on_ds_daily_axis
BW-LACO,LACO,2000-01-01,2020-10-08,on_ds_daily_axis
BW-LAF,LAF,2000-01-01,2022-03-02,on_ds_daily_axis
BW-C0001742056,LAIX,2000-01-01,2022-06-09,on_ds_daily_axis
BW-LAN,LAN,2000-01-01,2018-09-04,on_ds_daily_axis
BW-BBG000BN1M88,LANC,2000-01-01,2025-06-30,on_ds_daily_axis
BW-LARL,LARL,2000-01-01,2006-08-25,on_ds_daily_axis
BW-LARS,LARS,2000-01-01,2004-07-28,on_ds_daily_axis
BW-LASE_OLD,LASE_OLD,2000-01-01,2003-04-29,on_ds_daily_axis
BW-LATD,LATD,2000-01-01,2004-01-12,on_ds_daily_axis
BW-LU2376511205,LATN,2000-01-01,2021-10-01,on_ds_daily_axis
BW-KYG9402Q1183,LATNU,2000-01-01,2021-09-29,on_ds_daily_axis
BW-LATNW,LATNW,2000-01-01,2021-09-30,on_ds_daily_axis
BW-LAUN,LAUN,2000-01-01,2001-08-13,on_ds_daily_axis
BW-LAUR1,LAUR1,2000-01-01,2007-08-17,on_ds_daily_axis
BW-LAVA,LAVA,2000-01-01,2012-02-22,on_ds_daily_axis
BW-LAWEQ,LAWEQ,2000-01-01,2010-12-17,on_ds_daily_axis
BW-VGG2956R1038,LAX,2000-01-01,2023-01-19,on_ds_daily_axis
BW-LAXXR,LAXXR,2000-01-01,2022-11-17,on_ds_daily_axis
BW-LAXXW,LAXXW,2000-01-01,2022-11-18,on_ds_daily_axis
BW-C0000888504,LAYN,2000-01-01,2018-06-14,on_ds_daily_axis
BW-US52110H1005,LAZY,2000-01-01,2024-01-30,on_ds_daily_axis
BW-LB1,LB1,2000-01-01,2011-06-28,on_ds_daily_axis
BW-LBCC,LBCC,2000-01-01,2021-02-22,on_ds_daily_axis
BW-US52170U2078,LBIX,2000-01-01,2018-08-10,on_ds_daily_axis
BW-LBMH,LBMH,2000-01-01,2016-01-21,on_ds_daily_axis
BW-BBG00ZV069L8,LBPS,2000-01-01,2022-07-28,on_ds_daily_axis
BW-LBTE,LBTE,2000-01-01,2008-01-18,on_ds_daily_axis
BW-LB_OLD,LB_OLD,2000-01-01,2011-06-28,on_ds_daily_axis
BW-BBG007PXXS79,LB_OLD1,2000-01-01,2021-08-02,on_ds_daily_axis
BW-LC1,LC1,2000-01-01,2006-01-31,on_ds_daily_axis
BW-US51476X2045,LCAHU_OLD,2000-01-01,2020-12-29,on_ds_daily_axis
BW-US53625R2031,LCAPU,2000-01-01,2022-05-23,on_ds_daily_axis
BW-LCAV,LCAV,2000-01-01,2014-05-12,on_ds_daily_axis
BW-LCBM,LCBM,2000-01-01,2008-03-26,on_ds_daily_axis
BW-LCC,LCC,2000-01-01,2014-01-24,on_ds_daily_axis
BW-LCCI,LCCI,2000-01-01,2008-12-10,on_ds_daily_axis
BW-LCCO,LCCO,2000-01-01,2001-06-28,on_ds_daily_axis
BW-LCGI,LCGI,2000-01-01,2006-01-10,on_ds_daily_axis
BW-LCH,LCH,2000-01-01,2022-03-02,on_ds_daily_axis
BW-LCIDW,LCIDW,2000-01-01,2021-10-12,on_ds_daily_axis
BW-LCOR,LCOR,2000-01-01,2004-04-27,on_ds_daily_axis
BW-LCOS,LCOS,2000-01-01,2000-10-27,on_ds_daily_axis
BW-LCRD,LCRD,2000-01-01,2011-01-28,on_ds_daily_axis
BW-LCRY,LCRY,2000-01-01,2012-08-03,on_ds_daily_axis
BW-LCW-UN,LCW-UN,2000-01-01,2024-10-02,on_ds_daily_axis
BW-US51476H2094,LCYAU,2000-01-01,2021-07-14,on_ds_daily_axis
BW-LCYAW,LCYAW,2000-01-01,2021-07-20,on_ds_daily_axis
BW-LDG,LDG,2000-01-01,2022-03-02,on_ds_daily_axis
BW-KYG540941005,LDHA,2000-01-01,2023-03-31,on_ds_daily_axis
BW-LDIG,LDIG,2000-01-01,2002-03-14,on_ds_daily_axis
BW-LDIS,LDIS,2000-01-01,2008-02-19,on_ds_daily_axis
BW-BBG00GW2KTB6,LDL,2000-01-01,2021-10-04,on_ds_daily_axis
BW-LDMK,LDMK,2000-01-01,2002-02-19,on_ds_daily_axis
BW-LDO,LDO,2000-01-01,2018-02-28,on_ds_daily_axis
BW-LDR,LDR,2000-01-01,2017-10-18,on_ds_daily_axis
BW-LDRH_OLD,LDRH_OLD,2000-01-01,2016-07-12,on_ds_daily_axis
BW-LDSD,LDSD,2000-01-01,2000-12-28,on_ds_daily_axis
BW-LDSH,LDSH,2000-01-01,2011-05-09,on_ds_daily_axis
BW-US52177G1022,LEAF,2000-01-01,2021-12-08,on_ds_daily_axis
BW-KYG7552B1059,LEAP,2000-01-01,2022-08-15,on_ds_daily_axis
BW-LEAP-U,LEAP-U,2000-01-01,2022-01-05,on_ds_daily_axis
BW-C0001065049,LEAP_OLD,2000-01-01,2014-03-13,on_ds_daily_axis
BW-LEARQ,LEARQ,2000-01-01,2009-11-09,on_ds_daily_axis
BW-LECH,LECH,2000-01-01,2001-04-11,on_ds_daily_axis
BW-LEDR,LEDR,2000-01-01,2013-08-20,on_ds_daily_axis
BW-LEFX,LEFX,2000-01-01,2001-11-14,on_ds_daily_axis
BW-KYG540851089,LEGA,2000-01-01,2023-03-22,on_ds_daily_axis
BW-LEGC,LEGC,2000-01-01,2011-07-20,on_ds_daily_axis
BW-C0002087450,LEGO,2000-01-01,2021-10-20,on_ds_daily_axis
BW-LEGOW,LEGOW,2000-01-01,2021-10-20,on_ds_daily_axis
BW-LEGT-UN,LEGT-UN,2000-01-01,2025-11-12,on_ds_daily_axis
BW-LEH,LEH,2000-01-01,2008-09-17,on_ds_daily_axis
BW-LEIX,LEIX,2000-01-01,2006-03-13,on_ds_daily_axis
BW-BBG0064LZ541,LEJU,2000-01-01,2024-04-22,on_ds_daily_axis
BW-LENS1,LENS1,2000-01-01,2010-05-18,on_ds_daily_axis
BW-USG7234P1006,LENS_OLD,2000-01-01,2019-04-24,on_ds_daily_axis
BW-LESR,LESR,2000-01-01,2003-06-30,on_ds_daily_axis
BW-US52730Q2093,LEVB,2000-01-01,2019-06-28,on_ds_daily_axis
BW-BBG011DXG0M7,LEVL,2000-01-01,2022-04-04,on_ds_daily_axis
BW-BBG00BFHL5F0,LEXEA,2000-01-01,2019-07-26,on_ds_daily_axis
BW-LEXI_OLD,LEXI_OLD,2000-01-01,2021-12-29,on_ds_daily_axis
BW-LEXR,LEXR,2000-01-01,2006-06-21,on_ds_daily_axis
BW-LF,LF,2000-01-01,2016-04-04,on_ds_daily_axis
BW-LFAY,LFAY,2000-01-01,2001-11-19,on_ds_daily_axis
BW-LFB,LFB,2000-01-01,2007-04-20,on_ds_daily_axis
BW-BBG00K1X8CY9,LFC,2000-01-01,2022-11-03,on_ds_daily_axis
BW-LFED,LFED,2000-01-01,2003-01-24,on_ds_daily_axis
BW-C0000877355,LFG_OLD,2000-01-01,2009-12-08,on_ds_daily_axis
BW-LFL,LFL,2000-01-01,2020-10-08,on_ds_daily_axis
BW-LFMN,LFMN,2000-01-01,2001-10-24,on_ds_daily_axis
BW-LFTC,LFTC,2000-01-01,2012-02-22,on_ds_daily_axis
BW-US52470X1090,LFTR,2000-01-01,2022-11-02,on_ds_daily_axis
BW-LFTRW,LFTRW,2000-01-01,2022-10-24,on_ds_daily_axis
BW-KYG540351031,LGAC,2000-01-01,2023-03-10,on_ds_daily_axis
BW-LGAM,LGAM,2000-01-01,2000-07-24,on_ds_daily_axis
BW-BBG00QNTRP44,LGC,2000-01-01,2021-12-17,on_ds_daily_axis
BW-LGE,LGE,2000-01-01,2000-12-11,on_ds_daily_axis
BW-BBG00699LV50,LGF-A,2000-01-01,2025-05-06,on_ds_daily_axis
BW-BBG00FJ64DS9,LGF-B,2000-01-01,2025-05-06,on_ds_daily_axis
BW-LGF_OLD2,LGF_OLD2,2000-01-01,2016-12-08,on_ds_daily_axis
BW-LGHS,LGHS,2000-01-01,2015-05-29,on_ds_daily_axis
BW-US53223T1060,LGHT_OLD,2000-01-01,2019-10-24,on_ds_daily_axis
BW-LGSA,LGSA,2000-01-01,2000-04-10,on_ds_daily_axis
BW-KYG8028L1077,LGST,2000-01-01,2024-02-27,on_ds_daily_axis
BW-US52473Y2037,LGTOU,2000-01-01,2023-02-27,on_ds_daily_axis
BW-LGTOW,LGTOW,2000-01-01,2023-03-01,on_ds_daily_axis
BW-LGTO_OLD,LGTO_OLD,2000-01-01,2003-10-20,on_ds_daily_axis
BW-BBG0146ZJCJ9,LGV,2000-01-01,2023-01-20,on_ds_daily_axis
BW-US5431951012,LGVW,2000-01-01,2021-02-16,on_ds_daily_axis
BW-LGVW-U,LGVW-U,2000-01-01,2021-02-12,on_ds_daily_axis
BW-LGVW-UN,LGVW-UN,2000-01-01,2021-02-12,on_ds_daily_axis
BW-LHA,LHA,2000-01-01,2018-08-20,on_ds_daily_axis
BW-US5267491067,LHAA,2000-01-01,2023-01-20,on_ds_daily_axis
BW-LHC-UN,LHC-UN,2000-01-01,2024-06-06,on_ds_daily_axis
BW-KYG5463R1020,LHC_OLD,2000-01-01,2020-08-28,on_ds_daily_axis
BW-C0001652724,LHDX,2000-01-01,2023-05-05,on_ds_daily_axis
BW-LHMS,LHMS,2000-01-01,2004-10-13,on_ds_daily_axis
BW-LHN,LHN,2000-01-01,2020-04-30,on_ds_daily_axis
BW-US5179421087,LHO,2000-01-01,2018-11-30,on_ds_daily_axis
BW-LHSG,LHSG,2000-01-01,2000-07-28,on_ds_daily_axis
BW-LIBB,LIBB,2000-01-01,2002-12-31,on_ds_daily_axis
BW-LICB,LICB,2000-01-01,2005-12-29,on_ds_daily_axis
BW-LIFC,LIFC,2000-01-01,2008-05-27,on_ds_daily_axis
BW-LIFE2,LIFE2,2000-01-01,2014-02-03,on_ds_daily_axis
BW-C0001302676,LIFE_OLD,2000-01-01,2006-03-22,on_ds_daily_axis
BW-LIFF,LIFF,2000-01-01,2001-06-26,on_ds_daily_axis
BW-LIFW,LIFW,2000-01-01,2025-02-07,on_ds_daily_axis
BW-LIFWW,LIFWW,2000-01-01,2024-12-06,on_ds_daily_axis
BW-LIHR,LIHR,2000-01-01,2010-08-27,on_ds_daily_axis
BW-KYG5463T1085,LIII,2000-01-01,2021-11-19,on_ds_daily_axis
BW-LIII-U,LIII-U,2000-01-01,2021-11-19,on_ds_daily_axis
BW-LIMC,LIMC,2000-01-01,2009-07-02,on_ds_daily_axis
BW-C0001699963,LIME,2000-01-01,2017-02-03,on_ds_daily_axis
BW-LIMS,LIMS,2000-01-01,2010-03-19,on_ds_daily_axis
BW-LIN1,LIN1,2000-01-01,2006-02-14,on_ds_daily_axis
BW-LINDW,LINDW,2000-01-01,2019-08-01,on_ds_daily_axis
BW-C0001326428,LINE_OLD,2000-01-01,2017-02-27,on_ds_daily_axis
BW-C0001417754-LINU,LINU,2000-01-01,2018-05-11,on_ds_daily_axis
BW-US53619W1018,LINX,2000-01-01,2021-06-25,on_ds_daily_axis
BW-US3163941053,LION_OLD,2000-01-01,2019-05-28,on_ds_daily_axis
BW-LIOX,LIOX,2000-01-01,2017-02-28,on_ds_daily_axis
BW-LIPD,LIPD,2000-01-01,2008-10-09,on_ds_daily_axis
BW-LIPO_OLD,LIPO_OLD,2000-01-01,2000-05-12,on_ds_daily_axis
BW-LIQB,LIQB,2000-01-01,2002-05-31,on_ds_daily_axis
BW-LIQWF,LIQWF,2000-01-01,2011-07-19,on_ds_daily_axis
BW-KYG5510C1087,LIVK,2000-01-01,2022-02-18,on_ds_daily_axis
BW-LIVKW,LIVKW,2000-01-01,2021-08-23,on_ds_daily_axis
BW-C0001399521,LIWA,2000-01-01,2015-03-13,on_ds_daily_axis
BW-LI_OLD,LI_OLD,2000-01-01,2007-09-28,on_ds_daily_axis
BW-US53228M1062,LJAQ,2000-01-01,2023-02-02,on_ds_daily_axis
BW-LJAQW,LJAQW,2000-01-01,2023-01-27,on_ds_daily_axis
BW-LJLB,LJLB,2000-01-01,2000-08-30,on_ds_daily_axis
BW-LJPC1,LJPC1,2000-01-01,2011-09-15,on_ds_daily_axis
BW-BBG00NZ6MSZ3,LK,2000-01-01,2021-12-14,on_ds_daily_axis
BW-LKCO1,LKCO1,2000-01-01,2018-09-19,on_ds_daily_axis
BW-LKII,LKII,2000-01-01,2016-02-19,on_ds_daily_axis
BW-BBG009R0CVG1,LKSD,2000-01-01,2019-12-27,on_ds_daily_axis
BW-US55003T1079,LL,2000-01-01,2024-08-16,on_ds_daily_axis
BW-LLB,LLB,2000-01-01,2014-11-10,on_ds_daily_axis
BW-LLEN,LLEN,2000-01-01,2015-07-02,on_ds_daily_axis
BW-C0001437557,LLEX,2000-01-01,2020-08-27,on_ds_daily_axis
BW-VGG5478K1185,LLIT,2000-01-01,2021-05-25,on_ds_daily_axis
BW-US5024131071,LLL_OLD,2000-01-01,2019-06-28,on_ds_daily_axis
BW-US53261M1045,LLNW,2000-01-01,2022-08-17,on_ds_daily_axis
BW-US5356781063,LLTC,2000-01-01,2017-03-10,on_ds_daily_axis
BW-BBG00725Q555,LM,2000-01-01,2020-07-31,on_ds_daily_axis
BW-C0001831992,LMACA,2000-01-01,2022-12-09,on_ds_daily_axis
BW-LMAOW,LMAOW,2000-01-01,2022-10-28,on_ds_daily_axis
BW-LMCA,LMCA,2000-01-01,2017-01-24,on_ds_daily_axis
BW-LMCK,LMCK,2000-01-01,2017-01-24,on_ds_daily_axis
BW-KYG5709L1095,LMDX,2000-01-01,2024-04-04,on_ds_daily_axis
BW-LMIA,LMIA,2000-01-01,2017-06-26,on_ds_daily_axis
BW-LMLP1,LMLP1,2000-01-01,2013-01-10,on_ds_daily_axis
BW-LMNE,LMNE,2000-01-01,2001-12-28,on_ds_daily_axis
BW-LMNS,LMNS,2000-01-01,2015-10-09,on_ds_daily_axis
BW-US55027E1029,LMNX_OLD,2000-01-01,2021-07-15,on_ds_daily_axis
BW-LMOS,LMOS,2000-01-01,2017-11-16,on_ds_daily_axis
BW-US51508J1088,LMRK,2000-01-01,2021-12-31,on_ds_daily_axis
BW-LMS,LMS,2000-01-01,2015-09-11,on_ds_daily_axis
BW-BBG0176LDGY3,LN,2000-01-01,2020-12-24,on_ds_daily_axis
BW-LNBB,LNBB,2000-01-01,2015-08-14,on_ds_daily_axis
BW-LNCB,LNCB,2000-01-01,2008-12-31,on_ds_daily_axis
BW-LNCC,LNCC,2000-01-01,2000-06-06,on_ds_daily_axis
BW-C0000057528,LNCE,2000-01-01,2018-03-23,on_ds_daily_axis
BW-LNCO,LNCO,2000-01-01,2016-05-23,on_ds_daily_axis
BW-LNCOQ,LNCOQ,2000-01-01,2017-02-24,on_ds_daily_axis
BW-LNCR,LNCR,2000-01-01,2012-08-13,on_ds_daily_axis
BW-BBG000C3FGN2,LNDC,2000-01-01,2023-01-13,on_ds_daily_axis
BW-LNDL,LNDL,2000-01-01,2001-03-23,on_ds_daily_axis
BW-KYG537021092,LNFA,2000-01-01,2022-08-03,on_ds_daily_axis
BW-LNFA-U,LNFA-U,2000-01-01,2021-12-17,on_ds_daily_axis
BW-LNKD,LNKD,2000-01-01,2016-12-07,on_ds_daily_axis
BW-LNR,LNR,2000-01-01,2018-02-22,on_ds_daily_axis
BW-LNTE,LNTE,2000-01-01,2002-09-05,on_ds_daily_axis
BW-LNY,LNY,2000-01-01,2010-10-06,on_ds_daily_axis
BW-C0001005007,LO,2000-01-01,2015-06-11,on_ds_daily_axis
BW-LOACR,LOACR,2000-01-01,2021-03-19,on_ds_daily_axis
BW-LOACU,LOACU,2000-01-01,2021-03-29,on_ds_daily_axis
BW-LOACW,LOACW,2000-01-01,2021-03-19,on_ds_daily_axis
BW-US53804F1030,LOAK,2000-01-01,2020-12-30,on_ds_daily_axis
BW-LOAK-U,LOAK-U,2000-01-01,2020-12-29,on_ds_daily_axis
BW-LOAX,LOAX,2000-01-01,2001-10-31,on_ds_daily_axis
BW-LOCK,LOCK,2000-01-01,2017-02-08,on_ds_daily_axis
BW-LODG,LODG,2000-01-01,2005-01-24,on_ds_daily_axis
BW-BBG00YJ60VQ4,LOGC_OLD1,2000-01-01,2020-12-14,on_ds_daily_axis
BW-LOGC_OLD2,LOGC_OLD2,2000-01-01,2016-09-23,on_ds_daily_axis
BW-BBG009DVP6J6,LOGM,2000-01-01,2020-08-31,on_ds_daily_axis
BW-LOIS,LOIS,2000-01-01,2001-01-31,on_ds_daily_axis
BW-LOJN,LOJN,2000-01-01,2016-03-18,on_ds_daily_axis
BW-LOKB-U,LOKB-U,2000-01-01,2021-10-19,on_ds_daily_axis
BW-US5381261032,LOKM,2000-01-01,2023-03-06,on_ds_daily_axis
BW-LONG,LONG,2000-01-01,2016-05-31,on_ds_daily_axis
BW-LOOK,LOOK,2000-01-01,2015-10-27,on_ds_daily_axis
BW-LOOP1,LOOP1,2000-01-01,2012-04-30,on_ds_daily_axis
BW-US1425521085,LOTZ,2000-01-01,2022-12-16,on_ds_daily_axis
BW-LOTZW,LOTZW,2000-01-01,2022-12-08,on_ds_daily_axis
BW-LOUD,LOUD,2000-01-01,2006-10-16,on_ds_daily_axis
BW-US5488621013,LOXO,2000-01-01,2019-02-15,on_ds_daily_axis
BW-LPAC,LPAC,2000-01-01,2003-10-30,on_ds_daily_axis
BW-LPDX,LPDX,2000-01-01,2014-11-20,on_ds_daily_axis
BW-LPHI,LPHI,2000-01-01,2016-12-09,on_ds_daily_axis
BW-BBG002CNBK40,LPI,2000-01-01,2023-03-10,on_ds_daily_axis
BW-LPMA,LPMA,2000-01-01,2006-11-02,on_ds_daily_axis
BW-US53219L1098,LPNT,2000-01-01,2018-11-15,on_ds_daily_axis
BW-LPRIQ,LPRIQ,2000-01-01,2014-01-31,on_ds_daily_axis
BW-LPS,LPS,2000-01-01,2014-01-02,on_ds_daily_axis
BW-LPSB,LPSB,2000-01-01,2016-07-14,on_ds_daily_axis
BW-BBG00DQ929W6,LPTX,2000-01-01,2025-11-12,on_ds_daily_axis
BW-LPWR,LPWR,2000-01-01,2000-10-11,on_ds_daily_axis
BW-LQ1,LQ1,2000-01-01,2007-01-05,on_ds_daily_axis
BW-LQCI,LQCI,2000-01-01,2007-09-12,on_ds_daily_axis
BW-LQNT,LQNT,2000-01-01,2001-12-27,on_ds_daily_axis
BW-LR,LR,2000-01-01,2001-01-25,on_ds_daily_axis
BW-BBG00JRSTXP6,LRAD,2000-01-01,2019-10-28,on_ds_daily_axis
BW-LRE_OLD,LRE_OLD,2000-01-01,2015-10-05,on_ds_daily_axis
BW-LRI,LRI,2000-01-01,2016-04-21,on_ds_daily_axis
BW-LRNS,LRNS,2000-01-01,2006-11-30,on_ds_daily_axis
BW-LROD,LROD,2000-01-01,2001-07-31,on_ds_daily_axis
BW-US53228P2083,LSACU,2000-01-01,2020-12-23,on_ds_daily_axis
BW-LSACW,LSACW,2000-01-01,2020-12-23,on_ds_daily_axis
BW-KYG9845F1090,LSB,2000-01-01,2026-04-06,on_ds_daily_axis
BW-LSBC,LSBC,2000-01-01,2008-05-29,on_ds_daily_axis
BW-LSBG,LSBG,2000-01-01,2017-01-13,on_ds_daily_axis
BW-LSBI,LSBI,2000-01-01,2014-10-31,on_ds_daily_axis
BW-LSBX,LSBX,2000-01-01,2010-11-30,on_ds_daily_axis
BW-LSCO,LSCO,2000-01-01,2007-05-07,on_ds_daily_axis
BW-LSCP,LSCP,2000-01-01,2006-07-25,on_ds_daily_axis
BW-LSE_OLD,LSE_OLD,2000-01-01,2013-11-05,on_ds_daily_axis
BW-LSG,LSG,2000-01-01,2016-04-01,on_ds_daily_axis
BW-LSI1,LSI1,2000-01-01,2014-05-06,on_ds_daily_axis
BW-LSON,LSON,2000-01-01,2000-10-27,on_ds_daily_axis
BW-LSPN,LSPN,2000-01-01,2003-11-17,on_ds_daily_axis
BW-US51724W1071,LSPR,2000-01-01,2023-01-13,on_ds_daily_axis
BW-LSPRW,LSPRW,2000-01-01,2022-12-12,on_ds_daily_axis
BW-LSR,LSR,2000-01-01,2009-11-24,on_ds_daily_axis
BW-LSS,LSS,2000-01-01,2007-06-14,on_ds_daily_axis
BW-LTCR,LTCR,2000-01-01,2000-11-15,on_ds_daily_axis
BW-LTCW,LTCW,2000-01-01,2000-01-19,on_ds_daily_axis
BW-LTD,LTD,2000-01-01,2013-11-29,on_ds_daily_axis
BW-LTH_OLD,LTH_OLD,2000-01-01,2021-10-08,on_ds_daily_axis
BW-C0001076195,LTM_OLD2,2000-01-01,2015-06-10,on_ds_daily_axis
BW-LTN,LTN,2000-01-01,2019-05-07,on_ds_daily_axis
BW-LTN-U,LTN-U,2000-01-01,2020-11-17,on_ds_daily_axis
BW-LTONY,LTONY,2000-01-01,2017-04-24,on_ds_daily_axis
BW-LTWO,LTWO,2000-01-01,2001-08-01,on_ds_daily_axis
BW-US5492821013,LUB,2000-01-01,2022-05-27,on_ds_daily_axis
BW-LUCY_OLD,LUCY_OLD,2000-01-01,2009-03-05,on_ds_daily_axis
BW-LUFK,LUFK,2000-01-01,2013-07-01,on_ds_daily_axis
BW-C0001048055,LUK,2000-01-01,2018-05-23,on_ds_daily_axis
BW-LUMCQ,LUMCQ,2000-01-01,2009-07-22,on_ds_daily_axis
BW-LUME,LUME,2000-01-01,2006-04-25,on_ds_daily_axis
BW-LUMI,LUMI,2000-01-01,2000-12-26,on_ds_daily_axis
BW-LUMT,LUMT,2000-01-01,2001-12-07,on_ds_daily_axis
BW-LUND,LUND,2000-01-01,2000-10-23,on_ds_daily_axis
BW-LUNE,LUNE,2000-01-01,2020-06-05,on_ds_daily_axis
BW-LUNR_OLD,LUNR_OLD,2000-01-01,2000-08-08,on_ds_daily_axis
BW-US55068A1007,LUXA,2000-01-01,2022-11-04,on_ds_daily_axis
BW-LVB,LVB,2000-01-01,2013-09-18,on_ds_daily_axis
BW-LVC,LVC,2000-01-01,2018-01-30,on_ds_daily_axis
BW-LVCI,LVCI,2000-01-01,2002-05-15,on_ds_daily_axis
BW-BBG0073X4TB8,LVGO,2000-01-01,2020-11-02,on_ds_daily_axis
BW-LVID,LVID,2000-01-01,2003-07-22,on_ds_daily_axis
BW-LVLT,LVLT,2000-01-01,2017-10-31,on_ds_daily_axis
BW-KYG5462L1068,LVRA,2000-01-01,2023-03-31,on_ds_daily_axis
BW-US54015L3015,LWACU_OLD,2000-01-01,2021-08-25,on_ds_daily_axis
BW-LWIN,LWIN,2000-01-01,2002-12-10,on_ds_daily_axis
BW-LWN,LWN,2000-01-01,2000-03-02,on_ds_daily_axis
BW-LWSN,LWSN,2000-01-01,2011-07-05,on_ds_daily_axis
BW-USG572791048,LXFT,2000-01-01,2019-06-13,on_ds_daily_axis
BW-LXK,LXK,2000-01-01,2016-11-28,on_ds_daily_axis
BW-KYG283651076,LYL,2000-01-01,2023-02-13,on_ds_daily_axis
BW-BBG013V5G6S5,LYLT,2000-01-01,2023-04-21,on_ds_daily_axis
BW-LYO,LYO,2000-01-01,2007-12-20,on_ds_daily_axis
BW-LYRI,LYRI,2000-01-01,2015-06-16,on_ds_daily_axis
BW-VGG5851A1333,LYT,2000-01-01,2025-08-11,on_ds_daily_axis
BW-LZR,LZR,2000-01-01,2013-10-17,on_ds_daily_axis
BW-L_OLD,L_OLD,2000-01-01,2001-12-12,on_ds_daily_axis
BW-US6126572055,MAACU,2000-01-01,2021-09-30,on_ds_daily_axis
BW-MAACW,MAACW,2000-01-01,2021-09-30,on_ds_daily_axis
BW-US56168P1049,MAAQ,2000-01-01,2023-01-09,on_ds_daily_axis
BW-MAAQR,MAAQR,2000-01-01,2022-10-25,on_ds_daily_axis
BW-MAAQW,MAAQW,2000-01-01,2022-10-25,on_ds_daily_axis
BW-MABA,MABA,2000-01-01,2001-11-26,on_ds_daily_axis
BW-MABANEE,MABANEE,2000-01-01,2020-09-03,on_ds_daily_axis
BW-US60501L1017,MACC,2000-01-01,2022-12-08,on_ds_daily_axis
BW-MACC-U,MACC-U,2000-01-01,2021-12-15,on_ds_daily_axis
BW-MACM,MACM,2000-01-01,2009-02-27,on_ds_daily_axis
BW-US55282T1097,MACQ,2000-01-01,2021-12-27,on_ds_daily_axis
BW-MACQW,MACQW,2000-01-01,2021-12-22,on_ds_daily_axis
BW-US55304A1043,MACQ_OLD,2000-01-01,2018-07-26,on_ds_daily_axis
BW-MACUW,MACUW,2000-01-01,2022-04-29,on_ds_daily_axis
BW-MADGQ,MADGQ,2000-01-01,2015-09-14,on_ds_daily_axis
BW-MADKY,MADKY,2000-01-01,2010-04-21,on_ds_daily_axis
BW-MAF,MAF,2000-01-01,2009-08-25,on_ds_daily_axis
BW-MAFB,MAFB,2000-01-01,2007-08-31,on_ds_daily_axis
BW-MAG1,MAG1,2000-01-01,2015-09-01,on_ds_daily_axis
BW-MAGI,MAGI,2000-01-01,2001-06-19,on_ds_daily_axis
BW-MAGR,MAGR,2000-01-01,2000-01-21,on_ds_daily_axis
BW-MAGZ,MAGZ,2000-01-01,2002-02-22,on_ds_daily_axis
BW-MAH,MAH,2000-01-01,2017-12-14,on_ds_daily_axis
BW-MAII,MAII,2000-01-01,2001-08-15,on_ds_daily_axis
BW-MAIN1,MAIN1,2000-01-01,2006-06-30,on_ds_daily_axis
BW-MAJR,MAJR,2000-01-01,2011-02-17,on_ds_daily_axis
BW-MAKR,MAKR,2000-01-01,2000-03-10,on_ds_daily_axis
BW-MAL,MAL,2000-01-01,2016-09-28,on_ds_daily_axis
BW-MAM,MAM,2000-01-01,2010-12-21,on_ds_daily_axis
BW-MANC,MANC,2000-01-01,2005-08-01,on_ds_daily_axis
BW-MANF,MANF,2000-01-01,2009-08-04,on_ds_daily_axis
BW-MANU1,MANU1,2000-01-01,2006-07-05,on_ds_daily_axis
BW-MAPS_OLD,MAPS_OLD,2000-01-01,2007-04-19,on_ds_daily_axis
BW-MAPX,MAPX,2000-01-01,2018-12-26,on_ds_daily_axis
BW-MAQ,MAQ,2000-01-01,2020-10-08,on_ds_daily_axis
BW-MARN,MARN,2000-01-01,2000-12-08,on_ds_daily_axis
BW-MARSA,MARSA,2000-01-01,2006-09-26,on_ds_daily_axis
BW-MASB,MASB,2000-01-01,2008-09-03,on_ds_daily_axis
BW-MASC,MASC,2000-01-01,2014-03-20,on_ds_daily_axis
BW-MASK_OLD,MASK_OLD,2000-01-01,2000-06-07,on_ds_daily_axis
BW-MATK,MATK,2000-01-01,2011-02-25,on_ds_daily_axis
BW-US5770971084,MATR,2000-01-01,2018-08-17,on_ds_daily_axis
BW-MATR1,MATR1,2000-01-01,2008-05-08,on_ds_daily_axis
BW-MATT,MATT,2000-01-01,2000-03-29,on_ds_daily_axis
BW-MATV_OLD,MATV_OLD,2000-01-01,2006-06-29,on_ds_daily_axis
BW-MAXC,MAXC,2000-01-01,2021-12-17,on_ds_daily_axis
BW-MAXE1,MAXE1,2000-01-01,2008-07-10,on_ds_daily_axis
BW-MAXF,MAXF,2000-01-01,2005-05-20,on_ds_daily_axis
BW-MAXM,MAXM,2000-01-01,2006-01-04,on_ds_daily_axis
BW-MAXS,MAXS,2000-01-01,2019-06-07,on_ds_daily_axis
BW-MAXW,MAXW,2000-01-01,2012-08-07,on_ds_daily_axis
BW-MAXX,MAXX,2000-01-01,2018-05-07,on_ds_daily_axis
BW-MAXY,MAXY,2000-01-01,2013-08-29,on_ds_daily_axis
BW-MAY,MAY,2000-01-01,2018-03-14,on_ds_daily_axis
BW-MBAC-U,MBAC-U,2000-01-01,2021-12-17,on_ds_daily_axis
BW-MBCRQ,MBCRQ,2000-01-01,2014-06-27,on_ds_daily_axis
BW-MBFC,MBFC,2000-01-01,2003-10-03,on_ds_daily_axis
BW-US55264U1088,MBFI,2000-01-01,2019-03-21,on_ds_daily_axis
BW-MBH,MBH,2000-01-01,2009-04-22,on_ds_daily_axis
BW-MBHIQ,MBHIQ,2000-01-01,2011-06-13,on_ds_daily_axis
BW-MBIA,MBIA,2000-01-01,2000-02-10,on_ds_daily_axis
BW-BBG00JRXYM73,MBII,2000-01-01,2022-08-03,on_ds_daily_axis
BW-MBLX,MBLX,2000-01-01,2017-01-06,on_ds_daily_axis
BW-MBLY_OLD,MBLY_OLD,2000-01-01,2017-08-31,on_ds_daily_axis
BW-MBNK,MBNK,2000-01-01,2002-03-08,on_ds_daily_axis
BW-MBNY,MBNY,2000-01-01,2001-01-19,on_ds_daily_axis
BW-MBRG,MBRG,2000-01-01,2017-03-31,on_ds_daily_axis
BW-MBRKQ,MBRKQ,2000-01-01,2011-01-24,on_ds_daily_axis
BW-MBRN,MBRN,2000-01-01,2001-08-21,on_ds_daily_axis
BW-MBRX1,MBRX1,2000-01-01,2010-01-27,on_ds_daily_axis
BW-MBSC-UN,MBSC-UN,2000-01-01,2023-09-20,on_ds_daily_axis
BW-MBSC_OLD,MBSC_OLD,2000-01-01,2021-11-18,on_ds_daily_axis
BW-MBSI,MBSI,2000-01-01,2000-10-31,on_ds_daily_axis
BW-MBTA,MBTA,2000-01-01,2001-04-17,on_ds_daily_axis
BW-MBVT,MBVT,2000-01-01,2017-05-12,on_ds_daily_axis
BW-US60255W1053,MB_OLD,2000-01-01,2019-02-14,on_ds_daily_axis
BW-MCAC,MCAC,2000-01-01,2024-07-12,on_ds_daily_axis
BW-US62402D1054,MCAD,2000-01-01,2021-11-02,on_ds_daily_axis
BW-MCADR,MCADR,2000-01-01,2021-10-28,on_ds_daily_axis
BW-US62402U1079,MCAE,2000-01-01,2023-03-10,on_ds_daily_axis
BW-MCAER,MCAER,2000-01-01,2023-03-10,on_ds_daily_axis
BW-MCBF,MCBF,2000-01-01,2015-03-31,on_ds_daily_axis
BW-MCBI1,MCBI1,2000-01-01,2014-01-17,on_ds_daily_axis
BW-MCCC,MCCC,2000-01-01,2011-03-04,on_ds_daily_axis
BW-MCDT,MCDT,2000-01-01,2007-01-29,on_ds_daily_axis
BW-US59560V2088,MCEP,2000-01-01,2021-01-21,on_ds_daily_axis
BW-BBG00JPGX2R5,MCF,2000-01-01,2021-12-07,on_ds_daily_axis
BW-BBG011VGY8H3,MCG,2000-01-01,2023-05-19,on_ds_daily_axis
BW-MCGC,MCGC,2000-01-01,2015-07-27,on_ds_daily_axis
BW-MCH_OLD,MCH_OLD,2000-01-01,2004-11-30,on_ds_daily_axis
BW-MCIP,MCIP,2000-01-01,2006-01-06,on_ds_daily_axis
BW-MCKC,MCKC,2000-01-01,2003-09-26,on_ds_daily_axis
BW-BBG002WM5QG1,MCLD,2000-01-01,2023-11-30,on_ds_daily_axis
BW-MCLD_OLD,MCLD_OLD,2000-01-01,2006-01-09,on_ds_daily_axis
BW-MCLL,MCLL,2000-01-01,2001-04-02,on_ds_daily_axis
BW-MCLS,MCLS,2000-01-01,2002-03-15,on_ds_daily_axis
BW-MCM,MCM,2000-01-01,2018-06-28,on_ds_daily_axis
BW-US52178J1051,MCMJ,2000-01-01,2022-04-04,on_ds_daily_axis
BW-MCMJW,MCMJW,2000-01-01,2022-08-12,on_ds_daily_axis
BW-MCNS,MCNS,2000-01-01,2001-03-06,on_ds_daily_axis
BW-MCOAQ,MCOAQ,2000-01-01,2014-02-19,on_ds_daily_axis
BW-MCOM_OLD,MCOM_OLD,2000-01-01,2001-07-02,on_ds_daily_axis
BW-MCOX,MCOX,2000-01-01,2016-04-14,on_ds_daily_axis
BW-MCP,MCP,2000-01-01,2016-08-31,on_ds_daily_axis
BW-MCRL,MCRL,2000-01-01,2015-08-03,on_ds_daily_axis
BW-BBG008G54RL6,MCRN,2000-01-01,2019-11-20,on_ds_daily_axis
BW-MCRS,MCRS,2000-01-01,2014-09-08,on_ds_daily_axis
BW-MCSI,MCSI,2000-01-01,2003-04-24,on_ds_daily_axis
BW-MCSW,MCSW,2000-01-01,2000-05-12,on_ds_daily_axis
BW-MCTR_OLD,MCTR_OLD,2000-01-01,2003-09-11,on_ds_daily_axis
BW-MCUR,MCUR,2000-01-01,2017-01-20,on_ds_daily_axis
BW-MCX1,MCX1,2000-01-01,2007-09-12,on_ds_daily_axis
BW-MCZ,MCZ,2000-01-01,2017-03-22,on_ds_daily_axis
BW-MDAS,MDAS,2000-01-01,2016-01-27,on_ds_daily_axis
BW-MDBK,MDBK,2000-01-01,2002-10-15,on_ds_daily_axis
BW-MDCC,MDCC,2000-01-01,2007-03-26,on_ds_daily_axis
BW-MDCI,MDCI,2000-01-01,2014-09-30,on_ds_daily_axis
BW-MDCM,MDCM,2000-01-01,2000-12-13,on_ds_daily_axis
BW-BBG005WW7139,MDCO,2000-01-01,2020-01-03,on_ds_daily_axis
BW-MDDS,MDDS,2000-01-01,2003-02-21,on_ds_daily_axis
BW-MDER,MDER,2000-01-01,2001-06-20,on_ds_daily_axis
BW-MDF,MDF,2000-01-01,2012-12-21,on_ds_daily_axis
BW-MDG,MDG,2000-01-01,2007-12-31,on_ds_daily_axis
BW-US58471G3002,MDGS,2000-01-01,2024-06-18,on_ds_daily_axis
BW-US55283P1066,MDH,2000-01-01,2023-01-27,on_ds_daily_axis
BW-MDH-U,MDH-U,2000-01-01,2021-12-20,on_ds_daily_axis
BW-MDIZQ,MDIZQ,2000-01-01,2010-11-01,on_ds_daily_axis
BW-KYG592901097,MDJH,2000-01-01,2025-02-03,on_ds_daily_axis
BW-MDKI,MDKI,2000-01-01,2005-09-21,on_ds_daily_axis
BW-MDLI,MDLI,2000-01-01,2002-01-24,on_ds_daily_axis
BW-MDLK_OLD,MDLK_OLD,2000-01-01,2009-09-25,on_ds_daily_axis
BW-BBG0070HYRH1,MDLY,2000-01-01,2021-09-07,on_ds_daily_axis
BW-MDMD,MDMD,2000-01-01,2011-07-26,on_ds_daily_axis
BW-BBG008MPLP21,MDNA,2000-01-01,2024-01-03,on_ds_daily_axis
BW-MDNB,MDNB,2000-01-01,2017-12-29,on_ds_daily_axis
BW-MDNU,MDNU,2000-01-01,2010-07-22,on_ds_daily_axis
BW-BBG00JPYZ8L7,MDP,2000-01-01,2021-12-02,on_ds_daily_axis
BW-PA5800371096,MDR,2000-01-01,2020-10-05,on_ds_daily_axis
BW-MDS,MDS,2000-01-01,2017-10-05,on_ds_daily_axis
BW-MDSLF,MDSLF,2000-01-01,2000-06-05,on_ds_daily_axis
BW-BBG00D0MXZ35,MDSO,2000-01-01,2019-10-28,on_ds_daily_axis
BW-MDSY,MDSY,2000-01-01,2017-05-02,on_ds_daily_axis
BW-MDTH,MDTH,2000-01-01,2012-09-21,on_ds_daily_axis
BW-MDTL,MDTL,2000-01-01,2011-12-19,on_ds_daily_axis
BW-BBG00YVVKT88,MDVL,2000-01-01,2024-04-23,on_ds_daily_axis
BW-MDVN,MDVN,2000-01-01,2016-09-27,on_ds_daily_axis
BW-MDWV,MDWV,2000-01-01,2013-08-02,on_ds_daily_axis
BW-MDWY,MDWY,2000-01-01,2001-08-13,on_ds_daily_axis
BW-C0001061393,ME,2000-01-01,2025-03-28,on_ds_daily_axis
BW-US5893811027,MEAC,2000-01-01,2023-03-27,on_ds_daily_axis
BW-MEAD,MEAD,2000-01-01,2013-09-13,on_ds_daily_axis
BW-MEAS,MEAS,2000-01-01,2014-10-09,on_ds_daily_axis
BW-MECA,MECA,2000-01-01,2011-02-22,on_ds_daily_axis
BW-MECH,MECH,2000-01-01,2000-06-23,on_ds_daily_axis
BW-MECK,MECK,2000-01-01,2015-12-22,on_ds_daily_axis
BW-MEDC,MEDC,2000-01-01,2016-01-27,on_ds_daily_axis
BW-MEDI_OLD,MEDI_OLD,2000-01-01,2007-06-18,on_ds_daily_axis
BW-MEDQ,MEDQ,2000-01-01,2011-10-18,on_ds_daily_axis
BW-US89846A2078,MEDS,2000-01-01,2024-11-22,on_ds_daily_axis
BW-MEDW,MEDW,2000-01-01,2012-11-08,on_ds_daily_axis
BW-MEDY,MEDY,2000-01-01,2000-10-11,on_ds_daily_axis
BW-MEE,MEE,2000-01-01,2011-06-01,on_ds_daily_axis
BW-BBG0099QJK17,MEET,2000-01-01,2021-05-06,on_ds_daily_axis
BW-MEH,MEH,2000-01-01,2014-12-15,on_ds_daily_axis
BW-MEL,MEL,2000-01-01,2018-06-28,on_ds_daily_axis
BW-MELA,MELA,2000-01-01,2016-01-04,on_ds_daily_axis
BW-MEMH,MEMH,2000-01-01,2003-01-29,on_ds_daily_axis
BW-MEMP,MEMP,2000-01-01,2017-05-04,on_ds_daily_axis
BW-MEMY_OLD,MEMY_OLD,2000-01-01,2009-01-05,on_ds_daily_axis
BW-MEND,MEND,2000-01-01,2010-09-27,on_ds_daily_axis
BW-MENJ,MENJ,2000-01-01,2000-02-23,on_ds_daily_axis
BW-MENT,MENT,2000-01-01,2017-03-30,on_ds_daily_axis
BW-C0001578685,MEP,2000-01-01,2017-04-26,on_ds_daily_axis
BW-MER,MER,2000-01-01,2019-06-07,on_ds_daily_axis
BW-MERB,MERB,2000-01-01,2007-05-31,on_ds_daily_axis
BW-MERQ,MERQ,2000-01-01,2006-11-08,on_ds_daily_axis
BW-MERU,MERU,2000-01-01,2015-07-07,on_ds_daily_axis
BW-MESG,MESG,2000-01-01,2016-08-19,on_ds_daily_axis
BW-METB,METB,2000-01-01,2003-01-09,on_ds_daily_axis
BW-US751395AA68,METCL,2000-01-01,2025-08-01,on_ds_daily_axis
BW-METF,METF,2000-01-01,2003-04-30,on_ds_daily_axis
BW-METG,METG,2000-01-01,2005-03-31,on_ds_daily_axis
BW-METR,METR,2000-01-01,2016-02-12,on_ds_daily_axis
BW-METS,METS,2000-01-01,2000-06-02,on_ds_daily_axis
BW-MEUSW,MEUSW,2000-01-01,2021-12-22,on_ds_daily_axis
BW-MEXP,MEXP,2000-01-01,2003-12-04,on_ds_daily_axis
BW-ME_OLD,ME_OLD,2000-01-01,2010-11-10,on_ds_daily_axis
BW-US60500F1057,MF,2000-01-01,2024-01-18,on_ds_daily_axis
BW-US58518F1093,MFAC,2000-01-01,2021-01-22,on_ds_daily_axis
BW-MFB,MFB,2000-01-01,2013-10-04,on_ds_daily_axis
BW-MFBC,MFBC,2000-01-01,2008-07-18,on_ds_daily_axis
BW-MFE,MFE,2000-01-01,2011-02-28,on_ds_daily_axis
BW-MFEC,MFEC,2000-01-01,2020-09-03,on_ds_daily_axis
BW-MFFC,MFFC,2000-01-01,2000-06-19,on_ds_daily_axis
BW-BBG00JPY4RJ2,MFGP,2000-01-01,2023-01-30,on_ds_daily_axis
BW-MFLO,MFLO,2000-01-01,2008-06-25,on_ds_daily_axis
BW-MFLR,MFLR,2000-01-01,2013-11-15,on_ds_daily_axis
BW-MFLX_OLD,MFLX_OLD,2000-01-01,2022-04-14,on_ds_daily_axis
BW-MFN,MFN,2000-01-01,2012-03-30,on_ds_daily_axis
BW-MFRI,MFRI,2000-01-01,2020-10-08,on_ds_daily_axis
BW-MFS,MFS,2000-01-01,2017-10-13,on_ds_daily_axis
BW-MFUN,MFUN,2000-01-01,2003-11-07,on_ds_daily_axis
BW-MFW,MFW,2000-01-01,2011-12-21,on_ds_daily_axis
BW-MGAM_OLD,MGAM_OLD,2000-01-01,2014-12-19,on_ds_daily_axis
BW-MGB,MGB,2000-01-01,2010-01-29,on_ds_daily_axis
BW-MGCD,MGCD,2000-01-01,2017-12-28,on_ds_daily_axis
BW-BBG00F815ST7,MGEN,2000-01-01,2021-03-23,on_ds_daily_axis
BW-US60254D1081,MGH,2000-01-01,2017-01-27,on_ds_daily_axis
BW-MGL,MGL,2000-01-01,2002-10-08,on_ds_daily_axis
BW-MGM_OLD,MGM_OLD,2000-01-01,2005-04-08,on_ds_daily_axis
BW-MGN_OLD,MGN_OLD,2000-01-01,2016-09-13,on_ds_daily_axis
BW-BBG00CK391H4,MGP,2000-01-01,2022-05-19,on_ds_daily_axis
BW-MGP1,MGP1,2000-01-01,2007-04-02,on_ds_daily_axis
BW-C0001094961,MGRM_OLD,2000-01-01,2009-08-04,on_ds_daily_axis
BW-MGRP,MGRP,2000-01-01,2006-08-28,on_ds_daily_axis
BW-MGS,MGS,2000-01-01,2010-06-17,on_ds_daily_axis
BW-US55910K1088,MGTA,2000-01-01,2023-09-11,on_ds_daily_axis
BW-MGXI,MGXI,2000-01-01,2001-04-27,on_ds_daily_axis
BW-MGXX,MGXX,2000-01-01,2012-12-14,on_ds_daily_axis
BW-MHCO,MHCO,2000-01-01,2014-11-24,on_ds_daily_axis
BW-US6252621007,MHDG,2000-01-01,2019-05-06,on_ds_daily_axis
BW-US09258E1091,MHE,2000-01-01,2021-04-19,on_ds_daily_axis
BW-MHG,MHG,2000-01-01,2017-03-09,on_ds_daily_axis
BW-MHGC,MHGC,2000-01-01,2016-11-30,on_ds_daily_axis
BW-MHJ,MHJ,2000-01-01,2010-04-19,on_ds_daily_axis
BW-MHL,MHL,2000-01-01,2018-01-31,on_ds_daily_axis
BW-MHP,MHP,2000-01-01,2013-05-13,on_ds_daily_axis
BW-MHR,MHR,2000-01-01,2016-05-05,on_ds_daily_axis
BW-MHS,MHS,2000-01-01,2012-03-30,on_ds_daily_axis
BW-BBG00DLDJP21,MIC,2000-01-01,2022-08-03,on_ds_daily_axis
BW-MICA,MICA,2000-01-01,2000-04-13,on_ds_daily_axis
BW-MICTW,MICTW,2000-01-01,2018-04-24,on_ds_daily_axis
BW-MICU,MICU,2000-01-01,2005-09-13,on_ds_daily_axis
BW-MIGP,MIGP,2000-01-01,2011-03-28,on_ds_daily_axis
BW-MIGS,MIGS,2000-01-01,2001-04-11,on_ds_daily_axis
BW-C0000949156,MIG_OLD,2000-01-01,2015-07-07,on_ds_daily_axis
BW-MIII,MIII,2000-01-01,2018-03-27,on_ds_daily_axis
BW-US55378T2033,MIIIU,2000-01-01,2018-03-27,on_ds_daily_axis
BW-MIIIW,MIIIW,2000-01-01,2018-03-27,on_ds_daily_axis
BW-MIIS,MIIS,2000-01-01,2009-02-25,on_ds_daily_axis
BW-MIIX,MIIX,2000-01-01,2015-07-08,on_ds_daily_axis
BW-BBG00KD91HG5,MIK,2000-01-01,2021-04-16,on_ds_daily_axis
BW-MIKL,MIKL,2000-01-01,2001-04-10,on_ds_daily_axis
BW-MIKR,MIKR,2000-01-01,2007-05-09,on_ds_daily_axis
BW-MIK_OLD,MIK_OLD,2000-01-01,2006-10-31,on_ds_daily_axis
BW-MIL,MIL,2000-01-01,2016-02-12,on_ds_daily_axis
BW-US5916971071,MILE,2000-01-01,2022-07-28,on_ds_daily_axis
BW-MILL,MILL,2000-01-01,2016-03-29,on_ds_daily_axis
BW-MILT,MILT,2000-01-01,2003-12-29,on_ds_daily_axis
BW-C0000016859,MIL_OLD,2000-01-01,2010-07-14,on_ds_daily_axis
BW-C0000066479,MIL_OLD1,2000-01-01,2010-07-26,on_ds_daily_axis
BW-GB00BYT5JK65,MIME,2000-01-01,2022-05-19,on_ds_daily_axis
BW-US00951K1043,MIMO,2000-01-01,2024-04-29,on_ds_daily_axis
BW-BBG00J2KPYR0,MINI,2000-01-01,2020-06-30,on_ds_daily_axis
BW-MIPS,MIPS,2000-01-01,2013-02-07,on_ds_daily_axis
BW-MIRN,MIRN,2000-01-01,2017-10-13,on_ds_daily_axis
BW-C0001349550,MIR_OLD,2000-01-01,2010-12-03,on_ds_daily_axis
BW-MISI,MISI,2000-01-01,2001-11-30,on_ds_daily_axis
BW-US57520Y1064,MIT,2000-01-01,2023-02-27,on_ds_daily_axis
BW-CA60671Q1046,MITL,2000-01-01,2018-11-30,on_ds_daily_axis
BW-US85789A1051,MITO,2000-01-01,2022-11-16,on_ds_daily_axis
BW-MITY,MITY,2000-01-01,2007-07-17,on_ds_daily_axis
BW-MIX,MIX,2000-01-01,2020-01-24,on_ds_daily_axis
BW-MJCO,MJCO,2000-01-01,2020-09-21,on_ds_daily_axis
BW-MJI,MJI,2000-01-01,2015-04-10,on_ds_daily_axis
BW-MJN,MJN,2000-01-01,2017-06-14,on_ds_daily_axis
BW-MKA,MKA,2000-01-01,2000-04-19,on_ds_daily_axis
BW-MKFCF,MKFCF,2000-01-01,2001-05-25,on_ds_daily_axis
BW-MKG,MKG,2000-01-01,2000-10-17,on_ds_daily_axis
BW-US65344G1022,MKGI,2000-01-01,2022-02-18,on_ds_daily_axis
BW-MKS,MKS,2000-01-01,2022-10-31,on_ds_daily_axis
BW-MKSP,MKSP,2000-01-01,2001-03-13,on_ds_daily_axis
BW-MKT1,MKT1,2000-01-01,2007-05-17,on_ds_daily_axis
BW-MKTG,MKTG,2000-01-01,2014-02-06,on_ds_daily_axis
BW-MKTO,MKTO,2000-01-01,2016-08-16,on_ds_daily_axis
BW-MKTSQ,MKTSQ,2000-01-01,2015-05-29,on_ds_daily_axis
BW-MKTWW,MKTWW,2000-01-01,2022-09-29,on_ds_daily_axis
BW-MKTW_OLD,MKTW_OLD,2000-01-01,2005-01-21,on_ds_daily_axis
BW-US5835431033,MKTY,2000-01-01,2022-01-05,on_ds_daily_axis
BW-MKUL,MKUL,2000-01-01,2023-12-14,on_ds_daily_axis
BW-MLAIW,MLAIW,2000-01-01,2023-03-03,on_ds_daily_axis
BW-MLAN,MLAN,2000-01-01,2008-04-03,on_ds_daily_axis
BW-MLIN,MLIN,2000-01-01,2006-10-31,on_ds_daily_axis
BW-MLK,MLK,2000-01-01,2018-07-20,on_ds_daily_axis
BW-MLNK_OLD,MLNK_OLD,2000-01-01,2018-02-06,on_ds_daily_axis
BW-MLNM,MLNM,2000-01-01,2008-05-14,on_ds_daily_axis
BW-IL0011017329,MLNX,2000-01-01,2020-04-24,on_ds_daily_axis
BW-MLOG,MLOG,2000-01-01,2001-07-23,on_ds_daily_axis
BW-MLRC,MLRC,2000-01-01,2002-09-30,on_ds_daily_axis
BW-MLS,MLS,2000-01-01,2007-04-02,on_ds_daily_axis
BW-ML_OLD,ML_OLD,2000-01-01,2021-10-20,on_ds_daily_axis
BW-MM,MM,2000-01-01,2015-10-22,on_ds_daily_axis
BW-MM1,MM1,2000-01-01,2008-03-14,on_ds_daily_axis
BW-BBG000BDMW76,MMAC,2000-01-01,2021-08-13,on_ds_daily_axis
BW-MMAN,MMAN,2000-01-01,2004-11-08,on_ds_daily_axis
BW-US5717481023,MMC,2000-01-01,2026-01-13,on_ds_daily_axis
BW-MMCE,MMCE,2000-01-01,2009-10-09,on_ds_daily_axis
BW-MMCN,MMCN,2000-01-01,2000-10-25,on_ds_daily_axis
BW-MMDM,MMDM,2000-01-01,2019-09-10,on_ds_daily_axis
BW-MMDMR,MMDMR,2000-01-01,2019-09-10,on_ds_daily_axis
BW-US60765P2020,MMDMU,2000-01-01,2019-09-10,on_ds_daily_axis
BW-MMDMW,MMDMW,2000-01-01,2019-09-09,on_ds_daily_axis
BW-MME,MME,2000-01-01,2016-02-10,on_ds_daily_axis
BW-MMGR,MMGR,2000-01-01,2000-09-12,on_ds_daily_axis
BW-C0001495569,MMI_OLD,2000-01-01,2012-05-21,on_ds_daily_axis
BW-BBG001QB7PK9,MMMB,2000-01-01,2023-10-03,on_ds_daily_axis
BW-MMPT,MMPT,2000-01-01,2004-10-15,on_ds_daily_axis
BW-MMR,MMR,2000-01-01,2013-06-03,on_ds_daily_axis
BW-MMUS,MMUS,2000-01-01,2013-04-30,on_ds_daily_axis
BW-CA57776F4050,MMX,2000-01-01,2023-02-02,on_ds_daily_axis
BW-BBG00JQB59P3,MN,2000-01-01,2022-10-28,on_ds_daily_axis
BW-MNBB,MNBB,2000-01-01,2001-10-01,on_ds_daily_axis
BW-MNC,MNC,2000-01-01,2009-03-02,on_ds_daily_axis
BW-MNCLU,MNCLU,2000-01-01,2020-12-22,on_ds_daily_axis
BW-MNCLW,MNCLW,2000-01-01,2020-12-23,on_ds_daily_axis
BW-US5626621065,MNDT,2000-01-01,2022-09-12,on_ds_daily_axis
BW-MNG,MNG,2000-01-01,2008-03-17,on_ds_daily_axis
BW-BBG00GSP2YF5,MNGA,2000-01-01,2020-10-08,on_ds_daily_axis
BW-US5794891052,MNI,2000-01-01,2020-07-02,on_ds_daily_axis
BW-MNK,MNK,2000-01-01,2023-08-28,on_ds_daily_axis
BW-IE00BBGT3753,MNK_OLD,2000-01-01,2020-10-12,on_ds_daily_axis
BW-BBG00FDGPGY6,MNMD,2000-01-01,2026-01-15,on_ds_daily_axis
BW-MNRK,MNRK,2000-01-01,2016-06-24,on_ds_daily_axis
BW-MNT,MNT,2000-01-01,2009-01-23,on_ds_daily_axis
BW-BBG000M5QDX0,MNTA,2000-01-01,2020-10-02,on_ds_daily_axis
BW-MNTG,MNTG,2000-01-01,2014-09-18,on_ds_daily_axis
BW-MNTN-UN,MNTN-UN,2000-01-01,2025-01-29,on_ds_daily_axis
BW-MOBI1,MOBI1,2000-01-01,2007-06-15,on_ds_daily_axis
BW-BBG001QGC6K4,MOBL,2000-01-01,2020-12-02,on_ds_daily_axis
BW-US20050L1008,MOC,2000-01-01,2019-02-21,on_ds_daily_axis
BW-MOCC,MOCC,2000-01-01,2007-07-19,on_ds_daily_axis
BW-MOCO,MOCO,2000-01-01,2017-06-21,on_ds_daily_axis
BW-US1311931042,MODG,2000-01-01,2026-01-15,on_ds_daily_axis
BW-MODM,MODM,2000-01-01,2000-05-25,on_ds_daily_axis
BW-MOGN,MOGN,2000-01-01,2008-01-28,on_ds_daily_axis
BW-US27888P1049,MOHO,2000-01-01,2022-11-23,on_ds_daily_axis
BW-MOIL,MOIL,2000-01-01,2002-07-17,on_ds_daily_axis
BW-MOKO,MOKO,2000-01-01,2016-06-15,on_ds_daily_axis
BW-MOLX,MOLX,2000-01-01,2013-12-09,on_ds_daily_axis
BW-US61531M1018,MON,2000-01-01,2023-01-27,on_ds_daily_axis
BW-MONCW,MONCW,2000-01-01,2023-01-20,on_ds_daily_axis
BW-MOND_OLD,MOND_OLD,2000-01-01,2004-12-22,on_ds_daily_axis
BW-MONE,MONE,2000-01-01,2006-05-11,on_ds_daily_axis
BW-MONT,MONT,2000-01-01,2014-11-19,on_ds_daily_axis
BW-US61166W1018,MON_OLD,2000-01-01,2018-06-06,on_ds_daily_axis
BW-MORE_OLD,MORE_OLD,2000-01-01,2017-09-19,on_ds_daily_axis
BW-MORP,MORP,2000-01-01,2000-02-23,on_ds_daily_axis
BW-MOSC,MOSC,2000-01-01,2020-07-27,on_ds_daily_axis
BW-MOSC-U,MOSC-U,2000-01-01,2020-10-07,on_ds_daily_axis
BW-MOSS,MOSS,2000-01-01,2006-10-31,on_ds_daily_axis
BW-MOSY,MOSY,2000-01-01,2021-12-22,on_ds_daily_axis
BW-US61980M1071,MOTN,2000-01-01,2022-02-18,on_ds_daily_axis
BW-MOTNW,MOTNW,2000-01-01,2021-11-12,on_ds_daily_axis
BW-MOTV-U,MOTV-U,2000-01-01,2021-12-17,on_ds_daily_axis
BW-KYG6293A1031,MOTV_OLD,2000-01-01,2008-11-12,on_ds_daily_axis
BW-MOU,MOU,2000-01-01,2014-03-07,on_ds_daily_axis
BW-MOVIQ,MOVIQ,2000-01-01,2008-05-08,on_ds_daily_axis
BW-MOYC,MOYC,2000-01-01,2002-12-30,on_ds_daily_axis
BW-VGG6246M1059,MPAC,2000-01-01,2023-01-04,on_ds_daily_axis
BW-MPAC1,MPAC1,2000-01-01,2013-09-30,on_ds_daily_axis
BW-MPACR,MPACR,2000-01-01,2023-02-01,on_ds_daily_axis
BW-US57682V2051,MPACU,2000-01-01,2023-01-04,on_ds_daily_axis
BW-MPAY_OLD,MPAY_OLD,2000-01-01,2019-04-04,on_ds_daily_axis
BW-MPCCQ,MPCCQ,2000-01-01,2008-11-05,on_ds_daily_axis
BW-MPDI,MPDI,2000-01-01,2000-11-28,on_ds_daily_axis
BW-MPE,MPE,2000-01-01,2006-08-04,on_ds_daily_axis
BW-MPG1,MPG1,2000-01-01,2013-10-15,on_ds_daily_axis
BW-MPPP,MPPP,2000-01-01,2001-08-27,on_ds_daily_axis
BW-MPQI,MPQI,2000-01-01,2006-07-19,on_ds_daily_axis
BW-MPR,MPR,2000-01-01,2013-08-27,on_ds_daily_axis
BW-MPS,MPS,2000-01-01,2010-01-19,on_ds_daily_axis
BW-MPSI,MPSI,2000-01-01,2001-02-22,on_ds_daily_axis
BW-MPSX,MPSX,2000-01-01,2017-06-06,on_ds_daily_axis
BW-MPVD,MPVD,2000-01-01,2020-02-10,on_ds_daily_axis
BW-MPWG,MPWG,2000-01-01,2006-09-26,on_ds_daily_axis
BW-MQC,MQC,2000-01-01,2000-11-13,on_ds_daily_axis
BW-MQST,MQST,2000-01-01,2000-06-29,on_ds_daily_axis
BW-US29335V1061,MRAC,2000-01-01,2021-10-22,on_ds_daily_axis
BW-KYG584421153,MRACU,2000-01-01,2021-10-15,on_ds_daily_axis
BW-MRACW,MRACW,2000-01-01,2021-10-19,on_ds_daily_axis
BW-MRBA,MRBA,2000-01-01,2004-07-14,on_ds_daily_axis
BW-MRBK1,MRBK1,2000-01-01,2007-03-02,on_ds_daily_axis
BW-MRCH,MRCH,2000-01-01,2001-04-12,on_ds_daily_axis
BW-MRD,MRD,2000-01-01,2016-09-15,on_ds_daily_axis
BW-MRD1,MRD1,2000-01-01,2007-04-12,on_ds_daily_axis
BW-MRDNW,MRDNW,2000-01-01,2018-04-25,on_ds_daily_axis
BW-MRE,MRE,2000-01-01,2018-02-22,on_ds_daily_axis
BW-MRFD,MRFD,2000-01-01,2014-05-28,on_ds_daily_axis
BW-MRG,MRG,2000-01-01,2002-07-25,on_ds_daily_axis
BW-MRGE1,MRGE1,2000-01-01,2015-10-13,on_ds_daily_axis
BW-C0001165880,MRH,2000-01-01,2019-06-07,on_ds_daily_axis
BW-BBG000Q39HV3,MRIC,2000-01-01,2020-02-11,on_ds_daily_axis
BW-US56804T2050,MRIN,2000-01-01,2026-04-27,on_ds_daily_axis
BW-MRKF,MRKF,2000-01-01,2001-03-30,on_ds_daily_axis
BW-MRL,MRL,2000-01-01,2001-09-10,on_ds_daily_axis
BW-MRM_OLD,MRM_OLD,2000-01-01,2010-02-03,on_ds_daily_axis
BW-MROE,MROE,2000-01-01,2010-12-31,on_ds_daily_axis
BW-MROI,MROI,2000-01-01,2006-10-05,on_ds_daily_axis
BW-MRS,MRS,2000-01-01,2022-03-02,on_ds_daily_axis
BW-MRSA,MRSA,2000-01-01,2006-10-06,on_ds_daily_axis
BW-MRT1,MRT1,2000-01-01,2012-02-01,on_ds_daily_axis
BW-US58409L3069,MRT_OLD,2000-01-01,2019-05-16,on_ds_daily_axis
BW-MRXLY,MRXLY,2000-01-01,2012-02-02,on_ds_daily_axis
BW-C0000859368,MRX_OLD,2000-01-01,2012-12-10,on_ds_daily_axis
BW-MRY,MRY,2000-01-01,2008-09-29,on_ds_daily_axis
BW-MRYP,MRYP,2000-01-01,2003-05-28,on_ds_daily_axis
BW-C0001373060,MR_OLD,2000-01-01,2016-03-03,on_ds_daily_axis
BW-KYG5960S1084,MSAC,2000-01-01,2023-03-10,on_ds_daily_axis
BW-MSBF,MSBF,2000-01-01,2020-07-13,on_ds_daily_axis
BW-MSBK,MSBK,2000-01-01,2006-06-01,on_ds_daily_axis
BW-C0001111118,MSCC,2000-01-01,2018-05-29,on_ds_daily_axis
BW-MSCP,MSCP,2000-01-01,2000-05-19,on_ds_daily_axis
BW-MSCS,MSCS,2000-01-01,2009-10-13,on_ds_daily_axis
BW-KYG5709C1179,MSDAU,2000-01-01,2023-04-06,on_ds_daily_axis
BW-MSDI,MSDI,2000-01-01,2018-01-31,on_ds_daily_axis
BW-MSEL,MSEL,2000-01-01,2013-08-27,on_ds_daily_axis
BW-C0000720002,MSFG,2000-01-01,2018-03-29,on_ds_daily_axis
BW-BBG007FG0C23,MSG,2000-01-01,2020-10-22,on_ds_daily_axis
BW-MSGE-W,MSGE-W,2000-01-01,2021-12-17,on_ds_daily_axis
BW-MSGI,MSGI,2000-01-01,2006-10-19,on_ds_daily_axis
BW-BBG000NS03H7,MSGN,2000-01-01,2021-07-08,on_ds_daily_axis
BW-MSGS-W,MSGS-W,2000-01-01,2021-12-17,on_ds_daily_axis
BW-MSII_OLD,MSII_OLD,2000-01-01,2014-03-24,on_ds_daily_axis
BW-MSK,MSK,2000-01-01,2016-07-19,on_ds_daily_axis
BW-MSLI,MSLI,2000-01-01,2017-07-17,on_ds_daily_axis
BW-MSLV,MSLV,2000-01-01,2006-12-15,on_ds_daily_axis
BW-MSO,MSO,2000-01-01,2015-12-04,on_ds_daily_axis
BW-US23821D1000,MSP,2000-01-01,2022-06-22,on_ds_daily_axis
BW-MSPD,MSPD,2000-01-01,2013-12-17,on_ds_daily_axis
BW-MSSN,MSSN,2000-01-01,2005-07-28,on_ds_daily_axis
BW-MSSR,MSSR,2000-01-01,2012-01-03,on_ds_daily_axis
BW-MSV,MSV,2000-01-01,2004-03-12,on_ds_daily_axis
BW-MSVP,MSVP,2000-01-01,2012-03-02,on_ds_daily_axis
BW-MSWP,MSWP,2000-01-01,2012-12-31,on_ds_daily_axis
BW-MSX,MSX,2000-01-01,2000-11-28,on_ds_daily_axis
BW-MSY,MSY,2000-01-01,2012-08-24,on_ds_daily_axis
BW-MSZ,MSZ,2000-01-01,2020-10-08,on_ds_daily_axis
BW-US58507N1054,MTAC,2000-01-01,2023-08-10,on_ds_daily_axis
BW-BBG000QYF0M5,MTBC,2000-01-01,2023-03-10,on_ds_daily_axis
BW-MTBL,MTBL,2000-01-01,2024-06-05,on_ds_daily_axis
BW-MTCN,MTCN,2000-01-01,2023-05-17,on_ds_daily_axis
BW-MTCT,MTCT,2000-01-01,2008-06-09,on_ds_daily_axis
BW-MTEC,MTEC,2000-01-01,2019-06-17,on_ds_daily_axis
BW-MTECU,MTECU,2000-01-01,2019-06-28,on_ds_daily_axis
BW-MTECW,MTECW,2000-01-01,2019-06-17,on_ds_daily_axis
BW-US02504A1043,MTGE,2000-01-01,2018-09-17,on_ds_daily_axis
BW-MTHR,MTHR,2000-01-01,2000-12-14,on_ds_daily_axis
BW-MTI,MTI,2000-01-01,2000-01-24,on_ds_daily_axis
BW-MTIC,MTIC,2000-01-01,2007-11-08,on_ds_daily_axis
BW-MTIN,MTIN,2000-01-01,2001-05-21,on_ds_daily_axis
BW-MTIX,MTIX,2000-01-01,2006-01-06,on_ds_daily_axis
BW-BBG000QTKB91,MTL,2000-01-01,2023-01-20,on_ds_daily_axis
BW-MTLG,MTLG,2000-01-01,2006-12-21,on_ds_daily_axis
BW-MTLM,MTLM,2000-01-01,2000-11-16,on_ds_daily_axis
BW-MTLX,MTLX,2000-01-01,2001-02-07,on_ds_daily_axis
BW-MTMC,MTMC,2000-01-01,2015-10-13,on_ds_daily_axis
BW-MTMD,MTMD,2000-01-01,2007-11-09,on_ds_daily_axis
BW-MTOH,MTOH,2000-01-01,2004-11-16,on_ds_daily_axis
BW-BBG000BH92D1,MTOR,2000-01-01,2022-08-03,on_ds_daily_axis
BW-MTOX,MTOX,2000-01-01,2012-07-31,on_ds_daily_axis
BW-US59564R3021,MTP,2000-01-01,2023-05-26,on_ds_daily_axis
BW-BBG000BPL8G3,MTSC,2000-01-01,2021-04-07,on_ds_daily_axis
BW-MTSI1,MTSI1,2000-01-01,2009-12-22,on_ds_daily_axis
BW-MTSN,MTSN,2000-01-01,2016-05-10,on_ds_daily_axis
BW-MTSXY,MTSXY,2000-01-01,2016-04-01,on_ds_daily_axis
BW-MTTRW,MTTRW,2000-01-01,2022-01-14,on_ds_daily_axis
BW-C0000067088,MTU,2000-01-01,2018-03-29,on_ds_daily_axis
BW-MTWV,MTWV,2000-01-01,2003-02-05,on_ds_daily_axis
BW-MTXX,MTXX,2000-01-01,2011-02-18,on_ds_daily_axis
BW-US62477L1070,MUDS,2000-01-01,2022-09-21,on_ds_daily_axis
BW-MUDSW,MUDSW,2000-01-01,2022-09-12,on_ds_daily_axis
BW-BBG00JPYDHZ6,MULE,2000-01-01,2018-05-01,on_ds_daily_axis
BW-MUO,MUO,2000-01-01,2007-10-16,on_ds_daily_axis
BW-US6266421022,MURF,2000-01-01,2023-09-22,on_ds_daily_axis
BW-MUSA1,MUSA1,2000-01-01,2013-04-12,on_ds_daily_axis
BW-MUSA_OLD,MUSA_OLD,2000-01-01,2005-11-30,on_ds_daily_axis
BW-MV,MV,2000-01-01,2009-10-01,on_ds_daily_axis
BW-MVBI,MVBI,2000-01-01,2002-10-01,on_ds_daily_axis
BW-MVCD,MVCD,2000-01-01,2020-12-24,on_ds_daily_axis
BW-MVK,MVK,2000-01-01,2006-10-05,on_ds_daily_axis
BW-MVL,MVL,2000-01-01,2018-01-24,on_ds_daily_axis
BW-GB00BN2CPD28,MVNR,2000-01-01,2015-04-28,on_ds_daily_axis
BW-MWAR,MWAR,2000-01-01,2001-08-13,on_ds_daily_axis
BW-MWBX,MWBX,2000-01-01,2001-10-31,on_ds_daily_axis
BW-MWE,MWE,2000-01-01,2015-12-03,on_ds_daily_axis
BW-MWH_OLD,MWH_OLD,2000-01-01,2005-11-16,on_ds_daily_axis
BW-MWI,MWI,2000-01-01,2017-03-20,on_ds_daily_axis
BW-MWIV,MWIV,2000-01-01,2015-02-24,on_ds_daily_axis
BW-MWJ,MWJ,2000-01-01,2012-06-28,on_ds_daily_axis
BW-MWO,MWO,2000-01-01,2016-07-19,on_ds_daily_axis
BW-MWP,MWP,2000-01-01,2019-06-28,on_ds_daily_axis
BW-MWRX,MWRX,2000-01-01,2014-12-30,on_ds_daily_axis
BW-MWSI,MWSI,2000-01-01,2001-03-27,on_ds_daily_axis
BW-MWT,MWT,2000-01-01,2000-07-10,on_ds_daily_axis
BW-MWV,MWV,2000-01-01,2015-07-01,on_ds_daily_axis
BW-MWW,MWW,2000-01-01,2016-10-31,on_ds_daily_axis
BW-MWYGQ,MWYGQ,2000-01-01,2010-06-15,on_ds_daily_axis
BW-MXA,MXA,2000-01-01,2014-10-03,on_ds_daily_axis
BW-MXICY,MXICY,2000-01-01,2007-11-30,on_ds_daily_axis
BW-BBG000BPNP00,MXIM,2000-01-01,2021-08-26,on_ds_daily_axis
BW-MXO,MXO,2000-01-01,2006-05-19,on_ds_daily_axis
BW-MXPT,MXPT,2000-01-01,2017-10-09,on_ds_daily_axis
BW-MXT,MXT,2000-01-01,2005-11-30,on_ds_daily_axis
BW-MXUS,MXUS,2000-01-01,2009-07-28,on_ds_daily_axis
BW-US5777671067,MXWL,2000-01-01,2019-05-16,on_ds_daily_axis
BW-MY,MY,2000-01-01,2016-06-22,on_ds_daily_axis
BW-MYAG,MYAG,2000-01-01,2006-09-22,on_ds_daily_axis
BW-MYCC,MYCC,2000-01-01,2017-09-18,on_ds_daily_axis
BW-MYG_OLD,MYG_OLD,2000-01-01,2006-03-31,on_ds_daily_axis
BW-MYK,MYK,2000-01-01,2005-08-05,on_ds_daily_axis
BW-NL0011031208,MYL,2000-01-01,2020-11-18,on_ds_daily_axis
BW-MYOG,MYOG,2000-01-01,2006-11-17,on_ds_daily_axis
BW-BBG00HZZP0N3,MYOK,2000-01-01,2020-11-18,on_ds_daily_axis
BW-BMG637AM1024,MYOV,2000-01-01,2023-03-09,on_ds_daily_axis
BW-MYPT,MYPT,2000-01-01,2001-07-20,on_ds_daily_axis
BW-MYR,MYR,2000-01-01,2005-11-14,on_ds_daily_axis
BW-MYST,MYST,2000-01-01,2005-01-05,on_ds_daily_axis
BW-MYSZY,MYSZY,2000-01-01,2008-08-05,on_ds_daily_axis
BW-VGG9396G1182,MYT,2000-01-01,2021-08-17,on_ds_daily_axis
BW-BBG00YB20ZW5,MYTE,2000-01-01,2025-07-02,on_ds_daily_axis
BW-MZIAQ,MZIAQ,2000-01-01,2013-02-05,on_ds_daily_axis
BW-US57886P1030,MZOR,2000-01-01,2018-12-19,on_ds_daily_axis
BW-MZTH,MZTH,2000-01-01,2012-05-10,on_ds_daily_axis
BW-KYG661391097,NAAC,2000-01-01,2023-02-03,on_ds_daily_axis
BW-NADL,NADL,2000-01-01,2017-09-12,on_ds_daily_axis
BW-NADX,NADX,2000-01-01,2010-07-29,on_ds_daily_axis
BW-NAFC,NAFC,2000-01-01,2013-11-18,on_ds_daily_axis
BW-NAH,NAH,2000-01-01,2000-02-02,on_ds_daily_axis
BW-NAHC,NAHC,2000-01-01,2008-07-31,on_ds_daily_axis
BW-AU0000069130,NAKD,2000-01-01,2022-03-17,on_ds_daily_axis
BW-NAL,NAL,2000-01-01,2017-05-05,on_ds_daily_axis
BW-NAMC,NAMC,2000-01-01,2010-03-01,on_ds_daily_axis
BW-US76658B1008,NAME,2000-01-01,2017-07-28,on_ds_daily_axis
BW-C0002101833,NANO,2000-01-01,2019-10-25,on_ds_daily_axis
BW-USY6366T1127,NAO,2000-01-01,2021-07-01,on_ds_daily_axis
BW-NAO1,NAO1,2000-01-01,2008-07-21,on_ds_daily_axis
BW-USY621341046,NAP,2000-01-01,2022-03-21,on_ds_daily_axis
BW-NAPA_OLD,NAPA_OLD,2000-01-01,2021-06-23,on_ds_daily_axis
BW-NAPS,NAPS,2000-01-01,2008-10-30,on_ds_daily_axis
BW-NASMQ,NASMQ,2000-01-01,2009-12-22,on_ds_daily_axis
BW-NATL_OLD,NATL_OLD,2000-01-01,2016-11-10,on_ds_daily_axis
BW-NATW,NATW,2000-01-01,2000-12-14,on_ds_daily_axis
BW-BBG000BPS2V2,NAV,2000-01-01,2021-07-02,on_ds_daily_axis
BW-US6389041020,NAVG,2000-01-01,2019-05-22,on_ds_daily_axis
BW-NAVI1,NAVI1,2000-01-01,2011-04-20,on_ds_daily_axis
BW-NAXG,NAXG,2000-01-01,2016-01-20,on_ds_daily_axis
BW-US64222H1005,NBA,2000-01-01,2022-02-18,on_ds_daily_axis
BW-NBACR,NBACR,2000-01-01,2021-03-22,on_ds_daily_axis
BW-NBACW,NBACW,2000-01-01,2021-03-22,on_ds_daily_axis
BW-NBAK,NBAK,2000-01-01,2000-07-14,on_ds_daily_axis
BW-NBAN,NBAN,2000-01-01,2007-04-26,on_ds_daily_axis
BW-NBBC,NBBC,2000-01-01,2016-02-29,on_ds_daily_axis
BW-NBCB,NBCB,2000-01-01,2014-12-31,on_ds_daily_axis
BW-NBCI,NBCI,2000-01-01,2001-08-10,on_ds_daily_axis
BW-US6673371091,NBCT_OLD,2000-01-01,2022-05-04,on_ds_daily_axis
BW-BBG00HMKFRN2,NBEV,2000-01-01,2022-11-09,on_ds_daily_axis
BW-NBFAQ,NBFAQ,2000-01-01,2014-09-15,on_ds_daily_axis
BW-NBG,NBG,2000-01-01,2015-11-27,on_ds_daily_axis
BW-BBG00D0MY7Q1,NBL,2000-01-01,2020-10-16,on_ds_daily_axis
BW-BBG00JX9V4H1,NBLX,2000-01-01,2021-05-11,on_ds_daily_axis
BW-NBOC,NBOC,2000-01-01,2000-06-30,on_ds_daily_axis
BW-IE00BL53QQ85,NBRV,2000-01-01,2023-10-02,on_ds_daily_axis
BW-NBSC,NBSC,2000-01-01,2007-09-24,on_ds_daily_axis
BW-NBT,NBT,2000-01-01,2001-12-31,on_ds_daily_axis
BW-NBTF,NBTF,2000-01-01,2015-03-06,on_ds_daily_axis
BW-NCBH,NCBH,2000-01-01,2000-01-27,on_ds_daily_axis
BW-NCBM,NCBM,2000-01-01,2001-07-31,on_ds_daily_axis
BW-NCC_OLD,NCC_OLD,2000-01-01,2008-12-31,on_ds_daily_axis
BW-NCE,NCE,2000-01-01,2000-08-18,on_ds_daily_axis
BW-NCEB,NCEB,2000-01-01,2004-01-27,on_ds_daily_axis
BW-NCEM,NCEM,2000-01-01,2008-10-22,on_ds_daily_axis
BW-NCF,NCF,2000-01-01,2016-01-27,on_ds_daily_axis
BW-NCFT,NCFT,2000-01-01,2015-05-11,on_ds_daily_axis
BW-NCH,NCH,2000-01-01,2015-03-26,on_ds_daily_axis
BW-NCIT,NCIT,2000-01-01,2017-08-15,on_ds_daily_axis
BW-NCMV,NCMV,2000-01-01,2012-09-24,on_ds_daily_axis
BW-NCNT,NCNT,2000-01-01,2001-09-17,on_ds_daily_axis
BW-NCO,NCO,2000-01-01,2014-06-06,on_ds_daily_axis
BW-NCOC,NCOC,2000-01-01,2010-12-15,on_ds_daily_axis
BW-NCOG,NCOG,2000-01-01,2006-11-15,on_ds_daily_axis
BW-US63546L1026,NCOM,2000-01-01,2019-03-29,on_ds_daily_axis
BW-NCP,NCP,2000-01-01,2014-06-06,on_ds_daily_axis
BW-NCPM,NCPM,2000-01-01,2004-03-26,on_ds_daily_axis
BW-NCRI,NCRI,2000-01-01,2005-08-03,on_ds_daily_axis
BW-NCRX,NCRX,2000-01-01,2005-07-28,on_ds_daily_axis
BW-US6288522047,NCS,2000-01-01,2019-07-09,on_ds_daily_axis
BW-NCST,NCST,2000-01-01,2010-02-08,on_ds_daily_axis
BW-NCT_OLD,NCT_OLD,2000-01-01,2016-12-28,on_ds_daily_axis
BW-NCX,NCX,2000-01-01,2009-07-06,on_ds_daily_axis
BW-US65413D1054,NDAC,2000-01-01,2022-12-09,on_ds_daily_axis
BW-NDAC_OLD,NDAC_OLD,2000-01-01,2012-05-22,on_ds_daily_axis
BW-NDB,NDB,2000-01-01,2000-11-30,on_ds_daily_axis
BW-NDC,NDC,2000-01-01,2006-01-06,on_ds_daily_axis
BW-NDD,NDD,2000-01-01,2009-10-26,on_ds_daily_axis
BW-NDN,NDN,2000-01-01,2018-01-31,on_ds_daily_axis
BW-NDRAW,NDRAW,2000-01-01,2022-05-12,on_ds_daily_axis
BW-NDRM,NDRM,2000-01-01,2017-10-17,on_ds_daily_axis
BW-US29269K1007,NDRO,2000-01-01,2018-09-13,on_ds_daily_axis
BW-NDZ,NDZ,2000-01-01,2014-08-06,on_ds_daily_axis
BW-NEB,NEB,2000-01-01,2019-04-18,on_ds_daily_axis
BW-US6290702025,NEBCU,2000-01-01,2021-07-30,on_ds_daily_axis
BW-NEBCW,NEBCW,2000-01-01,2021-09-03,on_ds_daily_axis
BW-NEBS,NEBS,2000-01-01,2012-11-16,on_ds_daily_axis
BW-NEBU,NEBU,2000-01-01,2020-06-10,on_ds_daily_axis
BW-NEBUU,NEBUU,2000-01-01,2020-06-10,on_ds_daily_axis
BW-NEBUW,NEBUW,2000-01-01,2020-06-10,on_ds_daily_axis
BW-NED,NED,2000-01-01,2014-07-30,on_ds_daily_axis
BW-NEEPRR,NEEPRR,2000-01-01,2025-08-29,on_ds_daily_axis
BW-NEFF,NEFF,2000-01-01,2017-09-29,on_ds_daily_axis
BW-NEHC,NEHC,2000-01-01,2025-10-14,on_ds_daily_axis
BW-NEHCW,NEHCW,2000-01-01,2025-08-13,on_ds_daily_axis
BW-NEI,NEI,2000-01-01,2012-09-19,on_ds_daily_axis
BW-NEL,NEL,2000-01-01,2020-08-26,on_ds_daily_axis
BW-NELV,NELV,2000-01-01,2000-11-15,on_ds_daily_axis
BW-NENA,NENA,2000-01-01,2010-08-04,on_ds_daily_axis
BW-NEOF,NEOF,2000-01-01,2006-03-06,on_ds_daily_axis
BW-NEON1,NEON1,2000-01-01,2006-02-15,on_ds_daily_axis
BW-BBG0029006R2,NEOS,2000-01-01,2021-03-19,on_ds_daily_axis
BW-NEOT,NEOT,2000-01-01,2018-01-17,on_ds_daily_axis
BW-BBG006JNW321,NEP,2000-01-01,2025-01-31,on_ds_daily_axis
BW-NEPF,NEPF,2000-01-01,2005-05-19,on_ds_daily_axis
BW-BBG00JPVR5F5,NEPT,2000-01-01,2024-03-22,on_ds_daily_axis
BW-NER,NER,2000-01-01,2018-11-09,on_ds_daily_axis
BW-US67091K3023,NES,2000-01-01,2022-02-23,on_ds_daily_axis
BW-NESC,NESC,2000-01-01,2001-08-16,on_ds_daily_axis
BW-NEST,NEST,2000-01-01,2014-01-21,on_ds_daily_axis
BW-C0001135711,NETL_OLD,2000-01-01,2012-02-15,on_ds_daily_axis
BW-NETM,NETM,2000-01-01,2008-06-18,on_ds_daily_axis
BW-NETR,NETR,2000-01-01,2001-10-17,on_ds_daily_axis
BW-USG6455X1075,NETS,2000-01-01,2019-06-14,on_ds_daily_axis
BW-NETT,NETT,2000-01-01,2000-07-17,on_ds_daily_axis
BW-NETX_OLD,NETX_OLD,2000-01-01,2001-06-05,on_ds_daily_axis
BW-NETZ_OLD,NETZ_OLD,2000-01-01,2002-05-23,on_ds_daily_axis
BW-NEV_OLD,NEV_OLD,2000-01-01,2004-05-14,on_ds_daily_axis
BW-US74704P4054,NEW,2000-01-01,2022-07-01,on_ds_daily_axis
BW-NEWCQ,NEWCQ,2000-01-01,2008-08-01,on_ds_daily_axis
BW-BBG00FGSBMH8,NEWM,2000-01-01,2019-11-19,on_ds_daily_axis
BW-NEWN,NEWN,2000-01-01,2014-01-14,on_ds_daily_axis
BW-NEWS,NEWS,2000-01-01,2017-12-22,on_ds_daily_axis
BW-NEXC,NEXC,2000-01-01,2010-09-24,on_ds_daily_axis
BW-NEXL,NEXL,2000-01-01,2002-08-30,on_ds_daily_axis
BW-NEXT_OLD,NEXT_OLD,2000-01-01,2008-01-24,on_ds_daily_axis
BW-NFB,NFB,2000-01-01,2006-11-30,on_ds_daily_axis
BW-NFC,NFC,2000-01-01,2020-10-22,on_ds_daily_axis
BW-US2524412093,NFEC,2000-01-01,2019-02-07,on_ds_daily_axis
BW-KYG6461G1064,NFH,2000-01-01,2022-01-26,on_ds_daily_axis
BW-NFLDQ,NFLDQ,2000-01-01,2009-10-01,on_ds_daily_axis
BW-NFO_OLD,NFO_OLD,2000-01-01,2000-04-19,on_ds_daily_axis
BW-NFP,NFP,2000-01-01,2020-01-24,on_ds_daily_axis
BW-NFS,NFS,2000-01-01,2022-03-02,on_ds_daily_axis
BW-NFSB,NFSB,2000-01-01,2013-09-06,on_ds_daily_axis
BW-US6512901082,NFX,2000-01-01,2019-02-13,on_ds_daily_axis
BW-KYG3167L1095,NFYS,2000-01-01,2024-09-26,on_ds_daily_axis
BW-NFYS-UN,NFYS-UN,2000-01-01,2024-09-19,on_ds_daily_axis
BW-NGA,NGA,2000-01-01,2021-07-08,on_ds_daily_axis
BW-NGA-U,NGA-U,2000-01-01,2021-05-06,on_ds_daily_axis
BW-C0001827980,NGAB,2000-01-01,2021-11-11,on_ds_daily_axis
BW-NGAB-U,NGAB-U,2000-01-01,2021-11-10,on_ds_daily_axis
BW-KYG653051238,NGACW,2000-01-01,2021-08-19,on_ds_daily_axis
BW-NGAS,NGAS,2000-01-01,2011-04-13,on_ds_daily_axis
BW-US66516W1071,NGC,2000-01-01,2023-03-24,on_ds_daily_axis
BW-KYG653171028,NGCA,2000-01-01,2022-01-03,on_ds_daily_axis
BW-NGCAW,NGCAW,2000-01-01,2021-12-30,on_ds_daily_axis
BW-NGCN,NGCN,2000-01-01,2006-09-07,on_ds_daily_axis
BW-NGH,NGH,2000-01-01,2016-08-26,on_ds_daily_axis
BW-US6362203035,NGHC,2000-01-01,2021-01-05,on_ds_daily_axis
BW-NGI,NGI,2000-01-01,2007-11-13,on_ds_daily_axis
BW-NGLS,NGLS,2000-01-01,2016-02-16,on_ds_daily_axis
BW-NGPS,NGPS,2000-01-01,2007-12-20,on_ds_daily_axis
BW-NGT,NGT,2000-01-01,2013-05-24,on_ds_daily_axis
BW-NGTC,NGTC,2000-01-01,2000-10-25,on_ds_daily_axis
BW-NHCI,NHCI,2000-01-01,2002-01-18,on_ds_daily_axis
BW-NHHC,NHHC,2000-01-01,2007-11-21,on_ds_daily_axis
BW-US6514501088,NHIC_OLD2,2000-01-01,2023-05-03,on_ds_daily_axis
BW-NHL,NHL,2000-01-01,2021-12-13,on_ds_daily_axis
BW-US6363752063,NHLD,2000-01-01,2021-02-25,on_ds_daily_axis
BW-NHR2,NHR2,2000-01-01,2007-10-31,on_ds_daily_axis
BW-NHRX,NHRX,2000-01-01,2009-07-13,on_ds_daily_axis
BW-NHR_OLD,NHR_OLD,2000-01-01,2010-08-17,on_ds_daily_axis
BW-NHY,NHY,2000-01-01,2018-01-24,on_ds_daily_axis
BW-CA65373J2092,NICK,2000-01-01,2024-11-04,on_ds_daily_axis
BW-NIF,NIF,2000-01-01,2013-05-03,on_ds_daily_axis
BW-US62913F2011,NIHD,2000-01-01,2019-12-31,on_ds_daily_axis
BW-NIKU,NIKU,2000-01-01,2005-07-29,on_ds_daily_axis
BW-C0001091171,NILE,2000-01-01,2023-03-03,on_ds_daily_axis
BW-NILE_OLD,NILE_OLD,2000-01-01,2017-02-16,on_ds_daily_axis
BW-NIND,NIND,2000-01-01,2021-11-22,on_ds_daily_axis
BW-NINE_OLD,NINE_OLD,2000-01-01,2014-05-29,on_ds_daily_axis
BW-NIPNY,NIPNY,2000-01-01,2008-06-16,on_ds_daily_axis
BW-NIR,NIR,2000-01-01,2024-01-12,on_ds_daily_axis
BW-NIS,NIS,2000-01-01,2001-07-24,on_ds_daily_axis
BW-NISGY,NISGY,2000-01-01,2012-07-23,on_ds_daily_axis
BW-US65413A1016,NITE_OLD,2000-01-01,2019-06-07,on_ds_daily_axis
BW-BBG007T9DYW9,NK,2000-01-01,2021-12-17,on_ds_daily_axis
BW-NKA,NKA,2000-01-01,2016-07-18,on_ds_daily_axis
BW-NKBP,NKBP,2000-01-01,2013-02-06,on_ds_daily_axis
BW-NKID,NKID,2000-01-01,2000-07-26,on_ds_daily_axis
BW-US6541101050,NKLA,2000-01-01,2025-02-25,on_ds_daily_axis
BW-NKT,NKT,2000-01-01,2006-12-29,on_ds_daily_axis
BW-NLC,NLC,2000-01-01,2018-01-30,on_ds_daily_axis
BW-NLCI,NLCI,2000-01-01,2011-08-09,on_ds_daily_axis
BW-NLCS,NLCS,2000-01-01,2020-04-29,on_ds_daily_axis
BW-US66538L1052,NLIT,2000-01-01,2022-09-28,on_ds_daily_axis
BW-NLITW,NLITW,2000-01-01,2022-09-28,on_ds_daily_axis
BW-NLMK,NLMK,2000-01-01,2021-11-22,on_ds_daily_axis
BW-BBG007BCMB42,NLNK,2000-01-01,2020-03-18,on_ds_daily_axis
BW-NLP,NLP,2000-01-01,2014-06-10,on_ds_daily_axis
BW-BBG00JQ53Q25,NLS,2000-01-01,2024-01-02,on_ds_daily_axis
BW-GB00BWFY5505,NLSN,2000-01-01,2022-10-12,on_ds_daily_axis
BW-CH0523961370,NLSP,2000-01-01,2025-10-30,on_ds_daily_axis
BW-US64049K1043,NLTX,2000-01-01,2023-12-21,on_ds_daily_axis
BW-NLX_OLD,NLX_OLD,2000-01-01,2007-03-14,on_ds_daily_axis
BW-C0001452751,NMBL_OLD,2000-01-01,2017-04-13,on_ds_daily_axis
BW-NMBT,NMBT,2000-01-01,2000-03-28,on_ds_daily_axis
BW-MHY621511085,NMCI,2000-01-01,2021-04-01,on_ds_daily_axis
BW-NMCOF,NMCOF,2000-01-01,2002-05-24,on_ds_daily_axis
BW-NMFX,NMFX,2000-01-01,2020-09-14,on_ds_daily_axis
BW-NMHC,NMHC,2000-01-01,2008-04-30,on_ds_daily_axis
BW-NMIL,NMIL,2000-01-01,2006-10-06,on_ds_daily_axis
BW-US6612041078,NMMC,2000-01-01,2022-10-07,on_ds_daily_axis
BW-NMMCW,NMMCW,2000-01-01,2022-09-30,on_ds_daily_axis
BW-NMP_OLD,NMP_OLD,2000-01-01,2013-01-04,on_ds_daily_axis
BW-NMRKV,NMRKV,2000-01-01,2018-12-21,on_ds_daily_axis
BW-NMRX,NMRX,2000-01-01,2017-12-06,on_ds_daily_axis
BW-NMTI,NMTI,2000-01-01,2011-08-10,on_ds_daily_axis
BW-US6544051096,NMTR,2000-01-01,2023-09-26,on_ds_daily_axis
BW-NMTX,NMTX,2000-01-01,2002-04-12,on_ds_daily_axis
BW-NMX,NMX,2000-01-01,2008-08-21,on_ds_daily_axis
BW-NNF,NNF,2000-01-01,2013-03-08,on_ds_daily_axis
BW-NNJ,NNJ,2000-01-01,2014-11-07,on_ds_daily_axis
BW-NNS,NNS,2000-01-01,2017-05-05,on_ds_daily_axis
BW-US63889L1070,NOAC,2000-01-01,2022-11-18,on_ds_daily_axis
BW-NOGNW,NOGNW,2000-01-01,2023-12-21,on_ds_daily_axis
BW-NOIZ,NOIZ,2000-01-01,2012-08-08,on_ds_daily_axis
BW-NOLD,NOLD,2000-01-01,2005-05-19,on_ds_daily_axis
BW-NOOF,NOOF,2000-01-01,2012-11-28,on_ds_daily_axis
BW-NOR,NOR,2000-01-01,2018-08-10,on_ds_daily_axis
BW-NOVB,NOVB,2000-01-01,2014-10-03,on_ds_daily_axis
BW-NOVL,NOVL,2000-01-01,2011-04-27,on_ds_daily_axis
BW-BBG00G96GCZ9,NOVN,2000-01-01,2023-09-26,on_ds_daily_axis
BW-NOVN1,NOVN1,2000-01-01,2009-08-27,on_ds_daily_axis
BW-NOVSW,NOVSW,2000-01-01,2021-01-29,on_ds_daily_axis
BW-US67012U1088,NOVS_OLD,2000-01-01,2000-01-01,on_ds_daily_axis
BW-NOX,NOX,2000-01-01,2010-08-06,on_ds_daily_axis
BW-BBG00Q402TR2,NPA,2000-01-01,2021-11-23,on_ds_daily_axis
BW-US64822P2056,NPAUU,2000-01-01,2021-04-06,on_ds_daily_axis
BW-NPAWW,NPAWW,2000-01-01,2021-04-07,on_ds_daily_axis
BW-NPBC,NPBC,2000-01-01,2016-04-01,on_ds_daily_axis
BW-NPC,NPC,2000-01-01,2012-05-04,on_ds_daily_axis
BW-NPCI,NPCI,2000-01-01,2001-08-31,on_ds_daily_axis
BW-NPD,NPD,2000-01-01,2016-08-03,on_ds_daily_axis
BW-NPIX,NPIX,2000-01-01,2001-08-22,on_ds_daily_axis
BW-NPLA,NPLA,2000-01-01,2010-02-05,on_ds_daily_axis
BW-NPSI,NPSI,2000-01-01,2007-12-31,on_ds_daily_axis
BW-NPSP,NPSP,2000-01-01,2015-02-20,on_ds_daily_axis
BW-NPTE,NPTE,2000-01-01,2008-04-30,on_ds_daily_axis
BW-BBG00G2BVZ78,NPTN,2000-01-01,2022-08-03,on_ds_daily_axis
BW-NPTT,NPTT,2000-01-01,2004-05-28,on_ds_daily_axis
BW-BBG00D7BVX48,NP_OLD,2000-01-01,2022-07-05,on_ds_daily_axis
BW-NQC,NQC,2000-01-01,2014-06-06,on_ds_daily_axis
BW-NQJ,NQJ,2000-01-01,2014-11-07,on_ds_daily_axis
BW-NQLI,NQLI,2000-01-01,2001-09-17,on_ds_daily_axis
BW-NQN,NQN,2000-01-01,2013-03-08,on_ds_daily_axis
BW-BBG000C2HWL9,NR,2000-01-01,2024-12-19,on_ds_daily_axis
BW-NRCG,NRCG,2000-01-01,2019-10-31,on_ds_daily_axis
BW-NRDSQ,NRDSQ,2000-01-01,2018-06-13,on_ds_daily_axis
BW-NRDS_OLD,NRDS_OLD,2000-01-01,2016-09-08,on_ds_daily_axis
BW-BBG00873RM91,NRE,2000-01-01,2019-09-27,on_ds_daily_axis
BW-NREB,NREB,2000-01-01,2007-02-28,on_ds_daily_axis
BW-NRF,NRF,2000-01-01,2017-01-10,on_ds_daily_axis
BW-NRGN,NRGN,2000-01-01,2009-12-23,on_ds_daily_axis
BW-NRGP,NRGP,2000-01-01,2014-10-09,on_ds_daily_axis
BW-NRGX,NRGX,2000-01-01,2024-02-02,on_ds_daily_axis
BW-NRG_OLD,NRG_OLD,2000-01-01,2002-06-03,on_ds_daily_axis
BW-NRI,NRI,2000-01-01,2008-03-07,on_ds_daily_axis
BW-NRMI,NRMI,2000-01-01,2000-10-17,on_ds_daily_axis
BW-NRPH,NRPH,2000-01-01,2007-04-19,on_ds_daily_axis
BW-NRRD,NRRD,2000-01-01,2005-01-26,on_ds_daily_axis
BW-NRTLQ,NRTLQ,2000-01-01,2015-10-13,on_ds_daily_axis
BW-NRX,NRX,2000-01-01,2016-05-10,on_ds_daily_axis
BW-BBG003T1GM03,NRZ,2000-01-01,2022-10-03,on_ds_daily_axis
BW-NSAM,NSAM,2000-01-01,2017-01-10,on_ds_daily_axis
BW-NSAT,NSAT,2000-01-01,2017-07-19,on_ds_daily_axis
BW-NSCF,NSCF,2000-01-01,2000-06-06,on_ds_daily_axis
BW-NSCN,NSCN,2000-01-01,2004-04-16,on_ds_daily_axis
BW-NSCT,NSCT,2000-01-01,2008-07-22,on_ds_daily_axis
BW-NSD,NSD,2000-01-01,2000-09-22,on_ds_daily_axis
BW-NSDA,NSDA,2000-01-01,2005-05-11,on_ds_daily_axis
BW-NSDB,NSDB,2000-01-01,2005-02-18,on_ds_daily_axis
BW-NSE,NSE,2000-01-01,2021-05-26,on_ds_daily_axis
BW-NSE1,NSE1,2000-01-01,2006-03-29,on_ds_daily_axis
BW-US6375461026,NSEC,2000-01-01,2022-07-08,on_ds_daily_axis
BW-NSH-U,NSH-U,2000-01-01,2021-11-23,on_ds_daily_axis
BW-NSHA,NSHA,2000-01-01,2009-09-15,on_ds_daily_axis
BW-C0001223786,NSH_OLD,2000-01-01,2018-07-20,on_ds_daily_axis
BW-NSIL,NSIL,2000-01-01,2002-02-13,on_ds_daily_axis
BW-NSK,NSK,2000-01-01,2017-03-13,on_ds_daily_axis
BW-NSLB,NSLB,2000-01-01,2001-02-21,on_ds_daily_axis
BW-NSLP,NSLP,2000-01-01,2015-09-09,on_ds_daily_axis
BW-C0001520566,NSM,2000-01-01,2018-07-30,on_ds_daily_axis
BW-C0000070530,NSM_OLD,2000-01-01,2011-09-23,on_ds_daily_axis
BW-NSO,NSO,2000-01-01,2005-09-08,on_ds_daily_axis
BW-NSOL,NSOL,2000-01-01,2000-06-08,on_ds_daily_axis
BW-NSPH,NSPH,2000-01-01,2016-06-30,on_ds_daily_axis
BW-NSPK,NSPK,2000-01-01,2001-08-14,on_ds_daily_axis
BW-NSPRZ,NSPRZ,2000-01-01,2022-03-14,on_ds_daily_axis
BW-CA65532M6062,NSR,2000-01-01,2022-08-15,on_ds_daily_axis
BW-NSR_OLD,NSR_OLD,2000-01-01,2017-08-07,on_ds_daily_axis
BW-NSS_OLD,NSS_OLD,2000-01-01,2006-12-01,on_ds_daily_axis
BW-NST,NST,2000-01-01,2018-01-31,on_ds_daily_axis
BW-NSTA,NSTA,2000-01-01,2000-10-10,on_ds_daily_axis
BW-NSTB-U,NSTB-U,2000-01-01,2021-12-17,on_ds_daily_axis
BW-NSTB-UN,NSTB-UN,2000-01-01,2024-01-26,on_ds_daily_axis
BW-NSTC-U,NSTC-U,2000-01-01,2022-01-10,on_ds_daily_axis
BW-C0001089638,NSTC_OLD,2000-01-01,2011-10-11,on_ds_daily_axis
BW-BBG006M13434,NSTG,2000-01-01,2024-02-28,on_ds_daily_axis
BW-NSTLQ,NSTLQ,2000-01-01,2011-10-26,on_ds_daily_axis
BW-NSV,NSV,2000-01-01,2002-11-15,on_ds_daily_axis
BW-NTBKQ,NTBKQ,2000-01-01,2008-09-26,on_ds_daily_axis
BW-US63884N1081,NTCO,2000-01-01,2024-04-12,on_ds_daily_axis
BW-NTCR,NTCR,2000-01-01,2001-02-15,on_ds_daily_axis
BW-C0000877902,NTEC,2000-01-01,2021-09-03,on_ds_daily_axis
BW-NTEC1,NTEC1,2000-01-01,2010-06-16,on_ds_daily_axis
BW-NTEG,NTEG,2000-01-01,2001-01-23,on_ds_daily_axis
BW-NTG1,NTG1,2000-01-01,2009-11-18,on_ds_daily_axis
BW-NTGN,NTGN,2000-01-01,2020-05-05,on_ds_daily_axis
BW-NTGX,NTGX,2000-01-01,2001-12-21,on_ds_daily_axis
BW-NTI,NTI,2000-01-01,2016-06-23,on_ds_daily_axis
BW-NTIQ,NTIQ,2000-01-01,2007-06-13,on_ds_daily_axis
BW-NTK,NTK,2000-01-01,2016-08-30,on_ds_daily_axis
BW-NTKK,NTKK,2000-01-01,2001-11-15,on_ds_daily_axis
BW-NTL,NTL,2000-01-01,2017-12-15,on_ds_daily_axis
BW-NTLI,NTLI,2000-01-01,2006-03-03,on_ds_daily_axis
BW-NTLO,NTLO,2000-01-01,2003-03-12,on_ds_daily_axis
BW-NTLS,NTLS,2000-01-01,2016-05-06,on_ds_daily_axis
BW-NTMD,NTMD,2000-01-01,2009-04-24,on_ds_daily_axis
BW-NTMV,NTMV,2000-01-01,2000-02-08,on_ds_daily_axis
BW-US6294106066,NTN,2000-01-01,2021-03-26,on_ds_daily_axis
BW-NTO,NTO,2000-01-01,2017-03-20,on_ds_daily_axis
BW-NTOL,NTOL,2000-01-01,2007-12-28,on_ds_daily_axis
BW-NTOP,NTOP,2000-01-01,2006-03-13,on_ds_daily_axis
BW-US6298652057,NTP,2000-01-01,2023-01-27,on_ds_daily_axis
BW-NTPA,NTPA,2000-01-01,2007-02-06,on_ds_daily_axis
BW-US67069D1081,NTRI,2000-01-01,2019-03-07,on_ds_daily_axis
BW-NTRT,NTRT,2000-01-01,2007-06-22,on_ds_daily_axis
BW-NTS,NTS,2000-01-01,2014-06-06,on_ds_daily_axis
BW-NTSC,NTSC,2000-01-01,2013-11-22,on_ds_daily_axis
BW-NTSL,NTSL,2000-01-01,2004-11-18,on_ds_daily_axis
BW-NTSP,NTSP,2000-01-01,2013-06-28,on_ds_daily_axis
BW-NTT,NTT,2000-01-01,2017-03-31,on_ds_daily_axis
BW-BBG00DSW1213,NTUS,2000-01-01,2022-07-21,on_ds_daily_axis
BW-NTY,NTY,2000-01-01,2010-10-01,on_ds_daily_axis
BW-BBG00FZLM0H8,NUAN,2000-01-01,2022-03-04,on_ds_daily_axis
BW-US67022R1032,NUBI,2000-01-01,2024-02-02,on_ds_daily_axis
BW-NUC,NUC,2000-01-01,2014-06-06,on_ds_daily_axis
BW-NUCO,NUCO,2000-01-01,2008-05-28,on_ds_daily_axis
BW-NUFO,NUFO,2000-01-01,2004-03-05,on_ds_daily_axis
BW-NUHC,NUHC,2000-01-01,2010-12-31,on_ds_daily_axis
BW-NUI,NUI,2000-01-01,2004-11-30,on_ds_daily_axis
BW-NUN,NUN,2000-01-01,2013-03-08,on_ds_daily_axis
BW-NUOTQ,NUOTQ,2000-01-01,2016-05-09,on_ds_daily_axis
BW-NUTR_OLD,NUTR_OLD,2000-01-01,2017-08-22,on_ds_daily_axis
BW-NUVOW,NUVOW,2000-01-01,2024-09-10,on_ds_daily_axis
BW-US67073S2086,NUZE,2000-01-01,2024-10-31,on_ds_daily_axis
BW-NU_OLD,NU_OLD,2000-01-01,2020-10-08,on_ds_daily_axis
BW-NVAL,NVAL,2000-01-01,2005-12-13,on_ds_daily_axis
BW-NVC,NVC,2000-01-01,2014-06-06,on_ds_daily_axis
BW-C0000740571,NVCN,2000-01-01,2023-04-20,on_ds_daily_axis
BW-NVDL_OLD,NVDL_OLD,2000-01-01,2015-12-24,on_ds_daily_axis
BW-NVDM,NVDM,2000-01-01,2004-04-02,on_ds_daily_axis
BW-NVE,NVE,2000-01-01,2020-04-23,on_ds_daily_axis
BW-NVET,NVET,2000-01-01,2017-07-28,on_ds_daily_axis
BW-NVI,NVI,2000-01-01,2005-09-13,on_ds_daily_axis
BW-BBG008GCGRN6,NVIV,2000-01-01,2024-02-12,on_ds_daily_axis
BW-C0000827809,NVLN,2000-01-01,2019-10-08,on_ds_daily_axis
BW-NVLS,NVLS,2000-01-01,2017-07-24,on_ds_daily_axis
BW-NVLS1,NVLS1,2000-01-01,2012-06-04,on_ds_daily_axis
BW-US67012D1063,NVMM,2000-01-01,2019-06-28,on_ds_daily_axis
BW-NVN,NVN,2000-01-01,2013-03-08,on_ds_daily_axis
BW-KYG6529L1059,NVSA,2000-01-01,2023-03-10,on_ds_daily_axis
BW-NVSL,NVSL,2000-01-01,2016-01-15,on_ds_daily_axis
BW-NVT1,NVT1,2000-01-01,2008-07-09,on_ds_daily_axis
BW-BBG0018HLY30,NVTK,2000-01-01,2021-11-22,on_ds_daily_axis
BW-C0001648893,NVTR,2000-01-01,2019-11-21,on_ds_daily_axis
BW-US67011N2045,NVUS,2000-01-01,2021-03-08,on_ds_daily_axis
BW-BBG000BB7S49,NWGI,2000-01-01,2021-01-28,on_ds_daily_axis
BW-BBG004PQG1V2,NWHM,2000-01-01,2021-09-08,on_ds_daily_axis
BW-NWIR,NWIR,2000-01-01,2006-08-08,on_ds_daily_axis
BW-NWK,NWK,2000-01-01,2012-08-24,on_ds_daily_axis
BW-NWKC,NWKC,2000-01-01,2001-08-28,on_ds_daily_axis
BW-NWPWQ,NWPWQ,2000-01-01,2007-05-23,on_ds_daily_axis
BW-NWRE,NWRE,2000-01-01,2007-09-28,on_ds_daily_axis
BW-NWRZ,NWRZ,2000-01-01,2012-09-28,on_ds_daily_axis
BW-NWSS,NWSS,2000-01-01,2001-08-16,on_ds_daily_axis
BW-NWST,NWST,2000-01-01,2000-03-13,on_ds_daily_axis
BW-KYG6693P1063,NWTN,2000-01-01,2025-08-27,on_ds_daily_axis
BW-C0001211351,NWY,2000-01-01,2018-11-19,on_ds_daily_axis
BW-NXCD,NXCD,2000-01-01,2002-02-07,on_ds_daily_axis
BW-US65342H1023,NXEO,2000-01-01,2019-02-28,on_ds_daily_axis
BW-NXL_OLD,NXL_OLD,2000-01-01,2007-04-20,on_ds_daily_axis
BW-US67063C1062,NXQ,2000-01-01,2021-12-07,on_ds_daily_axis
BW-US67063X1000,NXR,2000-01-01,2021-12-07,on_ds_daily_axis
BW-US67091J4040,NXTD,2000-01-01,2022-05-02,on_ds_daily_axis
BW-NXTL,NXTL,2000-01-01,2005-08-12,on_ds_daily_axis
BW-US67072V1035,NXTM,2000-01-01,2019-02-21,on_ds_daily_axis
BW-US67012W1045,NXU_OLD,2000-01-01,2022-02-14,on_ds_daily_axis
BW-NXXI,NXXI,2000-01-01,2010-07-26,on_ds_daily_axis
BW-NXY,NXY,2000-01-01,2013-02-25,on_ds_daily_axis
BW-NYER,NYER,2000-01-01,2010-05-18,on_ds_daily_axis
BW-NYFX,NYFX,2000-01-01,2009-11-30,on_ds_daily_axis
BW-C0001567683,NYLD,2000-01-01,2018-09-14,on_ds_daily_axis
BW-NYLD-A,NYLD-A,2000-01-01,2018-09-13,on_ds_daily_axis
BW-US6496048405,NYMT,2000-01-01,2025-09-02,on_ds_daily_axis
BW-BSP733981026,NYMX,2000-01-01,2023-09-07,on_ds_daily_axis
BW-NYM_OLD,NYM_OLD,2000-01-01,2017-03-13,on_ds_daily_axis
BW-C0001474464,NYRT,2000-01-01,2018-11-02,on_ds_daily_axis
BW-NYX,NYX,2000-01-01,2013-11-12,on_ds_daily_axis
BW-NZ,NZ,2000-01-01,2010-11-10,on_ds_daily_axis
BW-NZYM,NZYM,2000-01-01,2010-11-19,on_ds_daily_axis
BW-O-P,O-P,2000-01-01,2024-09-27,on_ds_daily_axis
BW-C0001419600,OA,2000-01-01,2018-06-06,on_ds_daily_axis
BW-OABC,OABC,2000-01-01,2014-12-17,on_ds_daily_axis
BW-KYG671451055,OAC,2000-01-01,2021-02-01,on_ds_daily_axis
BW-OAC-U,OAC-U,2000-01-01,2021-01-20,on_ds_daily_axis
BW-KYG6715X1034,OACB,2000-01-01,2022-06-16,on_ds_daily_axis
BW-OACB-U,OACB-U,2000-01-01,2021-12-17,on_ds_daily_axis
BW-USG677891263,OACQ,2000-01-01,2018-02-21,on_ds_daily_axis
BW-OACQR,OACQR,2000-01-01,2018-02-21,on_ds_daily_axis
BW-OACQU,OACQU,2000-01-01,2018-03-23,on_ds_daily_axis
BW-OACQW,OACQW,2000-01-01,2018-02-21,on_ds_daily_axis
BW-BBG001R78GX2,OAK,2000-01-01,2019-09-27,on_ds_daily_axis
BW-OAKF,OAKF,2000-01-01,2007-11-30,on_ds_daily_axis
BW-US33830W1062,OAKS,2000-01-01,2018-06-01,on_ds_daily_axis
BW-OAKT,OAKT,2000-01-01,2003-08-11,on_ds_daily_axis
BW-OAOT,OAOT,2000-01-01,2004-02-27,on_ds_daily_axis
BW-BBG00Y7BLHL9,OAS,2000-01-01,2022-07-01,on_ds_daily_axis
BW-OAT,OAT,2000-01-01,2001-08-02,on_ds_daily_axis
BW-OATS,OATS,2000-01-01,2007-08-31,on_ds_daily_axis
BW-OB,OB,2000-01-01,2025-06-16,on_ds_daily_axis
BW-OBAF,OBAF,2000-01-01,2014-09-19,on_ds_daily_axis
BW-IL0011355166,OBAS,2000-01-01,2022-04-01,on_ds_daily_axis
BW-US6746311066,OBCI,2000-01-01,2022-08-09,on_ds_daily_axis
BW-OBE_OLD,OBE_OLD,2000-01-01,2020-10-08,on_ds_daily_axis
BW-OBIE,OBIE,2000-01-01,2005-01-18,on_ds_daily_axis
BW-US67424L2097,OBLN,2000-01-01,2021-06-18,on_ds_daily_axis
BW-BBG000BFNLP4,OBNK,2000-01-01,2026-02-05,on_ds_daily_axis
BW-CH0346177709,OBSV,2000-01-01,2023-04-24,on_ds_daily_axis
BW-OBTLY,OBTLY,2000-01-01,2014-06-24,on_ds_daily_axis
BW-OB_OLD,OB_OLD,2000-01-01,2017-09-27,on_ds_daily_axis
BW-US68218L1089,OCA,2000-01-01,2022-05-31,on_ds_daily_axis
BW-OCAI,OCAI,2000-01-01,2007-01-12,on_ds_daily_axis
BW-OCAS,OCAS,2000-01-01,2007-08-24,on_ds_daily_axis
BW-OCAT,OCAT,2000-01-01,2016-02-09,on_ds_daily_axis
BW-OCCH,OCCH,2000-01-01,2013-07-12,on_ds_daily_axis
BW-GB00BMDNH979,OCDX,2000-01-01,2022-05-26,on_ds_daily_axis
BW-OCG_OLD,OCG_OLD,2000-01-01,2021-02-12,on_ds_daily_axis
BW-OCHTQ,OCHTQ,2000-01-01,2012-05-04,on_ds_daily_axis
BW-US67091N1081,OCIP,2000-01-01,2018-07-13,on_ds_daily_axis
BW-OCIR,OCIR,2000-01-01,2015-11-05,on_ds_daily_axis
BW-OCLI,OCLI,2000-01-01,2000-02-04,on_ds_daily_axis
BW-US67555N2062,OCLR,2000-01-01,2018-12-07,on_ds_daily_axis
BW-BBG000BPYHJ6,OCN,2000-01-01,2024-06-07,on_ds_daily_axis
BW-OCNF,OCNF,2000-01-01,2011-11-03,on_ds_daily_axis
BW-OCNW,OCNW,2000-01-01,2011-02-22,on_ds_daily_axis
BW-OCPI,OCPI,2000-01-01,2007-10-31,on_ds_daily_axis
BW-OCR,OCR,2000-01-01,2015-08-17,on_ds_daily_axis
BW-OCRX,OCRX,2000-01-01,2017-12-08,on_ds_daily_axis
BW-BBG000BT34Q3,OCUP,2000-01-01,2024-10-24,on_ds_daily_axis
BW-ODDJ,ODDJ,2000-01-01,2015-02-24,on_ds_daily_axis
BW-ODSY,ODSY,2000-01-01,2010-08-17,on_ds_daily_axis
BW-US6760791060,ODT,2000-01-01,2022-03-18,on_ds_daily_axis
BW-ODWA,ODWA,2000-01-01,2001-12-12,on_ds_daily_axis
BW-OEA,OEA,2000-01-01,2016-06-28,on_ds_daily_axis
BW-US68559A1097,OEG,2000-01-01,2022-09-30,on_ds_daily_axis
BW-OEI_OLD,OEI_OLD,2000-01-01,2003-04-25,on_ds_daily_axis
BW-US68237L1052,OEPW,2000-01-01,2023-01-13,on_ds_daily_axis
BW-OEPWW,OEPWW,2000-01-01,2022-12-08,on_ds_daily_axis
BW-OFCP,OFCP,2000-01-01,2000-12-08,on_ds_daily_axis
BW-OFI,OFI,2000-01-01,2013-08-09,on_ds_daily_axis
BW-OFSSG,OFSSG,2000-01-01,2021-10-29,on_ds_daily_axis
BW-OFSSI,OFSSI,2000-01-01,2021-11-22,on_ds_daily_axis
BW-OFSSZ,OFSSZ,2000-01-01,2021-03-11,on_ds_daily_axis
BW-OGGI,OGGI,2000-01-01,2000-09-29,on_ds_daily_axis
BW-OGLEQ,OGLEQ,2000-01-01,2005-01-31,on_ds_daily_axis
BW-OGNC,OGNC,2000-01-01,2002-01-14,on_ds_daily_axis
BW-OGXI,OGXI,2000-01-01,2017-08-02,on_ds_daily_axis
BW-US62912R1077,OHAI,2000-01-01,2019-12-18,on_ds_daily_axis
BW-OHC,OHC,2000-01-01,2003-02-06,on_ds_daily_axis
BW-BBG00GM6WD39,OHGI,2000-01-01,2020-07-10,on_ds_daily_axis
BW-OHP,OHP,2000-01-01,2017-03-13,on_ds_daily_axis
BW-US68626A1088,OHPA,2000-01-01,2022-12-09,on_ds_daily_axis
BW-C0001173281-OHRP,OHRP,2000-01-01,2019-10-08,on_ds_daily_axis
BW-OIB,OIB,2000-01-01,2012-08-24,on_ds_daily_axis
BW-OIBR-R,OIBR-R,2000-01-01,2020-10-08,on_ds_daily_axis
BW-OIBR-R-W,OIBR-R-W,2000-01-01,2020-10-08,on_ds_daily_axis
BW-OIC,OIC,2000-01-01,2012-08-24,on_ds_daily_axis
BW-OICO,OICO,2000-01-01,2010-11-12,on_ds_daily_axis
BW-OIG,OIG,2000-01-01,2023-10-30,on_ds_daily_axis
BW-US67107W1009,OIIM,2000-01-01,2023-03-10,on_ds_daily_axis
BW-OIL_OLD,OIL_OLD,2000-01-01,2001-08-13,on_ds_daily_axis
BW-OISI,OISI,2000-01-01,2011-08-09,on_ds_daily_axis
BW-OIVO,OIVO,2000-01-01,2008-04-11,on_ds_daily_axis
BW-OK,OK,2000-01-01,2001-04-02,on_ds_daily_axis
BW-OKS,OKS,2000-01-01,2017-06-30,on_ds_daily_axis
BW-OKSB,OKSB,2000-01-01,2017-10-19,on_ds_daily_axis
BW-US6798411061,OLBK,2000-01-01,2019-11-22,on_ds_daily_axis
BW-OLED1,OLED1,2000-01-01,2007-09-19,on_ds_daily_axis
BW-OLGR,OLGR,2000-01-01,2006-12-15,on_ds_daily_axis
BW-US68218C1080,OLIT,2000-01-01,2023-11-08,on_ds_daily_axis
BW-OLS,OLS,2000-01-01,2000-03-15,on_ds_daily_axis
BW-US67110K1016,OMAA,2000-01-01,2018-03-23,on_ds_daily_axis
BW-OMAD,OMAD,2000-01-01,2019-05-31,on_ds_daily_axis
BW-OMAD-U,OMAD-U,2000-01-01,2018-12-21,on_ds_daily_axis
BW-C0001611702,OMAM,2000-01-01,2018-04-04,on_ds_daily_axis
BW-OME,OME,2000-01-01,2017-12-19,on_ds_daily_axis
BW-OMEF,OMEF,2000-01-01,2008-03-31,on_ds_daily_axis
BW-KYG6749V1077,OMEG,2000-01-01,2023-02-01,on_ds_daily_axis
BW-OMG,OMG,2000-01-01,2015-10-27,on_ds_daily_axis
BW-C0001850838,OMGA,2000-01-01,2025-04-28,on_ds_daily_axis
BW-OMKT,OMKT,2000-01-01,2001-10-19,on_ds_daily_axis
BW-OMM,OMM,2000-01-01,2022-03-02,on_ds_daily_axis
BW-OMNI,OMNI,2000-01-01,2018-04-13,on_ds_daily_axis
BW-OMNY,OMNY,2000-01-01,2001-12-03,on_ds_daily_axis
BW-US67420T2069,OMP,2000-01-01,2022-02-10,on_ds_daily_axis
BW-OMPI,OMPI,2000-01-01,2013-04-25,on_ds_daily_axis
BW-OMPT,OMPT,2000-01-01,2000-02-25,on_ds_daily_axis
BW-OMRI,OMRI,2000-01-01,2008-12-30,on_ds_daily_axis
BW-OMTL,OMTL,2000-01-01,2017-01-09,on_ds_daily_axis
BW-OMTR,OMTR,2000-01-01,2009-10-23,on_ds_daily_axis
BW-OMX,OMX,2000-01-01,2013-11-05,on_ds_daily_axis
BW-ONAVQ,ONAVQ,2000-01-01,2013-05-23,on_ds_daily_axis
BW-BBG008X28HR6,ONCE,2000-01-01,2019-12-16,on_ds_daily_axis
BW-US68234L3069,ONCS,2000-01-01,2023-08-25,on_ds_daily_axis
BW-ONCYF,ONCYF,2000-01-01,2018-05-24,on_ds_daily_axis
BW-ONDI,ONDI,2000-01-01,2002-06-13,on_ds_daily_axis
BW-BBG001YNH9Z3,ONDK,2000-01-01,2020-10-14,on_ds_daily_axis
BW-BBG009HYYCD9,ONDS_OLD,2000-01-01,2022-09-27,on_ds_daily_axis
BW-US68276W4006,ONE,2000-01-01,2022-07-01,on_ds_daily_axis
BW-ONE2,ONE2,2000-01-01,2016-08-04,on_ds_daily_axis
BW-ONEI_OLD,ONEI_OLD,2000-01-01,2006-09-06,on_ds_daily_axis
BW-US68269G1076,ONEM,2000-01-01,2023-03-10,on_ds_daily_axis
BW-ONES,ONES,2000-01-01,2004-06-09,on_ds_daily_axis
BW-ONFC,ONFC,2000-01-01,2015-12-04,on_ds_daily_axis
BW-ONHN,ONHN,2000-01-01,2000-09-12,on_ds_daily_axis
BW-ONIS,ONIS,2000-01-01,2002-06-21,on_ds_daily_axis
BW-ONNN,ONNN,2000-01-01,2015-04-02,on_ds_daily_axis
BW-US68619F2056,ONP,2000-01-01,2018-07-31,on_ds_daily_axis
BW-C0000919130,ONSM,2000-01-01,2019-02-07,on_ds_daily_axis
BW-ONTC,ONTC,2000-01-01,2004-02-13,on_ds_daily_axis
BW-ONTR,ONTR,2000-01-01,2002-12-17,on_ds_daily_axis
BW-ONVI,ONVI,2000-01-01,2017-11-16,on_ds_daily_axis
BW-ONX,ONX,2000-01-01,2000-04-12,on_ds_daily_axis
BW-ONXS,ONXS,2000-01-01,2006-08-02,on_ds_daily_axis
BW-ONXX,ONXX,2000-01-01,2013-09-30,on_ds_daily_axis
BW-OO,OO,2000-01-01,2007-11-14,on_ds_daily_axis
BW-OOC,OOC,2000-01-01,2001-03-19,on_ds_daily_axis
BW-MHY6430L1039,OP,2000-01-01,2025-11-19,on_ds_daily_axis
BW-OPA-U,OPA-U,2000-01-01,2021-12-17,on_ds_daily_axis
BW-OPAY,OPAY,2000-01-01,2013-11-04,on_ds_daily_axis
BW-OPC,OPC,2000-01-01,2001-11-20,on_ds_daily_axis
BW-OPEN1,OPEN1,2000-01-01,2007-01-23,on_ds_daily_axis
BW-C0001125914,OPEN_OLD,2000-01-01,2014-07-23,on_ds_daily_axis
BW-BBG00VY22HN4,OPES,2000-01-01,2021-02-17,on_ds_daily_axis
BW-OPESU,OPESU,2000-01-01,2020-12-24,on_ds_daily_axis
BW-OPESW,OPESW,2000-01-01,2020-12-17,on_ds_daily_axis
BW-OPHD,OPHD,2000-01-01,2000-11-06,on_ds_daily_axis
BW-OPHM,OPHM,2000-01-01,2003-02-10,on_ds_daily_axis
BW-C0001410939,OPHT,2000-01-01,2020-07-10,on_ds_daily_axis
BW-C0001456772,OPI,2000-01-01,2025-10-07,on_ds_daily_axis
BW-OPINL,OPINL,2000-01-01,2025-12-08,on_ds_daily_axis
BW-OPLK,OPLK,2000-01-01,2014-12-22,on_ds_daily_axis
BW-OPMR,OPMR,2000-01-01,2010-07-09,on_ds_daily_axis
BW-BBG00HS39V70,OPNT,2000-01-01,2023-03-02,on_ds_daily_axis
BW-OPNT1,OPNT1,2000-01-01,2012-12-18,on_ds_daily_axis
BW-OPSC,OPSC,2000-01-01,2000-02-15,on_ds_daily_axis
BW-OPSI,OPSI,2000-01-01,2000-05-11,on_ds_daily_axis
BW-OPSW,OPSW,2000-01-01,2007-09-20,on_ds_daily_axis
BW-BBG001QSYT51,OPT,2000-01-01,2025-03-17,on_ds_daily_axis
BW-OPTC,OPTC,2000-01-01,2011-01-27,on_ds_daily_axis
BW-OPTK,OPTK,2000-01-01,2004-05-28,on_ds_daily_axis
BW-OPTM,OPTM,2000-01-01,2008-08-29,on_ds_daily_axis
BW-OPTN1,OPTN1,2000-01-01,2007-08-20,on_ds_daily_axis
BW-OPTO,OPTO,2000-01-01,2003-01-08,on_ds_daily_axis
BW-OPTR,OPTR,2000-01-01,2013-10-23,on_ds_daily_axis
BW-OPTS,OPTS,2000-01-01,2002-12-17,on_ds_daily_axis
BW-OPTV,OPTV,2000-01-01,2010-03-26,on_ds_daily_axis
BW-OPTX_OLD,OPTX_OLD,2000-01-01,2000-05-12,on_ds_daily_axis
BW-OPTZ_OLD,OPTZ_OLD,2000-01-01,2012-12-12,on_ds_daily_axis
BW-OPWR,OPWR,2000-01-01,2016-06-13,on_ds_daily_axis
BW-OPXA,OPXA,2000-01-01,2017-09-20,on_ds_daily_axis
BW-OPXAW,OPXAW,2000-01-01,2017-09-20,on_ds_daily_axis
BW-OPXT,OPXT,2000-01-01,2012-07-24,on_ds_daily_axis
BW-ORAL,ORAL,2000-01-01,2001-11-09,on_ds_daily_axis
BW-BBG000J6WJM4,ORAN,2000-01-01,2024-12-19,on_ds_daily_axis
BW-ORB,ORB,2000-01-01,2015-02-09,on_ds_daily_axis
BW-BBG000H85D09,ORBC,2000-01-01,2021-09-01,on_ds_daily_axis
BW-ORBZ,ORBZ,2000-01-01,2004-11-12,on_ds_daily_axis
BW-BBG00DB0XYC4,ORCC,2000-01-01,2023-07-05,on_ds_daily_axis
BW-ORCD,ORCD,2000-01-01,2010-07-29,on_ds_daily_axis
BW-ORCG,ORCG,2000-01-01,2003-02-21,on_ds_daily_axis
BW-ORCH,ORCH,2000-01-01,2022-03-02,on_ds_daily_axis
BW-ORCI,ORCI,2000-01-01,2006-12-04,on_ds_daily_axis
BW-ORCT,ORCT,2000-01-01,2015-07-28,on_ds_daily_axis
BW-C0001382911,OREX,2000-01-01,2018-04-03,on_ds_daily_axis
BW-ORH,ORH,2000-01-01,2009-10-28,on_ds_daily_axis
BW-KYG669641188,ORIG,2000-01-01,2018-12-17,on_ds_daily_axis
BW-BBG000KY39T8,ORIT,2000-01-01,2019-11-29,on_ds_daily_axis
BW-US6908281081,ORM,2000-01-01,2019-03-28,on_ds_daily_axis
BW-OROA,OROA,2000-01-01,2001-06-21,on_ds_daily_axis
BW-C0000929548,ORPH,2000-01-01,2022-04-27,on_ds_daily_axis
BW-USM201561018,ORPN,2000-01-01,2020-07-10,on_ds_daily_axis
BW-US68632T1097,ORSN,2000-01-01,2021-01-27,on_ds_daily_axis
BW-ORSNR,ORSNR,2000-01-01,2020-11-17,on_ds_daily_axis
BW-ORSNW,ORSNW,2000-01-01,2020-11-17,on_ds_daily_axis
BW-ORTL,ORTL,2000-01-01,2000-04-27,on_ds_daily_axis
BW-OSAAW,OSAAW,2000-01-01,2024-04-29,on_ds_daily_axis
BW-US68557F2092,OSAT,2000-01-01,2022-03-24,on_ds_daily_axis
BW-OSATW,OSATW,2000-01-01,2022-01-20,on_ds_daily_axis
BW-BBG00JRTR238,OSB,2000-01-01,2021-05-04,on_ds_daily_axis
BW-OSCA,OSCA,2000-01-01,2002-05-30,on_ds_daily_axis
BW-OSE,OSE,2000-01-01,2001-01-11,on_ds_daily_axis
BW-OSGB,OSGB,2000-01-01,2016-05-27,on_ds_daily_axis
BW-OSHC,OSHC,2000-01-01,2016-11-30,on_ds_daily_axis
BW-OSI-UN,OSI-UN,2000-01-01,2024-05-17,on_ds_daily_axis
BW-OSII,OSII,2000-01-01,2001-01-04,on_ds_daily_axis
BW-OSIP,OSIP,2000-01-01,2010-06-08,on_ds_daily_axis
BW-US68827R1086,OSIR,2000-01-01,2019-04-16,on_ds_daily_axis
BW-OSIX,OSIX,2000-01-01,2000-08-09,on_ds_daily_axis
BW-OSKY,OSKY,2000-01-01,2008-03-13,on_ds_daily_axis
BW-OSLE,OSLE,2000-01-01,2020-01-31,on_ds_daily_axis
BW-IE00BF2HDL56,OSMT,2000-01-01,2022-03-22,on_ds_daily_axis
BW-OSP,OSP,2000-01-01,2015-05-29,on_ds_daily_axis
BW-OSPR,OSPR,2000-01-01,2018-08-23,on_ds_daily_axis
BW-C0002113481,OSPRU,2000-01-01,2018-08-23,on_ds_daily_axis
BW-OSPRW,OSPRW,2000-01-01,2018-08-23,on_ds_daily_axis
BW-OSTE,OSTE,2000-01-01,2010-11-16,on_ds_daily_axis
BW-BBG000BBQDH7,OSTK,2000-01-01,2024-03-20,on_ds_daily_axis
BW-US69242M1045,OSTR,2000-01-01,2023-01-27,on_ds_daily_axis
BW-OSTX_OLD,OSTX_OLD,2000-01-01,2003-06-30,on_ds_daily_axis
BW-OS_OLD,OS_OLD,2000-01-01,2018-01-30,on_ds_daily_axis
BW-BBG004MB1SD5,OTEL,2000-01-01,2021-12-16,on_ds_daily_axis
BW-OTFC,OTFC,2000-01-01,2003-10-30,on_ds_daily_axis
BW-OTGS,OTGS,2000-01-01,2002-05-14,on_ds_daily_axis
BW-OTIS-W,OTIS-W,2000-01-01,2021-12-17,on_ds_daily_axis
BW-USM8791A1099,OTIV,2000-01-01,2020-07-10,on_ds_daily_axis
BW-OTIX,OTIX,2000-01-01,2010-11-30,on_ds_daily_axis
BW-OTLKW,OTLKW,2000-01-01,2022-02-16,on_ds_daily_axis
BW-OTOD,OTOD,2000-01-01,2009-07-29,on_ds_daily_axis
BW-US67113Q2049,OTRAU,2000-01-01,2022-05-26,on_ds_daily_axis
BW-OTRAW,OTRAW,2000-01-01,2022-05-19,on_ds_daily_axis
BW-OTROQ,OTROQ,2000-01-01,2008-11-04,on_ds_daily_axis
BW-OTT,OTT,2000-01-01,2020-10-08,on_ds_daily_axis
BW-OTVLQ,OTVLQ,2000-01-01,2008-09-16,on_ds_daily_axis
BW-OTWO,OTWO,2000-01-01,2002-09-13,on_ds_daily_axis
BW-OUTD,OUTD,2000-01-01,2013-05-16,on_ds_daily_axis
BW-OUTL,OUTL,2000-01-01,2006-07-26,on_ds_daily_axis
BW-OV,OV,2000-01-01,2019-06-07,on_ds_daily_axis
BW-C0001544227,OVAS,2000-01-01,2018-12-07,on_ds_daily_axis
BW-OVEN,OVEN,2000-01-01,2009-01-05,on_ds_daily_axis
BW-OVER,OVER,2000-01-01,2003-10-07,on_ds_daily_axis
BW-OVNT,OVNT,2000-01-01,2005-08-05,on_ds_daily_axis
BW-OVRL,OVRL,2000-01-01,2014-12-01,on_ds_daily_axis
BW-OVTI,OVTI,2000-01-01,2016-01-27,on_ds_daily_axis
BW-OWOS,OWOS,2000-01-01,2003-07-08,on_ds_daily_axis
BW-OWW,OWW,2000-01-01,2015-09-16,on_ds_daily_axis
BW-OWWI,OWWI,2000-01-01,2002-09-20,on_ds_daily_axis
BW-KYG6855L1095,OXAC,2000-01-01,2023-08-10,on_ds_daily_axis
BW-GB00BGFBB958,OXFD,2000-01-01,2021-03-10,on_ds_daily_axis
BW-OXPS,OXPS,2000-01-01,2011-09-01,on_ds_daily_axis
BW-KYG6859L1059,OXUS,2000-01-01,2024-02-07,on_ds_daily_axis
BW-C0001403256,OZM,2000-01-01,2019-09-11,on_ds_daily_axis
BW-OZN,OZN,2000-01-01,2009-02-24,on_ds_daily_axis
BW-C0001038205,OZRK,2000-01-01,2018-07-13,on_ds_daily_axis
BW-PAACR,PAACR,2000-01-01,2020-06-16,on_ds_daily_axis
BW-PABK,PABK,2000-01-01,2011-06-07,on_ds_daily_axis
BW-KYG8990Y1035,PACE,2000-01-01,2022-02-18,on_ds_daily_axis
BW-PACE_OLD,PACE_OLD,2000-01-01,2017-03-10,on_ds_daily_axis
BW-US74349W1045,PACI,2000-01-01,2023-12-01,on_ds_daily_axis
BW-PACI_OLD,PACI_OLD,2000-01-01,2017-07-27,on_ds_daily_axis
BW-PACQ,PACQ,2000-01-01,2020-08-21,on_ds_daily_axis
BW-PACQU,PACQU,2000-01-01,2020-08-21,on_ds_daily_axis
BW-PACR,PACR,2000-01-01,2014-03-31,on_ds_daily_axis
BW-PACT,PACT,2000-01-01,2014-03-27,on_ds_daily_axis
BW-PACW1,PACW1,2000-01-01,2007-09-05,on_ds_daily_axis
BW-PACWP,PACWP,2000-01-01,2023-11-30,on_ds_daily_axis
BW-KYG7S24C1034,PACX,2000-01-01,2023-02-02,on_ds_daily_axis
BW-US69290Y1091,PAE,2000-01-01,2022-02-15,on_ds_daily_axis
BW-PAET,PAET,2000-01-01,2011-11-30,on_ds_daily_axis
BW-PAEWW,PAEWW,2000-01-01,2022-02-14,on_ds_daily_axis
BW-US69512X1037,PAFO,2000-01-01,2023-01-13,on_ds_daily_axis
BW-PAFOR,PAFOR,2000-01-01,2023-01-13,on_ds_daily_axis
BW-PAGE,PAGE,2000-01-01,2016-10-26,on_ds_daily_axis
BW-C0000887023,PAH,2000-01-01,2019-01-31,on_ds_daily_axis
BW-US7164211028,PAIC,2000-01-01,2022-01-14,on_ds_daily_axis
BW-PAICW,PAICW,2000-01-01,2022-01-10,on_ds_daily_axis
BW-PALM,PALM,2000-01-01,2010-07-01,on_ds_daily_axis
BW-PAMX,PAMX,2000-01-01,2001-07-31,on_ds_daily_axis
BW-KYG6882C1069,PANA,2000-01-01,2023-04-26,on_ds_daily_axis
BW-KYG7282L1005,PAQC,2000-01-01,2022-10-31,on_ds_daily_axis
BW-PAQCW,PAQCW,2000-01-01,2022-10-28,on_ds_daily_axis
BW-PARL,PARL,2000-01-01,2012-04-18,on_ds_daily_axis
BW-USQ736221048,PARN,2000-01-01,2020-01-02,on_ds_daily_axis
BW-C0001408501,PAR_OLD,2000-01-01,2010-09-24,on_ds_daily_axis
BW-PAS,PAS,2000-01-01,2018-01-30,on_ds_daily_axis
BW-PATH_OLD,PATH_OLD,2000-01-01,2014-02-21,on_ds_daily_axis
BW-PAUH,PAUH,2000-01-01,2000-10-16,on_ds_daily_axis
BW-PAYAW,PAYAW,2000-01-01,2021-09-30,on_ds_daily_axis
BW-PBAL1,PBAL1,2000-01-01,2011-12-09,on_ds_daily_axis
BW-US70454T1007,PBBI,2000-01-01,2020-05-01,on_ds_daily_axis
BW-PBCI,PBCI,2000-01-01,2010-07-06,on_ds_daily_axis
BW-PBCP,PBCP,2000-01-01,2016-12-30,on_ds_daily_axis
BW-BBG008B8NDF2,PBCT,2000-01-01,2022-04-04,on_ds_daily_axis
BW-BBG00JS035D8,PBFX,2000-01-01,2022-11-30,on_ds_daily_axis
BW-PBG,PBG,2000-01-01,2020-01-24,on_ds_daily_axis
BW-US7362332063,PBIB,2000-01-01,2018-06-18,on_ds_daily_axis
BW-PBKB,PBKB,2000-01-01,2002-02-28,on_ds_daily_axis
BW-PBKS,PBKS,2000-01-01,2009-05-22,on_ds_daily_axis
BW-PBMD,PBMD,2000-01-01,2017-11-30,on_ds_daily_axis
BW-PBM_OLD,PBM_OLD,2000-01-01,2016-04-28,on_ds_daily_axis
BW-PBNI,PBNI,2000-01-01,2015-07-02,on_ds_daily_axis
BW-PBSC,PBSC,2000-01-01,2001-11-12,on_ds_daily_axis
BW-PBSF,PBSF,2000-01-01,2000-02-29,on_ds_daily_axis
BW-PBSI,PBSI,2000-01-01,2000-11-15,on_ds_daily_axis
BW-US7302061095,PBSK,2000-01-01,2018-12-07,on_ds_daily_axis
BW-PBSOQ,PBSOQ,2000-01-01,2015-11-23,on_ds_daily_axis
BW-PBTC,PBTC,2000-01-01,2007-10-15,on_ds_daily_axis
BW-PBTH,PBTH,2000-01-01,2013-08-28,on_ds_daily_axis
BW-PBTX,PBTX,2000-01-01,2000-01-28,on_ds_daily_axis
BW-PBY1,PBY1,2000-01-01,2016-02-03,on_ds_daily_axis
BW-PBYP,PBYP,2000-01-01,2001-05-01,on_ds_daily_axis
BW-PB_OLD,PB_OLD,2000-01-01,2003-05-06,on_ds_daily_axis
BW-PCAF,PCAF,2000-01-01,2003-10-21,on_ds_daily_axis
BW-PCAP_OLD,PCAP_OLD,2000-01-01,2009-12-02,on_ds_daily_axis
BW-US69404P1012,PCBC,2000-01-01,2012-11-30,on_ds_daily_axis
BW-PCBI,PCBI,2000-01-01,2010-03-01,on_ds_daily_axis
BW-PCBK,PCBK,2000-01-01,2017-10-31,on_ds_daily_axis
BW-PCBS,PCBS,2000-01-01,2014-05-01,on_ds_daily_axis
BW-PCCG,PCCG,2000-01-01,2000-11-20,on_ds_daily_axis
BW-PCCI,PCCI,2000-01-01,2004-03-05,on_ds_daily_axis
BW-KYG7007D1025,PCCT,2000-01-01,2024-03-20,on_ds_daily_axis
BW-PCD,PCD,2000-01-01,2018-07-19,on_ds_daily_axis
BW-PCLE,PCLE,2000-01-01,2005-08-09,on_ds_daily_axis
BW-US7292511083,PCL_OLD,2000-01-01,2016-02-19,on_ds_daily_axis
BW-PCNTF,PCNTF,2000-01-01,2008-09-29,on_ds_daily_axis
BW-PCO,PCO,2000-01-01,2017-12-15,on_ds_daily_axis
BW-PCOL,PCOL,2000-01-01,2000-08-11,on_ds_daily_axis
BW-CA73085G1090,PCOM,2000-01-01,2022-07-01,on_ds_daily_axis
BW-PCOP,PCOP,2000-01-01,2008-12-23,on_ds_daily_axis
BW-C0001279363,PCP,2000-01-01,2016-01-29,on_ds_daily_axis
BW-US7138951006,PCPC,2000-01-01,2023-01-13,on_ds_daily_axis
BW-PCPC-U,PCPC-U,2000-01-01,2021-12-17,on_ds_daily_axis
BW-KYG1992Y1145,PCPL,2000-01-01,2021-04-08,on_ds_daily_axis
BW-PCPL-U,PCPL-U,2000-01-01,2021-02-04,on_ds_daily_axis
BW-PCPL-UN,PCPL-UN,2000-01-01,2021-02-05,on_ds_daily_axis
BW-PCRV,PCRV,2000-01-01,2001-08-15,on_ds_daily_axis
BW-PCSS,PCSS,2000-01-01,2000-08-29,on_ds_daily_axis
BW-C0001283699,PCS_OLD1,2000-01-01,2013-04-30,on_ds_daily_axis
BW-US70184A1088,PCX,2000-01-01,2022-12-23,on_ds_daily_axis
BW-PCYC,PCYC,2000-01-01,2015-05-22,on_ds_daily_axis
BW-PCYG,PCYG,2000-01-01,2023-12-29,on_ds_daily_axis
BW-PCZ,PCZ,2000-01-01,2018-04-27,on_ds_daily_axis
BW-PDAC-U,PDAC-U,2000-01-01,2021-08-10,on_ds_daily_axis
BW-PDB,PDB,2000-01-01,2018-01-31,on_ds_daily_axis
BW-PDD_OLD,PDD_OLD,2000-01-01,2018-07-25,on_ds_daily_axis
BW-PDE,PDE,2000-01-01,2011-05-31,on_ds_daily_axis
BW-PDG,PDG,2000-01-01,2016-07-26,on_ds_daily_axis
BW-PDGI,PDGI,2000-01-01,2009-03-30,on_ds_daily_axis
BW-PDH,PDH,2000-01-01,2014-07-15,on_ds_daily_axis
BW-PDII,PDII,2000-01-01,2015-12-22,on_ds_daily_axis
BW-PDKL,PDKL,2000-01-01,2000-11-08,on_ds_daily_axis
BW-PDLB1,PDLB1,2000-01-01,2012-01-04,on_ds_daily_axis
BW-BBG00C0L8FD0,PDLI,2000-01-01,2021-01-06,on_ds_daily_axis
BW-KYG7008B1059,PDOT,2000-01-01,2023-03-10,on_ds_daily_axis
BW-PDOT-U,PDOT-U,2000-01-01,2021-12-17,on_ds_daily_axis
BW-PDR,PDR,2000-01-01,2001-01-18,on_ds_daily_axis
BW-PDRT,PDRT,2000-01-01,2011-03-18,on_ds_daily_axis
BW-PDSG,PDSG,2000-01-01,2004-10-22,on_ds_daily_axis
BW-PDSN,PDSN,2000-01-01,2007-01-09,on_ds_daily_axis
BW-US6941713074,PDVW,2000-01-01,2022-06-03,on_ds_daily_axis
BW-PDX_OLD,PDX_OLD,2000-01-01,2008-12-31,on_ds_daily_axis
BW-PDYN_OLD,PDYN_OLD,2000-01-01,2005-09-01,on_ds_daily_axis
BW-BBG00D0MYDD2,PE,2000-01-01,2021-01-12,on_ds_daily_axis
BW-PEAK,PEAK,2000-01-01,2019-09-16,on_ds_daily_axis
BW-US7047231052,PEAR,2000-01-01,2023-06-20,on_ds_daily_axis
BW-PEARW,PEARW,2000-01-01,2023-04-18,on_ds_daily_axis
BW-BBG00TGMFYF3,PECK,2000-01-01,2021-03-24,on_ds_daily_axis
BW-PECO_OLD,PECO_OLD,2000-01-01,2021-02-24,on_ds_daily_axis
BW-PECS,PECS,2000-01-01,2005-06-07,on_ds_daily_axis
BW-PED1,PED1,2000-01-01,2011-04-14,on_ds_daily_axis
BW-PEDE,PEDE,2000-01-01,2008-04-01,on_ds_daily_axis
BW-PEEK,PEEK,2000-01-01,2000-07-18,on_ds_daily_axis
BW-PEET,PEET,2000-01-01,2012-10-26,on_ds_daily_axis
BW-BBG00D8FLJK2,PEGI,2000-01-01,2020-03-13,on_ds_daily_axis
BW-PEGS,PEGS,2000-01-01,2006-05-04,on_ds_daily_axis
BW-BBG0099QJPW2,PEIX,2000-01-01,2021-04-01,on_ds_daily_axis
BW-C0000318107,PENG_OLD,2000-01-01,2024-10-15,on_ds_daily_axis
BW-PENX,PENX,2000-01-01,2015-03-10,on_ds_daily_axis
BW-PEOP,PEOP,2000-01-01,2015-02-20,on_ds_daily_axis
BW-US80007A1025,PER,2000-01-01,2021-04-20,on_ds_daily_axis
BW-US7137271059,PERF_OLD,2000-01-01,2017-09-27,on_ds_daily_axis
BW-US2888531041,PERY,2000-01-01,2018-10-19,on_ds_daily_axis
BW-C0000894253,PER_OLD,2000-01-01,2009-11-03,on_ds_daily_axis
BW-C0001135971,PES,2000-01-01,2019-08-16,on_ds_daily_axis
BW-PETC,PETC,2000-01-01,2006-10-26,on_ds_daily_axis
BW-PETM,PETM,2000-01-01,2015-03-11,on_ds_daily_axis
BW-BBG0067SGFQ8,PETX,2000-01-01,2019-07-17,on_ds_daily_axis
BW-US71910P2039,PEV,2000-01-01,2026-03-02,on_ds_daily_axis
BW-PEX1,PEX1,2000-01-01,2009-06-02,on_ds_daily_axis
BW-C0001060009-PF,PF,2000-01-01,2018-10-25,on_ds_daily_axis
BW-PFA,PFA,2000-01-01,2017-07-19,on_ds_daily_axis
BW-PFCB,PFCB,2000-01-01,2012-07-02,on_ds_daily_axis
BW-PFCO,PFCO,2000-01-01,2011-03-29,on_ds_daily_axis
BW-KYG041191068,PFDR,2000-01-01,2023-02-27,on_ds_daily_axis
BW-PFED,PFED,2000-01-01,2016-05-04,on_ds_daily_axis
BW-PFFBQ,PFFBQ,2000-01-01,2008-12-09,on_ds_daily_axis
BW-PFFC,PFFC,2000-01-01,2002-04-02,on_ds_daily_axis
BW-PFGC1,PFGC1,2000-01-01,2008-05-23,on_ds_daily_axis
BW-PFGI,PFGI,2000-01-01,2004-06-30,on_ds_daily_axis
BW-US7431391074,PFHD,2000-01-01,2023-02-14,on_ds_daily_axis
BW-PFI1,PFI1,2000-01-01,2006-04-21,on_ds_daily_axis
BW-BBG00JRFFLR3,PFMT,2000-01-01,2024-12-18,on_ds_daily_axis
BW-PFNC,PFNC,2000-01-01,2004-01-30,on_ds_daily_axis
BW-BBG00JWV6F86,PFNX,2000-01-01,2020-10-01,on_ds_daily_axis
BW-BBG000RQ2GY7,PFPT,2000-01-01,2021-08-31,on_ds_daily_axis
BW-PFRMF,PFRMF,2000-01-01,2013-12-02,on_ds_daily_axis
BW-PFSL,PFSL,2000-01-01,2007-02-01,on_ds_daily_axis
BW-PFWD,PFWD,2000-01-01,2010-08-11,on_ds_daily_axis
BW-PFXNL,PFXNL,2000-01-01,2023-02-01,on_ds_daily_axis
BW-PGDA,PGDA,2000-01-01,2000-09-28,on_ds_daily_axis
BW-PGE,PGE,2000-01-01,2018-08-07,on_ds_daily_axis
BW-C0001284807,PGEM,2000-01-01,2018-04-11,on_ds_daily_axis
BW-PGEO,PGEO,2000-01-01,2002-08-12,on_ds_daily_axis
BW-PGEX,PGEX,2000-01-01,2000-12-29,on_ds_daily_axis
BW-C0001088166,PGH,2000-01-01,2018-06-01,on_ds_daily_axis
BW-KYG7241B1106,PGHL,2000-01-01,2025-07-17,on_ds_daily_axis
BW-PGI,PGI,2000-01-01,2015-12-08,on_ds_daily_axis
BW-PGICQ,PGICQ,2000-01-01,2016-03-28,on_ds_daily_axis
BW-PGL,PGL,2000-01-01,2017-09-25,on_ds_daily_axis
BW-US7153022048,PGLC,2000-01-01,2019-04-03,on_ds_daily_axis
BW-PGND,PGND,2000-01-01,2016-10-20,on_ds_daily_axis
BW-PGNS,PGNS,2000-01-01,2000-09-21,on_ds_daily_axis
BW-BBG005V52QW7,PGNX,2000-01-01,2020-06-22,on_ds_daily_axis
BW-C0001094093,PGN_OLD,2000-01-01,2012-07-02,on_ds_daily_axis
BW-PGS,PGS,2000-01-01,2018-01-31,on_ds_daily_axis
BW-PGSS-UN,PGSS-UN,2000-01-01,2024-04-30,on_ds_daily_axis
BW-PGSW,PGSW,2000-01-01,2007-12-17,on_ds_daily_axis
BW-PHA,PHA,2000-01-01,2003-04-15,on_ds_daily_axis
BW-BBG00NWT2WL4,PHAS,2000-01-01,2023-01-04,on_ds_daily_axis
BW-KYG7306H1011,PHCF,2000-01-01,2023-05-30,on_ds_daily_axis
BW-PHFC,PHFC,2000-01-01,2003-12-05,on_ds_daily_axis
BW-C0000077776,PHH,2000-01-01,2025-10-27,on_ds_daily_axis
BW-PHH_OLD,PHH_OLD,2000-01-01,2018-10-04,on_ds_daily_axis
BW-KYG717161072,PHIC,2000-01-01,2022-12-08,on_ds_daily_axis
BW-PHLY,PHLY,2000-01-01,2008-12-01,on_ds_daily_axis
BW-PHMD,PHMD,2000-01-01,2017-10-31,on_ds_daily_axis
BW-PHRM,PHRM,2000-01-01,2008-03-07,on_ds_daily_axis
BW-PHS,PHS,2000-01-01,2005-12-21,on_ds_daily_axis
BW-PHSB,PHSB,2000-01-01,2005-02-11,on_ds_daily_axis
BW-PHST,PHST,2000-01-01,2008-10-31,on_ds_daily_axis
BW-PHTN,PHTN,2000-01-01,2008-10-02,on_ds_daily_axis
BW-PHY,PHY,2000-01-01,2008-07-18,on_ds_daily_axis
BW-PHYX,PHYX,2000-01-01,2005-07-29,on_ds_daily_axis
BW-PIA,PIA,2000-01-01,2012-10-12,on_ds_daily_axis
BW-PIAI-U,PIAI-U,2000-01-01,2021-12-17,on_ds_daily_axis
BW-PIC-UN,PIC-UN,2000-01-01,2020-12-21,on_ds_daily_axis
BW-PICC-UN,PICC-UN,2000-01-01,2023-04-13,on_ds_daily_axis
BW-PICM,PICM,2000-01-01,2001-06-27,on_ds_daily_axis
BW-US72582K1007,PIC_OLD,2000-01-01,2020-12-22,on_ds_daily_axis
BW-US68244P1075,PIH,2000-01-01,2021-02-17,on_ds_daily_axis
BW-PIII_OLD,PIII_OLD,2000-01-01,2010-04-15,on_ds_daily_axis
BW-US49382L1089,PIK,2000-01-01,2025-03-03,on_ds_daily_axis
BW-PIKE,PIKE,2000-01-01,2014-12-22,on_ds_daily_axis
BW-PILL1,PILL1,2000-01-01,2008-10-27,on_ds_daily_axis
BW-PILT,PILT,2000-01-01,2001-04-26,on_ds_daily_axis
BW-PINN,PINN,2000-01-01,2011-01-26,on_ds_daily_axis
BW-PIO1,PIO1,2000-01-01,2006-01-20,on_ds_daily_axis
BW-PIONA,PIONA,2000-01-01,2001-01-11,on_ds_daily_axis
BW-US7226151014,PIPP,2000-01-01,2022-10-28,on_ds_daily_axis
BW-PIPP-U,PIPP-U,2000-01-01,2021-12-31,on_ds_daily_axis
BW-C0000278130,PIR,2000-01-01,2020-02-14,on_ds_daily_axis
BW-BBG00JHG9DD2,PIRS,2000-01-01,2024-12-13,on_ds_daily_axis
BW-PIXR,PIXR,2000-01-01,2006-05-05,on_ds_daily_axis
BW-PJAM,PJAM,2000-01-01,2001-08-31,on_ds_daily_axis
BW-PJS,PJS,2000-01-01,2016-09-01,on_ds_daily_axis
BW-BBG000FP1JN9,PKI,2000-01-01,2023-05-16,on_ds_daily_axis
BW-PKSI,PKSI,2000-01-01,2004-11-01,on_ds_daily_axis
BW-PKT,PKT,2000-01-01,2015-06-04,on_ds_daily_axis
BW-PKTR,PKTR,2000-01-01,2008-06-06,on_ds_daily_axis
BW-PKY,PKY,2000-01-01,2017-10-11,on_ds_daily_axis
BW-PKY1,PKY1,2000-01-01,2016-10-05,on_ds_daily_axis
BW-PKZ,PKZ,2000-01-01,2005-10-26,on_ds_daily_axis
BW-PLAN_OLD,PLAN_OLD,2000-01-01,2001-06-07,on_ds_daily_axis
BW-KYG694541098,PLAO,2000-01-01,2025-07-28,on_ds_daily_axis
BW-PLAY_OLD,PLAY_OLD,2000-01-01,2007-01-05,on_ds_daily_axis
BW-PLCM,PLCM,2000-01-01,2016-09-26,on_ds_daily_axis
BW-PLD1,PLD1,2000-01-01,2011-06-02,on_ds_daily_axis
BW-PLFC,PLFC,2000-01-01,2000-05-12,on_ds_daily_axis
BW-PLFE,PLFE,2000-01-01,2012-12-28,on_ds_daily_axis
BW-KYG216211006,PLIN,2000-01-01,2022-04-18,on_ds_daily_axis
BW-PLKI,PLKI,2000-01-01,2017-03-27,on_ds_daily_axis
BW-PLLL,PLLL,2000-01-01,2018-12-20,on_ds_daily_axis
BW-PLLL1,PLLL1,2000-01-01,2009-11-25,on_ds_daily_axis
BW-C0000075829,PLL_OLD,2000-01-01,2015-08-28,on_ds_daily_axis
BW-PLMD,PLMD,2000-01-01,2007-10-31,on_ds_daily_axis
BW-KYG7134L1260,PLMI,2000-01-01,2024-09-19,on_ds_daily_axis
BW-US72906A1040,PLMJ,2000-01-01,2025-03-31,on_ds_daily_axis
BW-PLMJU,PLMJU,2000-01-01,2025-03-31,on_ds_daily_axis
BW-PLMT,PLMT,2000-01-01,2015-08-31,on_ds_daily_axis
BW-PLN,PLN,2000-01-01,2013-02-12,on_ds_daily_axis
BW-PLNR,PLNR,2000-01-01,2015-11-27,on_ds_daily_axis
BW-PLPM,PLPM,2000-01-01,2017-12-19,on_ds_daily_axis
BW-PLRE,PLRE,2000-01-01,2004-12-21,on_ds_daily_axis
BW-PLS,PLS,2000-01-01,2000-05-16,on_ds_daily_axis
BW-PLSB1,PLSB1,2000-01-01,2007-06-01,on_ds_daily_axis
BW-PLSIA,PLSIA,2000-01-01,2000-03-10,on_ds_daily_axis
BW-PLSK,PLSK,2000-01-01,2002-10-17,on_ds_daily_axis
BW-PLTE,PLTE,2000-01-01,2008-01-24,on_ds_daily_axis
BW-PLUM,PLUM,2000-01-01,2005-10-20,on_ds_daily_axis
BW-PLXT,PLXT,2000-01-01,2014-08-11,on_ds_daily_axis
BW-PLZL,PLZL,2000-01-01,2021-12-10,on_ds_daily_axis
BW-C0000355429,PL_OLD,2000-01-01,2015-01-30,on_ds_daily_axis
BW-PMACA,PMACA,2000-01-01,2010-10-01,on_ds_daily_axis
BW-PMB,PMB,2000-01-01,2000-01-13,on_ds_daily_axis
BW-PMC,PMC,2000-01-01,2017-12-07,on_ds_daily_axis
BW-PMCS,PMCS,2000-01-01,2016-01-14,on_ds_daily_axis
BW-PMFG,PMFG,2000-01-01,2015-09-03,on_ds_daily_axis
BW-PMG,PMG,2000-01-01,2018-01-24,on_ds_daily_axis
BW-PMIC,PMIC,2000-01-01,2011-11-30,on_ds_daily_axis
BW-PMID,PMID,2000-01-01,2009-04-24,on_ds_daily_axis
BW-PMII,PMII,2000-01-01,2009-10-15,on_ds_daily_axis
BW-PMIL,PMIL,2000-01-01,2001-10-11,on_ds_daily_axis
BW-PMIX,PMIX,2000-01-01,2002-01-15,on_ds_daily_axis
BW-PMK,PMK,2000-01-01,2000-09-12,on_ds_daily_axis
BW-PMOR,PMOR,2000-01-01,2001-09-21,on_ds_daily_axis
BW-PMRP,PMRP,2000-01-01,2002-08-05,on_ds_daily_axis
BW-PMRT,PMRT,2000-01-01,2001-03-13,on_ds_daily_axis
BW-PMRY,PMRY,2000-01-01,2009-11-12,on_ds_daily_axis
BW-PMSI,PMSI,2000-01-01,2004-11-10,on_ds_daily_axis
BW-PMTI,PMTI,2000-01-01,2013-06-24,on_ds_daily_axis
BW-PMTR_OLD,PMTR_OLD,2000-01-01,2007-01-08,on_ds_daily_axis
BW-PMVC-U,PMVC-U,2000-01-01,2022-10-17,on_ds_daily_axis
BW-PNB,PNB,2000-01-01,2019-06-07,on_ds_daily_axis
BW-PNG,PNG,2000-01-01,2013-12-31,on_ds_daily_axis
BW-US72348Y1055,PNK,2000-01-01,2018-10-12,on_ds_daily_axis
BW-BBG000BRDFF3,PNM,2000-01-01,2024-10-04,on_ds_daily_axis
BW-PNN,PNN,2000-01-01,2018-01-30,on_ds_daily_axis
BW-PNNTG,PNNTG,2000-01-01,2021-11-12,on_ds_daily_axis
BW-PNNW,PNNW,2000-01-01,2012-01-25,on_ds_daily_axis
BW-PNO,PNO,2000-01-01,2002-07-16,on_ds_daily_axis
BW-PNP,PNP,2000-01-01,2018-02-22,on_ds_daily_axis
BW-PNRA,PNRA,2000-01-01,2017-07-17,on_ds_daily_axis
BW-PNS,PNS,2000-01-01,2012-01-30,on_ds_daily_axis
BW-PNSN,PNSN,2000-01-01,2013-04-30,on_ds_daily_axis
BW-PNTE,PNTE,2000-01-01,2005-05-04,on_ds_daily_axis
BW-PNTK,PNTK,2000-01-01,2000-07-28,on_ds_daily_axis
BW-PNTM-U,PNTM-U,2000-01-01,2021-12-17,on_ds_daily_axis
BW-PNTM-UN,PNTM-UN,2000-01-01,2023-05-26,on_ds_daily_axis
BW-PNTU,PNTU,2000-01-01,2001-08-01,on_ds_daily_axis
BW-PNU,PNU,2000-01-01,2000-03-31,on_ds_daily_axis
BW-PNVN,PNVN,2000-01-01,2000-12-19,on_ds_daily_axis
BW-PNWB,PNWB,2000-01-01,2003-10-31,on_ds_daily_axis
BW-C0001129633,PNX,2000-01-01,2016-06-20,on_ds_daily_axis
BW-PNY,PNY,2000-01-01,2016-10-03,on_ds_daily_axis
BW-PN_OLD,PN_OLD,2000-01-01,2017-11-24,on_ds_daily_axis
BW-POCC,POCC,2000-01-01,2014-02-18,on_ds_daily_axis
BW-POG,POG,2000-01-01,2018-01-30,on_ds_daily_axis
BW-US28252C1099,POL,2000-01-01,2024-05-02,on_ds_daily_axis
BW-BBG00FZLM5G8,POLY,2000-01-01,2022-08-30,on_ds_daily_axis
BW-BBG00JPW9J27,POL_OLD,2000-01-01,2020-07-22,on_ds_daily_axis
BW-C0001135971-POM,POM_OLD,2000-01-01,2016-03-23,on_ds_daily_axis
BW-KYG0447J1022,POND,2000-01-01,2023-01-13,on_ds_daily_axis
BW-PONE,PONE,2000-01-01,2010-06-04,on_ds_daily_axis
BW-C0002108164,PONO,2000-01-01,2023-02-27,on_ds_daily_axis
BW-PONOW,PONOW,2000-01-01,2023-02-14,on_ds_daily_axis
BW-PONR,PONR,2000-01-01,2007-08-31,on_ds_daily_axis
BW-POP,POP,2000-01-01,2016-09-28,on_ds_daily_axis
BW-PORK,PORK,2000-01-01,2007-05-07,on_ds_daily_axis
BW-US84465L1052,PORT,2000-01-01,2025-09-10,on_ds_daily_axis
BW-POS,POS,2000-01-01,2018-01-30,on_ds_daily_axis
BW-BBG01H6V87X6,POSH,2000-01-01,2023-02-01,on_ds_daily_axis
BW-POSO,POSO,2000-01-01,2007-08-28,on_ds_daily_axis
BW-POSS,POSS,2000-01-01,2008-04-02,on_ds_daily_axis
BW-POT,POT,2000-01-01,2017-12-29,on_ds_daily_axis
BW-POVT,POVT,2000-01-01,2002-11-12,on_ds_daily_axis
BW-C0000882154,POWR_OLD,2000-01-01,2016-05-06,on_ds_daily_axis
BW-POW_OLD,POW_OLD,2000-01-01,2020-12-10,on_ds_daily_axis
BW-KYG7209M1087,POW_OLD1,2000-01-01,2023-02-01,on_ds_daily_axis
BW-POZN,POZN,2000-01-01,2016-02-08,on_ds_daily_axis
BW-PPCO,PPCO,2000-01-01,2010-11-04,on_ds_daily_axis
BW-US69355F1021,PPD,2000-01-01,2021-12-09,on_ds_daily_axis
BW-BBG00PGB6C27,PPDF,2000-01-01,2019-12-03,on_ds_daily_axis
BW-PPDI,PPDI,2000-01-01,2011-12-05,on_ds_daily_axis
BW-KYG7154B1234,PPGHU,2000-01-01,2022-04-04,on_ds_daily_axis
BW-PPGHW,PPGHW,2000-01-01,2022-04-04,on_ds_daily_axis
BW-PPHM,PPHM,2000-01-01,2018-01-05,on_ds_daily_axis
BW-PPHMP,PPHMP,2000-01-01,2018-01-08,on_ds_daily_axis
BW-PPKZ,PPKZ,2000-01-01,2009-10-26,on_ds_daily_axis
BW-PPO,PPO,2000-01-01,2015-08-25,on_ds_daily_axis
BW-PPOD,PPOD,2000-01-01,2001-08-30,on_ds_daily_axis
BW-PPP,PPP,2000-01-01,2017-08-14,on_ds_daily_axis
BW-PPP3,PPP3,2000-01-01,2007-11-06,on_ds_daily_axis
BW-PPRT,PPRT,2000-01-01,2000-05-03,on_ds_daily_axis
BW-PPS,PPS,2000-01-01,2016-11-30,on_ds_daily_axis
BW-PPTV,PPTV,2000-01-01,2011-12-30,on_ds_daily_axis
BW-PPX1,PPX1,2000-01-01,2006-11-15,on_ds_daily_axis
BW-C0001011699,PP_OLD,2000-01-01,2006-01-05,on_ds_daily_axis
BW-US7167483061,PQ,2000-01-01,2020-10-08,on_ds_daily_axis
BW-BBG00GX8YK99,PQG,2000-01-01,2021-08-03,on_ds_daily_axis
BW-PQUEQ,PQUEQ,2000-01-01,2018-05-04,on_ds_daily_axis
BW-BBG007387YL8,PRAH,2000-01-01,2021-07-01,on_ds_daily_axis
BW-PRAI,PRAI,2000-01-01,2007-12-13,on_ds_daily_axis
BW-US7397272045,PRAN,2000-01-01,2020-07-10,on_ds_daily_axis
BW-PRB1,PRB1,2000-01-01,2008-06-23,on_ds_daily_axis
BW-PRBC,PRBC,2000-01-01,2002-09-13,on_ds_daily_axis
BW-PRBM-U,PRBM-U,2000-01-01,2023-05-26,on_ds_daily_axis
BW-PRBM-UN,PRBM-UN,2000-01-01,2023-03-28,on_ds_daily_axis
BW-PRBZ,PRBZ,2000-01-01,2003-06-19,on_ds_daily_axis
BW-PRCHW,PRCHW,2000-01-01,2021-04-16,on_ds_daily_axis
BW-PRCM,PRCM,2000-01-01,2006-12-15,on_ds_daily_axis
BW-PRCS_OLD1,PRCS_OLD1,2000-01-01,2007-02-16,on_ds_daily_axis
BW-PRD,PRD,2000-01-01,2001-10-09,on_ds_daily_axis
BW-PRDS_OLD,PRDS_OLD,2000-01-01,2003-06-19,on_ds_daily_axis
BW-PRES,PRES,2000-01-01,2002-03-07,on_ds_daily_axis
BW-BBG000G6RGP6,PRGX,2000-01-01,2021-03-10,on_ds_daily_axis
BW-PRGY,PRGY,2000-01-01,2001-11-06,on_ds_daily_axis
BW-PRG_OLD,PRG_OLD,2000-01-01,2001-02-14,on_ds_daily_axis
BW-PRIA,PRIA,2000-01-01,2002-05-14,on_ds_daily_axis
BW-PRL,PRL,2000-01-01,2006-09-28,on_ds_daily_axis
BW-PRLS,PRLS,2000-01-01,2015-02-12,on_ds_daily_axis
BW-PRMB_OLD,PRMB_OLD,2000-01-01,2019-03-21,on_ds_daily_axis
BW-PRMX,PRMX,2000-01-01,2019-06-07,on_ds_daily_axis
BW-PRM_OLD,PRM_OLD,2000-01-01,2011-07-13,on_ds_daily_axis
BW-PRM_OLD1,PRM_OLD1,2000-01-01,2024-09-13,on_ds_daily_axis
BW-BBG0026ZK3M8,PRNB,2000-01-01,2020-09-28,on_ds_daily_axis
BW-PROI,PROI,2000-01-01,2015-04-10,on_ds_daily_axis
BW-PROJ,PROJ,2000-01-01,2012-10-10,on_ds_daily_axis
BW-KYG3166T1031,PRPB,2000-01-01,2022-07-22,on_ds_daily_axis
BW-PRPB-U,PRPB-U,2000-01-01,2021-12-31,on_ds_daily_axis
BW-PRPC-U,PRPC-U,2000-01-01,2021-12-17,on_ds_daily_axis
BW-PRPC-UN,PRPC-UN,2000-01-01,2023-11-07,on_ds_daily_axis
BW-PRPL1,PRPL1,2000-01-01,2011-07-19,on_ds_daily_axis
BW-PRPX,PRPX,2000-01-01,2010-12-29,on_ds_daily_axis
BW-PRRC,PRRC,2000-01-01,2000-04-05,on_ds_daily_axis
BW-PRSC,PRSC,2000-01-01,2021-01-06,on_ds_daily_axis
BW-PRSE,PRSE,2000-01-01,2003-06-27,on_ds_daily_axis
BW-PRSF,PRSF,2000-01-01,2006-07-12,on_ds_daily_axis
BW-US12769A1034,PRSS,2000-01-01,2018-11-08,on_ds_daily_axis
BW-PRST_OLD,PRST_OLD,2000-01-01,2012-10-31,on_ds_daily_axis
BW-PRSW,PRSW,2000-01-01,2004-11-05,on_ds_daily_axis
BW-PRTW,PRTW,2000-01-01,2002-04-16,on_ds_daily_axis
BW-BBG0099QJS92,PRTY,2000-01-01,2023-03-21,on_ds_daily_axis
BW-PRV,PRV,2000-01-01,2005-04-15,on_ds_daily_axis
BW-PRVD,PRVD,2000-01-01,2006-02-09,on_ds_daily_axis
BW-US74140Y1010,PRVL,2000-01-01,2021-01-26,on_ds_daily_axis
BW-PRVOZ,PRVOZ,2000-01-01,2006-08-22,on_ds_daily_axis
BW-PRWK,PRWK,2000-01-01,2003-10-07,on_ds_daily_axis
BW-PRWT,PRWT,2000-01-01,2013-04-10,on_ds_daily_axis
BW-PRX,PRX,2000-01-01,2012-09-28,on_ds_daily_axis
BW-PRXI,PRXI,2000-01-01,2016-02-09,on_ds_daily_axis
BW-PRXL,PRXL,2000-01-01,2017-09-29,on_ds_daily_axis
BW-PRZ,PRZ,2000-01-01,2002-03-15,on_ds_daily_axis
BW-US3073591097,PSAC,2000-01-01,2021-07-26,on_ds_daily_axis
BW-US74348Q2075,PSACU,2000-01-01,2021-07-21,on_ds_daily_axis
BW-PSACW,PSACW,2000-01-01,2021-07-22,on_ds_daily_axis
BW-US74350A1088,PSAG,2000-01-01,2023-01-27,on_ds_daily_axis
BW-BBG00JRSWFH0,PSB,2000-01-01,2022-08-03,on_ds_daily_axis
BW-PSBH,PSBH,2000-01-01,2016-01-07,on_ds_daily_axis
BW-PSBI,PSBI,2000-01-01,2007-04-03,on_ds_daily_axis
BW-PSC_OLD,PSC_OLD,2000-01-01,2010-01-27,on_ds_daily_axis
BW-BBG00G6L8HQ7,PSDO,2000-01-01,2019-12-18,on_ds_daily_axis
BW-US74440J1016,PSDV,2000-01-01,2018-03-29,on_ds_daily_axis
BW-PSEM,PSEM,2000-01-01,2015-11-24,on_ds_daily_axis
BW-PSFI,PSFI,2000-01-01,2001-11-30,on_ds_daily_axis
BW-PSG,PSG,2000-01-01,2016-10-28,on_ds_daily_axis
BW-PSITY,PSITY,2000-01-01,2008-12-30,on_ds_daily_axis
BW-PSMI,PSMI,2000-01-01,2014-12-11,on_ds_daily_axis
BW-PSOF,PSOF,2000-01-01,2012-11-09,on_ds_daily_axis
BW-PSPT,PSPT,2000-01-01,2008-10-31,on_ds_daily_axis
BW-PSRC,PSRC,2000-01-01,2005-11-15,on_ds_daily_axis
BW-PSS,PSS,2000-01-01,2012-10-09,on_ds_daily_axis
BW-PSSI,PSSI,2000-01-01,2013-02-21,on_ds_daily_axis
BW-PSTA,PSTA,2000-01-01,2009-12-14,on_ds_daily_axis
BW-PSTB,PSTB,2000-01-01,2017-11-30,on_ds_daily_axis
BW-BBG01255HHF5,PSTH,2000-01-01,2022-07-25,on_ds_daily_axis
BW-PSTH-U,PSTH-U,2000-01-01,2021-12-17,on_ds_daily_axis
BW-US72940R3003,PSTI,2000-01-01,2022-09-26,on_ds_daily_axis
BW-PSTI1,PSTI1,2000-01-01,2007-01-25,on_ds_daily_axis
BW-PSU,PSU,2000-01-01,2002-03-28,on_ds_daily_axis
BW-PSUN,PSUN,2000-01-01,2016-04-13,on_ds_daily_axis
BW-PSUNQ,PSUNQ,2000-01-01,2016-09-07,on_ds_daily_axis
BW-BMG4511M1082,PSV,2000-01-01,2021-01-28,on_ds_daily_axis
BW-PSW,PSW,2000-01-01,2012-12-07,on_ds_daily_axis
BW-PSYS1,PSYS1,2000-01-01,2010-11-15,on_ds_daily_axis
BW-C0000814181,PTAC,2000-01-01,2020-12-23,on_ds_daily_axis
BW-PTACW,PTACW,2000-01-01,2020-12-23,on_ds_daily_axis
BW-PTCH,PTCH,2000-01-01,2003-12-09,on_ds_daily_axis
BW-BBG00DJ69NK5,PTE,2000-01-01,2023-08-17,on_ds_daily_axis
BW-PTEK,PTEK,2000-01-01,2014-10-01,on_ds_daily_axis
BW-PTEL_OLD,PTEL_OLD,2000-01-01,2001-05-30,on_ds_daily_axis
BW-PTET,PTET,2000-01-01,2000-07-10,on_ds_daily_axis
BW-PTHN,PTHN,2000-01-01,2017-09-01,on_ds_daily_axis
BW-PTHR,PTHR,2000-01-01,2024-01-17,on_ds_daily_axis
BW-PTHRW,PTHRW,2000-01-01,2024-01-12,on_ds_daily_axis
BW-PTHW,PTHW,2000-01-01,2000-10-24,on_ds_daily_axis
BW-BBG00JDVLQ59,PTI,2000-01-01,2020-12-23,on_ds_daily_axis
BW-US7434971096,PTIC,2000-01-01,2023-01-31,on_ds_daily_axis
BW-PTICW,PTICW,2000-01-01,2022-11-30,on_ds_daily_axis
BW-US69562K5065,PTIE,2000-01-01,2020-07-10,on_ds_daily_axis
BW-PTII,PTII,2000-01-01,2000-10-23,on_ds_daily_axis
BW-PTILY,PTILY,2000-01-01,2008-12-03,on_ds_daily_axis
BW-PTIS,PTIS,2000-01-01,2000-03-10,on_ds_daily_axis
BW-PTIX1,PTIX1,2000-01-01,2014-02-18,on_ds_daily_axis
BW-PTK-U,PTK-U,2000-01-01,2021-12-17,on_ds_daily_axis
BW-BBG00C5C0WH2,PTLA,2000-01-01,2020-07-02,on_ds_daily_axis
BW-PTMK,PTMK,2000-01-01,2007-12-03,on_ds_daily_axis
BW-BBG000BMSWV3,PTMN,2000-01-01,2025-10-24,on_ds_daily_axis
BW-PTNX,PTNX,2000-01-01,2008-01-08,on_ds_daily_axis
BW-US7228501042,PTOC,2000-01-01,2023-03-17,on_ds_daily_axis
BW-PTP,PTP,2000-01-01,2015-03-02,on_ds_daily_axis
BW-BBG000CJ6BF7,PTR,2000-01-01,2022-10-19,on_ds_daily_axis
BW-PTRAW,PTRAW,2000-01-01,2021-10-27,on_ds_daily_axis
BW-PTRY,PTRY,2000-01-01,2015-03-16,on_ds_daily_axis
BW-BBG000BRQJZ9,PTSI,2000-01-01,2024-11-12,on_ds_daily_axis
BW-PTSX,PTSX,2000-01-01,2017-10-12,on_ds_daily_axis
BW-PTSX1,PTSX1,2000-01-01,2007-08-14,on_ds_daily_axis
BW-PTT,PTT,2000-01-01,2019-05-14,on_ds_daily_axis
BW-BBG000BDVMB3,PTVCB,2000-01-01,2021-06-04,on_ds_daily_axis
BW-PTWO,PTWO,2000-01-01,2024-09-18,on_ds_daily_axis
BW-US71426V1089,PTX,2000-01-01,2019-03-04,on_ds_daily_axis
BW-PTXP,PTXP,2000-01-01,2017-06-30,on_ds_daily_axis
BW-PTYA,PTYA,2000-01-01,2013-04-19,on_ds_daily_axis
BW-PTZ,PTZ,2000-01-01,2005-06-03,on_ds_daily_axis
BW-US0213471099,PUB,2000-01-01,2020-10-29,on_ds_daily_axis
BW-PUBB,PUBB,2000-01-01,2004-04-30,on_ds_daily_axis
BW-PUBO,PUBO,2000-01-01,2002-08-13,on_ds_daily_axis
BW-PUBSF,PUBSF,2000-01-01,2000-11-21,on_ds_daily_axis
BW-PUKPRA,PUKPRA,2000-01-01,2021-12-27,on_ds_daily_axis
BW-PULB,PULB,2000-01-01,2016-04-29,on_ds_daily_axis
BW-PULS1,PULS1,2000-01-01,2015-04-13,on_ds_daily_axis
BW-PUM,PUM,2000-01-01,2017-12-19,on_ds_daily_axis
BW-PUMP1,PUMP1,2000-01-01,2006-02-17,on_ds_daily_axis
BW-PURW,PURW,2000-01-01,2005-07-22,on_ds_daily_axis
BW-US69373Y1091,PUYI,2000-01-01,2024-05-17,on_ds_daily_axis
BW-KYG7255E1098,PV,2000-01-01,2023-01-13,on_ds_daily_axis
BW-PVAHQ,PVAHQ,2000-01-01,2016-09-12,on_ds_daily_axis
BW-PVAT,PVAT,2000-01-01,2002-11-27,on_ds_daily_axis
BW-PVCC,PVCC,2000-01-01,2002-05-23,on_ds_daily_axis
BW-PVFC,PVFC,2000-01-01,2013-10-11,on_ds_daily_axis
BW-BBG0099S4Q61,PVG,2000-01-01,2022-03-08,on_ds_daily_axis
BW-PVG1,PVG1,2000-01-01,2011-03-10,on_ds_daily_axis
BW-PVIS,PVIS,2000-01-01,2006-07-25,on_ds_daily_axis
BW-PVN,PVN,2000-01-01,2005-09-30,on_ds_daily_axis
BW-PVR,PVR,2000-01-01,2014-03-20,on_ds_daily_axis
BW-PVSA,PVSA,2000-01-01,2011-12-30,on_ds_daily_axis
BW-PVSW,PVSW,2000-01-01,2013-04-11,on_ds_daily_axis
BW-PVT,PVT,2000-01-01,2019-12-18,on_ds_daily_axis
BW-PVT-U,PVT-U,2000-01-01,2020-09-29,on_ds_daily_axis
BW-PVTB,PVTB,2000-01-01,2017-06-22,on_ds_daily_axis
BW-PVTL,PVTL,2000-01-01,2019-12-27,on_ds_daily_axis
BW-PVX,PVX,2000-01-01,2018-01-31,on_ds_daily_axis
BW-PVY,PVY,2000-01-01,2000-09-28,on_ds_daily_axis
BW-PWAVQ,PWAVQ,2000-01-01,2016-04-08,on_ds_daily_axis
BW-PWCC,PWCC,2000-01-01,2001-04-09,on_ds_daily_axis
BW-PWE,PWE,2000-01-01,2017-06-28,on_ds_daily_axis
BW-BBG00PG3JNL6,PWFL,2000-01-01,2024-07-12,on_ds_daily_axis
BW-PWHS,PWHS,2000-01-01,2002-07-01,on_ds_daily_axis
BW-PWI,PWI,2000-01-01,2016-06-28,on_ds_daily_axis
BW-PWJ,PWJ,2000-01-01,2000-11-03,on_ds_daily_axis
BW-PWPPW,PWPPW,2000-01-01,2022-09-07,on_ds_daily_axis
BW-KYG7207P1037,PWUP,2000-01-01,2025-02-19,on_ds_daily_axis
BW-PWX,PWX,2000-01-01,2020-07-08,on_ds_daily_axis
BW-PXCM,PXCM,2000-01-01,2001-06-19,on_ds_daily_axis
BW-PXP,PXP,2000-01-01,2013-05-30,on_ds_daily_axis
BW-PXPLY,PXPLY,2000-01-01,2012-02-28,on_ds_daily_axis
BW-PXR1,PXR1,2000-01-01,2007-06-15,on_ds_daily_axis
BW-PXXI,PXXI,2000-01-01,2003-01-21,on_ds_daily_axis
BW-BBG00GD9JW36,PYR,2000-01-01,2024-01-17,on_ds_daily_axis
BW-PYX,PYX,2000-01-01,2020-10-22,on_ds_daily_axis
BW-PYX1,PYX1,2000-01-01,2007-09-28,on_ds_daily_axis
BW-PZA1,PZA1,2000-01-01,2006-12-15,on_ds_daily_axis
BW-C0001449877,PZE,2000-01-01,2018-05-18,on_ds_daily_axis
BW-PZG1,PZG1,2000-01-01,2015-04-17,on_ds_daily_axis
BW-PZL,PZL,2000-01-01,2002-10-01,on_ds_daily_axis
BW-PZRX,PZRX,2000-01-01,2018-02-02,on_ds_daily_axis
BW-PZZ,PZZ,2000-01-01,2010-12-15,on_ds_daily_axis
BW-QBRWF,QBRWF,2000-01-01,2009-07-22,on_ds_daily_axis
BW-QCBC,QCBC,2000-01-01,2004-08-31,on_ds_daily_axis
BW-QCFB,QCFB,2000-01-01,2000-08-14,on_ds_daily_axis
BW-QCLS_OLD,QCLS_OLD,2000-01-01,2025-10-10,on_ds_daily_axis
BW-QCOR,QCOR,2000-01-01,2014-08-14,on_ds_daily_axis
BW-C0001677203,QCP,2000-01-01,2018-07-26,on_ds_daily_axis
BW-QD1,QD1,2000-01-01,2010-03-18,on_ds_daily_axis
BW-QDIN,QDIN,2000-01-01,2005-04-13,on_ds_daily_axis
BW-QEDC,QEDC,2000-01-01,2000-08-01,on_ds_daily_axis
BW-QEDI,QEDI,2000-01-01,2000-08-24,on_ds_daily_axis
BW-QEE,QEE,2000-01-01,2007-06-20,on_ds_daily_axis
BW-KYG7307X1051,QELL,2000-01-01,2021-09-17,on_ds_daily_axis
BW-QELP,QELP,2000-01-01,2010-03-05,on_ds_daily_axis
BW-BBG000BLCL55,QEP,2000-01-01,2021-03-18,on_ds_daily_axis
BW-QEPM,QEPM,2000-01-01,2015-07-22,on_ds_daily_axis
BW-BBG00K4YDJQ2,QES,2000-01-01,2020-07-28,on_ds_daily_axis
BW-QFABQ,QFABQ,2000-01-01,2008-06-09,on_ds_daily_axis
BW-QFTA-U,QFTA-U,2000-01-01,2021-12-17,on_ds_daily_axis
BW-QGI,QGI,2000-01-01,2015-01-09,on_ds_daily_axis
BW-C0001650445,QHC,2000-01-01,2020-04-16,on_ds_daily_axis
BW-QHGI,QHGI,2000-01-01,2001-04-27,on_ds_daily_axis
BW-QIHU,QIHU,2000-01-01,2016-07-15,on_ds_daily_axis
BW-QLGC,QLGC,2000-01-01,2016-08-15,on_ds_daily_axis
BW-QLIK,QLIK,2000-01-01,2016-08-19,on_ds_daily_axis
BW-QLTY_OLD,QLTY_OLD,2000-01-01,2015-08-17,on_ds_daily_axis
BW-C0001325098,QMAR_OLD,2000-01-01,2008-04-15,on_ds_daily_axis
BW-QMMI,QMMI,2000-01-01,2007-07-17,on_ds_daily_axis
BW-QMRK,QMRK,2000-01-01,2015-12-28,on_ds_daily_axis
BW-QNGP,QNGP,2000-01-01,2013-12-10,on_ds_daily_axis
BW-US74764U1043,QNGY,2000-01-01,2023-02-14,on_ds_daily_axis
BW-QNTS,QNTS,2000-01-01,2000-11-15,on_ds_daily_axis
BW-QOBJ,QOBJ,2000-01-01,2013-07-31,on_ds_daily_axis
BW-QPACU,QPACU,2000-01-01,2017-06-22,on_ds_daily_axis
BW-QPACW,QPACW,2000-01-01,2017-07-12,on_ds_daily_axis
BW-QRE,QRE,2000-01-01,2014-11-19,on_ds_daily_axis
BW-QRM,QRM,2000-01-01,2015-02-20,on_ds_daily_axis
BW-QRR,QRR,2000-01-01,2008-03-14,on_ds_daily_axis
BW-QRSI,QRSI,2000-01-01,2004-11-15,on_ds_daily_axis
BW-QSFT,QSFT,2000-01-01,2012-10-05,on_ds_daily_axis
BW-BBG01C3JFXX2,QSG,2000-01-01,2026-01-12,on_ds_daily_axis
BW-C0000708818,QSII,2000-01-01,2018-09-07,on_ds_daily_axis
BW-QSND,QSND,2000-01-01,2015-05-11,on_ds_daily_axis
BW-QSYS,QSYS,2000-01-01,2000-12-15,on_ds_daily_axis
BW-US74760R3030,QTEK,2000-01-01,2023-07-17,on_ds_daily_axis
BW-QTET,QTET,2000-01-01,2014-10-02,on_ds_daily_axis
BW-US74766D1000,QTNA,2000-01-01,2019-06-18,on_ds_daily_axis
BW-JE00BLG2ZQ72,QTNT,2000-01-01,2023-03-03,on_ds_daily_axis
BW-QTNTW,QTNTW,2000-01-01,2015-10-26,on_ds_daily_axis
BW-QTRA,QTRA,2000-01-01,2000-12-14,on_ds_daily_axis
BW-QTRH,QTRH,2000-01-01,2019-12-20,on_ds_daily_axis
BW-QTRN,QTRN,2000-01-01,2003-09-25,on_ds_daily_axis
BW-BBG0054B20Z8,QTS,2000-01-01,2021-08-31,on_ds_daily_axis
BW-QTWW,QTWW,2000-01-01,2016-03-31,on_ds_daily_axis
BW-QUIN,QUIN,2000-01-01,2005-08-31,on_ds_daily_axis
BW-QUIP,QUIP,2000-01-01,2008-06-02,on_ds_daily_axis
BW-QUIX,QUIX,2000-01-01,2010-02-05,on_ds_daily_axis
BW-QULMY,QULMY,2000-01-01,2008-02-11,on_ds_daily_axis
BW-BBG008P32N78,QUMU,2000-01-01,2023-02-27,on_ds_daily_axis
BW-QUNR,QUNR,2000-01-01,2017-02-28,on_ds_daily_axis
BW-QUOT1,QUOT1,2000-01-01,2010-08-13,on_ds_daily_axis
BW-QUSA_OLD,QUSA_OLD,2000-01-01,2017-03-23,on_ds_daily_axis
BW-QUST,QUST,2000-01-01,2002-02-01,on_ds_daily_axis
BW-US53071M8800,QVCA,2000-01-01,2018-04-11,on_ds_daily_axis
BW-QVDX,QVDX,2000-01-01,2007-07-18,on_ds_daily_axis
BW-QXMCF,QXMCF,2000-01-01,2012-08-22,on_ds_daily_axis
BW-C0001037949,Q_OLD,2000-01-01,2011-03-31,on_ds_daily_axis
BW-Q_OLD1,Q_OLD1,2000-01-01,2017-11-14,on_ds_daily_axis
BW-RA1,RA1,2000-01-01,2007-01-25,on_ds_daily_axis
BW-RA2,RA2,2000-01-01,2012-10-01,on_ds_daily_axis
BW-US76156P2056,RAACU,2000-01-01,2021-07-21,on_ds_daily_axis
BW-US18900M1045,RAAS,2000-01-01,2023-07-17,on_ds_daily_axis
BW-US7608731094,RACB,2000-01-01,2023-01-13,on_ds_daily_axis
BW-RAC_OLD,RAC_OLD,2000-01-01,2021-06-25,on_ds_daily_axis
BW-BBG00JNKVB54,RAD,2000-01-01,2023-12-15,on_ds_daily_axis
BW-RADA1,RADA1,2000-01-01,2006-10-03,on_ds_daily_axis
BW-RADN,RADN,2000-01-01,2008-08-01,on_ds_daily_axis
BW-RADS,RADS,2000-01-01,2011-08-24,on_ds_daily_axis
BW-RAE,RAE,2000-01-01,2011-06-16,on_ds_daily_axis
BW-RAGS,RAGS,2000-01-01,2004-10-21,on_ds_daily_axis
BW-RAH,RAH,2000-01-01,2013-01-29,on_ds_daily_axis
BW-RAI,RAI,2000-01-01,2017-07-24,on_ds_daily_axis
BW-RALY,RALY,2000-01-01,2015-07-07,on_ds_daily_axis
BW-RAL_OLD,RAL_OLD,2000-01-01,2022-03-02,on_ds_daily_axis
BW-KYG0542N1079,RAM,2000-01-01,2023-04-06,on_ds_daily_axis
BW-US7530093076,RANGY,2000-01-01,2008-03-20,on_ds_daily_axis
BW-RARE1,RARE1,2000-01-01,2007-10-01,on_ds_daily_axis
BW-BBG00F6L6Y48,RARX,2000-01-01,2020-04-01,on_ds_daily_axis
BW-C0001045425,RAS,2000-01-01,2018-05-11,on_ds_daily_axis
BW-RATE1,RATE1,2000-01-01,2009-09-25,on_ds_daily_axis
BW-RATE_OLD,RATE_OLD,2000-01-01,2017-11-08,on_ds_daily_axis
BW-RATL,RATL,2000-01-01,2003-02-20,on_ds_daily_axis
BW-BBG000CXQTZ3,RAVN,2000-01-01,2021-11-30,on_ds_daily_axis
BW-RAWA,RAWA,2000-01-01,2002-08-30,on_ds_daily_axis
BW-RAWL,RAWL,2000-01-01,2003-03-26,on_ds_daily_axis
BW-RAX,RAX,2000-01-01,2016-11-02,on_ds_daily_axis
BW-RAZF,RAZF,2000-01-01,2003-02-28,on_ds_daily_axis
BW-KYG7417R1056,RBAC,2000-01-01,2022-09-07,on_ds_daily_axis
BW-RBAC-U,RBAC-U,2000-01-01,2021-12-17,on_ds_daily_axis
BW-RBAK,RBAK,2000-01-01,2007-01-25,on_ds_daily_axis
BW-RBBR,RBBR,2000-01-01,2003-01-10,on_ds_daily_axis
BW-RBCP,RBCP,2000-01-01,2024-10-15,on_ds_daily_axis
BW-RBDS,RBDS,2000-01-01,2000-01-14,on_ds_daily_axis
BW-RBI,RBI,2000-01-01,2020-07-31,on_ds_daily_axis
BW-RBK,RBK,2000-01-01,2006-01-31,on_ds_daily_axis
BW-RBKV,RBKV,2000-01-01,2004-03-31,on_ds_daily_axis
BW-RBMG,RBMG,2000-01-01,2002-03-28,on_ds_daily_axis
BW-RBN,RBN,2000-01-01,2017-07-07,on_ds_daily_axis
BW-BBG000Q8QBC7,RBNC,2000-01-01,2022-01-03,on_ds_daily_axis
BW-RBNC1,RBNC1,2000-01-01,2006-12-29,on_ds_daily_axis
BW-RBOT_OLD,RBOT_OLD,2000-01-01,2003-06-30,on_ds_daily_axis
BW-RBOW,RBOW,2000-01-01,2004-05-10,on_ds_daily_axis
BW-RBPAA,RBPAA,2000-01-01,2017-12-14,on_ds_daily_axis
BW-RBS,RBS,2000-01-01,2021-01-28,on_ds_daily_axis
BW-RBT,RBT,2000-01-01,2024-08-09,on_ds_daily_axis
BW-RBY,RBY,2000-01-01,2016-01-12,on_ds_daily_axis
BW-RBZ,RBZ,2000-01-01,2020-04-29,on_ds_daily_axis
BW-RBZAW,RBZAW,2000-01-01,2019-02-26,on_ds_daily_axis
BW-RCAP,RCAP,2000-01-01,2015-12-31,on_ds_daily_axis
BW-RCAPQ,RCAPQ,2000-01-01,2016-05-20,on_ds_daily_axis
BW-RCBK1,RCBK1,2000-01-01,2008-10-10,on_ds_daily_axis
BW-RCCC,RCCC,2000-01-01,2008-08-06,on_ds_daily_axis
BW-RCF,RCF,2000-01-01,2005-12-14,on_ds_daily_axis
BW-RCF-UN,RCF-UN,2000-01-01,2022-01-07,on_ds_daily_axis
BW-KYG7330C1024,RCFA,2000-01-01,2025-01-17,on_ds_daily_axis
BW-RCFA-UN,RCFA-UN,2000-01-01,2024-12-23,on_ds_daily_axis
BW-US7562291002,RCHG,2000-01-01,2022-10-14,on_ds_daily_axis
BW-BBG000BHQJX3,RCII,2000-01-01,2023-04-28,on_ds_daily_axis
BW-RCKB,RCKB,2000-01-01,2014-04-30,on_ds_daily_axis
BW-US77732R1032,RCLF,2000-01-01,2023-11-29,on_ds_daily_axis
BW-RCN,RCN,2000-01-01,2004-12-31,on_ds_daily_axis
BW-RCNI,RCNI,2000-01-01,2010-08-26,on_ds_daily_axis
BW-RCO,RCO,2000-01-01,2006-01-09,on_ds_daily_axis
BW-RCOT,RCOT,2000-01-01,2003-04-17,on_ds_daily_axis
BW-RCPT,RCPT,2000-01-01,2015-08-27,on_ds_daily_axis
BW-RCRC,RCRC,2000-01-01,2011-04-28,on_ds_daily_axis
BW-RDA,RDA,2000-01-01,2014-07-18,on_ds_daily_axis
BW-RDA1,RDA1,2000-01-01,2007-03-02,on_ds_daily_axis
BW-GB00B6SLMV12,RDC,2000-01-01,2019-04-10,on_ds_daily_axis
BW-RDEA,RDEA,2000-01-01,2012-06-19,on_ds_daily_axis
BW-RDEN,RDEN,2000-01-01,2016-09-07,on_ds_daily_axis
BW-RDGE,RDGE,2000-01-01,2001-12-31,on_ds_daily_axis
BW-RDMX_OLD,RDMX_OLD,2000-01-01,2011-01-11,on_ds_daily_axis
BW-RDS-A,RDS-A,2000-01-01,2022-01-24,on_ds_daily_axis
BW-BBG00CF1DSY1,RDUS_OLD,2000-01-01,2022-08-15,on_ds_daily_axis
BW-REBC,REBC,2000-01-01,2005-02-28,on_ds_daily_axis
BW-REDE,REDE,2000-01-01,2008-07-01,on_ds_daily_axis
BW-REDF,REDF,2000-01-01,2016-05-06,on_ds_daily_axis
BW-REDL,REDL,2000-01-01,2015-11-17,on_ds_daily_axis
BW-US76761L1026,REDU,2000-01-01,2022-06-10,on_ds_daily_axis
BW-REF,REF,2000-01-01,2007-04-25,on_ds_daily_axis
BW-BBG00FQSNQC0,REGI,2000-01-01,2022-06-13,on_ds_daily_axis
BW-US75936P1057,REIS,2000-01-01,2018-10-12,on_ds_daily_axis
BW-REM1,REM1,2000-01-01,2006-06-30,on_ds_daily_axis
BW-REMC_OLD,REMC_OLD,2000-01-01,2010-12-30,on_ds_daily_axis
BW-REMX1,REMX1,2000-01-01,2006-06-30,on_ds_daily_axis
BW-REMY,REMY,2000-01-01,2015-11-10,on_ds_daily_axis
BW-US76116A3068,REN,2000-01-01,2019-02-28,on_ds_daily_axis
BW-RENE_OLD,RENE_OLD,2000-01-01,2000-12-06,on_ds_daily_axis
BW-BBG001MPR9T7,RENN,2000-01-01,2023-08-23,on_ds_daily_axis
BW-RENT_OLD,RENT_OLD,2000-01-01,2016-01-29,on_ds_daily_axis
BW-C0000929872,RENX_OLD,2000-01-01,2020-07-08,on_ds_daily_axis
BW-REPB,REPB,2000-01-01,2013-05-13,on_ds_daily_axis
BW-RESC,RESC,2000-01-01,2006-04-20,on_ds_daily_axis
BW-BBG00JRQ9NY4,RESN,2000-01-01,2022-04-06,on_ds_daily_axis
BW-RESR,RESR,2000-01-01,2002-01-16,on_ds_daily_axis
BW-REST,REST,2000-01-01,2008-07-16,on_ds_daily_axis
BW-RETK,RETK,2000-01-01,2005-04-11,on_ds_daily_axis
BW-BBG00GP27SL0,REV,2000-01-01,2022-12-22,on_ds_daily_axis
BW-US02083L1098,REVE,2000-01-01,2023-04-18,on_ds_daily_axis
BW-REVEW,REVEW,2000-01-01,2023-04-10,on_ds_daily_axis
BW-US76155Y1082,REVH,2000-01-01,2023-01-13,on_ds_daily_axis
BW-REVU,REVU,2000-01-01,2013-03-08,on_ds_daily_axis
BW-REX1,REX1,2000-01-01,2008-09-30,on_ds_daily_axis
BW-REXI,REXI,2000-01-01,2016-09-08,on_ds_daily_axis
BW-BBG00FZLQV86,REXX,2000-01-01,2018-05-24,on_ds_daily_axis
BW-REY,REY,2000-01-01,2018-02-28,on_ds_daily_axis
BW-RFA,RFA,2000-01-01,2012-06-12,on_ds_daily_axis
BW-RFMD,RFMD,2000-01-01,2015-01-30,on_ds_daily_axis
BW-RFMI,RFMI,2000-01-01,2012-06-29,on_ds_daily_axis
BW-BBG00JRQ0TF1,RFP,2000-01-01,2023-03-06,on_ds_daily_axis
BW-RFS,RFS,2000-01-01,2017-03-20,on_ds_daily_axis
BW-RFXCQ,RFXCQ,2000-01-01,2007-06-08,on_ds_daily_axis
BW-RGCIQ,RGCIQ,2000-01-01,2010-04-27,on_ds_daily_axis
BW-RGDO,RGDO,2000-01-01,2015-05-04,on_ds_daily_axis
BW-RGDX,RGDX,2000-01-01,2015-08-10,on_ds_daily_axis
BW-RGIDQ,RGIDQ,2000-01-01,2009-10-30,on_ds_daily_axis
BW-RGO,RGO,2000-01-01,2018-01-30,on_ds_daily_axis
BW-BBG000VBKGK0,RGSE,2000-01-01,2019-05-28,on_ds_daily_axis
BW-RGTC,RGTC,2000-01-01,2001-01-29,on_ds_daily_axis
BW-RGX,RGX,2000-01-01,2006-11-15,on_ds_daily_axis
BW-RHB,RHB,2000-01-01,2011-05-31,on_ds_daily_axis
BW-RHBT,RHBT,2000-01-01,2002-07-03,on_ds_daily_axis
BW-RHDCQ,RHDCQ,2000-01-01,2009-12-23,on_ds_daily_axis
BW-BBG00HSH1ZC2,RHE,2000-01-01,2025-02-05,on_ds_daily_axis
BW-RHH,RHH,2000-01-01,2000-06-19,on_ds_daily_axis
BW-RHIEQ,RHIEQ,2000-01-01,2011-04-04,on_ds_daily_axis
BW-BBG007257GJ7,RHT,2000-01-01,2019-07-08,on_ds_daily_axis
BW-RI,RI,2000-01-01,2007-04-11,on_ds_daily_axis
BW-RIC,RIC,2000-01-01,2017-11-22,on_ds_daily_axis
BW-US7625941098,RICE,2000-01-01,2021-09-16,on_ds_daily_axis
BW-RICE-U,RICE-U,2000-01-01,2021-09-15,on_ds_daily_axis
BW-KYG410891066,RICO,2000-01-01,2022-07-07,on_ds_daily_axis
BW-RICOW,RICOW,2000-01-01,2022-06-29,on_ds_daily_axis
BW-RIDE,RIDE,2000-01-01,2023-07-27,on_ds_daily_axis
BW-RIDG,RIDG,2000-01-01,2000-06-14,on_ds_daily_axis
BW-RIFL,RIFL,2000-01-01,2002-02-22,on_ds_daily_axis
BW-RIGP,RIGP,2000-01-01,2016-12-08,on_ds_daily_axis
BW-RILYH,RILYH,2000-01-01,2021-09-07,on_ds_daily_axis
BW-RILYM,RILYM,2000-01-01,2025-02-27,on_ds_daily_axis
BW-RIOM,RIOM,2000-01-01,2015-04-01,on_ds_daily_axis
BW-RIVR,RIVR,2000-01-01,2016-02-29,on_ds_daily_axis
BW-RJF-PR-B,RJF-PR-B,2000-01-01,2025-12-31,on_ds_daily_axis
BW-RKE,RKE,2000-01-01,2006-05-11,on_ds_daily_axis
BW-US7731221146,RKLBW,2000-01-01,2022-01-31,on_ds_daily_axis
BW-KYG7614L1095,RKLY,2000-01-01,2023-01-24,on_ds_daily_axis
BW-KYG7613T1031,RKTA,2000-01-01,2023-03-24,on_ds_daily_axis
BW-RKUS,RKUS,2000-01-01,2016-05-26,on_ds_daily_axis
BW-RLC,RLC,2000-01-01,2001-02-28,on_ds_daily_axis
BW-RLD,RLD,2000-01-01,2016-03-22,on_ds_daily_axis
BW-RLF,RLF,2000-01-01,2009-12-18,on_ds_daily_axis
BW-US75605Y1064,RLGY,2000-01-01,2022-08-10,on_ds_daily_axis
BW-BBG000DQ5MY6,RLH,2000-01-01,2021-03-18,on_ds_daily_axis
BW-US74965F2039,RLJE,2000-01-01,2018-10-31,on_ds_daily_axis
BW-RLM,RLM,2000-01-01,2019-07-30,on_ds_daily_axis
BW-RLOC,RLOC,2000-01-01,2016-08-09,on_ds_daily_axis
BW-RLOGQ,RLOGQ,2000-01-01,2018-03-02,on_ds_daily_axis
BW-RLR,RLR,2000-01-01,2000-09-01,on_ds_daily_axis
BW-RLRN,RLRN,2000-01-01,2011-10-19,on_ds_daily_axis
BW-RLYP,RLYP,2000-01-01,2016-08-31,on_ds_daily_axis
BW-BBG005XNT8X6,RMBL,2000-01-01,2025-08-12,on_ds_daily_axis
BW-RMDY,RMDY,2000-01-01,2001-08-27,on_ds_daily_axis
BW-US74933X2036,RMED,2000-01-01,2023-10-19,on_ds_daily_axis
BW-C0001512074,RMG,2000-01-01,2020-12-30,on_ds_daily_axis
BW-RMGBW,RMGBW,2000-01-01,2021-09-03,on_ds_daily_axis
BW-KYG760881063,RMGC,2000-01-01,2024-06-24,on_ds_daily_axis
BW-C0001512074-RMGN,RMGN,2000-01-01,2018-09-28,on_ds_daily_axis
BW-RMHT,RMHT,2000-01-01,2004-04-02,on_ds_daily_axis
BW-RMI1,RMI1,2000-01-01,2007-01-29,on_ds_daily_axis
BW-RMIXQ,RMIXQ,2000-01-01,2010-08-31,on_ds_daily_axis
BW-RML,RML,2000-01-01,2018-02-22,on_ds_daily_axis
BW-US7761531083,RMO,2000-01-01,2022-10-14,on_ds_daily_axis
BW-C0001620928,RMP,2000-01-01,2018-07-20,on_ds_daily_axis
BW-RMRM,RMRM,2000-01-01,2021-12-02,on_ds_daily_axis
BW-RMTR,RMTR,2000-01-01,2012-11-20,on_ds_daily_axis
BW-RNAI,RNAI,2000-01-01,2006-12-29,on_ds_daily_axis
BW-RNBO,RNBO,2000-01-01,2004-03-15,on_ds_daily_axis
BW-US7523781091,RNDB,2000-01-01,2022-10-07,on_ds_daily_axis
BW-RNDC,RNDC,2000-01-01,2006-04-05,on_ds_daily_axis
BW-RNDY,RNDY,2000-01-01,2015-12-17,on_ds_daily_axis
BW-RNE,RNE,2000-01-01,2015-03-20,on_ds_daily_axis
BW-RNERW,RNERW,2000-01-01,2023-02-28,on_ds_daily_axis
BW-BBG000PLQYN7,RNET,2000-01-01,2021-04-30,on_ds_daily_axis
BW-RNF,RNF,2000-01-01,2016-03-31,on_ds_daily_axis
BW-RNGY,RNGY,2000-01-01,2012-01-10,on_ds_daily_axis
BW-RNHDA,RNHDA,2000-01-01,2007-02-15,on_ds_daily_axis
BW-RNIC,RNIC,2000-01-01,2001-02-16,on_ds_daily_axis
BW-RNJ,RNJ,2000-01-01,2012-07-11,on_ds_daily_axis
BW-BBG00X2TN9G9,RNLX,2000-01-01,2024-12-09,on_ds_daily_axis
BW-US7616401011,RNN,2000-01-01,2019-06-28,on_ds_daily_axis
BW-RNOW,RNOW,2000-01-01,2012-01-26,on_ds_daily_axis
BW-RNVAZ,RNVAZ,2000-01-01,2017-10-24,on_ds_daily_axis
BW-RNVS,RNVS,2000-01-01,2008-05-02,on_ds_daily_axis
BW-BBG000BX9237,RNWK,2000-01-01,2022-12-23,on_ds_daily_axis
BW-RNY,RNY,2000-01-01,2012-07-11,on_ds_daily_axis
BW-ROAC,ROAC,2000-01-01,2011-01-19,on_ds_daily_axis
BW-ROAN,ROAN,2000-01-01,2019-12-05,on_ds_daily_axis
BW-US7786732021,ROCCU,2000-01-01,2021-07-28,on_ds_daily_axis
BW-ROCCW,ROCCW,2000-01-01,2021-07-29,on_ds_daily_axis
BW-US77867P1049,ROCG,2000-01-01,2023-05-23,on_ds_daily_axis
BW-ROCHW,ROCHW,2000-01-01,2021-03-18,on_ds_daily_axis
BW-ROCM,ROCM,2000-01-01,2013-11-13,on_ds_daily_axis
BW-US77867Q1022,ROCR,2000-01-01,2022-02-18,on_ds_daily_axis
BW-ROCRW,ROCRW,2000-01-01,2022-02-14,on_ds_daily_axis
BW-ROC_OLD,ROC_OLD,2000-01-01,2015-01-12,on_ds_daily_axis
BW-US77118V1089,ROC_OLD1,2000-01-01,2023-06-20,on_ds_daily_axis
BW-ROH,ROH,2000-01-01,2009-04-01,on_ds_daily_axis
BW-ROHIQ,ROHIQ,2000-01-01,2013-09-25,on_ds_daily_axis
BW-ROIA,ROIA,2000-01-01,2017-05-05,on_ds_daily_axis
BW-ROIAK,ROIAK,2000-01-01,2017-05-05,on_ds_daily_axis
BW-ROICW,ROICW,2000-01-01,2014-10-17,on_ds_daily_axis
BW-ROIQ,ROIQ,2000-01-01,2015-12-07,on_ds_daily_axis
BW-ROIQU,ROIQU,2000-01-01,2015-08-17,on_ds_daily_axis
BW-ROIQW,ROIQW,2000-01-01,2015-10-26,on_ds_daily_axis
BW-ROKA,ROKA,2000-01-01,2017-12-28,on_ds_daily_axis
BW-ROMA_OLD,ROMA_OLD,2000-01-01,2013-12-06,on_ds_daily_axis
BW-ROME,ROME,2000-01-01,2011-03-31,on_ds_daily_axis
BW-ROMN,ROMN,2000-01-01,2006-04-21,on_ds_daily_axis
BW-KYG755291005,RONI,2000-01-01,2023-08-10,on_ds_daily_axis
BW-ROOM,ROOM,2000-01-01,2003-06-20,on_ds_daily_axis
BW-ROSD,ROSD,2000-01-01,2014-01-23,on_ds_daily_axis
BW-ROSE1,ROSE1,2000-01-01,2015-07-20,on_ds_daily_axis
BW-C0001362959,ROSG,2000-01-01,2018-05-21,on_ds_daily_axis
BW-ROSI,ROSI,2000-01-01,2000-08-28,on_ds_daily_axis
BW-ROSS-U,ROSS-U,2000-01-01,2021-12-17,on_ds_daily_axis
BW-ROSS-UN,ROSS-UN,2000-01-01,2024-03-18,on_ds_daily_axis
BW-ROVI,ROVI,2000-01-01,2016-09-07,on_ds_daily_axis
BW-ROWE,ROWE,2000-01-01,2001-11-06,on_ds_daily_axis
BW-BBG00HPSGC63,ROX,2000-01-01,2019-10-08,on_ds_daily_axis
BW-ROXA,ROXA,2000-01-01,2017-05-09,on_ds_daily_axis
BW-ROY,ROY,2000-01-01,2010-02-22,on_ds_daily_axis
BW-BBG000CN5CJ3,RP,2000-01-01,2021-04-22,on_ds_daily_axis
BW-BBG00JRSW6S8,RPAI,2000-01-01,2021-10-22,on_ds_daily_axis
BW-RPB,RPB,2000-01-01,2007-10-04,on_ds_daily_axis
BW-RPCX,RPCX,2000-01-01,2000-11-29,on_ds_daily_axis
BW-RPF,RPF,2000-01-01,2009-12-18,on_ds_daily_axis
BW-US75974E1038,RPHM,2000-01-01,2024-10-04,on_ds_daily_axis
BW-RPIN,RPIN,2000-01-01,2013-05-20,on_ds_daily_axis
BW-C0000897075,RPRX_OLD,2000-01-01,2018-01-31,on_ds_daily_axis
BW-RPTP,RPTP,2000-01-01,2016-10-24,on_ds_daily_axis
BW-RPTR,RPTR,2000-01-01,2002-08-12,on_ds_daily_axis
BW-C0001509432,RPXC,2000-01-01,2018-06-19,on_ds_daily_axis
BW-RRA,RRA,2000-01-01,2007-02-14,on_ds_daily_axis
BW-BBG00D0MXGL7,RRD,2000-01-01,2022-02-25,on_ds_daily_axis
BW-RRM,RRM,2000-01-01,2016-07-05,on_ds_daily_axis
BW-RRMS,RRMS,2000-01-01,2016-09-29,on_ds_daily_axis
BW-RRRR,RRRR,2000-01-01,2002-12-20,on_ds_daily_axis
BW-C0001389305,RRR_OLD,2000-01-01,2012-04-30,on_ds_daily_axis
BW-RSAS,RSAS,2000-01-01,2006-09-15,on_ds_daily_axis
BW-RSBI,RSBI,2000-01-01,2001-06-29,on_ds_daily_axis
BW-RSCR,RSCR,2000-01-01,2010-12-22,on_ds_daily_axis
BW-RSE,RSE,2000-01-01,2016-07-05,on_ds_daily_axis
BW-RSGI,RSGI,2000-01-01,2006-09-25,on_ds_daily_axis
BW-NL0000379121,RSH,2000-01-01,2015-02-02,on_ds_daily_axis
BW-RSHX,RSHX,2000-01-01,2000-10-30,on_ds_daily_axis
BW-RSLN,RSLN,2000-01-01,2003-10-31,on_ds_daily_axis
BW-US76090R1014,RSLS,2000-01-01,2025-08-14,on_ds_daily_axis
BW-RSNT,RSNT,2000-01-01,2003-03-31,on_ds_daily_axis
BW-US76120W7083,RSO,2000-01-01,2018-05-25,on_ds_daily_axis
BW-C0001588216,RSPP,2000-01-01,2018-07-18,on_ds_daily_axis
BW-RSTA,RSTA,2000-01-01,2001-07-19,on_ds_daily_axis
BW-RSTI,RSTI,2000-01-01,2016-11-07,on_ds_daily_axis
BW-RSTN,RSTN,2000-01-01,2024-11-05,on_ds_daily_axis
BW-RSTO,RSTO,2000-01-01,2008-06-17,on_ds_daily_axis
BW-BBG00YC53854,RSVA,2000-01-01,2022-02-18,on_ds_daily_axis
BW-US7748732028,RSVAU,2000-01-01,2021-07-14,on_ds_daily_axis
BW-RSVAW,RSVAW,2000-01-01,2021-07-15,on_ds_daily_axis
BW-C0000068270,RT,2000-01-01,2017-12-21,on_ds_daily_axis
BW-KYG0704V2022,RTC,2000-01-01,2026-04-06,on_ds_daily_axis
BW-BBG00FZLPZY9,RTEC,2000-01-01,2019-10-25,on_ds_daily_axis
BW-RTEX,RTEX,2000-01-01,2000-02-04,on_ds_daily_axis
BW-RTI,RTI,2000-01-01,2015-07-22,on_ds_daily_axis
BW-BBG00FHT0316,RTIX,2000-01-01,2021-01-28,on_ds_daily_axis
BW-RTK,RTK,2000-01-01,2017-10-13,on_ds_daily_axis
BW-BBG0129RR577,RTLR,2000-01-01,2022-08-24,on_ds_daily_axis
BW-RTLX,RTLX,2000-01-01,2013-02-05,on_ds_daily_axis
BW-BBG0089KLSN8,RTN,2000-01-01,2020-04-02,on_ds_daily_axis
BW-RTP,RTP,2000-01-01,2021-09-03,on_ds_daily_axis
BW-RTP-U,RTP-U,2000-01-01,2021-08-10,on_ds_daily_axis
BW-RTP-UN,RTP-UN,2000-01-01,2021-08-10,on_ds_daily_axis
BW-RTPRQ,RTPRQ,2000-01-01,2008-12-17,on_ds_daily_axis
BW-KYG7484L1068,RTPY,2000-01-01,2021-11-09,on_ds_daily_axis
BW-BBG015TMQWM4,RTPZ,2000-01-01,2022-02-18,on_ds_daily_axis
BW-RTPZ-U,RTPZ-U,2000-01-01,2021-08-02,on_ds_daily_axis
BW-RTRN,RTRN,2000-01-01,2001-08-02,on_ds_daily_axis
BW-BBG00JSKK5D5,RTRX,2000-01-01,2020-11-19,on_ds_daily_axis
BW-RTSX,RTSX,2000-01-01,2008-02-21,on_ds_daily_axis
BW-US7678361095,RTTR,2000-01-01,2020-05-22,on_ds_daily_axis
BW-RTU,RTU,2000-01-01,2010-03-12,on_ds_daily_axis
BW-RTWI,RTWI,2000-01-01,2007-12-17,on_ds_daily_axis
BW-RUBO,RUBO,2000-01-01,2010-08-24,on_ds_daily_axis
BW-RUE,RUE,2000-01-01,2013-10-10,on_ds_daily_axis
BW-RUK,RUK,2000-01-01,2015-07-01,on_ds_daily_axis
BW-RUM1,RUM1,2000-01-01,2006-03-22,on_ds_daily_axis
BW-RUMBW_OLD,RUMBW_OLD,2000-01-01,2023-12-13,on_ds_daily_axis
BW-RURL,RURL,2000-01-01,2011-06-30,on_ds_daily_axis
BW-RUTX,RUTX,2000-01-01,2006-12-06,on_ds_daily_axis
BW-US7693951045,RVAC,2000-01-01,2022-08-26,on_ds_daily_axis
BW-RVACW,RVACW,2000-01-01,2022-08-26,on_ds_daily_axis
BW-RVBD,RVBD,2000-01-01,2015-04-24,on_ds_daily_axis
BW-RVEE,RVEE,2000-01-01,2003-02-20,on_ds_daily_axis
BW-US7613782074,RVEN,2000-01-01,2019-11-01,on_ds_daily_axis
BW-RVFD,RVFD,2000-01-01,2004-09-02,on_ds_daily_axis
BW-RVI1,RVI1,2000-01-01,2011-05-25,on_ds_daily_axis
BW-BBG00YG4YR84,RVI_OLD,2000-01-01,2022-06-08,on_ds_daily_axis
BW-RVM,RVM,2000-01-01,2015-06-15,on_ds_daily_axis
BW-RVWD,RVWD,2000-01-01,2001-07-02,on_ds_daily_axis
BW-RWAV,RWAV,2000-01-01,2003-12-19,on_ds_daily_axis
BW-US7595251080,RWC,2000-01-01,2018-06-04,on_ds_daily_axis
BW-RWDT,RWDT,2000-01-01,2003-09-15,on_ds_daily_axis
BW-RWE,RWE,2000-01-01,2018-06-08,on_ds_daily_axis
BW-RWF,RWF,2000-01-01,2010-03-12,on_ds_daily_axis
BW-RWGE,RWGE,2000-01-01,2019-12-13,on_ds_daily_axis
BW-RWKS,RWKS,2000-01-01,2001-09-20,on_ds_daily_axis
BW-IL0011331076,RWLK,2000-01-01,2024-02-07,on_ds_daily_axis
BW-US7580831094,RWOD,2000-01-01,2024-06-21,on_ds_daily_axis
BW-RWY,RWY,2000-01-01,2006-11-14,on_ds_daily_axis
BW-RX,RX,2000-01-01,2018-02-22,on_ds_daily_axis
BW-RXDX_OLD,RXDX_OLD,2000-01-01,2018-02-08,on_ds_daily_axis
BW-US74979C5013,RXII,2000-01-01,2018-11-16,on_ds_daily_axis
BW-BBG000H8R0N8,RXN,2000-01-01,2021-12-06,on_ds_daily_axis
BW-RXPC,RXPC,2000-01-01,2011-09-12,on_ds_daily_axis
BW-US74981W1071,RXRA,2000-01-01,2023-01-27,on_ds_daily_axis
BW-RXSD,RXSD,2000-01-01,2000-07-10,on_ds_daily_axis
BW-RYA,RYA,2000-01-01,2018-10-05,on_ds_daily_axis
BW-RYAN_OLD,RYAN_OLD,2000-01-01,2006-10-31,on_ds_daily_axis
BW-US74979W1018,RYB,2000-01-01,2024-04-08,on_ds_daily_axis
BW-RYC,RYC,2000-01-01,2017-03-20,on_ds_daily_axis
BW-VGG0335L2012,RYCE,2000-01-01,2021-01-28,on_ds_daily_axis
BW-RYG,RYG,2000-01-01,2006-10-03,on_ds_daily_axis
BW-RYI1,RYI1,2000-01-01,2007-10-18,on_ds_daily_axis
BW-RYL,RYL,2000-01-01,2015-09-30,on_ds_daily_axis
BW-RYM_OLD,RYM_OLD,2000-01-01,2025-09-23,on_ds_daily_axis
BW-RYO,RYO,2000-01-01,2018-01-30,on_ds_daily_axis
BW-RYOU,RYOU,2000-01-01,2003-06-30,on_ds_daily_axis
BW-RZT,RZT,2000-01-01,2003-11-20,on_ds_daily_axis
BW-SAAS,SAAS,2000-01-01,2016-11-11,on_ds_daily_axis
BW-SACC,SACC,2000-01-01,2024-12-27,on_ds_daily_axis
BW-SAE,SAE,2000-01-01,2018-01-30,on_ds_daily_axis
BW-SAFE_OLD,SAFE_OLD,2000-01-01,2004-01-27,on_ds_daily_axis
BW-C0000086104,SAF_OLD1,2000-01-01,2008-09-22,on_ds_daily_axis
BW-SAGI,SAGI,2000-01-01,2002-02-19,on_ds_daily_axis
BW-SAI,SAI,2000-01-01,2024-11-13,on_ds_daily_axis
BW-SAIIW,SAIIW,2000-01-01,2021-08-13,on_ds_daily_axis
BW-SAJA,SAJA,2000-01-01,2017-07-19,on_ds_daily_axis
BW-SAJ_OLD,SAJ_OLD,2000-01-01,2000-12-29,on_ds_daily_axis
BW-SAK,SAK,2000-01-01,2022-07-13,on_ds_daily_axis
BW-SALE,SALE,2000-01-01,2017-05-22,on_ds_daily_axis
BW-US80821R1095,SAMA_OLD,2000-01-01,2021-04-28,on_ds_daily_axis
BW-SAMB,SAMB,2000-01-01,2010-12-06,on_ds_daily_axis
BW-US79956P1021,SANB,2000-01-01,2022-10-28,on_ds_daily_axis
BW-SANG_OLD,SANG_OLD,2000-01-01,2003-09-12,on_ds_daily_axis
BW-SANYY,SANYY,2000-01-01,2011-04-21,on_ds_daily_axis
BW-SAPE,SAPE,2000-01-01,2015-02-05,on_ds_daily_axis
BW-BBG00QS5N3V4,SAQN,2000-01-01,2021-01-28,on_ds_daily_axis
BW-US83406B2007,SAQNU,2000-01-01,2020-10-23,on_ds_daily_axis
BW-SAQNW,SAQNW,2000-01-01,2020-10-15,on_ds_daily_axis
BW-SARAQ,SARAQ,2000-01-01,2015-12-04,on_ds_daily_axis
BW-SASA,SASA,2000-01-01,2015-04-01,on_ds_daily_axis
BW-SATCQ,SATCQ,2000-01-01,2016-07-29,on_ds_daily_axis
BW-SATH,SATH,2000-01-01,2004-04-14,on_ds_daily_axis
BW-SATX-WTA,SATX-WTA,2000-01-01,2023-11-16,on_ds_daily_axis
BW-SAUC,SAUC,2000-01-01,2020-02-25,on_ds_daily_axis
BW-SAVB,SAVB,2000-01-01,2012-12-14,on_ds_daily_axis
BW-BBG00PQ1PPP3,SAVE,2000-01-01,2024-11-18,on_ds_daily_axis
BW-SAWS_OLD,SAWS_OLD,2000-01-01,2001-07-19,on_ds_daily_axis
BW-SAX1,SAX1,2000-01-01,2006-12-01,on_ds_daily_axis
BW-SAXN,SAXN,2000-01-01,2006-12-01,on_ds_daily_axis
BW-SAYCY,SAYCY,2000-01-01,2012-03-12,on_ds_daily_axis
BW-SBAN,SBAN,2000-01-01,2001-11-16,on_ds_daily_axis
BW-SBAS,SBAS,2000-01-01,2003-01-07,on_ds_daily_axis
BW-SBBA,SBBA,2000-01-01,2025-02-28,on_ds_daily_axis
BW-IE00BYZ5XL97,SBBP,2000-01-01,2021-10-05,on_ds_daily_axis
BW-SBBX,SBBX,2000-01-01,2020-08-03,on_ds_daily_axis
BW-SBCP,SBCP,2000-01-01,2017-12-29,on_ds_daily_axis
BW-US87105M1027,SBE,2000-01-01,2021-04-29,on_ds_daily_axis
BW-US82836L2007,SBEAU,2000-01-01,2022-02-09,on_ds_daily_axis
BW-SBEAW,SBEAW,2000-01-01,2024-06-04,on_ds_daily_axis
BW-SBER,SBER,2000-01-01,2021-12-17,on_ds_daily_axis
BW-US69120X1072,SBG,2000-01-01,2021-07-16,on_ds_daily_axis
BW-SBG-U,SBG-U,2000-01-01,2021-07-15,on_ds_daily_axis
BW-SBGA,SBGA,2000-01-01,2006-12-29,on_ds_daily_axis
BW-C0001561694,SBGL,2000-01-01,2020-04-20,on_ds_daily_axis
BW-SBIB,SBIB,2000-01-01,2011-07-27,on_ds_daily_axis
BW-US7997921066,SBII,2000-01-01,2022-11-29,on_ds_daily_axis
BW-SBII-U,SBII-U,2000-01-01,2021-12-16,on_ds_daily_axis
BW-SBII-UN,SBII-UN,2000-01-01,2022-11-29,on_ds_daily_axis
BW-SBIT_OLD,SBIT_OLD,2000-01-01,2006-12-08,on_ds_daily_axis
BW-SBKC,SBKC,2000-01-01,2016-03-01,on_ds_daily_axis
BW-SBL,SBL,2000-01-01,2007-01-09,on_ds_daily_axis
BW-SBMC,SBMC,2000-01-01,2022-03-02,on_ds_daily_axis
BW-SBMO,SBMO,2000-01-01,2020-06-05,on_ds_daily_axis
BW-SBN,SBN,2000-01-01,2018-01-30,on_ds_daily_axis
BW-SBNYW,SBNYW,2000-01-01,2018-12-12,on_ds_daily_axis
BW-SBRG,SBRG,2000-01-01,2002-03-01,on_ds_daily_axis
BW-SBSE,SBSE,2000-01-01,2006-06-06,on_ds_daily_axis
BW-SBTX,SBTX,2000-01-01,2022-11-08,on_ds_daily_axis
BW-SBX,SBX,2000-01-01,2013-02-07,on_ds_daily_axis
BW-SBY,SBY,2000-01-01,2017-05-08,on_ds_daily_axis
BW-SBYN,SBYN,2000-01-01,2005-08-25,on_ds_daily_axis
BW-BBG004T0YC41,SC,2000-01-01,2022-01-28,on_ds_daily_axis
BW-SCAI,SCAI,2000-01-01,2017-03-23,on_ds_daily_axis
BW-SCB,SCB,2000-01-01,2008-10-31,on_ds_daily_axis
BW-SCBL,SCBL,2000-01-01,2002-03-28,on_ds_daily_axis
BW-SCC1,SCC1,2000-01-01,2006-09-13,on_ds_daily_axis
BW-SCCB,SCCB,2000-01-01,2024-07-10,on_ds_daily_axis
BW-SCES,SCES,2000-01-01,2002-08-01,on_ds_daily_axis
BW-SCFS,SCFS,2000-01-01,2004-07-23,on_ds_daily_axis
BW-US80589M1027,SCG,2000-01-01,2018-12-31,on_ds_daily_axis
BW-C0000726512,SCIO_OLD,2000-01-01,2003-04-29,on_ds_daily_axis
BW-SCLD,SCLD,2000-01-01,2014-11-28,on_ds_daily_axis
BW-US11134Y1010,SCLE,2000-01-01,2023-01-13,on_ds_daily_axis
BW-SCLN,SCLN,2000-01-01,2017-10-13,on_ds_daily_axis
BW-SCMF,SCMF,2000-01-01,2012-10-01,on_ds_daily_axis
BW-SCMP,SCMP,2000-01-01,2018-02-13,on_ds_daily_axis
BW-SCMR,SCMR,2000-01-01,2016-11-21,on_ds_daily_axis
BW-SCNB,SCNB,2000-01-01,2017-03-31,on_ds_daily_axis
BW-SCNYB,SCNYB,2000-01-01,2005-09-16,on_ds_daily_axis
BW-KYG310671048,SCOA,2000-01-01,2023-01-27,on_ds_daily_axis
BW-KYG310701084,SCOB,2000-01-01,2023-02-27,on_ds_daily_axis
BW-SCOP,SCOP,2000-01-01,2009-03-12,on_ds_daily_axis
BW-SCOXQ,SCOXQ,2000-01-01,2013-12-09,on_ds_daily_axis
BW-SCPE-U,SCPE-U,2000-01-01,2021-12-17,on_ds_daily_axis
BW-CA80919D2023,SCR,2000-01-01,2021-12-17,on_ds_daily_axis
BW-SCRA,SCRA,2000-01-01,2008-12-01,on_ds_daily_axis
BW-SCRJY,SCRJY,2000-01-01,2008-06-26,on_ds_daily_axis
BW-SCRX,SCRX,2000-01-01,2008-10-09,on_ds_daily_axis
BW-SCR_OLD,SCR_OLD,2000-01-01,2013-12-23,on_ds_daily_axis
BW-SCSS,SCSS,2000-01-01,2017-10-31,on_ds_daily_axis
BW-SCTT,SCTT,2000-01-01,2001-05-03,on_ds_daily_axis
BW-SCUR,SCUR,2000-01-01,2008-11-18,on_ds_daily_axis
BW-SCVX-U,SCVX-U,2000-01-01,2021-12-17,on_ds_daily_axis
BW-SCVX-UN,SCVX-UN,2000-01-01,2022-05-09,on_ds_daily_axis
BW-SCY_OLD,SCY_OLD,2000-01-01,2020-12-11,on_ds_daily_axis
BW-SDBT,SDBT,2000-01-01,2013-07-03,on_ds_daily_axis
BW-BBG00PZZ94F4,SDC,2000-01-01,2023-12-21,on_ds_daily_axis
BW-SDCO,SDCO,2000-01-01,2000-08-31,on_ds_daily_axis
BW-SDF,SDF,2000-01-01,2018-02-28,on_ds_daily_axis
BW-KYG3932F1063,SDH,2000-01-01,2022-10-14,on_ds_daily_axis
BW-SDI,SDI,2000-01-01,2020-07-16,on_ds_daily_axis
BW-SDLI,SDLI,2000-01-01,2001-02-13,on_ds_daily_axis
BW-USY7545W1090,SDLP,2000-01-01,2019-09-11,on_ds_daily_axis
BW-SDNA,SDNA,2000-01-01,2015-06-10,on_ds_daily_axis
BW-SDRL1,SDRL1,2000-01-01,2018-07-02,on_ds_daily_axis
BW-BMG7998G1069,SDRL_OLD,2000-01-01,2021-12-17,on_ds_daily_axis
BW-SDRV,SDRV,2000-01-01,2001-11-16,on_ds_daily_axis
BW-BBG01YT12YR4,SDT,2000-01-01,2019-11-18,on_ds_daily_axis
BW-SDW,SDW,2000-01-01,2016-10-26,on_ds_daily_axis
BW-SDXC,SDXC,2000-01-01,2010-05-03,on_ds_daily_axis
BW-SE1,SE1,2000-01-01,2017-02-24,on_ds_daily_axis
BW-SEA1,SEA1,2000-01-01,2007-11-30,on_ds_daily_axis
BW-C0002075786,SEAH,2000-01-01,2022-01-27,on_ds_daily_axis
BW-SEAH-U,SEAH-U,2000-01-01,2021-12-17,on_ds_daily_axis
BW-BBG003RY97K2,SEAS,2000-01-01,2024-02-12,on_ds_daily_axis
BW-SEBL,SEBL,2000-01-01,2006-01-31,on_ds_daily_axis
BW-SEC,SEC,2000-01-01,2000-11-20,on_ds_daily_axis
BW-SECM,SECM,2000-01-01,2000-12-29,on_ds_daily_axis
BW-BBG00K6821F0,SECO,2000-01-01,2024-05-06,on_ds_daily_axis
BW-SEDA_OLD,SEDA_OLD,2000-01-01,2021-11-19,on_ds_daily_axis
BW-SEEC,SEEC,2000-01-01,2009-04-07,on_ds_daily_axis
BW-SEGU,SEGU,2000-01-01,2006-04-19,on_ds_daily_axis
BW-SEG_OLD,SEG_OLD,2000-01-01,2000-11-21,on_ds_daily_axis
BW-SEH,SEH,2000-01-01,2013-04-01,on_ds_daily_axis
BW-US8428141050,SEHI,2000-01-01,2006-10-20,on_ds_daily_axis
BW-SEL,SEL,2000-01-01,2009-03-20,on_ds_daily_axis
BW-SELA,SELA,2000-01-01,2007-02-20,on_ds_daily_axis
BW-SEMI1,SEMI1,2000-01-01,2010-12-23,on_ds_daily_axis
BW-SEMI_OLD,SEMI_OLD,2000-01-01,2016-12-01,on_ds_daily_axis
BW-SEMX,SEMX,2000-01-01,2003-03-07,on_ds_daily_axis
BW-SEN,SEN,2000-01-01,2007-11-08,on_ds_daily_axis
BW-US8168831027,SEND,2000-01-01,2019-01-31,on_ds_daily_axis
BW-SENO,SENO,2000-01-01,2010-07-06,on_ds_daily_axis
BW-US84756N1090,SEP,2000-01-01,2018-12-17,on_ds_daily_axis
BW-SEPR,SEPR,2000-01-01,2009-10-20,on_ds_daily_axis
BW-SERO,SERO,2000-01-01,2006-07-14,on_ds_daily_axis
BW-SERV1,SERV1,2000-01-01,2011-08-29,on_ds_daily_axis
BW-US8177631053,SESN,2000-01-01,2023-03-08,on_ds_daily_axis
BW-SES_OLD,SES_OLD,2000-01-01,2020-10-22,on_ds_daily_axis
BW-SEVN_OLD,SEVN_OLD,2000-01-01,2021-10-01,on_ds_daily_axis
BW-SEV_OLD,SEV_OLD,2000-01-01,2017-09-27,on_ds_daily_axis
BW-SEWY,SEWY,2000-01-01,2000-08-01,on_ds_daily_axis
BW-SFA,SFA,2000-01-01,2006-02-24,on_ds_daily_axis
BW-SFAM,SFAM,2000-01-01,2002-12-06,on_ds_daily_axis
BW-SFBC1,SFBC1,2000-01-01,2008-02-29,on_ds_daily_axis
BW-SFC,SFC,2000-01-01,2007-08-01,on_ds_daily_axis
BW-SFD_OLD,SFD_OLD,2000-01-01,2018-01-30,on_ds_daily_axis
BW-US7864492076,SFE,2000-01-01,2024-02-09,on_ds_daily_axis
BW-SFF,SFF,2000-01-01,2008-02-14,on_ds_daily_axis
BW-SFFB,SFFB,2000-01-01,2004-04-30,on_ds_daily_axis
BW-SFFC,SFFC,2000-01-01,2004-03-10,on_ds_daily_axis
BW-SFFS,SFFS,2000-01-01,2006-07-14,on_ds_daily_axis
BW-C0000811808,SFG,2000-01-01,2016-03-07,on_ds_daily_axis
BW-BBG000C3CT93,SFLY,2000-01-01,2019-09-24,on_ds_daily_axis
BW-SFNT,SFNT,2000-01-01,2007-04-12,on_ds_daily_axis
BW-C0000914536,SFN_OLD,2000-01-01,2011-09-02,on_ds_daily_axis
BW-SFP,SFP,2000-01-01,2017-12-29,on_ds_daily_axis
BW-SFR_OLD,SFR_OLD,2000-01-01,2017-11-15,on_ds_daily_axis
BW-US83190B1017,SFS,2000-01-01,2019-06-19,on_ds_daily_axis
BW-SFSF,SFSF,2000-01-01,2012-02-22,on_ds_daily_axis
BW-SFSK,SFSK,2000-01-01,2000-02-08,on_ds_daily_axis
BW-SFSW,SFSW,2000-01-01,2005-10-03,on_ds_daily_axis
BW-US82452T1079,SFT,2000-01-01,2024-03-19,on_ds_daily_axis
BW-SFTTW,SFTTW,2000-01-01,2021-01-14,on_ds_daily_axis
BW-US68839R1041,SFTW,2000-01-01,2021-09-10,on_ds_daily_axis
BW-SFTW-U,SFTW-U,2000-01-01,2021-09-09,on_ds_daily_axis
BW-SFTW-UN,SFTW-UN,2000-01-01,2021-09-09,on_ds_daily_axis
BW-BBG0015QYC28,SFUN,2000-01-01,2022-06-13,on_ds_daily_axis
BW-SFUN1,SFUN1,2000-01-01,2008-03-17,on_ds_daily_axis
BW-SFXE,SFXE,2000-01-01,2016-12-02,on_ds_daily_axis
BW-US75724T1034,SGAM,2000-01-01,2021-10-22,on_ds_daily_axis
BW-US8122272052,SGAMU,2000-01-01,2021-10-22,on_ds_daily_axis
BW-SGAMW,SGAMW,2000-01-01,2021-10-22,on_ds_daily_axis
BW-US84502A1043,SGB,2000-01-01,2020-04-02,on_ds_daily_axis
BW-SGBK,SGBK,2000-01-01,2017-09-26,on_ds_daily_axis
BW-SGDE,SGDE,2000-01-01,2006-08-30,on_ds_daily_axis
BW-BBG016C9FT75,SGFY,2000-01-01,2023-04-03,on_ds_daily_axis
BW-KYG8232Y1017,SGH,2000-01-01,2024-10-15,on_ds_daily_axis
BW-SGID,SGID,2000-01-01,2006-10-16,on_ds_daily_axis
BW-C0001316625,SGI_OLD,2000-01-01,2019-06-07,on_ds_daily_axis
BW-SGK,SGK,2000-01-01,2014-07-29,on_ds_daily_axis
BW-SGM,SGM,2000-01-01,2017-05-31,on_ds_daily_axis
BW-SGNT,SGNT,2000-01-01,2016-08-29,on_ds_daily_axis
BW-SGO,SGO,2000-01-01,2018-02-28,on_ds_daily_axis
BW-KYG807511293,SGOC,2000-01-01,2022-02-18,on_ds_daily_axis
BW-SGSF,SGSF,2000-01-01,2002-07-17,on_ds_daily_axis
BW-SGT,SGT,2000-01-01,2022-03-02,on_ds_daily_axis
BW-SGTL,SGTL,2000-01-01,2008-04-30,on_ds_daily_axis
BW-SGVB,SGVB,2000-01-01,2000-06-30,on_ds_daily_axis
BW-SGXP,SGXP,2000-01-01,2008-08-20,on_ds_daily_axis
BW-C0000319643-SGY,SGY,2000-01-01,2018-05-09,on_ds_daily_axis
BW-C0001347613,SGYP,2000-01-01,2019-03-07,on_ds_daily_axis
BW-SGYPW,SGYPW,2000-01-01,2016-12-06,on_ds_daily_axis
BW-SHA,SHA,2000-01-01,2022-03-02,on_ds_daily_axis
BW-US7840651043,SHAC,2000-01-01,2023-01-13,on_ds_daily_axis
BW-SHAP-UN,SHAP-UN,2000-01-01,2024-02-22,on_ds_daily_axis
BW-SHAW,SHAW,2000-01-01,2013-02-12,on_ds_daily_axis
BW-SHBK,SHBK,2000-01-01,2008-05-30,on_ds_daily_axis
BW-US84854Q1031,SHCA,2000-01-01,2023-01-05,on_ds_daily_axis
BW-SHDBQ,SHDBQ,2000-01-01,2014-12-16,on_ds_daily_axis
BW-SHEL_OLD,SHEL_OLD,2000-01-01,2002-05-09,on_ds_daily_axis
BW-SHF,SHF,2000-01-01,2012-12-14,on_ds_daily_axis
BW-SHFL,SHFL,2000-01-01,2013-11-25,on_ds_daily_axis
BW-BBG00FZLJBT5,SHLD_OLD,2000-01-01,2018-10-23,on_ds_daily_axis
BW-BBG00N9MJTZ9,SHLL,2000-01-01,2020-10-02,on_ds_daily_axis
BW-SHLL-U,SHLL-U,2000-01-01,2020-10-01,on_ds_daily_axis
BW-SHLL-UN,SHLL-UN,2000-01-01,2020-10-01,on_ds_daily_axis
BW-C0000087565,SHLM,2000-01-01,2018-08-20,on_ds_daily_axis
BW-BBG000BH8CK2,SHLO,2000-01-01,2020-09-10,on_ds_daily_axis
BW-SHLR,SHLR,2000-01-01,2002-02-21,on_ds_daily_axis
BW-SHMR,SHMR,2000-01-01,2011-06-30,on_ds_daily_axis
BW-SHOEQ,SHOEQ,2000-01-01,2008-11-06,on_ds_daily_axis
BW-SHOR,SHOR,2000-01-01,2017-09-22,on_ds_daily_axis
BW-US82481R1068,SHPG,2000-01-01,2019-01-07,on_ds_daily_axis
BW-SHP_OLD,SHP_OLD,2000-01-01,2000-08-28,on_ds_daily_axis
BW-US8228211046,SHQA,2000-01-01,2023-02-02,on_ds_daily_axis
BW-SHRGY,SHRGY,2000-01-01,2006-11-22,on_ds_daily_axis
BW-SHRP,SHRP,2000-01-01,2008-09-16,on_ds_daily_axis
BW-SHS,SHS,2000-01-01,2018-01-31,on_ds_daily_axis
BW-BBG001MB8553,SHSP,2000-01-01,2021-09-01,on_ds_daily_axis
BW-SHU,SHU,2000-01-01,2018-01-24,on_ds_daily_axis
BW-SHWC,SHWC,2000-01-01,2001-02-26,on_ds_daily_axis
BW-SHX,SHX,2000-01-01,2001-01-08,on_ds_daily_axis
BW-SIA,SIA,2000-01-01,2000-06-07,on_ds_daily_axis
BW-SIAL,SIAL,2000-01-01,2015-11-18,on_ds_daily_axis
BW-SIB,SIB,2000-01-01,2018-01-30,on_ds_daily_axis
BW-SIBC,SIBC,2000-01-01,2015-11-17,on_ds_daily_axis
BW-SIDE,SIDE,2000-01-01,2015-07-10,on_ds_daily_axis
BW-SIE,SIE,2000-01-01,2018-02-28,on_ds_daily_axis
BW-US8263321080,SIER,2000-01-01,2023-01-20,on_ds_daily_axis
BW-US78425V1044,SIFI_OLD,2000-01-01,2019-05-17,on_ds_daily_axis
BW-C0000721083,SII_OLD,2000-01-01,2010-08-27,on_ds_daily_axis
BW-SILI,SILI,2000-01-01,2005-05-16,on_ds_daily_axis
BW-US8354661030,SIMA_OLD,2000-01-01,2023-02-21,on_ds_daily_axis
BW-SIMG,SIMG,2000-01-01,2015-03-09,on_ds_daily_axis
BW-SIMN,SIMN,2000-01-01,2002-02-22,on_ds_daily_axis
BW-KYG814771047,SINA,2000-01-01,2021-03-22,on_ds_daily_axis
BW-US82935V2088,SINO,2000-01-01,2022-01-06,on_ds_daily_axis
BW-SINT1,SINT1,2000-01-01,2008-12-29,on_ds_daily_axis
BW-SIPX,SIPX,2000-01-01,2007-08-24,on_ds_daily_axis
BW-US81618T1007,SIR,2000-01-01,2023-12-13,on_ds_daily_axis
BW-SIRF,SIRF,2000-01-01,2009-06-25,on_ds_daily_axis
BW-SIRO,SIRO,2000-01-01,2016-02-26,on_ds_daily_axis
BW-SIRT,SIRT,2000-01-01,2008-06-05,on_ds_daily_axis
BW-SIRV,SIRV,2000-01-01,2008-03-05,on_ds_daily_axis
BW-SISI_OLD,SISI_OLD,2000-01-01,2005-04-28,on_ds_daily_axis
BW-BBG00G9F43F4,SIVB,2000-01-01,2023-03-09,on_ds_daily_axis
BW-SIVBP,SIVBP,2000-01-01,2023-05-11,on_ds_daily_axis
BW-SIXX,SIXX,2000-01-01,2006-09-29,on_ds_daily_axis
BW-SIZ1,SIZ1,2000-01-01,2006-11-09,on_ds_daily_axis
BW-BBG00MMM95S7,SI_OLD1,2000-01-01,2023-07-12,on_ds_daily_axis
BW-SJFC,SJFC,2000-01-01,2000-07-27,on_ds_daily_axis
BW-BBG00D0MYYY3,SJI,2000-01-01,2023-01-31,on_ds_daily_axis
BW-SJNB,SJNB,2000-01-01,2001-10-23,on_ds_daily_axis
BW-SJOE,SJOE,2000-01-01,2007-01-31,on_ds_daily_axis
BW-BBG009H6QFG9,SJR,2000-01-01,2023-04-03,on_ds_daily_axis
BW-BBG000BT1ZY7,SJW,2000-01-01,2025-05-16,on_ds_daily_axis
BW-SK,SK,2000-01-01,2016-10-26,on_ds_daily_axis
BW-US8308841027,SKBI,2000-01-01,2015-12-18,on_ds_daily_axis
BW-SKCB,SKCB,2000-01-01,2000-07-31,on_ds_daily_axis
BW-SKDS,SKDS,2000-01-01,2001-04-30,on_ds_daily_axis
BW-SKFB,SKFB,2000-01-01,2017-03-13,on_ds_daily_axis
BW-SKH,SKH,2000-01-01,2018-01-30,on_ds_daily_axis
BW-C0000940181,SKIL_OLD,2000-01-01,2010-05-26,on_ds_daily_axis
BW-SKINW,SKINW,2000-01-01,2021-11-03,on_ds_daily_axis
BW-BBG000HGH140,SKIS,2000-01-01,2019-09-24,on_ds_daily_axis
BW-SKLN,SKLN,2000-01-01,2018-02-01,on_ds_daily_axis
BW-SKO,SKO,2000-01-01,2005-12-28,on_ds_daily_axis
BW-SKP,SKP,2000-01-01,2008-06-30,on_ds_daily_axis
BW-SKS,SKS,2000-01-01,2017-12-07,on_ds_daily_axis
BW-SKUL,SKUL,2000-01-01,2016-10-03,on_ds_daily_axis
BW-SKYM,SKYM,2000-01-01,2001-07-18,on_ds_daily_axis
BW-SK_OLD,SK_OLD,2000-01-01,2000-06-09,on_ds_daily_axis
BW-SLAC-U,SLAC-U,2000-01-01,2021-12-23,on_ds_daily_axis
BW-SLAC-UN,SLAC-UN,2000-01-01,2023-02-22,on_ds_daily_axis
BW-KYG813551028,SLCR,2000-01-01,2023-06-28,on_ds_daily_axis
BW-US86933G1058,SLD,2000-01-01,2018-09-28,on_ds_daily_axis
BW-US86933F6025,SLDA,2000-01-01,2018-09-26,on_ds_daily_axis
BW-SLE_OLD,SLE_OLD,2000-01-01,2012-06-28,on_ds_daily_axis
BW-SLFC,SLFC,2000-01-01,2001-01-09,on_ds_daily_axis
BW-SLFI,SLFI,2000-01-01,2008-04-04,on_ds_daily_axis
BW-SLFPD,SLFPD,2000-01-01,2018-12-06,on_ds_daily_axis
BW-SLH,SLH,2000-01-01,2016-03-03,on_ds_daily_axis
BW-SLHN,SLHN,2000-01-01,2002-03-05,on_ds_daily_axis
BW-US7844131067,SLI_OLD,2000-01-01,2016-06-01,on_ds_daily_axis
BW-SLJ,SLJ,2000-01-01,2018-09-04,on_ds_daily_axis
BW-SLMAP,SLMAP,2000-01-01,2017-05-04,on_ds_daily_axis
BW-SLMD,SLMD,2000-01-01,2002-07-03,on_ds_daily_axis
BW-SLNDW,SLNDW,2000-01-01,2024-08-19,on_ds_daily_axis
BW-SLNE,SLNE,2000-01-01,2000-11-10,on_ds_daily_axis
BW-SLNK,SLNK,2000-01-01,2022-03-02,on_ds_daily_axis
BW-SLR,SLR,2000-01-01,2018-06-28,on_ds_daily_axis
BW-SLRY,SLRY,2000-01-01,2010-10-01,on_ds_daily_axis
BW-USY7546A1145,SLTB,2000-01-01,2019-07-03,on_ds_daily_axis
BW-SLTI,SLTI,2000-01-01,2002-12-27,on_ds_daily_axis
BW-SLTM,SLTM,2000-01-01,2014-01-23,on_ds_daily_axis
BW-SLW,SLW,2000-01-01,2017-05-15,on_ds_daily_axis
BW-SLXA,SLXA,2000-01-01,2007-01-26,on_ds_daily_axis
BW-SLXP,SLXP,2000-01-01,2015-03-31,on_ds_daily_axis
BW-SMAC,SMAC,2000-01-01,2015-10-27,on_ds_daily_axis
BW-SMAPW,SMAPW,2000-01-01,2023-12-20,on_ds_daily_axis
BW-C0001292055,SMA_OLD,2000-01-01,2014-12-04,on_ds_daily_axis
BW-SMBI,SMBI,2000-01-01,2007-08-23,on_ds_daily_axis
BW-SMC_OLD,SMC_OLD,2000-01-01,2009-03-25,on_ds_daily_axis
BW-SMDI,SMDI,2000-01-01,2007-11-13,on_ds_daily_axis
BW-SMDK,SMDK,2000-01-01,2008-10-20,on_ds_daily_axis
BW-SMF1,SMF1,2000-01-01,2007-05-31,on_ds_daily_axis
BW-SMFRW,SMFRW,2000-01-01,2023-02-02,on_ds_daily_axis
BW-KYG8566R1020,SMIH,2000-01-01,2023-03-16,on_ds_daily_axis
BW-SMIL,SMIL,2000-01-01,2001-06-07,on_ds_daily_axis
BW-C0001774155,SMMC,2000-01-01,2021-01-12,on_ds_daily_axis
BW-SMMCW,SMMCW,2000-01-01,2021-01-12,on_ds_daily_axis
BW-SMMX,SMMX,2000-01-01,2010-07-01,on_ds_daily_axis
BW-SMNS,SMNS,2000-01-01,2003-09-29,on_ds_daily_axis
BW-SMOD,SMOD,2000-01-01,2011-08-26,on_ds_daily_axis
BW-SMPL1,SMPL1,2000-01-01,2015-02-27,on_ds_daily_axis
BW-SMPLW,SMPLW,2000-01-01,2018-11-05,on_ds_daily_axis
BW-SMPS,SMPS,2000-01-01,2000-12-15,on_ds_daily_axis
BW-SMPX,SMPX,2000-01-01,2003-03-27,on_ds_daily_axis
BW-SMRA,SMRA,2000-01-01,2018-04-24,on_ds_daily_axis
BW-US8583751081,SMRT_OLD,2000-01-01,2021-01-28,on_ds_daily_axis
BW-SMS,SMS,2000-01-01,2013-10-10,on_ds_daily_axis
BW-SMSC,SMSC,2000-01-01,2012-08-02,on_ds_daily_axis
BW-SMSH,SMSH,2000-01-01,2019-01-09,on_ds_daily_axis
BW-SMSHW,SMSHW,2000-01-01,2019-01-09,on_ds_daily_axis
BW-SMT,SMT,2000-01-01,2016-09-14,on_ds_daily_axis
BW-SMTA,SMTA,2000-01-01,2019-12-31,on_ds_daily_axis
BW-SMTB,SMTB,2000-01-01,2010-11-30,on_ds_daily_axis
BW-SMTL,SMTL,2000-01-01,2009-12-21,on_ds_daily_axis
BW-SMTS1,SMTS1,2000-01-01,2010-07-27,on_ds_daily_axis
BW-US8326822074,SMTX,2000-01-01,2021-04-05,on_ds_daily_axis
BW-SMU_OLD,SMU_OLD,2000-01-01,2003-12-09,on_ds_daily_axis
BW-SMVB,SMVB,2000-01-01,2006-04-03,on_ds_daily_axis
BW-SMXC,SMXC,2000-01-01,2007-10-29,on_ds_daily_axis
BW-SNAK,SNAK,2000-01-01,2017-12-14,on_ds_daily_axis
BW-SNBC,SNBC,2000-01-01,2018-01-31,on_ds_daily_axis
BW-SNBI,SNBI,2000-01-01,2007-01-03,on_ds_daily_axis
BW-SNBT,SNBT,2000-01-01,2006-03-31,on_ds_daily_axis
BW-SNC,SNC,2000-01-01,2017-11-17,on_ds_daily_axis
BW-SNDA_OLD,SNDA_OLD,2000-01-01,2012-02-14,on_ds_daily_axis
BW-C0001326089,SNDE,2000-01-01,2021-03-19,on_ds_daily_axis
BW-SNDK_OLD,SNDK_OLD,2000-01-01,2016-05-11,on_ds_daily_axis
BW-SNDS,SNDS,2000-01-01,2007-01-03,on_ds_daily_axis
BW-SNDTF,SNDTF,2000-01-01,2013-11-15,on_ds_daily_axis
BW-SNDV,SNDV,2000-01-01,2004-01-15,on_ds_daily_axis
BW-SNEN,SNEN,2000-01-01,2010-09-28,on_ds_daily_axis
BW-US74725H1014,SNET,2000-01-01,2019-06-28,on_ds_daily_axis
BW-SNF,SNF,2000-01-01,2011-08-31,on_ds_daily_axis
BW-SNG,SNG,2000-01-01,2019-06-07,on_ds_daily_axis
BW-BBG00D0MYVL3,SNH,2000-01-01,2019-12-31,on_ds_daily_axis
BW-C0001024795,SNHY,2000-01-01,2022-06-03,on_ds_daily_axis
BW-SNIC,SNIC,2000-01-01,2011-02-18,on_ds_daily_axis
BW-KYG8T86C1052,SNII,2000-01-01,2022-03-02,on_ds_daily_axis
BW-SNII-U,SNII-U,2000-01-01,2021-12-17,on_ds_daily_axis
BW-SNKTY,SNKTY,2000-01-01,2016-01-22,on_ds_daily_axis
BW-SNMX,SNMX,2000-01-01,2018-11-01,on_ds_daily_axis
BW-BBG00CTGG4L7,SNNA,2000-01-01,2019-12-16,on_ds_daily_axis
BW-SNOW_OLD,SNOW_OLD,2000-01-01,2017-07-31,on_ds_daily_axis
BW-BBG005ZP7Y84,SNP,2000-01-01,2022-11-10,on_ds_daily_axis
BW-KYG895541020,SNPR,2000-01-01,2021-09-03,on_ds_daily_axis
BW-SNPR-U,SNPR-U,2000-01-01,2021-08-26,on_ds_daily_axis
BW-BBG00JQ240C7,SNR,2000-01-01,2021-09-21,on_ds_daily_axis
BW-SNR1,SNR1,2000-01-01,2009-12-16,on_ds_daily_axis
BW-SNRA,SNRA,2000-01-01,2022-03-02,on_ds_daily_axis
BW-SNRR1,SNRR1,2000-01-01,2007-05-02,on_ds_daily_axis
BW-SNSAY,SNSAY,2000-01-01,2007-05-23,on_ds_daily_axis
BW-US8673288747,SNSS,2000-01-01,2021-03-02,on_ds_daily_axis
BW-SNSTA,SNSTA,2000-01-01,2012-01-31,on_ds_daily_axis
BW-SNTA,SNTA,2000-01-01,2016-07-22,on_ds_daily_axis
BW-SNTO,SNTO,2000-01-01,2011-04-26,on_ds_daily_axis
BW-SNTS,SNTS,2000-01-01,2013-12-31,on_ds_daily_axis
BW-SNVT,SNVT,2000-01-01,2003-06-16,on_ds_daily_axis
BW-SNWL,SNWL,2000-01-01,2010-07-23,on_ds_daily_axis
BW-SOA,SOA,2000-01-01,2012-07-02,on_ds_daily_axis
BW-KYG8598Y1098,SOAC,2000-01-01,2021-09-10,on_ds_daily_axis
BW-SOAC-U,SOAC-U,2000-01-01,2021-09-09,on_ds_daily_axis
BW-SOAC-UN,SOAC-UN,2000-01-01,2021-09-09,on_ds_daily_axis
BW-SOAP,SOAP,2000-01-01,2011-11-14,on_ds_daily_axis
BW-SOBI,SOBI,2000-01-01,2018-01-24,on_ds_daily_axis
BW-SOCB,SOCB,2000-01-01,2016-06-16,on_ds_daily_axis
BW-SOCR,SOCR,2000-01-01,2006-01-24,on_ds_daily_axis
BW-SOCT,SOCT,2000-01-01,2000-06-29,on_ds_daily_axis
BW-SOC_OLD,SOC_OLD,2000-01-01,2001-02-05,on_ds_daily_axis
BW-USM9068E1057,SODA,2000-01-01,2018-12-04,on_ds_daily_axis
BW-SOFIW,SOFIW,2000-01-01,2021-12-06,on_ds_daily_axis
BW-BBG00JRGTCK3,SOGO,2000-01-01,2021-09-23,on_ds_daily_axis
BW-SOHOM,SOHOM,2000-01-01,2017-11-13,on_ds_daily_axis
BW-BBG00G7D6C05,SOI,2000-01-01,2024-09-12,on_ds_daily_axis
BW-SOLP,SOLP,2000-01-01,2000-10-30,on_ds_daily_axis
BW-SOLUQ,SOLUQ,2000-01-01,2008-02-28,on_ds_daily_axis
BW-SOMH,SOMH,2000-01-01,2013-06-03,on_ds_daily_axis
BW-SOMN_OLD,SOMN_OLD,2000-01-01,2001-06-19,on_ds_daily_axis
BW-SOMX,SOMX,2000-01-01,2013-03-06,on_ds_daily_axis
BW-US8354511052,SONC,2000-01-01,2018-12-07,on_ds_daily_axis
BW-C0001819395,SOND,2000-01-01,2026-01-23,on_ds_daily_axis
BW-SONE,SONE,2000-01-01,2012-02-13,on_ds_daily_axis
BW-SONGW,SONGW,2000-01-01,2020-05-01,on_ds_daily_axis
BW-SONO1,SONO1,2000-01-01,2012-03-29,on_ds_daily_axis
BW-SONS,SONS,2000-01-01,2017-11-28,on_ds_daily_axis
BW-SOPN,SOPN,2000-01-01,2000-09-14,on_ds_daily_axis
BW-SOQDF,SOQDF,2000-01-01,2014-11-14,on_ds_daily_axis
BW-SORCQ,SORCQ,2000-01-01,2009-06-24,on_ds_daily_axis
BW-SORL,SORL,2000-01-01,2020-05-14,on_ds_daily_axis
BW-SOTR,SOTR,2000-01-01,2004-10-29,on_ds_daily_axis
BW-SOV,SOV,2000-01-01,2018-01-30,on_ds_daily_axis
BW-SP1,SP1,2000-01-01,2006-01-30,on_ds_daily_axis
BW-US8472351084,SPA,2000-01-01,2019-03-04,on_ds_daily_axis
BW-SPAN,SPAN,2000-01-01,2017-06-16,on_ds_daily_axis
BW-BBG00ZR84N28,SPAR,2000-01-01,2020-10-21,on_ds_daily_axis
BW-SPAZ,SPAZ,2000-01-01,2021-12-13,on_ds_daily_axis
BW-SPB1,SPB1,2000-01-01,2018-07-13,on_ds_daily_axis
BW-SPCBQ,SPCBQ,2000-01-01,2009-08-28,on_ds_daily_axis
BW-SPCHA,SPCHA,2000-01-01,2014-08-19,on_ds_daily_axis
BW-SPCHB,SPCHB,2000-01-01,2014-08-19,on_ds_daily_axis
BW-SPCT_OLD,SPCT_OLD,2000-01-01,2017-07-05,on_ds_daily_axis
BW-US8476151019,SPEC_OLD,2000-01-01,2022-10-17,on_ds_daily_axis
BW-US8485141050,SPEL,2000-01-01,2021-11-11,on_ds_daily_axis
BW-C0002099188,SPEX,2000-01-01,2020-04-29,on_ds_daily_axis
BW-SPF,SPF,2000-01-01,2020-10-08,on_ds_daily_axis
BW-SPFO,SPFO,2000-01-01,2000-05-31,on_ds_daily_axis
BW-SPFR-U,SPFR-U,2000-01-01,2021-09-29,on_ds_daily_axis
BW-SPFR-UN,SPFR-UN,2000-01-01,2021-09-29,on_ds_daily_axis
BW-US82880R1032,SPGS,2000-01-01,2023-01-13,on_ds_daily_axis
BW-SPGS-U,SPGS-U,2000-01-01,2021-12-22,on_ds_daily_axis
BW-SPGS-UN,SPGS-UN,2000-01-01,2022-12-15,on_ds_daily_axis
BW-SPHC,SPHC,2000-01-01,2022-03-02,on_ds_daily_axis
BW-C0001111759,SPIL,2000-01-01,2018-04-27,on_ds_daily_axis
BW-US84856X1063,SPIN_OLD,2000-01-01,2025-07-25,on_ds_daily_axis
BW-US8485651074,SPIR_OLD,2000-01-01,2020-11-02,on_ds_daily_axis
BW-US8486511053,SPK,2000-01-01,2023-01-06,on_ds_daily_axis
BW-SPKAR,SPKAR,2000-01-01,2023-01-27,on_ds_daily_axis
BW-KYG8201H1056,SPKB,2000-01-01,2023-03-31,on_ds_daily_axis
BW-BBG00GX8ZHQ6,SPKE,2000-01-01,2022-02-18,on_ds_daily_axis
BW-SPL,SPL,2000-01-01,2020-01-07,on_ds_daily_axis
BW-SPLH,SPLH,2000-01-01,2000-10-23,on_ds_daily_axis
BW-SPLI,SPLI,2000-01-01,2002-02-25,on_ds_daily_axis
BW-SPLN,SPLN,2000-01-01,2004-12-10,on_ds_daily_axis
BW-SPLS_OLD,SPLS_OLD,2000-01-01,2017-09-12,on_ds_daily_axis
BW-SPLT,SPLT,2000-01-01,2008-09-15,on_ds_daily_axis
BW-SPMD1,SPMD1,2000-01-01,2013-04-30,on_ds_daily_axis
BW-US8681573064,SPN,2000-01-01,2020-10-22,on_ds_daily_axis
BW-SPNC,SPNC,2000-01-01,2017-08-09,on_ds_daily_axis
BW-BBG00JWTH5S9,SPNE,2000-01-01,2023-02-02,on_ds_daily_axis
BW-US67623L1098,SPNV,2000-01-01,2021-10-13,on_ds_daily_axis
BW-SPNV-U,SPNV-U,2000-01-01,2021-09-01,on_ds_daily_axis
BW-SPOR,SPOR,2000-01-01,2020-07-10,on_ds_daily_axis
BW-SPORQ,SPORQ,2000-01-01,2016-03-17,on_ds_daily_axis
BW-SPPRO,SPPRO,2000-01-01,2015-07-15,on_ds_daily_axis
BW-SPPRP,SPPRP,2000-01-01,2015-07-20,on_ds_daily_axis
BW-SPRD,SPRD,2000-01-01,2013-12-24,on_ds_daily_axis
BW-SPRI,SPRI,2000-01-01,2006-05-18,on_ds_daily_axis
BW-SPRO1,SPRO1,2000-01-01,2015-12-22,on_ds_daily_axis
BW-SPRQ-U,SPRQ-U,2000-01-01,2021-07-09,on_ds_daily_axis
BW-BBG00FVJ1C93,SPRT,2000-01-01,2021-09-16,on_ds_daily_axis
BW-SPSN,SPSN,2000-01-01,2009-05-06,on_ds_daily_axis
BW-SPSS,SPSS,2000-01-01,2009-10-02,on_ds_daily_axis
BW-SPSX,SPSX,2000-01-01,2008-08-07,on_ds_daily_axis
BW-US8491961004,SPTK,2000-01-01,2023-01-05,on_ds_daily_axis
BW-SPTKW,SPTKW,2000-01-01,2022-12-27,on_ds_daily_axis
BW-SPTR,SPTR,2000-01-01,2000-02-01,on_ds_daily_axis
BW-SPU,SPU,2000-01-01,2017-06-09,on_ds_daily_axis
BW-SPW,SPW,2000-01-01,2015-09-25,on_ds_daily_axis
BW-US8676524064,SPWR_OLD,2000-01-01,2024-08-15,on_ds_daily_axis
BW-SPWX,SPWX,2000-01-01,2003-08-11,on_ds_daily_axis
BW-SPX,SPX,2000-01-01,2018-01-30,on_ds_daily_axis
BW-SQ,SQ,2000-01-01,2025-01-21,on_ds_daily_axis
BW-US81734P2065,SQBG,2000-01-01,2022-02-16,on_ds_daily_axis
BW-SQBK,SQBK,2000-01-01,2015-10-06,on_ds_daily_axis
BW-SQF,SQF,2000-01-01,2007-02-26,on_ds_daily_axis
BW-SQI,SQI,2000-01-01,2016-07-28,on_ds_daily_axis
BW-US81734C1062,SQL,2000-01-01,2024-03-19,on_ds_daily_axis
BW-SQMCY,SQMCY,2000-01-01,2008-03-05,on_ds_daily_axis
BW-SQNM,SQNM,2000-01-01,2016-09-06,on_ds_daily_axis
BW-SQST,SQST,2000-01-01,2004-07-28,on_ds_daily_axis
BW-SQSW,SQSW,2000-01-01,2001-04-30,on_ds_daily_axis
BW-BBG00LNN7GM0,SQZ,2000-01-01,2023-09-01,on_ds_daily_axis
BW-SRA,SRA,2000-01-01,2018-01-31,on_ds_daily_axis
BW-C0000088255,SRAC,2000-01-01,2021-08-12,on_ds_daily_axis
BW-SRACW,SRACW,2000-01-01,2021-08-13,on_ds_daily_axis
BW-BBG00G5LDJL3,SRCI,2000-01-01,2020-01-14,on_ds_daily_axis
BW-SRCM,SRCM,2000-01-01,2001-03-07,on_ds_daily_axis
BW-SRCP,SRCP,2000-01-01,2006-07-12,on_ds_daily_axis
BW-SRCTQ,SRCTQ,2000-01-01,2015-12-17,on_ds_daily_axis
BW-BBG001LRXKP6,SREV,2000-01-01,2022-07-20,on_ds_daily_axis
BW-US86882C2044,SRGA,2000-01-01,2023-09-01,on_ds_daily_axis
BW-SRK,SRK,2000-01-01,2001-09-24,on_ds_daily_axis
BW-SRLS,SRLS,2000-01-01,2012-04-20,on_ds_daily_axis
BW-BBG01GV42DG2,SRM,2000-01-01,2025-09-17,on_ds_daily_axis
BW-SRM_OLD,SRM_OLD,2000-01-01,2001-11-08,on_ds_daily_axis
BW-SRNA1,SRNA1,2000-01-01,2006-03-10,on_ds_daily_axis
BW-SRQ,SRQ,2000-01-01,2010-06-11,on_ds_daily_axis
BW-SRR,SRR,2000-01-01,2018-01-24,on_ds_daily_axis
BW-US82640U4040,SRRA,2000-01-01,2022-07-01,on_ds_daily_axis
BW-KYG7823W1024,SRSA,2000-01-01,2022-11-04,on_ds_daily_axis
BW-SRSC,SRSC,2000-01-01,2017-06-30,on_ds_daily_axis
BW-SRSL,SRSL,2000-01-01,2012-07-20,on_ds_daily_axis
BW-SRUN,SRUN,2000-01-01,2018-03-23,on_ds_daily_axis
BW-SRUNU,SRUNU,2000-01-01,2018-02-09,on_ds_daily_axis
BW-SRUNW,SRUNW,2000-01-01,2018-03-23,on_ds_daily_axis
BW-SRVY,SRVY,2000-01-01,2008-10-15,on_ds_daily_axis
BW-SRW,SRW,2000-01-01,2001-10-31,on_ds_daily_axis
BW-SRX,SRX,2000-01-01,2020-04-29,on_ds_daily_axis
BW-SRZ,SRZ,2000-01-01,2013-01-08,on_ds_daily_axis
BW-SSA,SSA,2000-01-01,2018-02-22,on_ds_daily_axis
BW-US8086411043,SSAA,2000-01-01,2023-01-20,on_ds_daily_axis
BW-SSAG,SSAG,2000-01-01,2006-07-27,on_ds_daily_axis
BW-SSBX,SSBX,2000-01-01,2016-03-15,on_ds_daily_axis
BW-BBG00FB525X2,SSC,2000-01-01,2018-11-12,on_ds_daily_axis
BW-SSC_OLD,SSC_OLD,2000-01-01,2000-07-13,on_ds_daily_axis
BW-SSE,SSE,2000-01-01,2016-05-16,on_ds_daily_axis
BW-SSE1,SSE1,2000-01-01,2013-06-21,on_ds_daily_axis
BW-SSEIQ,SSEIQ,2000-01-01,2016-08-01,on_ds_daily_axis
BW-SSFC,SSFC,2000-01-01,2014-04-07,on_ds_daily_axis
BW-US8603261079,SSFN,2000-01-01,2019-10-31,on_ds_daily_axis
BW-SSH,SSH,2000-01-01,2017-05-23,on_ds_daily_axis
BW-BBG00FWZSF36,SSI,2000-01-01,2020-05-08,on_ds_daily_axis
BW-BBG011K51BR7,SSIC,2000-01-01,2024-12-03,on_ds_daily_axis
BW-SSLJ,SSLJ,2000-01-01,2019-05-21,on_ds_daily_axis
BW-SSMH,SSMH,2000-01-01,2015-07-23,on_ds_daily_axis
BW-SSNI,SSNI,2000-01-01,2018-01-05,on_ds_daily_axis
BW-SSPE,SSPE,2000-01-01,2002-06-18,on_ds_daily_axis
BW-SSPI,SSPI,2000-01-01,2007-05-02,on_ds_daily_axis
BW-KYG8136L1068,SSPK,2000-01-01,2021-08-17,on_ds_daily_axis
BW-SSPKW,SSPKW,2000-01-01,2021-06-16,on_ds_daily_axis
BW-SSPY1,SSPY1,2000-01-01,2006-11-14,on_ds_daily_axis
BW-US83605T1016,SSR,2000-01-01,2021-08-23,on_ds_daily_axis
BW-SSRG,SSRG,2000-01-01,2016-07-01,on_ds_daily_axis
BW-SSRI,SSRI,2000-01-01,2017-08-09,on_ds_daily_axis
BW-SSRX,SSRX,2000-01-01,2013-05-29,on_ds_daily_axis
BW-SSSW,SSSW,2000-01-01,2002-07-19,on_ds_daily_axis
BW-SSTI1,SSTI1,2000-01-01,2010-04-08,on_ds_daily_axis
BW-USY756381098,SSW,2000-01-01,2020-05-15,on_ds_daily_axis
BW-ST1,ST1,2000-01-01,2003-12-09,on_ds_daily_axis
BW-STAK_OLD,STAK_OLD,2000-01-01,2019-06-07,on_ds_daily_axis
BW-STAQ,STAQ,2000-01-01,2009-09-04,on_ds_daily_axis
BW-US45031U1016,STAR,2000-01-01,2023-03-30,on_ds_daily_axis
BW-STAR1,STAR1,2000-01-01,2009-12-18,on_ds_daily_axis
BW-STAR2,STAR2,2000-01-01,2006-12-13,on_ds_daily_axis
BW-STAT,STAT,2000-01-01,2004-01-28,on_ds_daily_axis
BW-C0001227930,STB,2000-01-01,2018-04-27,on_ds_daily_axis
BW-STBC,STBC,2000-01-01,2011-12-30,on_ds_daily_axis
BW-US8561901039,STBZ,2000-01-01,2018-12-31,on_ds_daily_axis
BW-STCIA,STCIA,2000-01-01,2001-06-06,on_ds_daily_axis
BW-STCL,STCL,2000-01-01,2000-07-28,on_ds_daily_axis
BW-USM849201035,STDY,2000-01-01,2018-08-30,on_ds_daily_axis
BW-STE1,STE1,2000-01-01,2015-11-02,on_ds_daily_axis
BW-C0001102741,STEC_OLD,2000-01-01,2013-09-12,on_ds_daily_axis
BW-C0001102741-STEC1,STEC_OLD1,2000-01-01,2020-10-08,on_ds_daily_axis
BW-STEI,STEI,2000-01-01,2013-12-23,on_ds_daily_axis
BW-STEL1,STEL1,2000-01-01,2006-12-14,on_ds_daily_axis
BW-STEL_OLD,STEL_OLD,2000-01-01,2022-10-03,on_ds_daily_axis
BW-STEN_OLD,STEN_OLD,2000-01-01,2012-11-06,on_ds_daily_axis
BW-US8557071052,STFC,2000-01-01,2022-03-10,on_ds_daily_axis
BW-STGN,STGN,2000-01-01,2016-01-27,on_ds_daily_axis
BW-STHK,STHK,2000-01-01,2011-08-04,on_ds_daily_axis
BW-STI-WS-A,STI-WS-A,2000-01-01,2018-12-21,on_ds_daily_axis
BW-STI-WS-B,STI-WS-B,2000-01-01,2018-11-09,on_ds_daily_axis
BW-US8679141031,STI_OLD,2000-01-01,2019-12-06,on_ds_daily_axis
BW-STJ,STJ,2000-01-01,2017-01-04,on_ds_daily_axis
BW-BBG000CLNSF6,STL,2000-01-01,2022-02-01,on_ds_daily_axis
BW-STL1,STL1,2000-01-01,2013-10-31,on_ds_daily_axis
BW-USY8172W1072,STLR,2000-01-01,2018-12-27,on_ds_daily_axis
BW-STLW,STLW,2000-01-01,2007-07-12,on_ds_daily_axis
BW-STMI,STMI,2000-01-01,2003-02-28,on_ds_daily_axis
BW-BBG0099QK260,STML,2000-01-01,2020-06-11,on_ds_daily_axis
BW-BBG000CZ4KF3,STMP,2000-01-01,2021-10-29,on_ds_daily_axis
BW-STMT,STMT,2000-01-01,2001-01-11,on_ds_daily_axis
BW-STNL,STNL,2000-01-01,2019-11-07,on_ds_daily_axis
BW-STNLU,STNLU,2000-01-01,2019-11-15,on_ds_daily_axis
BW-STNLW,STNLW,2000-01-01,2019-11-07,on_ds_daily_axis
BW-STNR,STNR,2000-01-01,2015-12-09,on_ds_daily_axis
BW-C0000898660,STN_OLD,2000-01-01,2007-11-07,on_ds_daily_axis
BW-C0000772897,STO,2000-01-01,2018-05-16,on_ds_daily_axis
BW-BBG011S4NNT0,STON,2000-01-01,2022-11-03,on_ds_daily_axis
BW-BBG007LSX627,STOR,2000-01-01,2023-02-27,on_ds_daily_axis
BW-US0824901039,STPC,2000-01-01,2021-10-05,on_ds_daily_axis
BW-STPC-U,STPC-U,2000-01-01,2021-09-29,on_ds_daily_axis
BW-STPK,STPK,2000-01-01,2021-05-04,on_ds_daily_axis
BW-STPK-U,STPK-U,2000-01-01,2021-04-29,on_ds_daily_axis
BW-STRC_OLD,STRC_OLD,2000-01-01,2012-07-13,on_ds_daily_axis
BW-STRD_OLD,STRD_OLD,2000-01-01,2007-03-28,on_ds_daily_axis
BW-KYG8T90F1020,STRE,2000-01-01,2023-03-24,on_ds_daily_axis
BW-STRNW,STRNW,2000-01-01,2022-12-15,on_ds_daily_axis
BW-US8693801057,STRN_OLD,2000-01-01,2015-07-28,on_ds_daily_axis
BW-C0001574460,STRP,2000-01-01,2018-02-27,on_ds_daily_axis
BW-STRX,STRX,2000-01-01,2001-03-09,on_ds_daily_axis
BW-STRZA,STRZA,2000-01-01,2016-12-08,on_ds_daily_axis
BW-US8550861046,STRZ_OLD,2000-01-01,2022-08-19,on_ds_daily_axis
BW-US7483561020,STR_OLD,2000-01-01,2016-09-16,on_ds_daily_axis
BW-STSA_OLD,STSA_OLD,2000-01-01,2014-04-17,on_ds_daily_axis
BW-STSI,STSI,2000-01-01,2019-02-11,on_ds_daily_axis
BW-STST,STST,2000-01-01,2010-08-05,on_ds_daily_axis
BW-STTX1,STTX1,2000-01-01,2007-06-01,on_ds_daily_axis
BW-STU,STU,2000-01-01,2010-12-31,on_ds_daily_axis
BW-STV,STV,2000-01-01,2017-05-16,on_ds_daily_axis
BW-STW,STW,2000-01-01,2016-12-22,on_ds_daily_axis
BW-KYG007481222,STWOU,2000-01-01,2021-10-08,on_ds_daily_axis
BW-STWOW,STWOW,2000-01-01,2021-10-08,on_ds_daily_axis
BW-US84861D1037,STXB,2000-01-01,2022-04-11,on_ds_daily_axis
BW-STXN,STXN,2000-01-01,2007-01-26,on_ds_daily_axis
BW-STXX1,STXX1,2000-01-01,2011-12-19,on_ds_daily_axis
BW-SUAI,SUAI,2000-01-01,2009-11-13,on_ds_daily_axis
BW-SUBI,SUBI,2000-01-01,2004-09-30,on_ds_daily_axis
BW-SUBK,SUBK,2000-01-01,2015-12-17,on_ds_daily_axis
BW-SUFI,SUFI,2000-01-01,2003-08-27,on_ds_daily_axis
BW-SUG,SUG,2000-01-01,2022-03-02,on_ds_daily_axis
BW-US8656463010,SUMR,2000-01-01,2022-06-22,on_ds_daily_axis
BW-SUMT,SUMT,2000-01-01,2009-07-21,on_ds_daily_axis
BW-SUMX,SUMX,2000-01-01,2006-10-13,on_ds_daily_axis
BW-SUN1,SUN1,2000-01-01,2012-10-04,on_ds_daily_axis
BW-SUND_OLD,SUND_OLD,2000-01-01,2001-08-01,on_ds_daily_axis
BW-C0000945436,SUNE_OLD,2000-01-01,2016-04-21,on_ds_daily_axis
BW-US86738J1060,SUNL,2000-01-01,2023-12-20,on_ds_daily_axis
BW-SUNN,SUNN,2000-01-01,2007-12-12,on_ds_daily_axis
BW-SUNQ,SUNQ,2000-01-01,2001-07-31,on_ds_daily_axis
BW-BBG000MG0XL3,SUNW,2000-01-01,2024-02-16,on_ds_daily_axis
BW-C0000709519-SUNW,SUNW_OLD,2000-01-01,2007-08-24,on_ds_daily_axis
BW-BBG000BTNS79,SUP,2000-01-01,2025-08-26,on_ds_daily_axis
BW-SUPC,SUPC,2000-01-01,2005-01-27,on_ds_daily_axis
BW-SUPR,SUPR,2000-01-01,2011-08-17,on_ds_daily_axis
BW-SUPR_OLD2,SUPR_OLD2,2000-01-01,2018-01-24,on_ds_daily_axis
BW-US8685321023,SUPX_OLD1,2000-01-01,2014-12-15,on_ds_daily_axis
BW-C0000730000,SUPX_OLD2,2000-01-01,2014-04-01,on_ds_daily_axis
BW-SUR,SUR,2000-01-01,2018-05-02,on_ds_daily_axis
BW-SURW,SURW,2000-01-01,2012-07-02,on_ds_daily_axis
BW-SUS,SUS,2000-01-01,2016-09-28,on_ds_daily_axis
BW-SUSQ,SUSQ,2000-01-01,2015-07-31,on_ds_daily_axis
BW-SUSS,SUSS,2000-01-01,2014-08-28,on_ds_daily_axis
BW-SUT,SUT,2000-01-01,2002-07-09,on_ds_daily_axis
BW-KYG8377A1085,SV,2000-01-01,2022-05-02,on_ds_daily_axis
BW-SVAFF,SVAFF,2000-01-01,2012-06-26,on_ds_daily_axis
BW-SVBF,SVBF,2000-01-01,2005-06-27,on_ds_daily_axis
BW-KYG8601L1023,SVFA,2000-01-01,2023-02-03,on_ds_daily_axis
BW-KYG8601M1006,SVFB,2000-01-01,2023-03-17,on_ds_daily_axis
BW-SVFC_OLD,SVFC_OLD,2000-01-01,2017-09-13,on_ds_daily_axis
BW-SVGI,SVGI,2000-01-01,2001-05-21,on_ds_daily_axis
BW-SVLC,SVLC,2000-01-01,2015-10-01,on_ds_daily_axis
BW-SVLF,SVLF,2000-01-01,2011-05-17,on_ds_daily_axis
BW-SVM1,SVM1,2000-01-01,2007-07-24,on_ds_daily_axis
BW-SVN,SVN,2000-01-01,2013-07-05,on_ds_daily_axis
BW-SVNTQ,SVNTQ,2000-01-01,2014-05-30,on_ds_daily_axis
BW-SVNX,SVNX,2000-01-01,2006-08-15,on_ds_daily_axis
BW-US81787X1063,SVOK,2000-01-01,2021-12-09,on_ds_daily_axis
BW-SVOKW,SVOKW,2000-01-01,2021-12-09,on_ds_daily_axis
BW-SVR,SVR,2000-01-01,2011-01-12,on_ds_daily_axis
BW-SVSVW,SVSVW,2000-01-01,2022-05-02,on_ds_daily_axis
BW-SVTG,SVTG,2000-01-01,2000-06-30,on_ds_daily_axis
BW-US8685361037,SVU,2000-01-01,2018-10-19,on_ds_daily_axis
BW-SVVS,SVVS,2000-01-01,2011-07-15,on_ds_daily_axis
BW-SWBD,SWBD,2000-01-01,2004-06-03,on_ds_daily_axis
BW-SWBK,SWBK,2000-01-01,2022-02-18,on_ds_daily_axis
BW-SWBK-U,SWBK-U,2000-01-01,2021-11-03,on_ds_daily_axis
BW-SWC,SWC,2000-01-01,2017-05-03,on_ds_daily_axis
BW-SWCB,SWCB,2000-01-01,2006-06-09,on_ds_daily_axis
BW-BBG00HXXQZ25,SWCH,2000-01-01,2022-12-06,on_ds_daily_axis
BW-SWCM,SWCM,2000-01-01,2000-11-17,on_ds_daily_axis
BW-SWD,SWD,2000-01-01,2018-01-30,on_ds_daily_axis
BW-US04748A1060,SWET,2000-01-01,2023-01-06,on_ds_daily_axis
BW-SWFT,SWFT,2000-01-01,2017-09-28,on_ds_daily_axis
BW-SWFT1,SWFT1,2000-01-01,2007-05-10,on_ds_daily_axis
BW-SWHC,SWHC,2000-01-01,2016-12-30,on_ds_daily_axis
BW-SWHI1,SWHI1,2000-01-01,2011-06-23,on_ds_daily_axis
BW-SWI1,SWI1,2000-01-01,2016-02-04,on_ds_daily_axis
BW-SWIM_OLD,SWIM_OLD,2000-01-01,2009-06-11,on_ds_daily_axis
BW-KYG827591044,SWIN,2000-01-01,2025-10-09,on_ds_daily_axis
BW-BBG007F5NQS3,SWIR,2000-01-01,2023-01-13,on_ds_daily_axis
BW-SWLH,SWLH,2000-01-01,2001-06-21,on_ds_daily_axis
BW-SWM,SWM,2000-01-01,2022-09-06,on_ds_daily_axis
BW-SWNC,SWNC,2000-01-01,2018-01-12,on_ds_daily_axis
BW-SWRG,SWRG,2000-01-01,2007-08-27,on_ds_daily_axis
BW-SWRX,SWRX,2000-01-01,2000-01-27,on_ds_daily_axis
BW-SWS,SWS,2000-01-01,2014-12-31,on_ds_daily_axis
BW-SWSH,SWSH,2000-01-01,2019-01-14,on_ds_daily_axis
BW-SWSI,SWSI,2000-01-01,2010-09-10,on_ds_daily_axis
BW-SWU,SWU,2000-01-01,2015-11-16,on_ds_daily_axis
BW-SWW,SWW,2000-01-01,2015-07-10,on_ds_daily_axis
BW-SWWC,SWWC,2000-01-01,2010-09-13,on_ds_daily_axis
BW-SWY,SWY,2000-01-01,2015-01-29,on_ds_daily_axis
BW-SXCL,SXCL,2000-01-01,2017-02-15,on_ds_daily_axis
BW-US84130C1009,SXE,2000-01-01,2019-08-21,on_ds_daily_axis
BW-SXE1,SXE1,2000-01-01,2010-08-17,on_ds_daily_axis
BW-SXL,SXL,2000-01-01,2017-04-28,on_ds_daily_axis
BW-SXNB,SXNB,2000-01-01,2001-11-16,on_ds_daily_axis
BW-SXTN,SXTN,2000-01-01,2000-06-13,on_ds_daily_axis
BW-SY2,SY2,2000-01-01,2010-07-28,on_ds_daily_axis
BW-SYA,SYA,2000-01-01,2016-01-29,on_ds_daily_axis
BW-SYC,SYC,2000-01-01,2000-10-23,on_ds_daily_axis
BW-SYD,SYD,2000-01-01,2006-05-18,on_ds_daily_axis
BW-SYGR,SYGR,2000-01-01,2007-04-02,on_ds_daily_axis
BW-US8712371033,SYKE,2000-01-01,2021-08-27,on_ds_daily_axis
BW-SYLN,SYLN,2000-01-01,2004-06-10,on_ds_daily_axis
BW-SYMBA,SYMBA,2000-01-01,2002-12-20,on_ds_daily_axis
BW-SYMM,SYMM,2000-01-01,2013-11-25,on_ds_daily_axis
BW-SYMX,SYMX,2000-01-01,2017-12-01,on_ds_daily_axis
BW-SYNB_OLD,SYNB_OLD,2000-01-01,2011-02-11,on_ds_daily_axis
BW-SYNC1,SYNC1,2000-01-01,2006-02-22,on_ds_daily_axis
BW-SYNF,SYNF,2000-01-01,2007-09-28,on_ds_daily_axis
BW-BBG000CLRHW7,SYNL,2000-01-01,2022-09-23,on_ds_daily_axis
BW-SYNM,SYNM,2000-01-01,2014-06-06,on_ds_daily_axis
BW-SYNO,SYNO,2000-01-01,2012-02-14,on_ds_daily_axis
BW-SYNP,SYNP,2000-01-01,2008-05-15,on_ds_daily_axis
BW-SYNQ,SYNQ,2000-01-01,2002-11-20,on_ds_daily_axis
BW-US87162H1032,SYNT,2000-01-01,2018-10-09,on_ds_daily_axis
BW-SYNX_OLD,SYNX_OLD,2000-01-01,2010-07-28,on_ds_daily_axis
BW-SYS,SYS,2000-01-01,2008-06-27,on_ds_daily_axis
BW-SYSW,SYSW,2000-01-01,2013-04-09,on_ds_daily_axis
BW-CA83013Q5095,SYTA,2000-01-01,2025-10-06,on_ds_daily_axis
BW-SYT_OLD,SYT_OLD,2000-01-01,2018-01-05,on_ds_daily_axis
BW-SYUT,SYUT,2000-01-01,2017-05-15,on_ds_daily_axis
BW-SZ,SZ,2000-01-01,2005-09-22,on_ds_daily_axis
BW-SZEZY,SZEZY,2000-01-01,2008-07-21,on_ds_daily_axis
BW-SZMK,SZMK,2000-01-01,2016-09-26,on_ds_daily_axis
BW-US8520611000,S_OLD,2000-01-01,2019-05-28,on_ds_daily_axis
BW-KYG9095M1015,TACA,2000-01-01,2022-06-09,on_ds_daily_axis
BW-TACA-U,TACA-U,2000-01-01,2021-12-16,on_ds_daily_axis
BW-BBG00HBWCB83,TACO_OLD2,2000-01-01,2022-03-07,on_ds_daily_axis
BW-TAGS1,TAGS1,2000-01-01,2009-08-20,on_ds_daily_axis
BW-US8738681035,TAHO,2000-01-01,2019-02-21,on_ds_daily_axis
BW-TAL1,TAL1,2000-01-01,2016-05-10,on_ds_daily_axis
BW-TALK_OLD,TALK_OLD,2000-01-01,2017-04-10,on_ds_daily_axis
BW-US87410C1045,TALS,2000-01-01,2023-11-16,on_ds_daily_axis
BW-TALX,TALX,2000-01-01,2007-05-15,on_ds_daily_axis
BW-TAM,TAM,2000-01-01,2014-12-05,on_ds_daily_axis
BW-TAMB,TAMB,2000-01-01,2014-09-30,on_ds_daily_axis
BW-TAMR,TAMR,2000-01-01,2017-06-01,on_ds_daily_axis
BW-TANN,TANN,2000-01-01,2016-06-30,on_ds_daily_axis
BW-TAOM,TAOM,2000-01-01,2016-06-22,on_ds_daily_axis
BW-TARG,TARG,2000-01-01,2009-02-25,on_ds_daily_axis
BW-TARR,TARR,2000-01-01,2010-07-09,on_ds_daily_axis
BW-TAS,TAS,2000-01-01,2016-08-25,on_ds_daily_axis
BW-TASR,TASR,2000-01-01,2017-04-05,on_ds_daily_axis
BW-BMG899821133,TAT,2000-01-01,2020-12-23,on_ds_daily_axis
BW-TAYC,TAYC,2000-01-01,2014-08-15,on_ds_daily_axis
BW-TBE,TBE,2000-01-01,2017-02-14,on_ds_daily_axis
BW-TBHS,TBHS,2000-01-01,2014-07-31,on_ds_daily_axis
BW-TBI1,TBI1,2000-01-01,2004-05-26,on_ds_daily_axis
BW-US89374L1044,TBIO_OLD,2000-01-01,2021-09-14,on_ds_daily_axis
BW-BBG000QS6MN9,TBK,2000-01-01,2023-02-02,on_ds_daily_axis
BW-TBL,TBL,2000-01-01,2011-09-13,on_ds_daily_axis
BW-TBLTU,TBLTU,2000-01-01,2020-06-23,on_ds_daily_axis
BW-TBOW,TBOW,2000-01-01,2014-04-14,on_ds_daily_axis
BW-TBP,TBP,2000-01-01,2018-01-30,on_ds_daily_axis
BW-TBRGU,TBRGU,2000-01-01,2020-07-02,on_ds_daily_axis
BW-TBRGW,TBRGW,2000-01-01,2019-07-11,on_ds_daily_axis
BW-KYG8657L1059,TBSA,2000-01-01,2023-03-21,on_ds_daily_axis
BW-TBSI,TBSI,2000-01-01,2012-04-16,on_ds_daily_axis
BW-TBUSQ,TBUSQ,2000-01-01,2012-05-07,on_ds_daily_axis
BW-TBV,TBV,2000-01-01,2011-08-11,on_ds_daily_axis
BW-TBWC,TBWC,2000-01-01,2007-04-04,on_ds_daily_axis
BW-TCA,TCA,2000-01-01,2019-08-21,on_ds_daily_axis
BW-KYG9118J1013,TCAC,2000-01-01,2022-06-14,on_ds_daily_axis
BW-TCACW,TCACW,2000-01-01,2022-06-14,on_ds_daily_axis
BW-TCAM,TCAM,2000-01-01,2006-02-28,on_ds_daily_axis
BW-US8958481090,TCAP,2000-01-01,2021-05-26,on_ds_daily_axis
BW-TCBIW,TCBIW,2000-01-01,2019-01-16,on_ds_daily_axis
BW-US89288R1068,TCC,2000-01-01,2006-12-20,on_ds_daily_axis
BW-TCCC,TCCC,2000-01-01,2015-02-10,on_ds_daily_axis
BW-BBG00L93HMM6,TCDA,2000-01-01,2023-03-27,on_ds_daily_axis
BW-BBG000BFK8Y6,TCF,2000-01-01,2021-06-08,on_ds_daily_axis
BW-TCFCP,TCFCP,2000-01-01,2021-06-09,on_ds_daily_axis
BW-TCII,TCII,2000-01-01,2001-03-22,on_ds_daily_axis
BW-TCIX,TCIX,2000-01-01,2001-05-25,on_ds_daily_axis
BW-TCJH,TCJH,2000-01-01,2024-12-20,on_ds_daily_axis
BW-TCK,TCK,2000-01-01,2016-12-02,on_ds_daily_axis
BW-TCM,TCM,2000-01-01,2011-04-14,on_ds_daily_axis
BW-TCMI,TCMI,2000-01-01,2011-09-23,on_ds_daily_axis
BW-TCMS,TCMS,2000-01-01,2000-06-20,on_ds_daily_axis
BW-BBG000BGPVW0,TCO,2000-01-01,2020-12-30,on_ds_daily_axis
BW-BBG000F8KJS1,TCP,2000-01-01,2021-03-05,on_ds_daily_axis
BW-TCPI,TCPI,2000-01-01,2016-11-21,on_ds_daily_axis
BW-TCR,TCR,2000-01-01,2022-03-02,on_ds_daily_axis
BW-US26943B1008,TCRD,2000-01-01,2021-01-28,on_ds_daily_axis
BW-US8724383042,TCRZ,2000-01-01,2020-08-03,on_ds_daily_axis
BW-TCSI,TCSI,2000-01-01,2003-01-09,on_ds_daily_axis
BW-TCT,TCT,2000-01-01,2022-03-02,on_ds_daily_axis
BW-TCTM,TCTM,2000-01-01,2025-06-06,on_ds_daily_axis
BW-TCTY,TCTY,2000-01-01,2001-04-30,on_ds_daily_axis
BW-KYG8704C1244,TCVA,2000-01-01,2023-04-21,on_ds_daily_axis
BW-US89615T2050,TDACU_OLD,2000-01-01,2021-11-17,on_ds_daily_axis
BW-TDFX,TDFX,2000-01-01,2001-05-15,on_ds_daily_axis
BW-TDRP,TDRP,2000-01-01,2000-12-04,on_ds_daily_axis
BW-TDW-WS-A,TDW-WS-A,2000-01-01,2018-12-21,on_ds_daily_axis
BW-TDW-WS-B,TDW-WS-B,2000-01-01,2018-12-21,on_ds_daily_axis
BW-TEA,TEA,2000-01-01,2012-12-31,on_ds_daily_axis
BW-TEAM1,TEAM1,2000-01-01,2010-12-13,on_ds_daily_axis
BW-BBG00JVT21W0,TECD,2000-01-01,2020-06-29,on_ds_daily_axis
BW-TECJQ,TECJQ,2000-01-01,2010-01-22,on_ds_daily_axis
BW-TECU,TECU,2000-01-01,2015-09-21,on_ds_daily_axis
BW-TECUA,TECUA,2000-01-01,2014-05-01,on_ds_daily_axis
BW-TEE,TEE,2000-01-01,2017-03-13,on_ds_daily_axis
BW-C0001415286,TEG,2000-01-01,2015-06-29,on_ds_daily_axis
BW-BBG00JS02M51,TEGP,2000-01-01,2018-07-03,on_ds_daily_axis
BW-TEKCQ,TEKCQ,2000-01-01,2015-07-16,on_ds_daily_axis
BW-KYG8739H1065,TEKK,2000-01-01,2022-11-04,on_ds_daily_axis
BW-TEKKW,TEKKW,2000-01-01,2022-10-27,on_ds_daily_axis
BW-TEK_OLD,TEK_OLD,2000-01-01,2018-01-30,on_ds_daily_axis
BW-TELM,TELM,2000-01-01,2003-11-13,on_ds_daily_axis
BW-TELVQ,TELVQ,2000-01-01,2006-07-24,on_ds_daily_axis
BW-TENF,TENF,2000-01-01,2008-06-02,on_ds_daily_axis
BW-TENK,TENK,2000-01-01,2024-08-29,on_ds_daily_axis
BW-BBG000FTPG33,TEN_OLD,2000-01-01,2024-07-05,on_ds_daily_axis
BW-C0000100122,TEP,2000-01-01,2018-07-02,on_ds_daily_axis
BW-TERN_OLD,TERN_OLD,2000-01-01,2007-07-20,on_ds_daily_axis
BW-US88104R1005,TERP,2000-01-01,2020-07-31,on_ds_daily_axis
BW-TERX,TERX,2000-01-01,2018-06-12,on_ds_daily_axis
BW-TESO,TESO,2000-01-01,2017-12-14,on_ds_daily_axis
BW-US87823R1023,TETC,2000-01-01,2023-04-06,on_ds_daily_axis
BW-TETCW,TETCW,2000-01-01,2023-03-28,on_ds_daily_axis
BW-BBG000CN98L5,TEUM,2000-01-01,2022-10-21,on_ds_daily_axis
BW-TEXP,TEXP,2000-01-01,2000-05-25,on_ds_daily_axis
BW-TE_OLD1,TE_OLD1,2000-01-01,2016-06-30,on_ds_daily_axis
BW-TFCE,TFCE,2000-01-01,2003-05-20,on_ds_daily_axis
BW-TFCF,TFCF,2000-01-01,2019-03-20,on_ds_daily_axis
BW-TFCFA,TFCFA,2000-01-01,2019-03-20,on_ds_daily_axis
BW-TFCO,TFCO,2000-01-01,2014-02-21,on_ds_daily_axis
BW-TFF,TFF,2000-01-01,2005-06-27,on_ds_daily_axis
BW-TFG,TFG,2000-01-01,2016-10-03,on_ds_daily_axis
BW-TFINQ,TFINQ,2000-01-01,2014-05-19,on_ds_daily_axis
BW-TFM,TFM,2000-01-01,2016-04-27,on_ds_daily_axis
BW-TFSIQ,TFSIQ,2000-01-01,2010-02-11,on_ds_daily_axis
BW-TFSM,TFSM,2000-01-01,2007-07-12,on_ds_daily_axis
BW-BBG00JQ2Q2N7,TGA,2000-01-01,2022-10-17,on_ds_daily_axis
BW-BBG00XYHNW97,TGC,2000-01-01,2021-04-30,on_ds_daily_axis
BW-TGE_OLD,TGE_OLD,2000-01-01,2020-04-16,on_ds_daily_axis
BW-TGH-P-A,TGH-P-A,2000-01-01,2024-04-12,on_ds_daily_axis
BW-TGICQ,TGICQ,2000-01-01,2015-09-18,on_ds_daily_axis
BW-TGISQ,TGISQ,2000-01-01,2016-09-06,on_ds_daily_axis
BW-TGL_OLD,TGL_OLD,2000-01-01,2000-02-18,on_ds_daily_axis
BW-C0001188303,TGN_OLD,2000-01-01,2022-12-21,on_ds_daily_axis
BW-TGO,TGO,2000-01-01,2020-01-24,on_ds_daily_axis
BW-TGR-UN,TGR-UN,2000-01-01,2023-05-08,on_ds_daily_axis
BW-TGX,TGX,2000-01-01,2013-10-29,on_ds_daily_axis
BW-KYG7158C1015,THAC,2000-01-01,2023-02-03,on_ds_daily_axis
BW-THBRW,THBRW,2000-01-01,2021-06-11,on_ds_daily_axis
BW-US90070A1034,THCA,2000-01-01,2022-12-23,on_ds_daily_axis
BW-BBG00NKS36M4,THCB,2000-01-01,2022-02-18,on_ds_daily_axis
BW-US90069K2033,THCBU,2000-01-01,2021-07-23,on_ds_daily_axis
BW-THCBW,THCBW,2000-01-01,2021-07-23,on_ds_daily_axis
BW-THCG,THCG,2000-01-01,2001-06-12,on_ds_daily_axis
BW-THE,THE,2000-01-01,2007-07-11,on_ds_daily_axis
BW-THI,THI,2000-01-01,2014-12-12,on_ds_daily_axis
BW-THK,THK,2000-01-01,2018-06-28,on_ds_daily_axis
BW-THLD,THLD,2000-01-01,2017-08-01,on_ds_daily_axis
BW-US88408P1075,THMA,2000-01-01,2021-12-03,on_ds_daily_axis
BW-THMAW,THMAW,2000-01-01,2021-12-03,on_ds_daily_axis
BW-THMD,THMD,2000-01-01,2010-12-03,on_ds_daily_axis
BW-THN,THN,2000-01-01,2000-06-05,on_ds_daily_axis
BW-THNKQ,THNKQ,2000-01-01,2014-09-04,on_ds_daily_axis
BW-THOR,THOR,2000-01-01,2020-01-22,on_ds_daily_axis
BW-THOR1,THOR1,2000-01-01,2015-10-08,on_ds_daily_axis
BW-THRD_OLD,THRD_OLD,2000-01-01,2014-10-24,on_ds_daily_axis
BW-THRX_OLD,THRX_OLD,2000-01-01,2016-01-08,on_ds_daily_axis
BW-THTL,THTL,2000-01-01,2004-01-05,on_ds_daily_axis
BW-THV,THV,2000-01-01,2005-09-26,on_ds_daily_axis
BW-THX,THX,2000-01-01,2007-06-06,on_ds_daily_axis
BW-TIBB,TIBB,2000-01-01,2012-09-20,on_ds_daily_axis
BW-TIBR,TIBR,2000-01-01,2020-04-16,on_ds_daily_axis
BW-TIBRU,TIBRU,2000-01-01,2020-10-14,on_ds_daily_axis
BW-TIBRW,TIBRW,2000-01-01,2020-03-16,on_ds_daily_axis
BW-TIBX,TIBX,2000-01-01,2014-12-05,on_ds_daily_axis
BW-C0001259429,TICC,2000-01-01,2018-03-22,on_ds_daily_axis
BW-TIE,TIE,2000-01-01,2013-01-07,on_ds_daily_axis
BW-US88650V2088,TIER_OLD,2000-01-01,2019-06-14,on_ds_daily_axis
BW-BBG00FZLQLX0,TIF,2000-01-01,2021-01-07,on_ds_daily_axis
BW-US89457R1014,TIG,2000-01-01,2023-04-20,on_ds_daily_axis
BW-TIGR1,TIGR1,2000-01-01,2017-07-25,on_ds_daily_axis
BW-TIII,TIII,2000-01-01,2012-07-31,on_ds_daily_axis
BW-TII_OLD,TII_OLD,2000-01-01,2017-03-20,on_ds_daily_axis
BW-USG8875E1076,TIL_OLD,2000-01-01,2018-05-02,on_ds_daily_axis
BW-TIMB-W,TIMB-W,2000-01-01,2021-12-20,on_ds_daily_axis
BW-TIME_OLD,TIME_OLD,2000-01-01,2018-01-31,on_ds_daily_axis
BW-TIN,TIN,2000-01-01,2018-01-31,on_ds_daily_axis
BW-KYG886721037,TINV,2000-01-01,2022-11-17,on_ds_daily_axis
BW-TINY_OLD,TINY_OLD,2000-01-01,2017-03-31,on_ds_daily_axis
BW-KYG8T10C1061,TIOA,2000-01-01,2023-04-28,on_ds_daily_axis
BW-USM878961020,TISA,2000-01-01,2019-05-03,on_ds_daily_axis
BW-TIT,TIT,2000-01-01,2018-02-28,on_ds_daily_axis
BW-BBG00DSQ9C43,TIVO,2000-01-01,2020-05-29,on_ds_daily_axis
BW-TIVO1,TIVO1,2000-01-01,2016-09-07,on_ds_daily_axis
BW-TJCO,TJCO,2000-01-01,2000-01-20,on_ds_daily_axis
BW-TKAI,TKAI,2000-01-01,2017-05-10,on_ds_daily_axis
BW-TKKS,TKKS,2000-01-01,2020-04-16,on_ds_daily_axis
BW-TKKSR,TKKSR,2000-01-01,2020-02-18,on_ds_daily_axis
BW-TKKSU,TKKSU,2000-01-01,2020-02-27,on_ds_daily_axis
BW-TKKSW,TKKSW,2000-01-01,2020-02-18,on_ds_daily_axis
BW-TKLC,TKLC,2000-01-01,2012-01-27,on_ds_daily_axis
BW-US03879J1007,TKMR,2000-01-01,2020-10-21,on_ds_daily_axis
BW-TKN,TKN,2000-01-01,2000-08-14,on_ds_daily_axis
BW-TKPPY,TKPPY,2000-01-01,2017-01-13,on_ds_daily_axis
BW-TKSS,TKSS,2000-01-01,2002-08-26,on_ds_daily_axis
BW-TKTL,TKTL,2000-01-01,2000-09-26,on_ds_daily_axis
BW-TKTM,TKTM,2000-01-01,2010-01-25,on_ds_daily_axis
BW-TKTX,TKTX,2000-01-01,2005-07-27,on_ds_daily_axis
BW-TLAB,TLAB,2000-01-01,2013-12-03,on_ds_daily_axis
BW-TLB,TLB,2000-01-01,2012-08-03,on_ds_daily_axis
BW-US8740381020,TLC,2000-01-01,2021-10-06,on_ds_daily_axis
BW-TLCM,TLCM,2000-01-01,2001-01-16,on_ds_daily_axis
BW-TLCR,TLCR,2000-01-01,2011-06-01,on_ds_daily_axis
BW-TLCVF,TLCVF,2000-01-01,2010-08-10,on_ds_daily_axis
BW-TLCX,TLCX,2000-01-01,2005-02-07,on_ds_daily_axis
BW-TLDAY,TLDAY,2000-01-01,2006-06-27,on_ds_daily_axis
BW-TLDT,TLDT,2000-01-01,2000-09-27,on_ds_daily_axis
BW-TLEO,TLEO,2000-01-01,2012-04-05,on_ds_daily_axis
BW-US87257M1080,TLGA,2000-01-01,2023-07-31,on_ds_daily_axis
BW-TLGA-U,TLGA-U,2000-01-01,2021-12-17,on_ds_daily_axis
BW-TLGB,TLGB,2000-01-01,2006-02-13,on_ds_daily_axis
BW-TLGD,TLGD,2000-01-01,2011-05-10,on_ds_daily_axis
BW-C0000352998,TLGT,2000-01-01,2021-12-17,on_ds_daily_axis
BW-TLGYW,TLGYW,2000-01-01,2024-11-07,on_ds_daily_axis
BW-TLLP,TLLP,2000-01-01,2017-07-31,on_ds_daily_axis
BW-TLMR,TLMR,2000-01-01,2016-08-31,on_ds_daily_axis
BW-BBG00D7BQG23,TLND,2000-01-01,2021-08-06,on_ds_daily_axis
BW-TLNT,TLNT,2000-01-01,2001-09-17,on_ds_daily_axis
BW-TLN_OLD,TLN_OLD,2000-01-01,2016-12-05,on_ds_daily_axis
BW-US89376V1008,TLP,2000-01-01,2019-02-26,on_ds_daily_axis
BW-TLRA,TLRA,2000-01-01,2020-03-31,on_ds_daily_axis
BW-BBG00C0B4TP3,TLRD,2000-01-01,2020-07-31,on_ds_daily_axis
BW-TLRK,TLRK,2000-01-01,2004-08-13,on_ds_daily_axis
BW-TLSP,TLSP,2000-01-01,2000-10-30,on_ds_daily_axis
BW-TLVTF,TLVTF,2000-01-01,2011-12-19,on_ds_daily_axis
BW-TLXN,TLXN,2000-01-01,2000-11-30,on_ds_daily_axis
BW-TLX_OLD,TLX_OLD,2000-01-01,2018-01-31,on_ds_daily_axis
BW-TLZ,TLZ,2000-01-01,2000-08-14,on_ds_daily_axis
BW-TMA,TMA,2000-01-01,2022-03-02,on_ds_daily_axis
BW-US62752R1005,TMAC,2000-01-01,2022-12-01,on_ds_daily_axis
BW-TMAC-U,TMAC-U,2000-01-01,2021-12-16,on_ds_daily_axis
BW-TMAN,TMAN,2000-01-01,2000-07-19,on_ds_daily_axis
BW-TMAV,TMAV,2000-01-01,2006-12-21,on_ds_daily_axis
BW-TMAX,TMAX,2000-01-01,2002-10-25,on_ds_daily_axis
BW-TMBLQ,TMBLQ,2000-01-01,2010-08-25,on_ds_daily_axis
BW-US8870801094,TMBR,2000-01-01,2024-03-20,on_ds_daily_axis
BW-TMBS,TMBS,2000-01-01,2003-09-19,on_ds_daily_axis
BW-TMCI1,TMCI1,2000-01-01,2006-09-29,on_ds_daily_axis
BW-TMCS,TMCS,2000-01-01,2003-01-17,on_ds_daily_axis
BW-TMCX,TMCX,2000-01-01,2019-11-22,on_ds_daily_axis
BW-TMCXU,TMCXU,2000-01-01,2019-11-22,on_ds_daily_axis
BW-TMCXW,TMCXW,2000-01-01,2019-11-14,on_ds_daily_axis
BW-TMC_OLD1,TMC_OLD1,2000-01-01,2015-02-17,on_ds_daily_axis
BW-TMC_OLD2,TMC_OLD2,2000-01-01,2018-12-14,on_ds_daily_axis
BW-TMD,TMD,2000-01-01,2018-06-22,on_ds_daily_axis
BW-BBG00665H8Q4,TMDI,2000-01-01,2023-06-01,on_ds_daily_axis
BW-TMH_OLD,TMH_OLD,2000-01-01,2017-02-03,on_ds_daily_axis
BW-BBG000BVD6X4,TMK,2000-01-01,2019-08-08,on_ds_daily_axis
BW-US8765451047,TMKR,2000-01-01,2023-10-23,on_ds_daily_axis
BW-TMLN,TMLN,2000-01-01,2008-12-10,on_ds_daily_axis
BW-TMM,TMM,2000-01-01,2017-05-04,on_ds_daily_axis
BW-TMNT,TMNT,2000-01-01,2001-11-16,on_ds_daily_axis
BW-KYG9127T1085,TMPM,2000-01-01,2022-10-28,on_ds_daily_axis
BW-TMPMW,TMPMW,2000-01-01,2022-10-19,on_ds_daily_axis
BW-TMR,TMR,2000-01-01,2010-05-13,on_ds_daily_axis
BW-TMRK,TMRK,2000-01-01,2011-04-11,on_ds_daily_axis
BW-TMS,TMS,2000-01-01,2022-03-02,on_ds_daily_axis
BW-TMSRW,TMSRW,2000-01-01,2018-05-03,on_ds_daily_axis
BW-TMSTA,TMSTA,2000-01-01,2000-12-01,on_ds_daily_axis
BW-TMTA,TMTA,2000-01-01,2009-01-28,on_ds_daily_axis
BW-C0002097364,TMTSU,2000-01-01,2021-10-28,on_ds_daily_axis
BW-TMTV,TMTV,2000-01-01,2002-03-15,on_ds_daily_axis
BW-TMTX,TMTX,2000-01-01,2001-04-25,on_ds_daily_axis
BW-TMUSP,TMUSP,2000-01-01,2017-12-15,on_ds_daily_axis
BW-TMWD,TMWD,2000-01-01,2008-09-04,on_ds_daily_axis
BW-BBG00FQSMCY8,TNAV,2000-01-01,2021-02-17,on_ds_daily_axis
BW-TNB,TNB,2000-01-01,2012-05-16,on_ds_daily_axis
BW-TND,TND,2000-01-01,2017-07-28,on_ds_daily_axis
BW-TNF,TNF,2000-01-01,2009-04-17,on_ds_daily_axis
BW-TNFI,TNFI,2000-01-01,2000-08-14,on_ds_daily_axis
BW-TNGO,TNGO,2000-01-01,2017-03-13,on_ds_daily_axis
BW-TNI,TNI,2000-01-01,2022-03-02,on_ds_daily_axis
BW-TNM,TNM,2000-01-01,2022-03-02,on_ds_daily_axis
BW-TNO,TNO,2000-01-01,2018-01-31,on_ds_daily_axis
BW-TNOW,TNOW,2000-01-01,2001-02-16,on_ds_daily_axis
BW-TNOX,TNOX,2000-01-01,2007-08-02,on_ds_daily_axis
BW-TNP,TNP,2000-01-01,2024-06-28,on_ds_daily_axis
BW-TNP_OLD,TNP_OLD,2000-01-01,2000-04-07,on_ds_daily_axis
BW-TNS,TNS,2000-01-01,2013-02-15,on_ds_daily_axis
BW-TNSI,TNSI,2000-01-01,2002-01-31,on_ds_daily_axis
BW-BBG00H33B1N2,TNTR,2000-01-01,2018-07-11,on_ds_daily_axis
BW-TNTX,TNTX,2000-01-01,2004-03-03,on_ds_daily_axis
BW-TOBC,TOBC,2000-01-01,2012-02-21,on_ds_daily_axis
BW-TOC,TOC,2000-01-01,2000-05-11,on_ds_daily_axis
BW-US8888461022,TOCA,2000-01-01,2020-06-15,on_ds_daily_axis
BW-TOD,TOD,2000-01-01,2011-02-15,on_ds_daily_axis
BW-TOFC,TOFC,2000-01-01,2014-05-02,on_ds_daily_axis
BW-TOM,TOM,2000-01-01,2019-01-25,on_ds_daily_axis
BW-TOMO,TOMO,2000-01-01,2011-06-13,on_ds_daily_axis
BW-TOMOY,TOMOY,2000-01-01,2007-09-26,on_ds_daily_axis
BW-TONS1,TONS1,2000-01-01,2007-11-15,on_ds_daily_axis
BW-USY8565J1017,TOO,2000-01-01,2020-01-22,on_ds_daily_axis
BW-TOPP_OLD,TOPP_OLD,2000-01-01,2017-05-19,on_ds_daily_axis
BW-BBG00JXQSLT6,TORC,2000-01-01,2020-09-16,on_ds_daily_axis
BW-TORC1,TORC1,2000-01-01,2006-01-09,on_ds_daily_axis
BW-TOS_OLD,TOS_OLD,2000-01-01,2001-09-10,on_ds_daily_axis
BW-TOTAR,TOTAR,2000-01-01,2020-12-30,on_ds_daily_axis
BW-TOTAU,TOTAU,2000-01-01,2021-01-04,on_ds_daily_axis
BW-US8918261095,TOWR,2000-01-01,2019-09-27,on_ds_daily_axis
BW-TOX,TOX,2000-01-01,2012-07-31,on_ds_daily_axis
BW-TOY,TOY,2000-01-01,2017-03-13,on_ds_daily_axis
BW-KYG8990L1014,TPBA,2000-01-01,2023-02-28,on_ds_daily_axis
BW-TPBAW,TPBAW,2000-01-01,2023-02-28,on_ds_daily_axis
BW-TPC1,TPC1,2000-01-01,2008-03-13,on_ds_daily_axis
BW-TPCG,TPCG,2000-01-01,2012-12-20,on_ds_daily_axis
BW-BBG004TCGFN7,TPCO,2000-01-01,2021-08-23,on_ds_daily_axis
BW-TPGE,TPGE,2000-01-01,2018-07-31,on_ds_daily_axis
BW-TPGE-U,TPGE-U,2000-01-01,2018-07-31,on_ds_daily_axis
BW-TPGH,TPGH,2000-01-01,2020-01-17,on_ds_daily_axis
BW-TPGH-U,TPGH-U,2000-01-01,2019-11-04,on_ds_daily_axis
BW-TPGI,TPGI,2000-01-01,2013-12-19,on_ds_daily_axis
BW-KYG8656V1041,TPGS,2000-01-01,2021-12-07,on_ds_daily_axis
BW-KYG8990D1253,TPGY,2000-01-01,2022-10-10,on_ds_daily_axis
BW-TPGY-U,TPGY-U,2000-01-01,2021-12-17,on_ds_daily_axis
BW-TPI,TPI,2000-01-01,2016-04-29,on_ds_daily_axis
BW-US8760334081,TPIV,2000-01-01,2018-10-17,on_ds_daily_axis
BW-TPOSQ,TPOSQ,2000-01-01,2008-11-06,on_ds_daily_axis
BW-TPP,TPP,2000-01-01,2014-12-03,on_ds_daily_axis
BW-TPPHQ,TPPHQ,2000-01-01,2008-10-09,on_ds_daily_axis
BW-BMG8827U1009,TPRE,2000-01-01,2021-04-29,on_ds_daily_axis
BW-TPTH,TPTH,2000-01-01,2006-12-20,on_ds_daily_axis
BW-TPTI,TPTI,2000-01-01,2005-01-31,on_ds_daily_axis
BW-US90041T1088,TPTX,2000-01-01,2022-09-07,on_ds_daily_axis
BW-TPUB,TPUB,2000-01-01,2016-06-17,on_ds_daily_axis
BW-BBG000GHLDR3,TPX,2000-01-01,2025-02-14,on_ds_daily_axis
BW-TPY,TPY,2000-01-01,2005-10-31,on_ds_daily_axis
BW-TQNT,TQNT,2000-01-01,2014-12-31,on_ds_daily_axis
BW-TRA,TRA,2000-01-01,2022-03-02,on_ds_daily_axis
BW-TRAD,TRAD,2000-01-01,2011-06-10,on_ds_daily_axis
BW-C0001333513,TRAK_OLD,2000-01-01,2015-09-30,on_ds_daily_axis
BW-TRBC,TRBC,2000-01-01,2002-09-30,on_ds_daily_axis
BW-TRBN,TRBN,2000-01-01,2010-10-28,on_ds_daily_axis
BW-TRBR,TRBR,2000-01-01,2012-04-03,on_ds_daily_axis
BW-TRBS,TRBS,2000-01-01,2006-11-10,on_ds_daily_axis
BW-KYG9151L1041,TRCA_OLD,2000-01-01,2008-10-16,on_ds_daily_axis
BW-US2040181057,TRCB,2000-01-01,2019-12-31,on_ds_daily_axis
BW-TRCD,TRCD,2000-01-01,2002-08-02,on_ds_daily_axis
BW-TRCI,TRCI,2000-01-01,2011-05-16,on_ds_daily_axis
BW-BBG003S44SC5,TRCO,2000-01-01,2019-09-18,on_ds_daily_axis
BW-TRCR,TRCR,2000-01-01,2012-04-26,on_ds_daily_axis
BW-TRDO,TRDO,2000-01-01,2006-04-04,on_ds_daily_axis
BW-KYG9027T1094,TREB,2000-01-01,2022-01-28,on_ds_daily_axis
BW-TREB-U,TREB-U,2000-01-01,2021-12-17,on_ds_daily_axis
BW-US8946481046,TREC,2000-01-01,2022-06-27,on_ds_daily_axis
BW-TREE_OLD,TREE_OLD,2000-01-01,2003-08-08,on_ds_daily_axis
BW-TREV,TREV,2000-01-01,2001-01-22,on_ds_daily_axis
BW-TRFC,TRFC,2000-01-01,2007-03-06,on_ds_daily_axis
BW-TRFX1,TRFX1,2000-01-01,2008-02-01,on_ds_daily_axis
BW-TRGA,TRGA,2000-01-01,2001-03-13,on_ds_daily_axis
BW-TRGL,TRGL,2000-01-01,2015-12-07,on_ds_daily_axis
BW-TRGT,TRGT,2000-01-01,2015-08-20,on_ds_daily_axis
BW-TRH,TRH,2000-01-01,2022-03-02,on_ds_daily_axis
BW-BBG006MDSQD1,TRIL_OLD,2000-01-01,2021-11-17,on_ds_daily_axis
BW-TRINL,TRINL,2000-01-01,2025-01-16,on_ds_daily_axis
BW-TRIS-UN,TRIS-UN,2000-01-01,2024-08-02,on_ds_daily_axis
BW-TRIS_OLD,TRIS_OLD,2000-01-01,2015-05-11,on_ds_daily_axis
BW-KYG9103H1020,TRIT,2000-01-01,2024-09-09,on_ds_daily_axis
BW-TRITW,TRITW,2000-01-01,2024-09-17,on_ds_daily_axis
BW-TRIV,TRIV,2000-01-01,2016-02-03,on_ds_daily_axis
BW-C0001074771,TRI_OLD2,2000-01-01,2007-07-24,on_ds_daily_axis
BW-TRKN,TRKN,2000-01-01,2005-12-01,on_ds_daily_axis
BW-TRLA,TRLA,2000-01-01,2017-09-28,on_ds_daily_axis
BW-TRLA1,TRLA1,2000-01-01,2015-02-17,on_ds_daily_axis
BW-TRLG,TRLG,2000-01-01,2013-07-30,on_ds_daily_axis
BW-TRMPQ,TRMPQ,2000-01-01,2010-07-15,on_ds_daily_axis
BW-US89484T1043,TRMR,2000-01-01,2024-03-12,on_ds_daily_axis
BW-BBG00HVLQPG0,TRMR_OLD,2000-01-01,2020-10-08,on_ds_daily_axis
BW-US8947891060,TRMT,2000-01-01,2021-10-01,on_ds_daily_axis
BW-C0001593195,TRNC,2000-01-01,2018-10-09,on_ds_daily_axis
BW-US89628U1088,TRNE,2000-01-01,2020-12-10,on_ds_daily_axis
BW-TRNE-U,TRNE-U,2000-01-01,2020-12-09,on_ds_daily_axis
BW-TRNIQ,TRNIQ,2000-01-01,2015-03-06,on_ds_daily_axis
BW-TRNT,TRNT,2000-01-01,2013-05-13,on_ds_daily_axis
BW-TRNX1,TRNX1,2000-01-01,2016-02-23,on_ds_daily_axis
BW-TRO,TRO,2000-01-01,2006-03-30,on_ds_daily_axis
BW-BBG000PXLKM7,TROV,2000-01-01,2020-10-21,on_ds_daily_axis
BW-TROVU,TROVU,2000-01-01,2017-05-31,on_ds_daily_axis
BW-TROVW,TROVW,2000-01-01,2017-05-30,on_ds_daily_axis
BW-TROY,TROY,2000-01-01,2009-07-01,on_ds_daily_axis
BW-TRPH,TRPH,2000-01-01,2007-04-19,on_ds_daily_axis
BW-US88339A3023,TRPX,2000-01-01,2021-01-27,on_ds_daily_axis
BW-BBG00Z9F9Y78,TRQ,2000-01-01,2022-12-15,on_ds_daily_axis
BW-TRR,TRR,2000-01-01,2017-06-21,on_ds_daily_axis
BW-TRTLU,TRTLU,2000-01-01,2018-03-23,on_ds_daily_axis
BW-KYG8956E1098,TRTL_OLD,2000-01-01,2016-11-09,on_ds_daily_axis
BW-TRUE1,TRUE1,2000-01-01,2006-11-10,on_ds_daily_axis
BW-TRUK,TRUK,2000-01-01,2018-04-16,on_ds_daily_axis
BW-TRVL,TRVL,2000-01-01,2000-05-03,on_ds_daily_axis
BW-C0001267097,TRW,2000-01-01,2015-05-14,on_ds_daily_axis
BW-US90171V2043,TRWH,2000-01-01,2020-11-06,on_ds_daily_axis
BW-US89366M3007,TRXC,2000-01-01,2021-05-06,on_ds_daily_axis
BW-TRXI,TRXI,2000-01-01,2013-07-15,on_ds_daily_axis
BW-TRZ,TRZ,2000-01-01,2018-02-22,on_ds_daily_axis
BW-TSA,TSA,2000-01-01,2006-05-03,on_ds_daily_axis
BW-TSAR,TSAR,2000-01-01,2001-07-25,on_ds_daily_axis
BW-BBG00ZR84T16,TSC,2000-01-01,2022-06-10,on_ds_daily_axis
BW-TSCN,TSCN,2000-01-01,2001-09-25,on_ds_daily_axis
BW-TSD,TSD,2000-01-01,2018-02-22,on_ds_daily_axis
BW-TSFG,TSFG,2000-01-01,2010-09-30,on_ds_daily_axis
BW-TSFT,TSFT,2000-01-01,2002-10-22,on_ds_daily_axis
BW-US7859051002,TSG,2000-01-01,2020-05-04,on_ds_daily_axis
BW-TSG1,TSG1,2000-01-01,2007-03-30,on_ds_daily_axis
BW-TSH,TSH,2000-01-01,2014-05-30,on_ds_daily_axis
BW-TSIAW,TSIAW,2000-01-01,2021-08-05,on_ds_daily_axis
BW-US88825H1005,TSIB,2000-01-01,2022-12-09,on_ds_daily_axis
BW-TSII_OLD,TSII_OLD,2000-01-01,2000-05-03,on_ds_daily_axis
BW-C0001382158,TSL_OLD,2000-01-01,2017-03-13,on_ds_daily_axis
BW-TSNU,TSNU,2000-01-01,2017-07-05,on_ds_daily_axis
BW-TSO,TSO,2000-01-01,2017-07-31,on_ds_daily_axis
BW-US87301L1061,TSPQ,2000-01-01,2023-01-13,on_ds_daily_axis
BW-TSPQ-U,TSPQ-U,2000-01-01,2021-12-20,on_ds_daily_axis
BW-TSPQ-UN,TSPQ-UN,2000-01-01,2022-12-15,on_ds_daily_axis
BW-TSR,TSR,2000-01-01,2015-03-26,on_ds_daily_axis
BW-TSRA,TSRA,2000-01-01,2017-02-22,on_ds_daily_axis
BW-TSRC,TSRC,2000-01-01,2002-07-23,on_ds_daily_axis
BW-TSRE,TSRE,2000-01-01,2015-09-16,on_ds_daily_axis
BW-TSRX,TSRX,2000-01-01,2013-09-11,on_ds_daily_axis
BW-BBG000C1JTL6,TSS,2000-01-01,2019-09-17,on_ds_daily_axis
BW-TSSS,TSSS,2000-01-01,2001-08-15,on_ds_daily_axis
BW-TSST,TSST,2000-01-01,2000-02-09,on_ds_daily_axis
BW-US88368Q1031,TST,2000-01-01,2019-08-07,on_ds_daily_axis
BW-TSTC,TSTC,2000-01-01,2014-11-12,on_ds_daily_axis
BW-TSTN,TSTN,2000-01-01,2006-11-29,on_ds_daily_axis
BW-TSTY,TSTY,2000-01-01,2011-05-24,on_ds_daily_axis
BW-BBG00XS5M9S1,TSU,2000-01-01,2020-10-12,on_ds_daily_axis
BW-TSX,TSX,2000-01-01,2017-09-25,on_ds_daily_axis
BW-TSYS,TSYS,2000-01-01,2016-02-23,on_ds_daily_axis
BW-TTB,TTB,2000-01-01,2021-12-08,on_ds_daily_axis
BW-TTCMY,TTCMY,2000-01-01,2013-06-07,on_ds_daily_axis
BW-TTES,TTES,2000-01-01,2011-01-10,on_ds_daily_axis
BW-TTG,TTG,2000-01-01,2008-02-27,on_ds_daily_axis
BW-TTHI,TTHI,2000-01-01,2016-08-30,on_ds_daily_axis
BW-TTIL,TTIL,2000-01-01,2010-08-20,on_ds_daily_axis
BW-BBG00901XWS0,TTM,2000-01-01,2023-01-23,on_ds_daily_axis
BW-TTN,TTN,2000-01-01,2005-07-29,on_ds_daily_axis
BW-TTPA,TTPA,2000-01-01,2010-12-31,on_ds_daily_axis
BW-BBG00JNKN6B7,TTPH,2000-01-01,2020-07-28,on_ds_daily_axis
BW-BBG00JPZ9G80,TTS,2000-01-01,2020-07-10,on_ds_daily_axis
BW-US89853X3061,TTTM,2000-01-01,2018-02-09,on_ds_daily_axis
BW-TTX,TTX,2000-01-01,2018-01-30,on_ds_daily_axis
BW-TUBE,TUBE,2000-01-01,2016-12-19,on_ds_daily_axis
BW-TUC,TUC,2000-01-01,2014-01-08,on_ds_daily_axis
BW-TUDO,TUDO,2000-01-01,2012-08-23,on_ds_daily_axis
BW-BBG00K95XYR4,TUES,2000-01-01,2020-10-21,on_ds_daily_axis
BW-KYG898771236,TUGCU,2000-01-01,2022-04-29,on_ds_daily_axis
BW-TUGCW,TUGCW,2000-01-01,2022-04-29,on_ds_daily_axis
BW-TUI,TUI,2000-01-01,2001-04-12,on_ds_daily_axis
BW-TUMI,TUMI,2000-01-01,2016-08-01,on_ds_daily_axis
BW-BBG000DD66H8,TUP,2000-01-01,2024-09-19,on_ds_daily_axis
BW-TUSC,TUSC,2000-01-01,2001-03-09,on_ds_daily_axis
BW-TUTR,TUTR,2000-01-01,2010-05-25,on_ds_daily_axis
BW-TUTS,TUTS,2000-01-01,2007-03-30,on_ds_daily_axis
BW-US88332T1007,TVAC,2000-01-01,2022-02-16,on_ds_daily_axis
BW-TVGIA,TVGIA,2000-01-01,2000-07-12,on_ds_daily_axis
BW-TVGTF,TVGTF,2000-01-01,2001-02-12,on_ds_daily_axis
BW-TVIA,TVIA,2000-01-01,2017-08-10,on_ds_daily_axis
BW-TVIA1,TVIA1,2000-01-01,2009-12-28,on_ds_daily_axis
BW-TVINQ,TVINQ,2000-01-01,2009-09-25,on_ds_daily_axis
BW-TVL,TVL,2000-01-01,2016-07-07,on_ds_daily_axis
BW-TVLY,TVLY,2000-01-01,2002-04-11,on_ds_daily_axis
BW-TVLYQ,TVLYQ,2000-01-01,2012-10-12,on_ds_daily_axis
BW-BMG9019D1048,TVPT,2000-01-01,2019-05-30,on_ds_daily_axis
BW-TVSFF,TVSFF,2000-01-01,2006-02-14,on_ds_daily_axis
BW-BBG00DZWMVX3,TVTY,2000-01-01,2022-06-30,on_ds_daily_axis
BW-TVX,TVX,2000-01-01,2017-03-13,on_ds_daily_axis
BW-TW1,TW1,2000-01-01,2007-09-27,on_ds_daily_axis
BW-TW2,TW2,2000-01-01,2016-01-04,on_ds_daily_axis
BW-TWAIQ,TWAIQ,2000-01-01,2014-12-31,on_ds_daily_axis
BW-TWAV_OLD,TWAV_OLD,2000-01-01,2007-05-24,on_ds_daily_axis
BW-TWB,TWB,2000-01-01,2009-11-25,on_ds_daily_axis
BW-TWC,TWC,2000-01-01,2016-05-17,on_ds_daily_axis
BW-TWD,TWD,2000-01-01,2017-02-28,on_ds_daily_axis
BW-TWE,TWE,2000-01-01,2001-11-26,on_ds_daily_axis
BW-TWGP,TWGP,2000-01-01,2014-09-12,on_ds_daily_axis
BW-TWHR,TWHR,2000-01-01,2014-12-31,on_ds_daily_axis
BW-TWLB,TWLB,2000-01-01,2002-12-16,on_ds_daily_axis
BW-TWLL,TWLL,2000-01-01,2010-04-27,on_ds_daily_axis
BW-TWLVR,TWLVR,2000-01-01,2019-04-02,on_ds_daily_axis
BW-TWMC,TWMC,2000-01-01,2020-09-04,on_ds_daily_axis
BW-US87403Q1022,TWND,2000-01-01,2023-02-14,on_ds_daily_axis
BW-TWND-U,TWND-U,2000-01-01,2021-12-17,on_ds_daily_axis
BW-KYG8662F1019,TWNI,2000-01-01,2023-05-04,on_ds_daily_axis
BW-TWNI-UN,TWNI-UN,2000-01-01,2023-05-04,on_ds_daily_axis
BW-TWNKW,TWNKW,2000-01-01,2021-11-04,on_ds_daily_axis
BW-KYG866131090,TWNT,2000-01-01,2022-04-01,on_ds_daily_axis
BW-TWNT-U,TWNT-U,2000-01-01,2021-12-17,on_ds_daily_axis
BW-US90214J1016,TWOU,2000-01-01,2024-10-09,on_ds_daily_axis
BW-TWPG,TWPG,2000-01-01,2010-07-01,on_ds_daily_axis
BW-TWRAQ,TWRAQ,2000-01-01,2007-07-31,on_ds_daily_axis
BW-TWRI,TWRI,2000-01-01,2002-05-31,on_ds_daily_axis
BW-TWTC,TWTC,2000-01-01,2014-10-31,on_ds_daily_axis
BW-TWTI1,TWTI1,2000-01-01,2008-07-24,on_ds_daily_axis
BW-BBG005KDKQN2,TWTR,2000-01-01,2022-10-27,on_ds_daily_axis
BW-BBG007F5YVM6,TWX,2000-01-01,2018-06-15,on_ds_daily_axis
BW-TXCOQ,TXCOQ,2000-01-01,2010-02-11,on_ds_daily_axis
BW-TXI,TXI,2000-01-01,2014-07-01,on_ds_daily_axis
BW-TXLI,TXLI,2000-01-01,2001-03-21,on_ds_daily_axis
BW-TXM,TXM,2000-01-01,2018-01-31,on_ds_daily_axis
BW-TXTR,TXTR,2000-01-01,2016-06-10,on_ds_daily_axis
BW-TXU,TXU,2000-01-01,2007-10-10,on_ds_daily_axis
BW-TXUI,TXUI,2000-01-01,2007-01-31,on_ds_daily_axis
BW-TYC,TYC,2000-01-01,2016-09-02,on_ds_daily_axis
BW-US8245673095,TYHT,2000-01-01,2021-12-17,on_ds_daily_axis
BW-TYM,TYM,2000-01-01,2009-04-13,on_ds_daily_axis
BW-TYM1,TYM1,2000-01-01,2021-06-21,on_ds_daily_axis
BW-TYPE,TYPE,2000-01-01,2019-10-10,on_ds_daily_axis
BW-TYY,TYY,2000-01-01,2014-06-20,on_ds_daily_axis
BW-VGG8708A1167,TZAC,2000-01-01,2020-12-18,on_ds_daily_axis
BW-TZACU,TZACU,2000-01-01,2020-12-14,on_ds_daily_axis
BW-TZACW,TZACW,2000-01-01,2020-12-15,on_ds_daily_axis
BW-TZF,TZF,2000-01-01,2016-02-04,on_ds_daily_axis
BW-TZH,TZH,2000-01-01,2002-05-07,on_ds_daily_axis
BW-TZIX,TZIX,2000-01-01,2008-08-04,on_ds_daily_axis
BW-TZMT,TZMT,2000-01-01,2007-12-26,on_ds_daily_axis
BW-KYG915951019,TZPS,2000-01-01,2023-02-02,on_ds_daily_axis
BW-UACL,UACL,2000-01-01,2016-05-12,on_ds_daily_axis
BW-UALAQ,UALAQ,2000-01-01,2006-02-01,on_ds_daily_axis
BW-UAPH,UAPH,2000-01-01,2008-05-07,on_ds_daily_axis
BW-UB,UB,2000-01-01,2008-11-03,on_ds_daily_axis
BW-UBET,UBET,2000-01-01,2010-06-02,on_ds_daily_axis
BW-UBH,UBH,2000-01-01,2007-12-31,on_ds_daily_axis
BW-UBI,UBI,2000-01-01,2018-02-28,on_ds_daily_axis
BW-UBID,UBID,2000-01-01,2021-01-28,on_ds_daily_axis
BW-UBIX,UBIX,2000-01-01,2003-03-28,on_ds_daily_axis
BW-UBMT,UBMT,2000-01-01,2007-02-05,on_ds_daily_axis
BW-UBNK1,UBNK1,2000-01-01,2014-04-30,on_ds_daily_axis
BW-UBSC,UBSC,2000-01-01,2002-12-11,on_ds_daily_axis
BW-C0000883948,UBSH,2000-01-01,2019-06-28,on_ds_daily_axis
BW-BBG00F412FG6,UBX,2000-01-01,2025-07-09,on_ds_daily_axis
BW-UCAP,UCAP,2000-01-01,2022-03-02,on_ds_daily_axis
BW-UCB-P-I,UCB-P-I,2000-01-01,2025-09-12,on_ds_daily_axis
BW-UCB-PI,UCB-PI,2000-01-01,2025-09-12,on_ds_daily_axis
BW-US90984R1014,UCBA,2000-01-01,2018-09-14,on_ds_daily_axis
BW-UCBC,UCBC,2000-01-01,2006-03-15,on_ds_daily_axis
BW-UCBH,UCBH,2000-01-01,2011-11-17,on_ds_daily_axis
BW-BBG000BL7GB5,UCBI,2000-01-01,2024-08-06,on_ds_daily_axis
BW-UCG,UCG,2000-01-01,2018-02-28,on_ds_daily_axis
BW-UCI_OLD,UCI_OLD,2000-01-01,2006-04-04,on_ds_daily_axis
BW-UCM,UCM,2000-01-01,2019-12-09,on_ds_daily_axis
BW-UCMPQ,UCMPQ,2000-01-01,2006-09-05,on_ds_daily_axis
BW-UCO1,UCO1,2000-01-01,2007-08-20,on_ds_daily_axis
BW-UCOMA,UCOMA,2000-01-01,2005-06-15,on_ds_daily_axis
BW-UCOR,UCOR,2000-01-01,2001-11-09,on_ds_daily_axis
BW-UCP,UCP,2000-01-01,2017-08-03,on_ds_daily_axis
BW-UDF,UDF,2000-01-01,2016-02-18,on_ds_daily_axis
BW-UDG,UDG,2000-01-01,2000-08-30,on_ds_daily_axis
BW-UDI1,UDI1,2000-01-01,2001-05-24,on_ds_daily_axis
BW-UDRL,UDRL,2000-01-01,2012-11-05,on_ds_daily_axis
BW-UDS,UDS,2000-01-01,2018-07-03,on_ds_daily_axis
BW-UDWKQ,UDWKQ,2000-01-01,2018-10-26,on_ds_daily_axis
BW-BBG000BXYSR6,UEPS,2000-01-01,2022-07-26,on_ds_daily_axis
BW-UFHI,UFHI,2000-01-01,2003-02-28,on_ds_daily_axis
BW-UFMC,UFMC,2000-01-01,2005-12-01,on_ds_daily_axis
BW-BBG000BHFHP8,UFS,2000-01-01,2021-12-01,on_ds_daily_axis
BW-UFX,UFX,2000-01-01,2016-06-28,on_ds_daily_axis
BW-UGCE_OLD,UGCE_OLD,2000-01-01,2003-12-19,on_ds_daily_axis
BW-UGLY,UGLY,2000-01-01,2002-03-04,on_ds_daily_axis
BW-US9047531002,UGNEQ,2000-01-01,2013-07-08,on_ds_daily_axis
BW-UH,UH,2000-01-01,2000-05-02,on_ds_daily_axis
BW-UHR,UHR,2000-01-01,2017-03-13,on_ds_daily_axis
BW-UIC,UIC,2000-01-01,2022-03-02,on_ds_daily_axis
BW-UIL,UIL,2000-01-01,2015-12-16,on_ds_daily_axis
BW-UIRT,UIRT,2000-01-01,2001-09-21,on_ds_daily_axis
BW-ULAB,ULAB,2000-01-01,2003-02-28,on_ds_daily_axis
BW-ULCM,ULCM,2000-01-01,2010-12-03,on_ds_daily_axis
BW-ULTEQ,ULTEQ,2000-01-01,2006-01-31,on_ds_daily_axis
BW-US90385D1072,ULTI_OLD,2000-01-01,2019-05-02,on_ds_daily_axis
BW-BBG007DHZQR7,UMRX,2000-01-01,2021-01-28,on_ds_daily_axis
BW-UNAMQ,UNAMQ,2000-01-01,2023-09-01,on_ds_daily_axis
BW-UNBH,UNBH,2000-01-01,2008-01-02,on_ds_daily_axis
BW-UNBJ,UNBJ,2000-01-01,2003-12-31,on_ds_daily_axis
BW-UNCA,UNCA,2000-01-01,2010-10-05,on_ds_daily_axis
BW-UNDT,UNDT,2000-01-01,2021-01-14,on_ds_daily_axis
BW-UNI,UNI,2000-01-01,2004-06-29,on_ds_daily_axis
BW-UNIS,UNIS,2000-01-01,2017-04-20,on_ds_daily_axis
BW-UNIZ,UNIZ,2000-01-01,2006-02-28,on_ds_daily_axis
BW-UNNL,UNNL,2000-01-01,2000-07-13,on_ds_daily_axis
BW-UNO,UNO,2000-01-01,2001-07-31,on_ds_daily_axis
BW-UNRMY,UNRMY,2000-01-01,2008-03-17,on_ds_daily_axis
BW-UNS,UNS,2000-01-01,2014-08-15,on_ds_daily_axis
BW-BBG00JVX7003,UNT,2000-01-01,2020-10-08,on_ds_daily_axis
BW-UNTD,UNTD,2000-01-01,2016-06-30,on_ds_daily_axis
BW-UNTKQ,UNTKQ,2000-01-01,2015-01-13,on_ds_daily_axis
BW-UNWR,UNWR,2000-01-01,2005-08-12,on_ds_daily_axis
BW-UPCS,UPCS,2000-01-01,2006-06-30,on_ds_daily_axis
BW-C0000100893,UPC_OLD,2000-01-01,2004-06-30,on_ds_daily_axis
BW-UPFC,UPFC,2000-01-01,2011-02-28,on_ds_daily_axis
BW-UPGI,UPGI,2000-01-01,2013-11-12,on_ds_daily_axis
BW-US91532B1017,UPH,2000-01-01,2024-02-12,on_ds_daily_axis
BW-UPHN,UPHN,2000-01-01,2009-08-12,on_ds_daily_axis
BW-UPI,UPI,2000-01-01,2015-03-31,on_ds_daily_axis
BW-UPK,UPK,2000-01-01,2003-07-15,on_ds_daily_axis
BW-BBG00GH7VV07,UPL,2000-01-01,2020-11-23,on_ds_daily_axis
BW-UPR,UPR,2000-01-01,2018-09-24,on_ds_daily_axis
BW-UPSL,UPSL,2000-01-01,2006-12-18,on_ds_daily_axis
BW-US89268A1079,UPTD,2000-01-01,2023-09-29,on_ds_daily_axis
BW-UPUP,UPUP,2000-01-01,2000-03-28,on_ds_daily_axis
BW-UPX,UPX,2000-01-01,2000-11-20,on_ds_daily_axis
BW-BBG00JPGVQW8,UQM,2000-01-01,2019-07-31,on_ds_daily_axis
BW-URB,URB,2000-01-01,2018-02-22,on_ds_daily_axis
BW-URGI,URGI,2000-01-01,2007-11-02,on_ds_daily_axis
BW-URGP,URGP,2000-01-01,2012-08-08,on_ds_daily_axis
BW-URMD,URMD,2000-01-01,2000-12-05,on_ds_daily_axis
BW-URRE,URRE,2000-01-01,2017-08-18,on_ds_daily_axis
BW-URS,URS,2000-01-01,2014-10-16,on_ds_daily_axis
BW-URX,URX,2000-01-01,2009-12-14,on_ds_daily_axis
BW-URZ,URZ,2000-01-01,2015-06-18,on_ds_daily_axis
BW-USAB,USAB,2000-01-01,2002-02-01,on_ds_daily_axis
BW-USAD,USAD,2000-01-01,2001-05-25,on_ds_daily_axis
BW-BBG00PQ09GY3,USAT,2000-01-01,2021-06-17,on_ds_daily_axis
BW-USBE,USBE,2000-01-01,2008-03-31,on_ds_daily_axis
BW-USC,USC,2000-01-01,2000-10-04,on_ds_daily_axis
BW-US90343D1081,USCB_OLD,2000-01-01,2021-08-18,on_ds_daily_axis
BW-BBG0015S0P31,USCR,2000-01-01,2021-08-27,on_ds_daily_axis
BW-USCTW,USCTW,2000-01-01,2024-09-17,on_ds_daily_axis
BW-USDL,USDL,2000-01-01,2000-08-15,on_ds_daily_axis
BW-US91734E1010,USER,2000-01-01,2023-02-01,on_ds_daily_axis
BW-USEY,USEY,2000-01-01,2009-11-17,on_ds_daily_axis
BW-USFS,USFS,2000-01-01,2000-11-16,on_ds_daily_axis
BW-US9032934054,USG_OLD,2000-01-01,2019-04-23,on_ds_daily_axis
BW-USH1,USH1,2000-01-01,2021-03-22,on_ds_daily_axis
BW-USHS,USHS,2000-01-01,2012-10-26,on_ds_daily_axis
BW-USIH,USIH,2000-01-01,2007-05-04,on_ds_daily_axis
BW-USIT,USIT,2000-01-01,2001-01-19,on_ds_daily_axis
BW-USIX,USIX,2000-01-01,2002-01-04,on_ds_daily_axis
BW-USM1,USM1,2000-01-01,2021-06-21,on_ds_daily_axis
BW-USOL,USOL,2000-01-01,2002-11-13,on_ds_daily_axis
BW-USON,USON,2000-01-01,2004-08-20,on_ds_daily_axis
BW-USPI1,USPI1,2000-01-01,2007-04-19,on_ds_daily_axis
BW-USPI2,USPI2,2000-01-01,2015-12-31,on_ds_daily_axis
BW-USS,USS,2000-01-01,2019-02-27,on_ds_daily_axis
BW-USS1,USS1,2000-01-01,2009-11-12,on_ds_daily_axis
BW-USTR,USTR,2000-01-01,2015-05-29,on_ds_daily_axis
BW-USU,USU,2000-01-01,2014-09-29,on_ds_daily_axis
BW-USVI,USVI,2000-01-01,2002-10-31,on_ds_daily_axis
BW-USW,USW,2000-01-01,2000-06-30,on_ds_daily_axis
BW-USWB,USWB,2000-01-01,2000-02-29,on_ds_daily_axis
BW-US91274U2006,USWS,2000-01-01,2022-10-31,on_ds_daily_axis
BW-USWSW,USWSW,2000-01-01,2022-10-31,on_ds_daily_axis
BW-UTAAW,UTAAW,2000-01-01,2023-08-01,on_ds_daily_axis
BW-UTCC,UTCC,2000-01-01,2001-04-06,on_ds_daily_axis
BW-UTCI,UTCI,2000-01-01,2002-09-05,on_ds_daily_axis
BW-UTEK,UTEK,2000-01-01,2017-05-26,on_ds_daily_axis
BW-UTIW,UTIW,2000-01-01,2016-01-22,on_ds_daily_axis
BW-UTLX,UTLX,2000-01-01,2000-09-15,on_ds_daily_axis
BW-UTRA,UTRA,2000-01-01,2011-04-11,on_ds_daily_axis
BW-UTVI,UTVI,2000-01-01,2001-07-31,on_ds_daily_axis
BW-BBG000LZL665,UTX,2000-01-01,2020-04-23,on_ds_daily_axis
BW-UVN,UVN,2000-01-01,2018-01-30,on_ds_daily_axis
BW-UWBKQ,UWBKQ,2000-01-01,2014-10-06,on_ds_daily_axis
BW-US64126Q2066,UWN,2000-01-01,2019-06-14,on_ds_daily_axis
BW-UWR,UWR,2000-01-01,2000-07-27,on_ds_daily_axis
BW-UXP,UXP,2000-01-01,2004-01-28,on_ds_daily_axis
BW-VA,VA,2000-01-01,2016-12-13,on_ds_daily_axis
BW-VABT,VABT,2000-01-01,2002-10-31,on_ds_daily_axis
BW-VACN,VACN,2000-01-01,2021-12-03,on_ds_daily_axis
BW-KYG9442R1267,VACQ,2000-01-01,2021-09-03,on_ds_daily_axis
BW-VAIL,VAIL,2000-01-01,2006-09-01,on_ds_daily_axis
BW-VANS,VANS,2000-01-01,2004-06-30,on_ds_daily_axis
BW-VAPE,VAPE,2000-01-01,2025-08-27,on_ds_daily_axis
BW-VAPEW,VAPEW,2000-01-01,2025-08-05,on_ds_daily_axis
BW-VAPHQ,VAPHQ,2000-01-01,2012-08-30,on_ds_daily_axis
BW-BBG008B8PCS8,VAR,2000-01-01,2021-04-15,on_ds_daily_axis
BW-VARI,VARI,2000-01-01,2010-05-14,on_ds_daily_axis
BW-VARL,VARL,2000-01-01,2000-07-06,on_ds_daily_axis
BW-VAS,VAS,2000-01-01,2007-06-28,on_ds_daily_axis
BW-VASC,VASC,2000-01-01,2017-02-17,on_ds_daily_axis
BW-VAST,VAST,2000-01-01,2005-04-01,on_ds_daily_axis
BW-VATA,VATA,2000-01-01,2005-07-19,on_ds_daily_axis
BW-VATE_OLD,VATE_OLD,2000-01-01,2021-09-29,on_ds_daily_axis
BW-VAZ,VAZ,2000-01-01,2011-06-17,on_ds_daily_axis
BW-VBAC,VBAC,2000-01-01,2006-12-06,on_ds_daily_axis
BW-VBIV1,VBIV1,2000-01-01,2016-05-06,on_ds_daily_axis
BW-IL0011327454,VBLT,2000-01-01,2023-11-16,on_ds_daily_axis
BW-VBNJ,VBNJ,2000-01-01,2002-08-21,on_ds_daily_axis
BW-VCAI,VCAI,2000-01-01,2000-09-20,on_ds_daily_axis
BW-VCAP,VCAP,2000-01-01,2001-06-27,on_ds_daily_axis
BW-VCAT,VCAT,2000-01-01,2006-12-21,on_ds_daily_axis
BW-VCBI,VCBI,2000-01-01,2014-01-31,on_ds_daily_axis
BW-US2461011098,VCF,2000-01-01,2022-06-15,on_ds_daily_axis
BW-VCFC,VCFC,2000-01-01,2002-01-18,on_ds_daily_axis
BW-VCGH,VCGH,2000-01-01,2011-04-18,on_ds_daily_axis
BW-VCI,VCI,2000-01-01,2014-02-04,on_ds_daily_axis
BW-VCIX,VCIX,2000-01-01,2000-12-05,on_ds_daily_axis
BW-KYG9440B1077,VCKA,2000-01-01,2023-01-19,on_ds_daily_axis
BW-VCKAW,VCKAW,2000-01-01,2022-11-10,on_ds_daily_axis
BW-VCLL,VCLL,2000-01-01,2000-02-07,on_ds_daily_axis
BW-VCNE,VCNE,2000-01-01,2006-11-27,on_ds_daily_axis
BW-VCNT,VCNT,2000-01-01,2002-12-11,on_ds_daily_axis
BW-US9271911060,VCO,2000-01-01,2018-07-12,on_ds_daily_axis
BW-VCOM,VCOM,2000-01-01,2001-06-07,on_ds_daily_axis
BW-VCXAW,VCXAW,2000-01-01,2023-12-18,on_ds_daily_axis
BW-VDNX,VDNX,2000-01-01,2001-01-16,on_ds_daily_axis
BW-C0001044777,VDSI,2000-01-01,2018-06-05,on_ds_daily_axis
BW-US92657J1016,VDTH,2000-01-01,2018-04-11,on_ds_daily_axis
BW-US92211L2043,VEAC,2000-01-01,2019-04-15,on_ds_daily_axis
BW-VEACW,VEACW,2000-01-01,2019-04-15,on_ds_daily_axis
BW-BBG005PG80K4,VEC,2000-01-01,2022-09-08,on_ds_daily_axis
BW-CA92838F1018,VEDU,2000-01-01,2023-12-08,on_ds_daily_axis
BW-US92735P1030,VEI,2000-01-01,2021-11-26,on_ds_daily_axis
BW-VEI_OLD,VEI_OLD,2000-01-01,2021-06-23,on_ds_daily_axis
BW-VELCF,VELCF,2000-01-01,2009-06-24,on_ds_daily_axis
BW-US92259E2037,VELOU,2000-01-01,2023-01-27,on_ds_daily_axis
BW-VELOW,VELOW,2000-01-01,2023-01-19,on_ds_daily_axis
BW-USG932851078,VELTF,2000-01-01,2018-04-24,on_ds_daily_axis
BW-KYG9420F1028,VENA,2000-01-01,2023-01-11,on_ds_daily_axis
BW-VENAR,VENAR,2000-01-01,2023-01-11,on_ds_daily_axis
BW-VENAW,VENAW,2000-01-01,2022-12-09,on_ds_daily_axis
BW-VENT,VENT,2000-01-01,2001-10-11,on_ds_daily_axis
BW-VENX,VENX,2000-01-01,2001-12-31,on_ds_daily_axis
BW-VERA_OLD,VERA_OLD,2000-01-01,2013-07-22,on_ds_daily_axis
BW-VERD,VERD,2000-01-01,2000-09-08,on_ds_daily_axis
BW-VERT,VERT,2000-01-01,2013-02-27,on_ds_daily_axis
BW-VESC,VESC,2000-01-01,2002-11-15,on_ds_daily_axis
BW-VETS1,VETS1,2000-01-01,2010-11-02,on_ds_daily_axis
BW-VETX,VETX,2000-01-01,2002-08-20,on_ds_daily_axis
BW-VEXPQ,VEXPQ,2000-01-01,2013-02-26,on_ds_daily_axis
BW-VFLX,VFLX,2000-01-01,2004-10-26,on_ds_daily_axis
BW-VFNX,VFNX,2000-01-01,2002-05-07,on_ds_daily_axis
BW-VFPI,VFPI,2000-01-01,2009-04-30,on_ds_daily_axis
BW-VGAC,VGAC,2000-01-01,2021-06-17,on_ds_daily_axis
BW-VGAC-U,VGAC-U,2000-01-01,2021-06-16,on_ds_daily_axis
BW-VGCO,VGCO,2000-01-01,2001-03-28,on_ds_daily_axis
BW-BBG00W7VTK34,VGFC,2000-01-01,2023-03-24,on_ds_daily_axis
BW-VGII-U,VGII-U,2000-01-01,2021-12-17,on_ds_daily_axis
BW-VGIN,VGIN,2000-01-01,2002-10-11,on_ds_daily_axis
BW-VGNX,VGNX,2000-01-01,2003-01-31,on_ds_daily_axis
BW-BBG00FZLMLG3,VG_OLD,2000-01-01,2022-07-20,on_ds_daily_axis
BW-VHAQ-U,VHAQ-U,2000-01-01,2021-12-17,on_ds_daily_axis
BW-VGG9320Z1099,VHNA,2000-01-01,2023-09-20,on_ds_daily_axis
BW-VHNAW,VHNAW,2000-01-01,2023-09-20,on_ds_daily_axis
BW-VHS,VHS,2000-01-01,2013-09-30,on_ds_daily_axis
BW-BBG000DHSPT0,VIAB,2000-01-01,2019-12-04,on_ds_daily_axis
BW-VIACP,VIACP,2000-01-01,2022-04-20,on_ds_daily_axis
BW-VIAD,VIAD,2000-01-01,2001-10-30,on_ds_daily_axis
BW-VIAN,VIAN,2000-01-01,2002-09-27,on_ds_daily_axis
BW-BBG00X5F6PS6,VIAO,2000-01-01,2024-06-26,on_ds_daily_axis
BW-VIAS,VIAS,2000-01-01,2015-05-29,on_ds_daily_axis
BW-VIBC,VIBC,2000-01-01,2002-12-27,on_ds_daily_axis
BW-US9256021042,VICL,2000-01-01,2019-09-06,on_ds_daily_axis
BW-US92671V1061,VIEW,2000-01-01,2024-05-22,on_ds_daily_axis
BW-VIFL,VIFL,2000-01-01,2014-03-06,on_ds_daily_axis
BW-VIGN,VIGN,2000-01-01,2009-07-21,on_ds_daily_axis
BW-KYG9441E1180,VIHAW,2000-01-01,2021-10-15,on_ds_daily_axis
BW-C0002139246,VII,2000-01-01,2023-12-14,on_ds_daily_axis
BW-VIIAW,VIIAW,2000-01-01,2023-12-20,on_ds_daily_axis
BW-VIM,VIM,2000-01-01,2012-10-12,on_ds_daily_axis
BW-VIMC,VIMC,2000-01-01,2015-12-18,on_ds_daily_axis
BW-VINA,VINA,2000-01-01,2003-06-05,on_ds_daily_axis
BW-VINCU,VINCU,2000-01-01,2021-04-21,on_ds_daily_axis
BW-VINT,VINT,2000-01-01,2004-07-14,on_ds_daily_axis
BW-VION,VION,2000-01-01,2010-04-09,on_ds_daily_axis
BW-C0001417754,VIP,2000-01-01,2022-03-02,on_ds_daily_axis
BW-VIRL,VIRL,2000-01-01,2010-09-02,on_ds_daily_axis
BW-VISN_OLD,VISN_OLD,2000-01-01,2017-03-06,on_ds_daily_axis
BW-VIT,VIT,2000-01-01,2012-11-09,on_ds_daily_axis
BW-VITA,VITA,2000-01-01,2011-06-27,on_ds_daily_axis
BW-VITC,VITC,2000-01-01,2014-08-15,on_ds_daily_axis
BW-VITK,VITK,2000-01-01,2015-06-11,on_ds_daily_axis
BW-VITR,VITR,2000-01-01,2007-03-07,on_ds_daily_axis
BW-VIXL,VIXL,2000-01-01,2003-11-17,on_ds_daily_axis
BW-VKL,VKL,2000-01-01,2012-10-12,on_ds_daily_axis
BW-VKTXW,VKTXW,2000-01-01,2021-04-08,on_ds_daily_axis
BW-VL,VL,2000-01-01,2001-01-26,on_ds_daily_axis
BW-VLA,VLA,2000-01-01,2018-01-31,on_ds_daily_axis
BW-VLCM,VLCM,2000-01-01,2011-06-23,on_ds_daily_axis
BW-VLCT,VLCT,2000-01-01,2003-06-23,on_ds_daily_axis
BW-VLCY,VLCY,2000-01-01,2009-12-08,on_ds_daily_axis
BW-VLDRW,VLDRW,2000-01-01,2023-02-27,on_ds_daily_axis
BW-VLG,VLG,2000-01-01,2015-12-23,on_ds_daily_axis
BW-VLLY,VLLY,2000-01-01,2006-10-16,on_ds_daily_axis
BW-VLNK,VLNK,2000-01-01,2001-11-30,on_ds_daily_axis
BW-CA91914P6030,VLNS,2000-01-01,2023-01-20,on_ds_daily_axis
BW-US92023M1018,VLON,2000-01-01,2023-04-21,on_ds_daily_axis
BW-US91914J1025,VLP,2000-01-01,2019-01-09,on_ds_daily_axis
BW-C0001619250,VLRX,2000-01-01,2020-02-19,on_ds_daily_axis
BW-VLRX1,VLRX1,2000-01-01,2007-04-17,on_ds_daily_axis
BW-US92873V1026,VLTA,2000-01-01,2023-04-04,on_ds_daily_axis
BW-VLTR,VLTR,2000-01-01,2013-10-01,on_ds_daily_axis
BW-VLYWW,VLYWW,2000-01-01,2018-11-09,on_ds_daily_axis
BW-VM,VM,2000-01-01,2009-11-24,on_ds_daily_axis
BW-VMACW,VMACW,2000-01-01,2022-02-04,on_ds_daily_axis
BW-VMDCE,VMDCE,2000-01-01,2007-04-19,on_ds_daily_axis
BW-VMED,VMED,2000-01-01,2013-06-07,on_ds_daily_axis
BW-VMEMQ,VMEMQ,2000-01-01,2017-04-20,on_ds_daily_axis
BW-VMIX,VMIX,2000-01-01,2001-11-20,on_ds_daily_axis
BW-VMV,VMV,2000-01-01,2012-10-12,on_ds_daily_axis
BW-VNA,VNA,2000-01-01,2018-02-28,on_ds_daily_axis
BW-VNBCQ,VNBCQ,2000-01-01,2011-08-16,on_ds_daily_axis
BW-BBG00PQ017H0,VNE,2000-01-01,2022-04-01,on_ds_daily_axis
BW-VNGD,VNGD,2000-01-01,2001-12-10,on_ds_daily_axis
BW-VNR,VNR,2000-01-01,2017-02-10,on_ds_daily_axis
BW-VNRAP,VNRAP,2000-01-01,2017-02-10,on_ds_daily_axis
BW-VNRBP,VNRBP,2000-01-01,2017-02-10,on_ds_daily_axis
BW-VNRCP,VNRCP,2000-01-01,2017-02-10,on_ds_daily_axis
BW-GB00BF3ZNS54,VNTR,2000-01-01,2023-07-14,on_ds_daily_axis
BW-VNTV,VNTV,2000-01-01,2018-01-12,on_ds_daily_axis
BW-VNUS,VNUS,2000-01-01,2009-06-17,on_ds_daily_axis
BW-VNWI,VNWI,2000-01-01,2005-08-12,on_ds_daily_axis
BW-VNWK,VNWK,2000-01-01,2006-01-20,on_ds_daily_axis
BW-VNX,VNX,2000-01-01,2017-03-20,on_ds_daily_axis
BW-VOCS,VOCS,2000-01-01,2014-05-30,on_ds_daily_axis
BW-VOLC,VOLC,2000-01-01,2015-02-17,on_ds_daily_axis
BW-VOLT1,VOLT1,2000-01-01,2011-02-07,on_ds_daily_axis
BW-US9287031077,VOLT_OLD,2000-01-01,2022-04-25,on_ds_daily_axis
BW-VOQ,VOQ,2000-01-01,2012-10-12,on_ds_daily_axis
BW-US92771A1016,VORB,2000-01-01,2023-06-14,on_ds_daily_axis
BW-VORBW,VORBW,2000-01-01,2023-04-12,on_ds_daily_axis
BW-C0001822888,VOSO,2000-01-01,2021-11-19,on_ds_daily_axis
BW-VOSOW,VOSOW,2000-01-01,2021-11-19,on_ds_daily_axis
BW-VOW,VOW,2000-01-01,2017-03-13,on_ds_daily_axis
BW-VOXW,VOXW,2000-01-01,2010-12-29,on_ds_daily_axis
BW-VOYN,VOYN,2000-01-01,2000-09-29,on_ds_daily_axis
BW-KYG9460L1260,VPCB,2000-01-01,2023-03-28,on_ds_daily_axis
BW-VPCBW,VPCBW,2000-01-01,2023-03-20,on_ds_daily_axis
BW-US91835J1088,VPCC,2000-01-01,2022-01-05,on_ds_daily_axis
BW-VPCC-U,VPCC-U,2000-01-01,2021-12-17,on_ds_daily_axis
BW-VPCO,VPCO,2000-01-01,2016-02-11,on_ds_daily_axis
BW-VPF,VPF,2000-01-01,2013-05-01,on_ds_daily_axis
BW-VPFG,VPFG,2000-01-01,2014-12-31,on_ds_daily_axis
BW-VPHM,VPHM,2000-01-01,2014-01-23,on_ds_daily_axis
BW-VPI,VPI,2000-01-01,2022-03-02,on_ds_daily_axis
BW-VPK,VPK,2000-01-01,2018-01-31,on_ds_daily_axis
BW-VPRT,VPRT,2000-01-01,2014-11-12,on_ds_daily_axis
BW-VPS,VPS,2000-01-01,2022-03-02,on_ds_daily_axis
BW-VQ,VQ,2000-01-01,2012-10-03,on_ds_daily_axis
BW-BBG000BBY8S7,VQS,2000-01-01,2023-12-06,on_ds_daily_axis
BW-VRAD,VRAD,2000-01-01,2010-07-12,on_ds_daily_axis
BW-VRAI1,VRAI1,2000-01-01,2007-10-24,on_ds_daily_axis
BW-BBG005XKG722,VRAY,2000-01-01,2023-09-26,on_ds_daily_axis
BW-VRBA,VRBA,2000-01-01,2000-12-01,on_ds_daily_axis
BW-VRCC,VRCC,2000-01-01,2015-09-30,on_ds_daily_axis
BW-VRDO,VRDO,2000-01-01,2001-11-15,on_ds_daily_axis
BW-VRES,VRES,2000-01-01,2001-05-14,on_ds_daily_axis
BW-VRE_OLD,VRE_OLD,2000-01-01,2021-12-03,on_ds_daily_axis
BW-VRGE,VRGE,2000-01-01,2003-09-02,on_ds_daily_axis
BW-VRGY,VRGY,2000-01-01,2011-07-05,on_ds_daily_axis
BW-VRI,VRI,2000-01-01,2018-01-24,on_ds_daily_axis
BW-VRIO,VRIO,2000-01-01,2000-09-08,on_ds_daily_axis
BW-US92407M2061,VRML,2000-01-01,2020-10-22,on_ds_daily_axis
BW-VRNM,VRNM,2000-01-01,2013-11-01,on_ds_daily_axis
BW-VRSZQ,VRSZQ,2000-01-01,2016-07-14,on_ds_daily_axis
BW-VRS_OLD,VRS_OLD,2000-01-01,2015-09-21,on_ds_daily_axis
BW-US91911K1025,VRX,2000-01-01,2019-06-05,on_ds_daily_axis
BW-VRX1,VRX1,2000-01-01,2010-09-27,on_ds_daily_axis
BW-VRY,VRY,2000-01-01,2009-04-29,on_ds_daily_axis
BW-VRYA,VRYA,2000-01-01,2014-08-25,on_ds_daily_axis
BW-BMG9319H1025,VR_OLD,2000-01-01,2018-07-17,on_ds_daily_axis
BW-VSAI,VSAI,2000-01-01,2025-08-27,on_ds_daily_axis
BW-C0001513818,VSAR,2000-01-01,2018-10-15,on_ds_daily_axis
BW-VSB,VSB,2000-01-01,2014-07-03,on_ds_daily_axis
BW-VSCN,VSCN,2000-01-01,2008-01-17,on_ds_daily_axis
BW-VSCP,VSCP,2000-01-01,2016-05-10,on_ds_daily_axis
BW-VSEA,VSEA,2000-01-01,2011-11-10,on_ds_daily_axis
BW-VSHP,VSHP,2000-01-01,2001-04-12,on_ds_daily_axis
BW-BBG00JPVR887,VSI,2000-01-01,2019-12-16,on_ds_daily_axis
BW-BBG005XKJLF4,VSLR,2000-01-01,2020-10-08,on_ds_daily_axis
BW-BBG00DYC6ZM9,VSM,2000-01-01,2019-10-04,on_ds_daily_axis
BW-VSNA,VSNA,2000-01-01,2000-06-28,on_ds_daily_axis
BW-VSNT_OLD,VSNT_OLD,2000-01-01,2012-12-31,on_ds_daily_axis
BW-VSNX,VSNX,2000-01-01,2002-06-25,on_ds_daily_axis
BW-US92538T2033,VSPRU,2000-01-01,2021-05-05,on_ds_daily_axis
BW-VSPRW,VSPRW,2000-01-01,2021-07-07,on_ds_daily_axis
BW-VSR,VSR,2000-01-01,2017-09-22,on_ds_daily_axis
BW-VST-WS-A,VST-WS-A,2000-01-01,2018-12-21,on_ds_daily_axis
BW-VSTA1,VSTA1,2000-01-01,2008-03-06,on_ds_daily_axis
BW-VSTH,VSTH,2000-01-01,2007-02-21,on_ds_daily_axis
BW-VSTN,VSTN,2000-01-01,2006-03-02,on_ds_daily_axis
BW-VSTNQ,VSTNQ,2000-01-01,2010-10-01,on_ds_daily_axis
BW-VSTY,VSTY,2000-01-01,2008-04-15,on_ds_daily_axis
BW-VSUNQ,VSUNQ,2000-01-01,2010-08-16,on_ds_daily_axis
BW-VTAE,VTAE,2000-01-01,2016-10-24,on_ds_daily_axis
BW-VTAL,VTAL,2000-01-01,2011-06-16,on_ds_daily_axis
BW-US92280L1017,VTAQ,2000-01-01,2023-01-19,on_ds_daily_axis
BW-VTAQR,VTAQR,2000-01-01,2022-09-21,on_ds_daily_axis
BW-VTAQW,VTAQW,2000-01-01,2022-09-21,on_ds_daily_axis
BW-VTEK,VTEK,2000-01-01,2006-12-01,on_ds_daily_axis
BW-VTEX_OLD,VTEX_OLD,2000-01-01,2009-01-13,on_ds_daily_axis
BW-US92244F1093,VTIQ,2000-01-01,2023-01-13,on_ds_daily_axis
BW-VTIQU_OLD,VTIQU_OLD,2000-01-01,2020-06-03,on_ds_daily_axis
BW-VTIQW,VTIQW,2000-01-01,2022-12-09,on_ds_daily_axis
BW-VTIQ_OLD,VTIQ_OLD,2000-01-01,2021-06-23,on_ds_daily_axis
BW-VTIV,VTIV,2000-01-01,2010-08-04,on_ds_daily_axis
BW-VTJ,VTJ,2000-01-01,2012-10-12,on_ds_daily_axis
BW-US92847R1041,VTL,2000-01-01,2020-07-10,on_ds_daily_axis
BW-VTNC,VTNC,2000-01-01,2014-03-28,on_ds_daily_axis
BW-BBG00YT5RSS1,VTNR,2000-01-01,2024-12-09,on_ds_daily_axis
BW-VTRO1,VTRO1,2000-01-01,2012-03-01,on_ds_daily_axis
BW-VTSS,VTSS,2000-01-01,2015-04-27,on_ds_daily_axis
BW-VTS_OLD,VTS_OLD,2000-01-01,2007-01-12,on_ds_daily_axis
BW-VTTI,VTTI,2000-01-01,2017-09-14,on_ds_daily_axis
BW-VTX,VTX,2000-01-01,2000-02-04,on_ds_daily_axis
BW-VUSA,VUSA,2000-01-01,2000-08-11,on_ds_daily_axis
BW-US92240G1013,VVC,2000-01-01,2020-12-11,on_ds_daily_axis
BW-BBG000D79DL8,VVI,2000-01-01,2025-03-04,on_ds_daily_axis
BW-US9285421098,VVNT,2000-01-01,2023-03-09,on_ds_daily_axis
BW-BBG00JRTL3L2,VVUS,2000-01-01,2020-12-14,on_ds_daily_axis
BW-VVVV,VVVV,2000-01-01,2001-11-14,on_ds_daily_axis
BW-US92747V1061,VWE,2000-01-01,2024-10-03,on_ds_daily_axis
BW-VWEWW,VWEWW,2000-01-01,2024-08-13,on_ds_daily_axis
BW-VWR,VWR,2000-01-01,2017-11-21,on_ds_daily_axis
BW-US92660E1073,VWTR,2000-01-01,2022-05-25,on_ds_daily_axis
BW-VX,VX,2000-01-01,2001-04-25,on_ds_daily_axis
BW-VYFC,VYFC,2000-01-01,2015-06-30,on_ds_daily_axis
BW-KYG9444H1002,VYGG,2000-01-01,2022-10-05,on_ds_daily_axis
BW-VYGG-U,VYGG-U,2000-01-01,2021-12-27,on_ds_daily_axis
BW-VYSI,VYSI,2000-01-01,2001-12-04,on_ds_daily_axis
BW-VYTL,VYTL,2000-01-01,2001-05-01,on_ds_daily_axis
BW-VYYO,VYYO,2000-01-01,2009-01-06,on_ds_daily_axis
BW-USG0443N1075,WAAS,2000-01-01,2020-03-27,on_ds_daily_axis
BW-DE000WACK012,WAC,2000-01-01,2018-02-09,on_ds_daily_axis
BW-WAC1,WAC1,2000-01-01,2013-02-13,on_ds_daily_axis
BW-WAF,WAF,2000-01-01,2017-12-20,on_ds_daily_axis
BW-WAFDW,WAFDW,2000-01-01,2018-11-13,on_ds_daily_axis
BW-WAG,WAG,2000-01-01,2014-12-30,on_ds_daily_axis
BW-BBG000JV1ZZ3,WAGE,2000-01-01,2019-08-29,on_ds_daily_axis
BW-WAIN,WAIN,2000-01-01,2010-11-17,on_ds_daily_axis
BW-BBG00HFG9395,WAIR,2000-01-01,2020-01-08,on_ds_daily_axis
BW-KYG9460C1261,WALDU,2000-01-01,2022-08-05,on_ds_daily_axis
BW-US9362731013,WARR,2000-01-01,2022-09-19,on_ds_daily_axis
BW-WARR-U,WARR-U,2000-01-01,2021-12-17,on_ds_daily_axis
BW-WAR_OLD,WAR_OLD,2000-01-01,2018-10-04,on_ds_daily_axis
BW-WATFZ,WATFZ,2000-01-01,2006-02-14,on_ds_daily_axis
BW-WATG,WATG,2000-01-01,2012-11-15,on_ds_daily_axis
BW-US4566961037,WAVD,2000-01-01,2024-08-16,on_ds_daily_axis
BW-WAVO,WAVO,2000-01-01,2000-12-06,on_ds_daily_axis
BW-WAVX,WAVX,2000-01-01,2016-08-29,on_ds_daily_axis
BW-WAX,WAX,2000-01-01,2018-01-30,on_ds_daily_axis
BW-US0554741001,WBAI,2000-01-01,2021-06-21,on_ds_daily_axis
BW-WBB,WBB,2000-01-01,2017-10-13,on_ds_daily_axis
BW-BBG00H8P69P5,WBC,2000-01-01,2020-05-29,on_ds_daily_axis
BW-WBCO,WBCO,2000-01-01,2014-04-30,on_ds_daily_axis
BW-C0001166718,WBD_OLD,2000-01-01,2011-05-27,on_ds_daily_axis
BW-US97265W1053,WBEV,2000-01-01,2023-02-13,on_ds_daily_axis
BW-BBG000BZZHJ3,WBK,2000-01-01,2022-03-22,on_ds_daily_axis
BW-WBKC,WBKC,2000-01-01,2017-10-16,on_ds_daily_axis
BW-WBKC1,WBKC1,2000-01-01,2006-12-29,on_ds_daily_axis
BW-WBMD,WBMD,2000-01-01,2017-09-15,on_ds_daily_axis
BW-WBNK,WBNK,2000-01-01,2014-11-05,on_ds_daily_axis
BW-WBR,WBR,2000-01-01,2005-08-16,on_ds_daily_axis
BW-WBSN,WBSN,2000-01-01,2013-06-25,on_ds_daily_axis
BW-BBG00CDZYK72,WBT,2000-01-01,2022-07-28,on_ds_daily_axis
BW-WBVN,WBVN,2000-01-01,2001-07-06,on_ds_daily_axis
BW-WB_OLD1,WB_OLD1,2000-01-01,2008-12-31,on_ds_daily_axis
BW-WC,WC,2000-01-01,2005-12-28,on_ds_daily_axis
BW-WCAA,WCAA,2000-01-01,2012-03-23,on_ds_daily_axis
BW-WCBO,WCBO,2000-01-01,2013-03-28,on_ds_daily_axis
BW-BBG00JPFDQX9,WCG,2000-01-01,2020-01-23,on_ds_daily_axis
BW-WCIC,WCIC,2000-01-01,2017-02-10,on_ds_daily_axis
BW-WCII,WCII,2000-01-01,2001-04-17,on_ds_daily_axis
BW-WCIMQ,WCIMQ,2000-01-01,2009-09-03,on_ds_daily_axis
BW-WCLX,WCLX,2000-01-01,2001-10-08,on_ds_daily_axis
BW-WCRX,WCRX,2000-01-01,2013-09-30,on_ds_daily_axis
BW-WCS,WCS,2000-01-01,2003-05-15,on_ds_daily_axis
BW-WCST,WCST,2000-01-01,2017-07-14,on_ds_daily_axis
BW-WCSTF,WCSTF,2000-01-01,2013-03-21,on_ds_daily_axis
BW-WDHD,WDHD,2000-01-01,2006-08-09,on_ds_daily_axis
BW-WDH_OLD,WDH_OLD,2000-01-01,2016-01-26,on_ds_daily_axis
BW-WDN,WDN,2000-01-01,2000-02-29,on_ds_daily_axis
BW-WDP,WDP,2000-01-01,2017-03-20,on_ds_daily_axis
BW-BBG000BD6SQ2,WDR,2000-01-01,2021-06-18,on_ds_daily_axis
BW-WDRY,WDRY,2000-01-01,2000-07-13,on_ds_daily_axis
BW-US96209A1043,WE,2000-01-01,2023-12-20,on_ds_daily_axis
BW-US94733A1043,WEB,2000-01-01,2018-10-10,on_ds_daily_axis
BW-US9494851069,WEBK,2000-01-01,2020-06-01,on_ds_daily_axis
BW-WEBM,WEBM,2000-01-01,2013-06-12,on_ds_daily_axis
BW-BBG012N3BNR0,WEBR,2000-01-01,2023-03-10,on_ds_daily_axis
BW-WEDC,WEDC,2000-01-01,2010-04-29,on_ds_daily_axis
BW-WEFN,WEFN,2000-01-01,2008-12-11,on_ds_daily_axis
BW-US94861A2078,WEI,2000-01-01,2022-05-18,on_ds_daily_axis
BW-WEJOW,WEJOW,2000-01-01,2023-08-10,on_ds_daily_axis
BW-WEL-UN,WEL-UN,2000-01-01,2024-12-27,on_ds_daily_axis
BW-WEL_OLD,WEL_OLD,2000-01-01,2010-09-17,on_ds_daily_axis
BW-WENA,WENA,2000-01-01,2024-11-19,on_ds_daily_axis
BW-C0000105668,WEN_OLD,2000-01-01,2008-09-29,on_ds_daily_axis
BW-WES1,WES1,2000-01-01,2006-02-28,on_ds_daily_axis
BW-WES2,WES2,2000-01-01,2019-02-27,on_ds_daily_axis
BW-WEST1,WEST1,2000-01-01,2010-04-01,on_ds_daily_axis
BW-WEST_OLD,WEST_OLD,2000-01-01,2015-09-09,on_ds_daily_axis
BW-WETG,WETG,2000-01-01,2024-04-01,on_ds_daily_axis
BW-WFBC,WFBC,2000-01-01,2008-12-05,on_ds_daily_axis
BW-WFBI,WFBI,2000-01-01,2017-12-29,on_ds_daily_axis
BW-WFD,WFD,2000-01-01,2016-10-28,on_ds_daily_axis
BW-WFI,WFI,2000-01-01,2004-12-30,on_ds_daily_axis
BW-WFM,WFM,2000-01-01,2017-08-25,on_ds_daily_axis
BW-IE00BLNN3691,WFRD_OLD,2000-01-01,2025-11-07,on_ds_daily_axis
BW-C0000945436-WFR,WFR_OLD,2000-01-01,2013-05-31,on_ds_daily_axis
BW-WFSI,WFSI,2000-01-01,2006-02-28,on_ds_daily_axis
BW-US0038838399,WFT,2000-01-01,2023-04-27,on_ds_daily_axis
BW-C0001308606,WG,2000-01-01,2018-03-26,on_ds_daily_axis
BW-WGAT,WGAT,2000-01-01,2012-04-02,on_ds_daily_axis
BW-WGBS,WGBS,2000-01-01,2017-02-28,on_ds_daily_axis
BW-C0001103601,WGL,2000-01-01,2018-07-06,on_ds_daily_axis
BW-WGLF,WGLF,2000-01-01,2015-11-13,on_ds_daily_axis
BW-WGNB,WGNB,2000-01-01,2011-08-09,on_ds_daily_axis
BW-C0001423902,WGP,2000-01-01,2019-02-27,on_ds_daily_axis
BW-WGR,WGR,2000-01-01,2006-08-23,on_ds_daily_axis
BW-WGRD,WGRD,2000-01-01,2006-10-04,on_ds_daily_axis
BW-WGW,WGW,2000-01-01,2009-06-01,on_ds_daily_axis
BW-WH1,WH1,2000-01-01,2016-06-09,on_ds_daily_axis
BW-WHC,WHC,2000-01-01,2017-03-20,on_ds_daily_axis
BW-WHCI,WHCI,2000-01-01,2014-06-06,on_ds_daily_axis
BW-WHCP,WHCP,2000-01-01,2000-03-10,on_ds_daily_axis
BW-WHFBZ,WHFBZ,2000-01-01,2021-12-16,on_ds_daily_axis
BW-WHGB,WHGB,2000-01-01,2002-07-17,on_ds_daily_axis
BW-WHI,WHI,2000-01-01,2001-01-23,on_ds_daily_axis
BW-WHIT,WHIT,2000-01-01,2007-03-28,on_ds_daily_axis
BW-WHQ,WHQ,2000-01-01,2008-08-28,on_ds_daily_axis
BW-WHRT,WHRT,2000-01-01,2012-08-02,on_ds_daily_axis
BW-WHT,WHT,2000-01-01,2017-11-10,on_ds_daily_axis
BW-WI,WI,2000-01-01,2003-08-28,on_ds_daily_axis
BW-WIBC,WIBC,2000-01-01,2016-07-29,on_ds_daily_axis
BW-WIC,WIC,2000-01-01,2017-03-20,on_ds_daily_axis
BW-WIDE,WIDE,2000-01-01,2001-04-10,on_ds_daily_axis
BW-BBG000GV0K44,WIFI,2000-01-01,2021-06-02,on_ds_daily_axis
BW-WILN,WILN,2000-01-01,2017-09-18,on_ds_daily_axis
BW-US97382A2006,WIN,2000-01-01,2020-07-10,on_ds_daily_axis
BW-WIND,WIND,2000-01-01,2009-07-16,on_ds_daily_axis
BW-WINK,WINK,2000-01-01,2002-08-22,on_ds_daily_axis
BW-WINS1,WINS1,2000-01-01,2008-12-29,on_ds_daily_axis
BW-WISH_OLD,WISH_OLD,2000-01-01,2021-02-12,on_ds_daily_axis
BW-WITM,WITM,2000-01-01,2011-06-17,on_ds_daily_axis
BW-WITS,WITS,2000-01-01,2007-05-29,on_ds_daily_axis
BW-WJCI,WJCI,2000-01-01,2008-05-22,on_ds_daily_axis
BW-WJCO,WJCO,2000-01-01,2000-10-03,on_ds_daily_axis
BW-WJL,WJL,2000-01-01,2018-01-30,on_ds_daily_axis
BW-WKGP,WKGP,2000-01-01,2002-10-30,on_ds_daily_axis
BW-WLA,WLA,2000-01-01,2000-06-19,on_ds_daily_axis
BW-BBG00JPQXMH0,WLB,2000-01-01,2018-04-24,on_ds_daily_axis
BW-WLBA,WLBA,2000-01-01,2018-04-24,on_ds_daily_axis
BW-WLBC,WLBC,2000-01-01,2012-10-17,on_ds_daily_axis
BW-WLC,WLC,2000-01-01,2017-05-26,on_ds_daily_axis
BW-WLDA,WLDA,2000-01-01,2007-08-15,on_ds_daily_axis
BW-BBG00JZD1F79,WLH,2000-01-01,2020-02-05,on_ds_daily_axis
BW-WLHN,WLHN,2000-01-01,2003-11-04,on_ds_daily_axis
BW-WLM,WLM,2000-01-01,2017-03-13,on_ds_daily_axis
BW-WLMR,WLMR,2000-01-01,2000-05-16,on_ds_daily_axis
BW-BBG011MH23R6,WLMS,2000-01-01,2023-09-21,on_ds_daily_axis
BW-WLNK,WLNK,2000-01-01,2001-04-02,on_ds_daily_axis
BW-WLRF,WLRF,2000-01-01,2001-01-26,on_ds_daily_axis
BW-WLSC,WLSC,2000-01-01,2007-10-31,on_ds_daily_axis
BW-WLSE,WLSE,2000-01-01,2016-02-19,on_ds_daily_axis
BW-WLT,WLT,2000-01-01,2015-07-07,on_ds_daily_axis
BW-USG966661054,WLTW,2000-01-01,2022-01-07,on_ds_daily_axis
BW-WLVTQ,WLVTQ,2000-01-01,2011-06-23,on_ds_daily_axis
BW-WMAR,WMAR,2000-01-01,2017-09-14,on_ds_daily_axis
BW-WMCO,WMCO,2000-01-01,2012-12-14,on_ds_daily_axis
BW-WMD,WMD,2000-01-01,2021-02-01,on_ds_daily_axis
BW-WMFG,WMFG,2000-01-01,2000-06-23,on_ds_daily_axis
BW-NL0011327523,WMGI,2000-01-01,2020-11-16,on_ds_daily_axis
BW-WMGIZ,WMGIZ,2000-01-01,2019-03-07,on_ds_daily_axis
BW-US92936P1003,WMIH,2000-01-01,2018-10-10,on_ds_daily_axis
BW-C0000106455,WMLP,2000-01-01,2018-10-08,on_ds_daily_axis
BW-C0000350077,WMS_OLD,2000-01-01,2013-10-17,on_ds_daily_axis
BW-WMZ,WMZ,2000-01-01,2010-08-31,on_ds_daily_axis
BW-WN,WN,2000-01-01,2018-02-22,on_ds_daily_axis
BW-WNDXQ,WNDXQ,2000-01-01,2006-11-21,on_ds_daily_axis
BW-WNG,WNG,2000-01-01,2007-11-15,on_ds_daily_axis
BW-WNNB,WNNB,2000-01-01,2004-10-05,on_ds_daily_axis
BW-KYG267351032,WNNR,2000-01-01,2024-03-28,on_ds_daily_axis
BW-WNNR-UN,WNNR-UN,2000-01-01,2024-03-28,on_ds_daily_axis
BW-WNR,WNR,2000-01-01,2017-06-01,on_ds_daily_axis
BW-WNRL,WNRL,2000-01-01,2017-10-30,on_ds_daily_axis
BW-WNTR_OLD,WNTR_OLD,2000-01-01,2021-01-28,on_ds_daily_axis
BW-WOFC,WOFC,2000-01-01,2004-08-30,on_ds_daily_axis
BW-WOLF_OLD1,WOLF_OLD1,2000-01-01,2012-05-04,on_ds_daily_axis
BW-WOLVQ,WOLVQ,2000-01-01,2008-07-30,on_ds_daily_axis
BW-WOOF_OLD,WOOF_OLD,2000-01-01,2017-09-12,on_ds_daily_axis
BW-WOSI,WOSI,2000-01-01,2000-09-11,on_ds_daily_axis
BW-BBG0027Y18M0,WP,2000-01-01,2019-07-30,on_ds_daily_axis
BW-KYG9461D1079,WPCA,2000-01-01,2023-03-09,on_ds_daily_axis
BW-KYG9460M1087,WPCB,2000-01-01,2023-03-09,on_ds_daily_axis
BW-WPCB-U,WPCB-U,2000-01-01,2021-12-17,on_ds_daily_axis
BW-WPCS,WPCS,2000-01-01,2018-01-30,on_ds_daily_axis
BW-WPEC1,WPEC1,2000-01-01,2014-05-21,on_ds_daily_axis
BW-WPF-U,WPF-U,2000-01-01,2021-07-02,on_ds_daily_axis
BW-WPFHD,WPFHD,2000-01-01,2025-12-11,on_ds_daily_axis
BW-WPI,WPI,2000-01-01,2013-01-23,on_ds_daily_axis
BW-WPIC,WPIC,2000-01-01,2000-03-20,on_ds_daily_axis
BW-WPP1,WPP1,2000-01-01,2016-01-20,on_ds_daily_axis
BW-WPPGY,WPPGY,2000-01-01,2017-11-27,on_ds_daily_axis
BW-WPSC,WPSC,2000-01-01,2008-08-04,on_ds_daily_axis
BW-WPT,WPT,2000-01-01,2017-07-07,on_ds_daily_axis
BW-BBG00K6RQHH5,WPX,2000-01-01,2021-01-14,on_ds_daily_axis
BW-C0001483096,WPZ,2000-01-01,2018-08-10,on_ds_daily_axis
BW-WPZ1,WPZ1,2000-01-01,2015-02-02,on_ds_daily_axis
BW-KYG5596W1015,WQGA,2000-01-01,2023-02-27,on_ds_daily_axis
BW-US96812T1025,WRD_OLD,2000-01-01,2019-01-31,on_ds_daily_axis
BW-BBG000BWYX06,WRE,2000-01-01,2022-10-19,on_ds_daily_axis
BW-WRES,WRES,2000-01-01,2016-10-05,on_ds_daily_axis
BW-BBG000BWZBT2,WRI,2000-01-01,2021-08-03,on_ds_daily_axis
BW-WRKS,WRKS,2000-01-01,2000-11-28,on_ds_daily_axis
BW-C0000915324,WRLS,2000-01-01,2020-04-16,on_ds_daily_axis
BW-WRLS1,WRLS1,2000-01-01,2013-06-24,on_ds_daily_axis
BW-WRLSR,WRLSR,2000-01-01,2020-04-07,on_ds_daily_axis
BW-US70957E2046,WRLSU,2000-01-01,2020-07-01,on_ds_daily_axis
BW-WRLSW,WRLSW,2000-01-01,2020-04-06,on_ds_daily_axis
BW-WRNB,WRNB,2000-01-01,2002-12-31,on_ds_daily_axis
BW-WRO,WRO,2000-01-01,2005-05-27,on_ds_daily_axis
BW-WRS,WRS,2000-01-01,2006-12-19,on_ds_daily_axis
BW-WRSP,WRSP,2000-01-01,2009-01-28,on_ds_daily_axis
BW-WRT,WRT,2000-01-01,2015-06-22,on_ds_daily_axis
BW-WSB,WSB,2000-01-01,2016-06-28,on_ds_daily_axis
BW-WSBA,WSBA,2000-01-01,2006-06-02,on_ds_daily_axis
BW-WSBF1,WSBF1,2000-01-01,2017-04-13,on_ds_daily_axis
BW-WSBI,WSBI,2000-01-01,2004-10-01,on_ds_daily_axis
BW-C0000104897,WSCI,2000-01-01,2018-11-07,on_ds_daily_axis
BW-WSDI,WSDI,2000-01-01,2001-01-29,on_ds_daily_axis
BW-WSFSL,WSFSL,2000-01-01,2017-09-08,on_ds_daily_axis
BW-US93368R1014,WSG,2000-01-01,2021-04-29,on_ds_daily_axis
BW-WSGI,WSGI,2000-01-01,2014-03-07,on_ds_daily_axis
BW-WSH,WSH,2000-01-01,2016-01-04,on_ds_daily_axis
BW-WSII,WSII,2000-01-01,2010-07-02,on_ds_daily_axis
BW-WSPTQ,WSPTQ,2000-01-01,2010-03-01,on_ds_daily_axis
BW-WSTC,WSTC,2000-01-01,2017-10-10,on_ds_daily_axis
BW-WSTC1,WSTC1,2000-01-01,2006-10-24,on_ds_daily_axis
BW-WSTF,WSTF,2000-01-01,2009-03-19,on_ds_daily_axis
BW-BBG000BCJVD7,WSTG,2000-01-01,2023-01-19,on_ds_daily_axis
BW-WSTNA,WSTNA,2000-01-01,2001-06-01,on_ds_daily_axis
BW-WTB,WTB,2000-01-01,2017-03-20,on_ds_daily_axis
BW-WTBK,WTBK,2000-01-01,2004-02-27,on_ds_daily_axis
BW-WTC,WTC,2000-01-01,2017-03-20,on_ds_daily_axis
BW-WTCT,WTCT,2000-01-01,2014-05-09,on_ds_daily_axis
BW-WTEL,WTEL,2000-01-01,2003-11-06,on_ds_daily_axis
BW-WTFCW,WTFCW,2000-01-01,2018-12-14,on_ds_daily_axis
BW-WTHN,WTHN,2000-01-01,2007-06-20,on_ds_daily_axis
BW-WTLK,WTLK,2000-01-01,2000-01-31,on_ds_daily_axis
BW-US9504151096,WTMA,2000-01-01,2026-01-07,on_ds_daily_axis
BW-WTNY,WTNY,2000-01-01,2011-06-06,on_ds_daily_axis
BW-BMG947871015,WTRE_OLD,2000-01-01,2021-07-01,on_ds_daily_axis
BW-BBG00S4VMTS7,WTRH,2000-01-01,2022-11-21,on_ds_daily_axis
BW-WTRHW,WTRHW,2000-01-01,2018-12-26,on_ds_daily_axis
BW-WTSL,WTSL,2000-01-01,2015-12-31,on_ds_daily_axis
BW-WTU,WTU,2000-01-01,2010-11-15,on_ds_daily_axis
BW-WTX,WTX,2000-01-01,2000-09-29,on_ds_daily_axis
BW-WTZ,WTZ,2000-01-01,2006-05-03,on_ds_daily_axis
BW-BBG00JQ24CL1,WUBA,2000-01-01,2020-09-17,on_ds_daily_axis
BW-WVCMY,WVCMY,2000-01-01,2009-05-22,on_ds_daily_axis
BW-WVWCQ,WVWCQ,2000-01-01,2007-06-28,on_ds_daily_axis
BW-KYG977751034,WWAC,2000-01-01,2023-11-08,on_ds_daily_axis
BW-WWACW,WWACW,2000-01-01,2023-11-07,on_ds_daily_axis
BW-WWAV,WWAV,2000-01-01,2017-04-11,on_ds_daily_axis
BW-WWAY,WWAY,2000-01-01,2013-01-31,on_ds_daily_axis
BW-WWCA,WWCA,2000-01-01,2005-07-29,on_ds_daily_axis
BW-WWIN,WWIN,2000-01-01,2021-08-18,on_ds_daily_axis
BW-WWIN1,WWIN1,2000-01-01,2008-05-09,on_ds_daily_axis
BW-WWTRQ,WWTRQ,2000-01-01,2006-02-17,on_ds_daily_axis
BW-WWWW,WWWW,2000-01-01,2015-11-09,on_ds_daily_axis
BW-WWWW1,WWWW1,2000-01-01,2007-09-28,on_ds_daily_axis
BW-WWY,WWY,2000-01-01,2016-06-22,on_ds_daily_axis
BW-WXH,WXH,2000-01-01,2007-06-29,on_ds_daily_axis
BW-WYIG,WYIG,2000-01-01,2018-01-05,on_ds_daily_axis
BW-WYIGU,WYIGU,2000-01-01,2018-02-15,on_ds_daily_axis
BW-WYIGW,WYIGW,2000-01-01,2018-02-06,on_ds_daily_axis
BW-BBG008B8PJM9,WYN,2000-01-01,2018-05-31,on_ds_daily_axis
BW-WYND,WYND,2000-01-01,2021-02-16,on_ds_daily_axis
BW-WYNT,WYNT,2000-01-01,2000-10-02,on_ds_daily_axis
BW-WYPT,WYPT,2000-01-01,2005-01-21,on_ds_daily_axis
BW-WZR,WZR,2000-01-01,2016-09-28,on_ds_daily_axis
BW-XAA,XAA,2000-01-01,2014-10-03,on_ds_daily_axis
BW-XACT,XACT,2000-01-01,2000-06-28,on_ds_daily_axis
BW-XAU,XAU,2000-01-01,2024-05-08,on_ds_daily_axis
BW-XBIT-V,XBIT-V,2000-01-01,2021-12-17,on_ds_daily_axis
BW-XBKS,XBKS,2000-01-01,2017-12-29,on_ds_daily_axis
BW-XBKS1,XBKS1,2000-01-01,2016-07-26,on_ds_daily_axis
BW-XCED,XCED,2000-01-01,2001-04-30,on_ds_daily_axis
BW-XCO,XCO,2000-01-01,2017-12-26,on_ds_daily_axis
BW-XCOM1,XCOM1,2000-01-01,2016-09-09,on_ds_daily_axis
BW-US98400J1088,XCRA,2000-01-01,2018-10-01,on_ds_daily_axis
BW-BBG008LGH807,XEC,2000-01-01,2021-10-04,on_ds_daily_axis
BW-US30162V2016,XELAU,2000-01-01,2022-07-12,on_ds_daily_axis
BW-XELAW,XELAW,2000-01-01,2022-07-12,on_ds_daily_axis
BW-BBG00HKC0J29,XENT,2000-01-01,2022-05-13,on_ds_daily_axis
BW-XETA,XETA,2000-01-01,2011-05-31,on_ds_daily_axis
BW-XG,XG,2000-01-01,2012-08-21,on_ds_daily_axis
BW-XGEN,XGEN,2000-01-01,2021-07-01,on_ds_daily_axis
BW-XGNT,XGNT,2000-01-01,2001-06-12,on_ds_daily_axis
BW-US98372A7054,XGTI,2000-01-01,2020-07-10,on_ds_daily_axis
BW-XGTIW,XGTIW,2000-01-01,2018-07-19,on_ds_daily_axis
BW-XICO,XICO,2000-01-01,2004-07-29,on_ds_daily_axis
BW-XINGF,XINGF,2000-01-01,2012-08-22,on_ds_daily_axis
BW-XION,XION,2000-01-01,2000-01-11,on_ds_daily_axis
BW-XIRC,XIRC,2000-01-01,2001-03-13,on_ds_daily_axis
BW-XJT,XJT,2000-01-01,2010-11-12,on_ds_daily_axis
BW-XKE,XKE,2000-01-01,2017-09-20,on_ds_daily_axis
BW-BBG00FZLJFK5,XLNX,2000-01-01,2022-02-16,on_ds_daily_axis
BW-BBG000R5HWZ1,XLRN,2000-01-01,2021-11-22,on_ds_daily_axis
BW-XLS,XLS,2000-01-01,2015-05-28,on_ds_daily_axis
BW-XLTC,XLTC,2000-01-01,2008-08-29,on_ds_daily_axis
BW-BMG982941046,XL_OLD,2000-01-01,2018-09-11,on_ds_daily_axis
BW-XMM,XMM,2000-01-01,2003-05-23,on_ds_daily_axis
BW-XMSR,XMSR,2000-01-01,2008-07-29,on_ds_daily_axis
BW-XNNH,XNNH,2000-01-01,2014-05-07,on_ds_daily_axis
BW-XNPT,XNPT,2000-01-01,2016-07-05,on_ds_daily_axis
BW-US30227M3034,XOG,2000-01-01,2021-11-10,on_ds_daily_axis
BW-BBG005S5V467,XON,2000-01-01,2020-04-16,on_ds_daily_axis
BW-BBG007F5WFT6,XONE_OLD,2000-01-01,2021-11-11,on_ds_daily_axis
BW-XOOM,XOOM,2000-01-01,2015-11-11,on_ds_daily_axis
BW-US9837721045,XOXO,2000-01-01,2018-12-20,on_ds_daily_axis
BW-XPAXW,XPAXW,2000-01-01,2023-07-28,on_ds_daily_axis
BW-US73919C1009,XPDB,2000-01-01,2024-03-25,on_ds_daily_axis
BW-XPDBW,XPDBW,2000-01-01,2024-03-25,on_ds_daily_axis
BW-US7391901060,XPDI,2000-01-01,2022-01-21,on_ds_daily_axis
BW-XPDIW,XPDIW,2000-01-01,2022-01-19,on_ds_daily_axis
BW-XPDR,XPDR,2000-01-01,2001-03-19,on_ds_daily_axis
BW-US9839507004,XPLR,2000-01-01,2018-08-13,on_ds_daily_axis
BW-US23344P1012,XPOA,2000-01-01,2022-08-05,on_ds_daily_axis
BW-XPOA-U,XPOA-U,2000-01-01,2021-12-17,on_ds_daily_axis
BW-XPRSA,XPRSA,2000-01-01,2007-10-12,on_ds_daily_axis
BW-XRA,XRA,2000-01-01,2017-08-02,on_ds_daily_axis
BW-XRDC,XRDC,2000-01-01,2017-06-12,on_ds_daily_axis
BW-XRIT,XRIT,2000-01-01,2012-05-15,on_ds_daily_axis
BW-US98416J1007,XRM,2000-01-01,2018-10-16,on_ds_daily_axis
BW-XRSC,XRSC,2000-01-01,2014-10-31,on_ds_daily_axis
BW-XSELY,XSELY,2000-01-01,2013-05-16,on_ds_daily_axis
BW-XTB,XTB,2000-01-01,2018-01-30,on_ds_daily_axis
BW-XTEL,XTEL,2000-01-01,2016-03-07,on_ds_daily_axis
BW-XTLY,XTLY,2000-01-01,2017-07-28,on_ds_daily_axis
BW-XTND,XTND,2000-01-01,2005-10-26,on_ds_daily_axis
BW-XTNT1,XTNT1,2000-01-01,2009-10-23,on_ds_daily_axis
BW-XUE,XUE,2000-01-01,2016-06-03,on_ds_daily_axis
BW-XVE,XVE,2000-01-01,2007-01-03,on_ds_daily_axis
BW-XWES,XWES,2000-01-01,2015-01-02,on_ds_daily_axis
BW-XXIA,XXIA,2000-01-01,2017-04-18,on_ds_daily_axis
BW-XYBR,XYBR,2000-01-01,2006-09-28,on_ds_daily_axis
BW-XYN,XYN,2000-01-01,2020-07-10,on_ds_daily_axis
BW-XZL,XZL,2000-01-01,2002-10-15,on_ds_daily_axis
BW-BBG00JPVZPF2,Y,2000-01-01,2022-10-18,on_ds_daily_axis
BW-YAC-U,YAC-U,2000-01-01,2021-12-14,on_ds_daily_axis
BW-YAKC,YAKC,2000-01-01,2006-11-07,on_ds_daily_axis
BW-YANB,YANB,2000-01-01,2007-10-26,on_ds_daily_axis
BW-YBTVQ,YBTVQ,2000-01-01,2009-03-16,on_ds_daily_axis
BW-YCB,YCB,2000-01-01,2016-09-09,on_ds_daily_axis
BW-YCC,YCC,2000-01-01,2017-03-13,on_ds_daily_axis
BW-YDKN,YDKN,2000-01-01,2017-03-10,on_ds_daily_axis
BW-YDLE,YDLE,2000-01-01,2015-11-19,on_ds_daily_axis
BW-YDNT,YDNT,2000-01-01,2013-01-30,on_ds_daily_axis
BW-US9855101062,YELL,2000-01-01,2023-10-17,on_ds_daily_axis
BW-YERR,YERR,2000-01-01,2018-02-13,on_ds_daily_axis
BW-YES,YES,2000-01-01,2018-01-30,on_ds_daily_axis
BW-YESM,YESM,2000-01-01,2000-03-10,on_ds_daily_axis
BW-C0001394029,YGE,2000-01-01,2018-06-29,on_ds_daily_axis
BW-YGTY,YGTY,2000-01-01,2019-07-26,on_ds_daily_axis
BW-US9843321061,YHOO,2000-01-01,2017-06-16,on_ds_daily_axis
BW-US98585M1080,YIN,2000-01-01,2020-11-27,on_ds_daily_axis
BW-YMI,YMI,2000-01-01,2013-02-08,on_ds_daily_axis
BW-US98872L1026,YMTX,2000-01-01,2023-01-13,on_ds_daily_axis
BW-YND,YND,2000-01-01,2000-12-27,on_ds_daily_axis
BW-NL0009805522,YNDX,2000-01-01,2022-02-28,on_ds_daily_axis
BW-YNR,YNR,2000-01-01,2000-10-03,on_ds_daily_axis
BW-YOCM,YOCM,2000-01-01,2013-12-09,on_ds_daily_axis
BW-YOKU,YOKU,2000-01-01,2016-04-05,on_ds_daily_axis
BW-YONG,YONG,2000-01-01,2014-07-07,on_ds_daily_axis
BW-YORK_OLD,YORK_OLD,2000-01-01,2014-01-15,on_ds_daily_axis
BW-YOU_OLD,YOU_OLD,2000-01-01,2016-12-22,on_ds_daily_axis
BW-US9842496070,YRCW,2000-01-01,2021-04-09,on_ds_daily_axis
BW-YRK,YRK,2000-01-01,2020-01-24,on_ds_daily_axis
BW-YRKG,YRKG,2000-01-01,2001-12-03,on_ds_daily_axis
BW-YS,YS,2000-01-01,2024-07-26,on_ds_daily_axis
BW-US98566K1051,YSAC,2000-01-01,2022-01-26,on_ds_daily_axis
BW-YSACW,YSACW,2000-01-01,2022-01-03,on_ds_daily_axis
BW-YSBPW,YSBPW,2000-01-01,2024-05-24,on_ds_daily_axis
BW-YSTM,YSTM,2000-01-01,2003-01-08,on_ds_daily_axis
BW-BBG00FQYCG31,YTEN,2000-01-01,2025-02-21,on_ds_daily_axis
BW-KYG898261048,YTPG,2000-01-01,2023-04-14,on_ds_daily_axis
BW-C0000081318,YUMA,2000-01-01,2020-04-15,on_ds_daily_axis
BW-YUME,YUME,2000-01-01,2018-02-02,on_ds_daily_axis
BW-CA53634Q2045,YVR,2000-01-01,2023-10-24,on_ds_daily_axis
BW-US46591M1099,YY,2000-01-01,2025-05-30,on_ds_daily_axis
BW-YZC,YZC,2000-01-01,2017-07-10,on_ds_daily_axis
BW-ZAAP,ZAAP,2000-01-01,2017-06-07,on_ds_daily_axis
BW-BBG00JNKCGW4,ZAGG,2000-01-01,2021-02-23,on_ds_daily_axis
BW-ZAHLY,ZAHLY,2000-01-01,2017-02-16,on_ds_daily_axis
BW-US98887G1067,ZAIS,2000-01-01,2018-05-18,on_ds_daily_axis
BW-ZAL,ZAL,2000-01-01,2017-09-08,on_ds_daily_axis
BW-ZANE,ZANE,2000-01-01,2014-03-28,on_ds_daily_axis
BW-ZANY,ZANY,2000-01-01,2001-05-15,on_ds_daily_axis
BW-ZAR,ZAR,2000-01-01,2017-03-20,on_ds_daily_axis
BW-ZARLF,ZARLF,2000-01-01,2011-10-31,on_ds_daily_axis
BW-BBG0099QKCW9,ZAYO,2000-01-01,2020-03-06,on_ds_daily_axis
BW-ZAZZT,ZAZZT,2000-01-01,2025-07-29,on_ds_daily_axis
BW-ZBZX,ZBZX,2000-01-01,2025-07-23,on_ds_daily_axis
BW-ZBZZT,ZBZZT,2000-01-01,2023-06-28,on_ds_daily_axis
BW-ZCZZT,ZCZZT,2000-01-01,2026-02-13,on_ds_daily_axis
BW-C0001334589,ZD_OLD,2000-01-01,2021-10-08,on_ds_daily_axis
BW-US98920Y3045,ZEAL,2000-01-01,2022-11-02,on_ds_daily_axis
BW-BBG0099QKDP5,ZEN,2000-01-01,2022-11-21,on_ds_daily_axis
BW-ZEP,ZEP,2000-01-01,2015-06-25,on_ds_daily_axis
BW-US27888N3070,ZEST,2000-01-01,2023-05-22,on_ds_daily_axis
BW-ZETA_OLD,ZETA_OLD,2000-01-01,2021-06-07,on_ds_daily_axis
BW-US53228T1016,ZEV,2000-01-01,2023-11-20,on_ds_daily_axis
BW-C0001267097-ZF,ZF,2000-01-01,2019-11-15,on_ds_daily_axis
BW-BBG00JNKVTL7,ZFGN,2000-01-01,2020-05-28,on_ds_daily_axis
BW-ZGEN_OLD,ZGEN_OLD,2000-01-01,2010-10-12,on_ds_daily_axis
BW-BBG00CX44R31,ZGNX,2000-01-01,2022-03-08,on_ds_daily_axis
BW-KYG988821065,ZGYH,2000-01-01,2021-12-15,on_ds_daily_axis
BW-ZGYHR,ZGYHR,2000-01-01,2021-11-19,on_ds_daily_axis
BW-ZGYHW,ZGYHW,2000-01-01,2021-11-19,on_ds_daily_axis
BW-ZHOM,ZHOM,2000-01-01,2000-12-20,on_ds_daily_axis
BW-BBG00S1HJ3M8,ZI,2000-01-01,2025-07-14,on_ds_daily_axis
BW-ZICA,ZICA,2000-01-01,2009-04-09,on_ds_daily_axis
BW-ZIF,ZIF,2000-01-01,2008-09-23,on_ds_daily_axis
BW-ZIGO,ZIGO,2000-01-01,2014-06-19,on_ds_daily_axis
BW-ZILA,ZILA,2000-01-01,2009-09-18,on_ds_daily_axis
BW-ZILG,ZILG,2000-01-01,2010-02-18,on_ds_daily_axis
BW-ZIONL,ZIONL,2000-01-01,2024-12-16,on_ds_daily_axis
BW-ZIONZ,ZIONZ,2000-01-01,2018-11-14,on_ds_daily_axis
BW-US98973P1012,ZIOP,2000-01-01,2022-01-27,on_ds_daily_axis
BW-ZIPR,ZIPR,2000-01-01,2014-08-14,on_ds_daily_axis
BW-C0001131457,ZIP_OLD,2000-01-01,2013-03-14,on_ds_daily_axis
BW-BBG000H04C72,ZIXI,2000-01-01,2021-12-28,on_ds_daily_axis
BW-ZLC,ZLC,2000-01-01,2014-05-29,on_ds_daily_axis
BW-ZLS,ZLS,2000-01-01,2024-10-08,on_ds_daily_axis
BW-ZLSWU,ZLSWU,2000-01-01,2024-10-09,on_ds_daily_axis
BW-ZLTQ,ZLTQ,2000-01-01,2017-04-27,on_ds_daily_axis
BW-ZMBA,ZMBA,2000-01-01,2002-06-28,on_ds_daily_axis
BW-US98955H2004,ZME,2000-01-01,2022-08-03,on_ds_daily_axis
BW-ZMH,ZMH,2000-01-01,2020-09-10,on_ds_daily_axis
BW-ZMTX,ZMTX,2000-01-01,2001-06-19,on_ds_daily_axis
BW-ZMX,ZMX,2000-01-01,2003-05-07,on_ds_daily_axis
BW-BBG000RFZLM7,ZN,2000-01-01,2021-01-28,on_ds_daily_axis
BW-BBG005YZL2R6,ZNGA,2000-01-01,2022-05-23,on_ds_daily_axis
BW-ZNGN,ZNGN,2000-01-01,2001-11-19,on_ds_daily_axis
BW-BBG00KPBZS30,ZNH,2000-01-01,2023-03-06,on_ds_daily_axis
BW-ZNT,ZNT,2000-01-01,2010-05-20,on_ds_daily_axis
BW-US98907K1034,ZNTE,2000-01-01,2022-05-09,on_ds_daily_axis
BW-US98979J1097,ZOES,2000-01-01,2018-11-20,on_ds_daily_axis
BW-ZOLL,ZOLL,2000-01-01,2012-04-26,on_ds_daily_axis
BW-ZOLT,ZOLT,2000-01-01,2014-02-27,on_ds_daily_axis
BW-BBG00DGZC7Y0,ZOM,2000-01-01,2025-05-06,on_ds_daily_axis
BW-ZOMX,ZOMX,2000-01-01,2006-10-20,on_ds_daily_axis
BW-ZONE_OLD,ZONE_OLD,2000-01-01,2000-11-07,on_ds_daily_axis
BW-ZONS,ZONS,2000-01-01,2008-12-30,on_ds_daily_axis
BW-ZOOX,ZOOX,2000-01-01,2002-07-30,on_ds_daily_axis
BW-ZPIN,ZPIN,2000-01-01,2017-09-29,on_ds_daily_axis
BW-ZPLS,ZPLS,2000-01-01,2016-07-14,on_ds_daily_axis
BW-ZQK,ZQK,2000-01-01,2015-09-08,on_ds_daily_axis
BW-ZQKSQ,ZQKSQ,2000-01-01,2016-02-10,on_ds_daily_axis
BW-ZRAN,ZRAN,2000-01-01,2011-08-31,on_ds_daily_axis
BW-ZRBA,ZRBA,2000-01-01,2010-04-01,on_ds_daily_axis
BW-US98979H3012,ZSAN,2000-01-01,2022-06-10,on_ds_daily_axis
BW-ZSANQ,ZSANQ,2000-01-01,2022-12-09,on_ds_daily_axis
BW-ZSPH,ZSPH,2000-01-01,2015-12-16,on_ds_daily_axis
BW-ZTEST,ZTEST,2000-01-01,2025-07-02,on_ds_daily_axis
BW-ZU,ZU,2000-01-01,2015-09-30,on_ds_daily_axis
BW-BBG000C3CQP1,ZVO,2000-01-01,2023-01-11,on_ds_daily_axis
BW-ZVUE,ZVUE,2000-01-01,2009-11-20,on_ds_daily_axis
BW-ZVV,ZVV,2000-01-01,2025-07-02,on_ds_daily_axis
BW-ZVXI,ZVXI,2000-01-01,2007-03-16,on_ds_daily_axis
BW-ZVZZC,ZVZZC,2000-01-01,2023-06-28,on_ds_daily_axis
BW-US98880C1027,ZWRK,2000-01-01,2023-01-13,on_ds_daily_axis
BW-ZWRKW,ZWRKW,2000-01-01,2022-12-08,on_ds_daily_axis
BW-US16951E1047,ZX,2000-01-01,2018-06-14,on_ds_daily_axis
BW-BBG011S4NQR5,ZY,2000-01-01,2022-10-19,on_ds_daily_axis
BW-ZZ,ZZ,2000-01-01,2013-03-15,on_ds_daily_axis
BW-US04208V1035,AACI_OLD,2000-01-01,2024-08-30,on_ds_daily_axis
BW-US0003802040,ABCM,2000-01-01,2023-12-18,on_ds_daily_axis
BW-C0001157377,ABCO,2000-01-01,2017-11-17,on_ds_daily_axis
BW-BBG00JRQSPG8,ABDC,2000-01-01,2020-01-31,on_ds_daily_axis
BW-BBG006NV5L55,ABST,2000-01-01,2023-08-04,on_ds_daily_axis
BW-BBG011DX9GT3,ACAH,2000-01-01,2024-04-18,on_ds_daily_axis
BW-C0000817473,ACAM,2000-01-01,2021-01-22,on_ds_daily_axis
BW-VGG0083E1025,ACBA,2000-01-01,2024-05-23,on_ds_daily_axis
BW-BBG00ZXQ2S04,ACCD,2000-01-01,2025-04-08,on_ds_daily_axis
BW-BBG007253MP1,ACER,2000-01-01,2024-10-17,on_ds_daily_axis
BW-C0000861838,ACGN,2000-01-01,2023-09-01,on_ds_daily_axis
BW-BBG00ZXX35J8,ACHL,2000-01-01,2025-03-20,on_ds_daily_axis
BW-KYG039591063,ADAL,2000-01-01,2023-05-10,on_ds_daily_axis
BW-US90138P1003,ADER,2000-01-01,2023-10-04,on_ds_daily_axis
BW-KYG4000A1022,ADOC,2000-01-01,2024-04-01,on_ds_daily_axis
BW-C0001838672,ADTH,2000-01-01,2024-06-18,on_ds_daily_axis
BW-BBG006XT3LY9,ADVM,2000-01-01,2025-12-09,on_ds_daily_axis
BW-KYG063621000,AFAR,2000-01-01,2025-03-14,on_ds_daily_axis
BW-BBG00ZR23950,AGRX,2000-01-01,2025-03-24,on_ds_daily_axis
BW-US00777C1045,AHI,2000-01-01,2024-02-01,on_ds_daily_axis
BW-KYG013221091,AHRN,2000-01-01,2023-06-23,on_ds_daily_axis
BW-US00973Y1082,AKRO,2000-01-01,2025-12-09,on_ds_daily_axis
BW-US00973N1028,AKTSQ,2000-01-01,2026-01-02,on_ds_daily_axis
BW-US00974H1041,AKYA,2000-01-01,2025-07-16,on_ds_daily_axis
BW-US0162592028,ALIM,2000-01-01,2024-09-13,on_ds_daily_axis
BW-BBG00Z6SM401,ALLK,2000-01-01,2025-05-14,on_ds_daily_axis
BW-KYG0231L1077,ALOR,2000-01-01,2023-11-22,on_ds_daily_axis
BW-BBG00FJDFSK7,ALPN,2000-01-01,2024-05-17,on_ds_daily_axis
BW-BBG00J4WJTS9,ALTR,2000-01-01,2025-03-25,on_ds_daily_axis
BW-US02156Y1038,ALTU,2000-01-01,2024-04-18,on_ds_daily_axis
BW-US02290A1025,AMAM,2000-01-01,2024-03-22,on_ds_daily_axis
BW-US0234361089,AMED,2000-01-01,2025-08-14,on_ds_daily_axis
BW-BBG00L49MLV4,AMNB,2000-01-01,2024-03-28,on_ds_daily_axis
BW-US03824M1099,AMTI,2000-01-01,2024-01-08,on_ds_daily_axis
BW-BBG000KR75S8,ANSS,2000-01-01,2025-07-17,on_ds_daily_axis
BW-US05467C1080,APMI,2000-01-01,2023-08-25,on_ds_daily_axis
BW-C0001701114,APRN,2000-01-01,2023-11-13,on_ds_daily_axis
BW-US03836N1037,APTX,2000-01-01,2024-04-24,on_ds_daily_axis
BW-US03842W1053,AQU,2000-01-01,2025-05-06,on_ds_daily_axis
BW-BBG00G6NPHT1,ARAV,2000-01-01,2024-01-26,on_ds_daily_axis
BW-KYG045531061,ARCE,2000-01-01,2023-12-18,on_ds_daily_axis
BW-US0404501084,ARIZ,2000-01-01,2024-02-29,on_ds_daily_axis
BW-US04303A1034,ARTE,2000-01-01,2023-11-16,on_ds_daily_axis
BW-KYG316591083,ARYD,2000-01-01,2024-08-22,on_ds_daily_axis
BW-KYG316581001,ARYE,2000-01-01,2023-07-21,on_ds_daily_axis
BW-US04522R1014,ASLN,2000-01-01,2024-07-29,on_ds_daily_axis
BW-KYG0223V1398,ATMCR,2000-01-01,2025-12-09,on_ds_daily_axis
BW-BBG00K96CWK6,ATRI,2000-01-01,2024-08-23,on_ds_daily_axis
BW-BBG004HTTNH9,ATSG,2000-01-01,2025-04-10,on_ds_daily_axis
BW-BBG00DJ2WYN1,ATVI,2000-01-01,2023-10-13,on_ds_daily_axis
BW-US05105P1075,AUGX,2000-01-01,2024-10-02,on_ds_daily_axis
BW-US0379883004,AUVIQ,2000-01-01,2025-10-31,on_ds_daily_axis
BW-C0002111009,AVAC,2000-01-01,2023-06-07,on_ds_daily_axis
BW-C0001506928,AVGR,2000-01-01,2025-07-02,on_ds_daily_axis
BW-US00444X1019,AVHI,2000-01-01,2024-10-29,on_ds_daily_axis
BW-US05367P1003,AVID,2000-01-01,2023-11-07,on_ds_daily_axis
BW-US05454B1052,AXLA,2000-01-01,2024-01-16,on_ds_daily_axis
BW-BBG00SBW6TC2,AXNX,2000-01-01,2024-11-14,on_ds_daily_axis
BW-GB00BLP5YB54,AY,2000-01-01,2024-12-11,on_ds_daily_axis
BW-BBG00YJKK5F0,AZPN,2000-01-01,2025-03-12,on_ds_daily_axis
BW-US22207T1016,BASE,2000-01-01,2025-10-23,on_ds_daily_axis
BW-BBG00K2MQ3K7,BCOV,2000-01-01,2025-02-03,on_ds_daily_axis
BW-KYG117651078,BCSA,2000-01-01,2024-11-21,on_ds_daily_axis
BW-BBG00JZ539Z7,BECN,2000-01-01,2025-04-28,on_ds_daily_axis
BW-BBG00KDNVBV7,BFIN,2000-01-01,2025-12-31,on_ds_daily_axis
BW-BBG00FZLL9H0,BGCP,2000-01-01,2023-06-30,on_ds_daily_axis
BW-BBG000BYK4V7,BGFV,2000-01-01,2025-10-01,on_ds_daily_axis
BW-US22677T1025,BHAC,2000-01-01,2026-03-02,on_ds_daily_axis
BW-KYG112171171,BIOS,2000-01-01,2023-10-13,on_ds_daily_axis
BW-BBG00JQ6FW36,BKCC,2000-01-01,2024-03-18,on_ds_daily_axis
BW-KYG117281058,BLEU,2000-01-01,2025-04-17,on_ds_daily_axis
BW-US08069M1027,BLNG,2000-01-01,2023-08-04,on_ds_daily_axis
BW-CA07987C2040,BLU,2000-01-01,2023-06-28,on_ds_daily_axis
BW-BBG004QCXRK8,BLUE,2000-01-01,2025-05-30,on_ds_daily_axis
BW-US06654K1016,BNNR,2000-01-01,2023-05-19,on_ds_daily_axis
BW-BBG01633F2W9,BNOX,2000-01-01,2025-02-24,on_ds_daily_axis
BW-BBG008ML55P7,BPMC,2000-01-01,2025-07-17,on_ds_daily_axis
BW-US11125B1026,BRAC,2000-01-01,2025-06-13,on_ds_daily_axis
BW-US1067621078,BREZ,2000-01-01,2024-08-22,on_ds_daily_axis
BW-US05602L1044,BRIV,2000-01-01,2023-05-12,on_ds_daily_axis
BW-BBG000D6PB90,BRKL,2000-01-01,2025-08-29,on_ds_daily_axis
BW-VGG1643W1115,BRLI,2000-01-01,2024-01-05,on_ds_daily_axis
BW-US08579X1019,BRY,2000-01-01,2025-12-17,on_ds_daily_axis
BW-KYG1153L1095,BSII,2000-01-01,2026-03-02,on_ds_daily_axis
BW-US11776U3005,BSQR,2000-01-01,2023-12-18,on_ds_daily_axis
BW-KYG1355U1132,BTWN,2000-01-01,2024-03-20,on_ds_daily_axis
BW-US08772B1044,BWAC,2000-01-01,2023-07-28,on_ds_daily_axis
BW-KYG1263E1026,BWAQ,2000-01-01,2024-07-10,on_ds_daily_axis
BW-KYG1330M1033,BWC,2000-01-01,2023-08-11,on_ds_daily_axis
BW-US13005U1016,CALB,2000-01-01,2024-08-13,on_ds_daily_axis
BW-US13124Q1067,CALT,2000-01-01,2024-09-27,on_ds_daily_axis
BW-US1321521098,CATC,2000-01-01,2024-07-12,on_ds_daily_axis
BW-BBG00JPZB3X8,CBAY,2000-01-01,2024-03-22,on_ds_daily_axis
BW-US14739D1000,CCAI,2000-01-01,2023-09-08,on_ds_daily_axis
BW-KYG3730H1222,CCIR,2000-01-01,2025-08-22,on_ds_daily_axis
BW-US12637A1034,CCLP,2000-01-01,2024-04-01,on_ds_daily_axis
BW-US16955F1075,CD_OLD,2000-01-01,2023-12-22,on_ds_daily_axis
BW-BBG00C0L8HB8,CDMO,2000-01-01,2025-02-04,on_ds_daily_axis
BW-US1717572069,CDTX,2000-01-01,2026-01-06,on_ds_daily_axis
BW-BBG00K03RKW9,CEMI,2000-01-01,2023-04-27,on_ds_daily_axis
BW-BBG01MJQ4W98,CERE,2000-01-01,2024-08-13,on_ds_daily_axis
BW-US22766M1099,CFB,2000-01-01,2025-02-28,on_ds_daily_axis
BW-C0001728041,CFFA,2000-01-01,2020-12-24,on_ds_daily_axis
BW-US12521H1077,CFFS,2000-01-01,2026-03-02,on_ds_daily_axis
BW-US12520T1025,CFIV,2000-01-01,2023-12-18,on_ds_daily_axis
BW-US20717E1010,CFMS,2000-01-01,2023-09-14,on_ds_daily_axis
BW-US12530C1071,CFSB,2000-01-01,2025-11-03,on_ds_daily_axis
BW-BBG00L341NW4,CHUY,2000-01-01,2024-10-10,on_ds_daily_axis
BW-US12561U2087,CIIGU,2000-01-01,2023-05-05,on_ds_daily_axis
BW-BBG00ZR23KS0,CKPT,2000-01-01,2025-05-29,on_ds_daily_axis
BW-KYG2161Y1098,CLEU,2000-01-01,2025-08-04,on_ds_daily_axis
BW-BBG00K23RZ63,CLSD,2000-01-01,2025-11-28,on_ds_daily_axis
BW-US14171W1036,CMAX,2000-01-01,2024-11-27,on_ds_daily_axis
BW-BBG00BYQMHS8,CMRX,2000-01-01,2025-04-17,on_ds_daily_axis
BW-BBG00H8ZYRW4,CNSL,2000-01-01,2024-12-26,on_ds_daily_axis
BW-KYG2425N1051,COOL,2000-01-01,2024-06-24,on_ds_daily_axis
BW-BBG003DL0L96,COOP,2000-01-01,2025-10-02,on_ds_daily_axis
BW-US21289P1021,CPAA,2000-01-01,2023-08-18,on_ds_daily_axis
BW-US15673X1019,CPTN,2000-01-01,2025-01-07,on_ds_daily_axis
BW-US14179K1016,CRGX,2000-01-01,2025-08-20,on_ds_daily_axis
BW-BBG00J41LK94,CSII,2000-01-01,2023-05-02,on_ds_daily_axis
BW-BBG00L43XGH2,CSTR,2000-01-01,2024-04-23,on_ds_daily_axis
BW-BBG00K2SMFV9,CTG,2000-01-01,2023-12-22,on_ds_daily_axis
BW-BBG018KPZ3T7,CTIC,2000-01-01,2023-06-26,on_ds_daily_axis
BW-NL0015436031,CVAC,2000-01-01,2026-01-06,on_ds_daily_axis
BW-BBG00L44MKC8,CVCY,2000-01-01,2024-03-28,on_ds_daily_axis
BW-US17144M1027,CVII,2000-01-01,2024-08-30,on_ds_daily_axis
BW-US1920251048,CVLY,2000-01-01,2024-06-28,on_ds_daily_axis
BW-US1266771039,CVT,2000-01-01,2023-06-16,on_ds_daily_axis
BW-US23284P1030,CYT,2000-01-01,2024-03-15,on_ds_daily_axis
BW-BBG00YFCQ2M5,DADA,2000-01-01,2025-06-16,on_ds_daily_axis
BW-US23312M1062,DALS,2000-01-01,2023-08-04,on_ds_daily_axis
BW-US24343R1068,DBTX,2000-01-01,2023-10-04,on_ds_daily_axis
BW-BBG00J2L85W4,DCPH,2000-01-01,2024-06-10,on_ds_daily_axis
BW-US24869P1049,DENN,2000-01-01,2026-01-21,on_ds_daily_axis
BW-KYG2770Y1026,DISA,2000-01-01,2024-02-23,on_ds_daily_axis
BW-BBG00GQ6S252,DISH,2000-01-01,2024-01-04,on_ds_daily_axis
BW-KYG8253U1031,DNAB,2000-01-01,2023-07-07,on_ds_daily_axis
BW-KYG8253Y1052,DNAD,2000-01-01,2023-07-07,on_ds_daily_axis
BW-KYG2R05B1000,DPCS,2000-01-01,2025-04-17,on_ds_daily_axis
BW-BBG000D2SX61,DRRX,2000-01-01,2025-09-10,on_ds_daily_axis
BW-KYG289231030,DSEY,2000-01-01,2023-07-05,on_ds_daily_axis
BW-BBG00K9LW9V0,DSKE,2000-01-01,2024-04-01,on_ds_daily_axis
BW-US28059Q1031,EAC,2000-01-01,2024-03-22,on_ds_daily_axis
BW-C0001312910,EAR,2000-01-01,2024-02-16,on_ds_daily_axis
BW-US2936681095,EBTC,2000-01-01,2025-07-01,on_ds_daily_axis
BW-C0001783032,ELEV,2000-01-01,2025-07-22,on_ds_daily_axis
BW-US27030F2020,ELWS,2000-01-01,2026-01-16,on_ds_daily_axis
BW-BBG00K8H6G52,EMKR,2000-01-01,2025-02-28,on_ds_daily_axis
BW-US00438Y1073,ENER,2000-01-01,2024-01-04,on_ds_daily_axis
BW-KYG3137C1069,ENTF,2000-01-01,2023-07-28,on_ds_daily_axis
BW-BBG00JC3HW90,EPIX,2000-01-01,2025-10-08,on_ds_daily_axis
BW-US26886C1071,EQRX,2000-01-01,2023-11-20,on_ds_daily_axis
BW-BMG3075P1014,ESGR,2000-01-01,2025-07-01,on_ds_daily_axis
BW-US29667D1046,ESSA,2000-01-01,2025-10-30,on_ds_daily_axis
BW-BBG00Y9C8Z03,ETNB,2000-01-01,2025-10-30,on_ds_daily_axis
BW-VGG3141W1068,EUCR,2000-01-01,2023-05-05,on_ds_daily_axis
BW-BBG00DWVLKZ1,EVBG,2000-01-01,2024-07-16,on_ds_daily_axis
BW-US30052G1085,EVOJ,2000-01-01,2023-05-16,on_ds_daily_axis
BW-BBG0099QJ0X6,EVOK,2000-01-01,2025-12-10,on_ds_daily_axis
BW-C0000913165,EXAC,2000-01-01,2018-02-14,on_ds_daily_axis
BW-US3116421021,FARO,2000-01-01,2025-07-18,on_ds_daily_axis
BW-KYG3400W1024,FATP,2000-01-01,2024-01-05,on_ds_daily_axis
BW-US32022K1025,FFNW,2000-01-01,2025-04-21,on_ds_daily_axis
BW-US30324Y1010,FGMC_OLD,2000-01-01,2023-08-25,on_ds_daily_axis
BW-US36118W1027,FHLT,2000-01-01,2025-08-15,on_ds_daily_axis
BW-KYG368161090,FICV,2000-01-01,2024-03-04,on_ds_daily_axis
BW-BBG00L4BLWC7,FLIC,2000-01-01,2025-05-30,on_ds_daily_axis
BW-US3498752035,FMIVW,2000-01-01,2023-07-14,on_ds_daily_axis
BW-US3025781093,FNCB,2000-01-01,2024-06-28,on_ds_daily_axis
BW-BBG00LK92F41,FOCS,2000-01-01,2023-09-08,on_ds_daily_axis
BW-BBG008KFTGR0,FOGO,2000-01-01,2018-04-05,on_ds_daily_axis
BW-US7604161072,FRBK,2000-01-01,2024-11-11,on_ds_daily_axis
BW-KYG3619H1020,FRBN,2000-01-01,2023-11-16,on_ds_daily_axis
BW-C0001217951,FREE,2000-01-01,2025-01-29,on_ds_daily_axis
BW-BBG00ZR84S27,FRG,2000-01-01,2023-08-30,on_ds_daily_axis
BW-BBG00ZR22MW2,FRGI,2000-01-01,2023-11-16,on_ds_daily_axis
BW-US34969G1022,FRLA,2000-01-01,2025-07-16,on_ds_daily_axis
BW-US35655L1070,FRLN,2000-01-01,2024-02-16,on_ds_daily_axis
BW-US34988N1046,FRZA,2000-01-01,2024-10-09,on_ds_daily_axis
BW-US31809Y1038,FSRX,2000-01-01,2023-12-18,on_ds_daily_axis
BW-CA36118A1003,FUSN,2000-01-01,2024-06-03,on_ds_daily_axis
BW-US31772T1079,FXCO,2000-01-01,2024-08-16,on_ds_daily_axis
BW-US35909D1090,FYBR,2000-01-01,2026-01-21,on_ds_daily_axis
BW-BMG3728V1090,GAN,2000-01-01,2025-05-23,on_ds_daily_axis
BW-KYG382581026,GAQ,2000-01-01,2024-11-14,on_ds_daily_axis
BW-US37187C1009,GENQ,2000-01-01,2023-08-07,on_ds_daily_axis
BW-KYG415221061,GFGD,2000-01-01,2023-10-04,on_ds_daily_axis
BW-US38287A1016,GHIX,2000-01-01,2024-12-16,on_ds_daily_axis
BW-US4023071024,GIFI,2000-01-01,2026-01-16,on_ds_daily_axis
BW-US00809J1016,GMFI,2000-01-01,2025-08-15,on_ds_daily_axis
BW-BMG396372051,GOGL,2000-01-01,2025-08-19,on_ds_daily_axis
BW-US3932211069,GPP,2000-01-01,2024-01-25,on_ds_daily_axis
BW-SG9999019087,GRIN_OLD,2000-01-01,2024-08-30,on_ds_daily_axis
BW-KYG3934N1079,GTAC,2000-01-01,2024-10-17,on_ds_daily_axis
BW-US37186H1005,GTH,2000-01-01,2024-04-10,on_ds_daily_axis
BW-BBG00GSP58M1,GTHX,2000-01-01,2024-09-17,on_ds_daily_axis
BW-KYG4166K1004,GVCI,2000-01-01,2023-05-17,on_ds_daily_axis
BW-US36227K1060,GVP,2000-01-01,2024-11-01,on_ds_daily_axis
BW-BBG00KVDW532,HA,2000-01-01,2024-09-17,on_ds_daily_axis
BW-C0001131227,HARP,2000-01-01,2024-03-22,on_ds_daily_axis
BW-BBG00KD8XTJ3,HAYN,2000-01-01,2024-11-20,on_ds_daily_axis
BW-BBG00K6RWXC8,HCCI,2000-01-01,2023-11-16,on_ds_daily_axis
BW-US47201B1035,HCNE,2000-01-01,2023-06-23,on_ds_daily_axis
BW-BBG01LV5VW29,HCP,2000-01-01,2025-02-27,on_ds_daily_axis
BW-BBG00JF7WP05,HEES,2000-01-01,2025-05-30,on_ds_daily_axis
BW-CA4283043079,HEXO,2000-01-01,2023-06-30,on_ds_daily_axis
BW-BBG005V4X9P2,HGEN,2000-01-01,2024-03-07,on_ds_daily_axis
BW-VGG4R23P1038,HHGC,2000-01-01,2025-02-20,on_ds_daily_axis
BW-BBG0125JGM01,HHR,2000-01-01,2023-07-11,on_ds_daily_axis
BW-BBG000KY38C8,HIBB,2000-01-01,2024-08-23,on_ds_daily_axis
BW-US43157M1027,HLVX,2000-01-01,2025-09-18,on_ds_daily_axis
BW-KYG4233U1076,HMAC,2000-01-01,2023-08-18,on_ds_daily_axis
BW-US40424G1085,HMNF,2000-01-01,2024-10-09,on_ds_daily_axis
BW-BBG01175CW21,HMPT,2000-01-01,2023-08-01,on_ds_daily_axis
BW-US43785V1026,HMST,2000-01-01,2025-08-29,on_ds_daily_axis
BW-US40619L1026,HOFV,2000-01-01,2026-01-02,on_ds_daily_axis
BW-VGG456671053,HOLI,2000-01-01,2024-08-06,on_ds_daily_axis
BW-BBG00Q29NJ94,HONE,2000-01-01,2025-11-14,on_ds_daily_axis
BW-US43734R1032,HPLT,2000-01-01,2023-11-16,on_ds_daily_axis
BW-BBG000D8HJ16,HSII,2000-01-01,2025-12-09,on_ds_daily_axis
BW-BBG00GNDZ5F4,HSKA,2000-01-01,2023-06-13,on_ds_daily_axis
BW-BBG000DNTRV9,HSON,2000-01-01,2025-09-04,on_ds_daily_axis
BW-BBG00GCTZ3Q4,HTLF,2000-01-01,2025-01-31,on_ds_daily_axis
BW-US44364H1005,HUDA,2000-01-01,2025-07-18,on_ds_daily_axis
BW-US40441H1059,HVBC,2000-01-01,2023-06-16,on_ds_daily_axis
BW-US42227R1095,HWEL,2000-01-01,2023-12-14,on_ds_daily_axis
BW-IE00BQPVQZ61,HZNP,2000-01-01,2023-10-09,on_ds_daily_axis
BW-US45828L1089,IAS,2000-01-01,2025-12-24,on_ds_daily_axis
BW-BBG00KD8WRN3,IBTX,2000-01-01,2024-12-31,on_ds_daily_axis
BW-BBG00YXXDG60,ICAD,2000-01-01,2025-07-16,on_ds_daily_axis
BW-US44931Q1040,ICCH,2000-01-01,2025-03-12,on_ds_daily_axis
BW-US45114M1099,ICVX,2000-01-01,2024-03-22,on_ds_daily_axis
BW-BBG00Q69CN57,IGMS,2000-01-01,2025-08-13,on_ds_daily_axis
BW-BBG00GVX5FP1,IMGN,2000-01-01,2024-02-09,on_ds_daily_axis
BW-US4578213047,INAQU,2000-01-01,2024-12-13,on_ds_daily_axis
BW-BBG00ZR232F4,INBX_OLD,2000-01-01,2024-05-28,on_ds_daily_axis
BW-BBG000C3CMD3,INDT,2000-01-01,2023-07-06,on_ds_daily_axis
BW-BBG008G86BG9,INFN,2000-01-01,2025-02-27,on_ds_daily_axis
BW-C0001693011,INZY,2000-01-01,2025-07-02,on_ds_daily_axis
BW-US4648931065,IOMT,2000-01-01,2025-12-15,on_ds_daily_axis
BW-US45828D1063,IQMD,2000-01-01,2023-05-10,on_ds_daily_axis
BW-BBG00JVPSXP8,ISEE,2000-01-01,2023-07-11,on_ds_daily_axis
BW-C0001820566,ISPO,2000-01-01,2026-02-02,on_ds_daily_axis
BW-US45635R1086,ITAQ,2000-01-01,2023-11-16,on_ds_daily_axis
BW-BBG00G6L8JP4,ITCI,2000-01-01,2025-04-01,on_ds_daily_axis
BW-BBG00HDT5HJ1,ITI,2000-01-01,2024-10-31,on_ds_daily_axis
BW-BBG00W902VQ0,ITOS,2000-01-01,2025-08-29,on_ds_daily_axis
BW-US4611481080,IVAC,2000-01-01,2025-03-28,on_ds_daily_axis
BW-KYG638361033,IVCP,2000-01-01,2024-12-13,on_ds_daily_axis
BW-US4820821043,JAQC,2000-01-01,2024-01-04,on_ds_daily_axis
BW-KYG5S11A1066,JGGC,2000-01-01,2023-11-27,on_ds_daily_axis
BW-BBG00FXWYNS1,JNCE,2000-01-01,2023-05-05,on_ds_daily_axis
BW-KYG507351024,JUGG,2000-01-01,2023-06-30,on_ds_daily_axis
BW-US48208E1082,JWAC,2000-01-01,2023-06-02,on_ds_daily_axis
BW-BBG00L43CVL7,KBAL,2000-01-01,2023-06-07,on_ds_daily_axis
BW-BBG00ZSFNVM0,KNTE,2000-01-01,2024-04-15,on_ds_daily_axis
BW-KYG5259L1032,KRNL,2000-01-01,2024-08-14,on_ds_daily_axis
BW-BBG019477ND7,KRON,2000-01-01,2025-06-20,on_ds_daily_axis
BW-US48576A1007,KRTX,2000-01-01,2024-05-13,on_ds_daily_axis
BW-US4825041076,KVSA,2000-01-01,2023-12-20,on_ds_daily_axis
BW-KYG5260A1040,KYCH,2000-01-01,2024-04-23,on_ds_daily_axis
BW-US5150691021,LABP,2000-01-01,2024-05-23,on_ds_daily_axis
BW-KYG5380L1059,LATG,2000-01-01,2025-01-16,on_ds_daily_axis
BW-BBG00L438YY2,LBAI,2000-01-01,2024-05-15,on_ds_daily_axis
BW-KYG5352N1051,LBBB,2000-01-01,2024-03-22,on_ds_daily_axis
BW-BBG00KD8WZ64,LBC,2000-01-01,2024-02-29,on_ds_daily_axis
BW-US54300N1037,LBPH,2000-01-01,2024-12-13,on_ds_daily_axis
BW-US51477A1043,LCA,2000-01-01,2024-03-07,on_ds_daily_axis
BW-KYG5346G1257,LCAA,2000-01-01,2024-03-04,on_ds_daily_axis
BW-KYG541571058,LCW,2000-01-01,2024-10-02,on_ds_daily_axis
BW-CA52886N1024,LEXXW,2000-01-01,2026-01-13,on_ds_daily_axis
BW-BBG00K0C21D9,LGTY,2000-01-01,2025-04-04,on_ds_daily_axis
BW-KYG5338L1086,LGVC,2000-01-01,2024-05-14,on_ds_daily_axis
BW-US53118A1051,LIBY,2000-01-01,2024-08-29,on_ds_daily_axis
BW-US54141L1008,LITT,2000-01-01,2023-06-23,on_ds_daily_axis
BW-KYG5510R1056,LIVB,2000-01-01,2023-12-18,on_ds_daily_axis
BW-US5034596040,LJPC,2000-01-01,2022-08-22,on_ds_daily_axis
BW-CA53272L1031,LMNL,2000-01-01,2023-09-26,on_ds_daily_axis
BW-BBG00FM5MMW2,LMST,2000-01-01,2023-05-02,on_ds_daily_axis
BW-US51509P1030,LSEA,2000-01-01,2025-07-03,on_ds_daily_axis
BW-BBG002B9WGW7,LUMO,2000-01-01,2024-12-11,on_ds_daily_axis
BW-US5193451029,LVAC,2000-01-01,2023-05-19,on_ds_daily_axis
BW-KYG6S23K1085,MACA,2000-01-01,2024-08-30,on_ds_daily_axis
BW-BBG00DK9W156,MACK,2000-01-01,2024-05-17,on_ds_daily_axis
BW-KYG6580S1140,MBTC,2000-01-01,2024-05-03,on_ds_daily_axis
BW-KYG6301J1040,MCAA,2000-01-01,2025-05-28,on_ds_daily_axis
BW-US5542251021,MCBC,2000-01-01,2024-08-13,on_ds_daily_axis
BW-BBG011DXC032,MDWT,2000-01-01,2023-12-29,on_ds_daily_axis
BW-KYG5S74L1067,MEKA,2000-01-01,2023-06-23,on_ds_daily_axis
BW-US60436Q1004,MEOA,2000-01-01,2023-07-21,on_ds_daily_axis
BW-BBG00G9F4JX9,MGI,2000-01-01,2023-06-07,on_ds_daily_axis
BW-BBG01KJF8D85,MGRM,2000-01-01,2025-10-06,on_ds_daily_axis
BW-BMG5753U1128,MHLD,2000-01-01,2025-05-28,on_ds_daily_axis
BW-C0001467761,MINM,2000-01-01,2025-07-10,on_ds_daily_axis
BW-US60471P1084,MIRO,2000-01-01,2023-12-22,on_ds_daily_axis
BW-KYG2263T1233,MITA,2000-01-01,2025-01-06,on_ds_daily_axis
BW-KYG5859B1178,MLAC_OLD,2000-01-01,2023-06-23,on_ds_daily_axis
BW-BBG011JG04K9,MLVF,2000-01-01,2023-07-18,on_ds_daily_axis
BW-BBG00ZR22W23,MNTV,2000-01-01,2023-06-09,on_ds_daily_axis
BW-US5634201082,MNTX,2000-01-01,2024-12-31,on_ds_daily_axis
BW-US60783X1046,MODV,2000-01-01,2025-09-04,on_ds_daily_axis
BW-BBG00KSMMXR0,MOR,2000-01-01,2024-08-13,on_ds_daily_axis
BW-BBG00ZR84PQ7,MORF,2000-01-01,2024-08-30,on_ds_daily_axis
BW-US58759A1088,MPRA,2000-01-01,2023-09-29,on_ds_daily_axis
BW-BBG00JPZB233,MRNS,2000-01-01,2025-02-11,on_ds_daily_axis
BW-C0001442836,MRSN,2000-01-01,2026-01-05,on_ds_daily_axis
BW-BBG00FVJ1BH6,MRTX,2000-01-01,2024-01-23,on_ds_daily_axis
BW-NL0011606264,MRUS,2000-01-01,2025-12-29,on_ds_daily_axis
BW-US59101E1038,MTCR,2000-01-01,2024-09-06,on_ds_daily_axis
BW-US61240F1084,MTRY,2000-01-01,2023-11-29,on_ds_daily_axis
BW-US59267L1070,MTSR,2000-01-01,2025-11-14,on_ds_daily_axis
BW-IE000LK2BOB4,MURA,2000-01-01,2025-12-09,on_ds_daily_axis
BW-BBG016M90HG6,NARI,2000-01-01,2025-02-19,on_ds_daily_axis
BW-US6365181022,NATI,2000-01-01,2023-10-13,on_ds_daily_axis
BW-C0001173281,NBSE,2000-01-01,2024-05-24,on_ds_daily_axis
BW-KYG6448C1033,NCAC,2000-01-01,2024-02-05,on_ds_daily_axis
BW-KYG6363K1067,NETD,2000-01-01,2025-11-25,on_ds_daily_axis
BW-BBG00ZNMWNP5,NGM,2000-01-01,2024-04-23,on_ds_daily_axis
BW-LU2263803020,NGMS,2000-01-01,2024-05-06,on_ds_daily_axis
BW-CH0573155204,NLSPW,2000-01-01,2025-11-25,on_ds_daily_axis
BW-VGG6759A1003,NOVV,2000-01-01,2024-11-27,on_ds_daily_axis
BW-US64823D1028,NPAB,2000-01-01,2025-03-28,on_ds_daily_axis
BW-KYG6546R1011,NRAC,2000-01-01,2024-05-03,on_ds_daily_axis
BW-C0001289850,NURO,2000-01-01,2025-05-01,on_ds_daily_axis
BW-BBG00JR5DYR9,NUVA,2000-01-01,2023-09-08,on_ds_daily_axis
BW-BBG00K55NN11,NVEE,2000-01-01,2025-08-01,on_ds_daily_axis
BW-BBG00VXZVS47,NWLI,2000-01-01,2024-07-08,on_ds_daily_axis
BW-BBG00D8FLMV3,NXGN,2000-01-01,2023-11-20,on_ds_daily_axis
BW-US6708651046,OCAX,2000-01-01,2025-07-16,on_ds_daily_axis
BW-BBG00VTXFWF4,ODP,2000-01-01,2025-12-17,on_ds_daily_axis
BW-US6710051060,OHAA,2000-01-01,2024-01-08,on_ds_daily_axis
BW-US6807101000,OLK,2000-01-01,2024-08-08,on_ds_daily_axis
BW-US68234X1028,OMED,2000-01-01,2019-04-23,on_ds_daily_axis
BW-US82933R1005,OMIC,2000-01-01,2025-02-21,on_ds_daily_axis
BW-US68236R1032,ONCR,2000-01-01,2024-09-06,on_ds_daily_axis
BW-BBG00FH3KWC5,ONCT,2000-01-01,2025-04-29,on_ds_daily_axis
BW-US68235M1053,ONS,2000-01-01,2018-12-03,on_ds_daily_axis
BW-KYG6755Q1091,ONYX,2000-01-01,2024-11-13,on_ds_daily_axis
BW-US6801941070,OPOF,2000-01-01,2025-08-29,on_ds_daily_axis
BW-C0002070577,OPTN,2000-01-01,2025-05-20,on_ds_daily_axis
BW-KYG6780C1096,ORIA,2000-01-01,2023-05-17,on_ds_daily_axis
BW-BBG00ZNMWLZ8,ORTX,2000-01-01,2024-02-05,on_ds_daily_axis
BW-US6755071072,OTEC,2000-01-01,2024-05-07,on_ds_daily_axis
BW-IL0011791006,OTMO,2000-01-01,2024-03-20,on_ds_daily_axis
BW-C0001136174,OTRK,2000-01-01,2025-09-02,on_ds_daily_axis
BW-BBG00Y91R9T3,OZON,2000-01-01,2023-11-27,on_ds_daily_axis
BW-BBG00KD90CB2,PACW,2000-01-01,2023-12-08,on_ds_daily_axis
BW-US70338W1053,PATI,2000-01-01,2023-12-29,on_ds_daily_axis
BW-US69318V1035,PBBK,2000-01-01,2026-01-08,on_ds_daily_axis
BW-BBG005D1WSB2,PBPB,2000-01-01,2025-10-22,on_ds_daily_axis
BW-BBG000C3B1L1,PCTI,2000-01-01,2023-12-22,on_ds_daily_axis
BW-BBG00K671BT6,PDCE,2000-01-01,2023-09-05,on_ds_daily_axis
BW-BBG008B8NCL7,PDCO,2000-01-01,2025-04-16,on_ds_daily_axis
BW-KYG725561065,PEGR,2000-01-01,2024-08-08,on_ds_daily_axis
BW-KYG700211033,PEPL,2000-01-01,2024-04-01,on_ds_daily_axis
BW-BBG00HBWR9K8,PETQ,2000-01-01,2024-10-24,on_ds_daily_axis
BW-US74050M1053,PFBI,2000-01-01,2021-09-17,on_ds_daily_axis
BW-BBG00GFT0450,PFIE,2000-01-01,2025-01-02,on_ds_daily_axis
BW-US6928305084,PFIN,2000-01-01,2023-12-29,on_ds_daily_axis
BW-BBG00KDBXXZ9,PFSW,2000-01-01,2023-11-16,on_ds_daily_axis
BW-US74327P1057,PGRW,2000-01-01,2023-05-17,on_ds_daily_axis
BW-C0001675634,PIXY,2000-01-01,2024-10-25,on_ds_daily_axis
BW-US72016P1057,PLL,2000-01-01,2025-08-29,on_ds_daily_axis
BW-NL0012170237,PLYA,2000-01-01,2025-06-13,on_ds_daily_axis
BW-KYG7114V1023,PME,2000-01-01,2023-05-10,on_ds_daily_axis
BW-US74275N1028,PMGM,2000-01-01,2024-07-26,on_ds_daily_axis
BW-BBG000C3HXN3,PPBI,2000-01-01,2025-08-29,on_ds_daily_axis
BW-US69291C1062,PPHP,2000-01-01,2024-07-05,on_ds_daily_axis
BW-US68248J1079,PRBG,2000-01-01,2025-12-31,on_ds_daily_axis
BW-C0001822711,PRDS,2000-01-01,2023-09-08,on_ds_daily_axis
BW-BBG00K6RM6Q3,PRFT,2000-01-01,2024-10-01,on_ds_daily_axis
BW-KYG445251062,PRLH,2000-01-01,2026-03-02,on_ds_daily_axis
BW-KYG7273A1058,PRSR,2000-01-01,2023-12-21,on_ds_daily_axis
BW-BBG0099QJRH5,PRTK,2000-01-01,2023-09-29,on_ds_daily_axis
BW-BBG00ZNMWQC2,PRVB,2000-01-01,2023-04-27,on_ds_daily_axis
BW-BBG00ZNMWQT4,PSTX,2000-01-01,2025-01-07,on_ds_daily_axis
BW-US70213Q1085,PTRS,2000-01-01,2023-12-01,on_ds_daily_axis
BW-BBG011DXG5D6,PTVE,2000-01-01,2025-04-01,on_ds_daily_axis
BW-US74383L1052,PVBC,2000-01-01,2025-11-14,on_ds_daily_axis
BW-US7084301032,PWOD,2000-01-01,2025-07-25,on_ds_daily_axis
BW-US70435P1021,PYCR,2000-01-01,2025-04-11,on_ds_daily_axis
BW-BBG004JDNM44,QIWI,2000-01-01,2024-09-04,on_ds_daily_axis
BW-US74738V1052,QOMO,2000-01-01,2025-04-17,on_ds_daily_axis
BW-BBG020HFVB60,RACY,2000-01-01,2024-06-12,on_ds_daily_axis
BW-BBG013VV5067,RADI,2000-01-01,2023-09-29,on_ds_daily_axis
BW-US75082Q1058,RAIN_OLD2,2000-01-01,2024-01-26,on_ds_daily_axis
BW-US76137R1068,RCAC,2000-01-01,2024-09-11,on_ds_daily_axis
BW-BBG00G7D8M10,RCM,2000-01-01,2024-11-18,on_ds_daily_axis
BW-US75737F1084,RDFN,2000-01-01,2025-06-30,on_ds_daily_axis
BW-BBG00JPDXTT1,RDUS,2000-01-01,2025-07-10,on_ds_daily_axis
BW-BBG00FRMRGJ3,RETA,2000-01-01,2023-09-26,on_ds_daily_axis
BW-CA31656Q1046,REUN,2000-01-01,2023-08-04,on_ds_daily_axis
BW-US74954L1044,RFAC,2000-01-01,2025-02-13,on_ds_daily_axis
BW-US75915K3095,RGLS,2000-01-01,2025-06-24,on_ds_daily_axis
BW-US77867R1005,ROCL,2000-01-01,2024-12-09,on_ds_daily_axis
BW-BBG00JR3X988,ROIC,2000-01-01,2025-02-12,on_ds_daily_axis
BW-KYG7637J1076,ROSE,2000-01-01,2024-02-23,on_ds_daily_axis
BW-US49877M2070,ROSEU,2000-01-01,2023-11-20,on_ds_daily_axis
BW-BBG00KD8XY84,RUTH,2000-01-01,2023-06-15,on_ds_daily_axis
BW-BBG00BCQ6445,RVNC,2000-01-01,2025-02-06,on_ds_daily_axis
BW-US74349U1088,RXDX,2000-01-01,2023-06-16,on_ds_daily_axis
BW-US78661R1068,SAGA,2000-01-01,2024-04-18,on_ds_daily_axis
BW-BBG006W3Z7G3,SAGE,2000-01-01,2025-07-31,on_ds_daily_axis
BW-BBG00JC35Y44,SAIL_OLD,2000-01-01,2022-08-16,on_ds_daily_axis
BW-US7952261094,SAL,2000-01-01,2023-08-24,on_ds_daily_axis
BW-US8082122032,SAMAU,2000-01-01,2023-10-11,on_ds_daily_axis
BW-BBG000KSXBL1,SASR,2000-01-01,2025-03-31,on_ds_daily_axis
BW-BBG00JFFFSW5,SBT,2000-01-01,2025-03-31,on_ds_daily_axis
BW-US8106481059,SCPH,2000-01-01,2025-10-06,on_ds_daily_axis
BW-BBG00P1DDYR6,SCPL,2000-01-01,2023-11-16,on_ds_daily_axis
BW-KYG794071053,SCRM,2000-01-01,2024-05-13,on_ds_daily_axis
BW-BBG00CSDJW76,SCWX,2000-01-01,2025-01-31,on_ds_daily_axis
BW-US86337R1032,SDIG,2000-01-01,2025-03-14,on_ds_daily_axis
BW-BBG00YLX21B2,SGEN,2000-01-01,2023-12-13,on_ds_daily_axis
BW-US81221H1059,SGII,2000-01-01,2023-12-12,on_ds_daily_axis
BW-BBG00JZCQDW1,SGMA,2000-01-01,2025-07-25,on_ds_daily_axis
BW-C0001821323,SGTX,2000-01-01,2023-08-11,on_ds_daily_axis
BW-US78423T2006,SHLT,2000-01-01,2025-06-27,on_ds_daily_axis
BW-KYG811731093,SHUA,2000-01-01,2023-11-27,on_ds_daily_axis
BW-BBG00ZR69Z02,SILK,2000-01-01,2024-09-26,on_ds_daily_axis
BW-BBG009DHQWM5,SIOX,2000-01-01,2023-03-23,on_ds_daily_axis
BW-US83363K1025,SLAC,2000-01-01,2024-03-06,on_ds_daily_axis
BW-US00445A1007,SLRN,2000-01-01,2025-05-22,on_ds_daily_axis
BW-US81684M1045,SMLR,2000-01-01,2026-01-15,on_ds_daily_axis
BW-US86606G1013,SMMF,2000-01-01,2024-05-14,on_ds_daily_axis
BW-US83303Y1055,SNPO,2000-01-01,2024-06-14,on_ds_daily_axis
BW-BBG01QYG51N5,SNRE,2000-01-01,2025-10-17,on_ds_daily_axis
BW-US81723H1086,SNRH,2000-01-01,2023-11-21,on_ds_daily_axis
BW-C0001294608,SOLO,2000-01-01,2024-03-25,on_ds_daily_axis
BW-US84612U1079,SOVO,2000-01-01,2024-03-12,on_ds_daily_axis
BW-BBG00L43JT35,SP,2000-01-01,2024-05-15,on_ds_daily_axis
BW-KYG8651P1101,SPI,2000-01-01,2025-01-15,on_ds_daily_axis
BW-BBG007F5YJP0,SPLK,2000-01-01,2024-03-15,on_ds_daily_axis
BW-KYG7T16G1039,SPNS,2000-01-01,2025-12-17,on_ds_daily_axis
BW-BBG00JPYX1J7,SPPI,2000-01-01,2023-08-04,on_ds_daily_axis
BW-BBG000BGNV07,SPTN,2000-01-01,2025-09-19,on_ds_daily_axis
BW-BBG000D79C49,SRDX,2000-01-01,2025-11-28,on_ds_daily_axis
BW-US8438783073,SSBK,2000-01-01,2025-07-02,on_ds_daily_axis
BW-BBG00XWV2TX1,STAF,2000-01-01,2025-07-18,on_ds_daily_axis
BW-US8580981061,STCN,2000-01-01,2025-01-02,on_ds_daily_axis
BW-BBG00ZR23WM0,STSA,2000-01-01,2023-06-08,on_ds_daily_axis
BW-BBG00ZQZ6RX4,SUMO,2000-01-01,2023-05-15,on_ds_daily_axis
BW-BBG00ZNMWNK0,SURF,2000-01-01,2023-09-12,on_ds_daily_axis
BW-KYG837521163,SVIIW,2000-01-01,2025-10-22,on_ds_daily_axis
BW-KYG806941053,SVNA,2000-01-01,2023-05-17,on_ds_daily_axis
BW-US83407J2024,SWAGU,2000-01-01,2022-08-25,on_ds_daily_axis
BW-BBG00YPS20W8,SWAV,2000-01-01,2024-05-30,on_ds_daily_axis
BW-BBG011DXDT29,SWTX,2000-01-01,2025-06-30,on_ds_daily_axis
BW-BBG008HKB1W9,SYNH,2000-01-01,2023-09-29,on_ds_daily_axis
BW-CA83013Q1524,SYTAW,2000-01-01,2025-09-24,on_ds_daily_axis
BW-US83014E1091,SZZL_OLD,2000-01-01,2024-02-27,on_ds_daily_axis
BW-BBG00Z3Y7FF7,TA,2000-01-01,2023-05-15,on_ds_daily_axis
BW-BBG00L439KG1,TAST,2000-01-01,2024-05-15,on_ds_daily_axis
BW-US88605T1007,TBCP,2000-01-01,2023-12-20,on_ds_daily_axis
BW-US87224V1089,TCBC,2000-01-01,2025-12-02,on_ds_daily_axis
BW-BBG00Z736GJ6,TCRR,2000-01-01,2023-06-01,on_ds_daily_axis
BW-BBG00K1ZJ6Z4,TESS,2000-01-01,2023-07-18,on_ds_daily_axis
BW-BBG00QRDX9Z0,TFFP,2000-01-01,2025-02-26,on_ds_daily_axis
BW-US89386L1008,TGAN,2000-01-01,2024-07-01,on_ds_daily_axis
BW-US87251T1097,TGVC,2000-01-01,2024-04-18,on_ds_daily_axis
BW-US88605L1070,THCP,2000-01-01,2024-12-10,on_ds_daily_axis
BW-US88427A1079,THRD,2000-01-01,2025-08-13,on_ds_daily_axis
BW-US88369M1018,THRX,2000-01-01,2024-02-27,on_ds_daily_axis
BW-CA88338H1001,THTX,2000-01-01,2025-10-02,on_ds_daily_axis
BW-KYG866561080,TOAC,2000-01-01,2023-06-23,on_ds_daily_axis
BW-US87266J1043,TPIC,2000-01-01,2025-08-18,on_ds_daily_axis
BW-BBG00F0YY4L2,TRHC,2000-01-01,2023-11-16,on_ds_daily_axis
BW-US89157D1054,TRML,2000-01-01,2025-10-30,on_ds_daily_axis
BW-KYG2426E1044,TRON_OLD,2000-01-01,2024-08-30,on_ds_daily_axis
BW-BBG006H0YXR8,TRUE,2000-01-01,2026-01-21,on_ds_daily_axis
BW-US90042W1009,TSBX,2000-01-01,2025-08-11,on_ds_daily_axis
BW-BBG000D1WKX6,TSRI,2000-01-01,2024-07-10,on_ds_daily_axis
BW-BBG013DRGN55,TSVT,2000-01-01,2025-05-22,on_ds_daily_axis
BW-C0000910267,TTNP,2000-01-01,2025-10-02,on_ds_daily_axis
BW-BBG000GPBRV0,TURN,2000-01-01,2025-09-16,on_ds_daily_axis
BW-US09001T1060,TWCB,2000-01-01,2023-08-03,on_ds_daily_axis
BW-BBG01M35ZZT8,TWKS,2000-01-01,2024-11-12,on_ds_daily_axis
BW-BBG00F90JR33,TWNK,2000-01-01,2023-11-14,on_ds_daily_axis
BW-KYG9449A1343,UKOMW,2000-01-01,2025-11-18,on_ds_daily_axis
BW-US9138371003,USAP,2000-01-01,2025-01-23,on_ds_daily_axis
BW-KYG9473A1094,UTAA,2000-01-01,2023-09-22,on_ds_daily_axis
BW-KYG9460A1040,VAQC,2000-01-01,2024-03-22,on_ds_daily_axis
BW-US92705T2006,VBFC,2000-01-01,2025-03-31,on_ds_daily_axis
BW-US92838K1007,VBOC,2000-01-01,2023-07-28,on_ds_daily_axis
BW-US9234511080,VBTX,2000-01-01,2025-10-17,on_ds_daily_axis
BW-KYG870761080,VCXA,2000-01-01,2023-12-07,on_ds_daily_axis
BW-CH1109007893,VECT,2000-01-01,2023-07-07,on_ds_daily_axis
BW-US92539P1012,VERV,2000-01-01,2025-07-25,on_ds_daily_axis
BW-BBG00ZR22DX1,VERY,2000-01-01,2024-07-10,on_ds_daily_axis
BW-US92556D1063,VIA_OLD1,2000-01-01,2024-06-13,on_ds_daily_axis
BW-US92673K1088,VIGL,2000-01-01,2025-08-05,on_ds_daily_axis
BW-KYG9460N1060,VLAT,2000-01-01,2023-05-12,on_ds_daily_axis
BW-BBG01175C7G1,VMEO,2000-01-01,2025-11-26,on_ds_daily_axis
BW-US91842V1026,VMGA,2000-01-01,2023-05-23,on_ds_daily_axis
BW-BBG00ZR84QP6,VOXX,2000-01-01,2025-04-01,on_ds_daily_axis
BW-US9250501064,VRNA,2000-01-01,2025-11-05,on_ds_daily_axis
BW-BBG000BKL2M0,VRNT,2000-01-01,2025-11-26,on_ds_daily_axis
BW-US92838J1034,VSAC,2000-01-01,2024-11-01,on_ds_daily_axis
BW-CA92535P1475,VSSYW,2000-01-01,2026-01-16,on_ds_daily_axis
BW-KYG9440D1034,VTRU,2000-01-01,2024-06-06,on_ds_daily_axis
BW-US9314271084,WBA,2000-01-01,2025-08-28,on_ds_daily_axis
BW-BBG00JQBPBT2,WIRE,2000-01-01,2024-07-16,on_ds_daily_axis
BW-IL0011765851,WKME,2000-01-01,2024-09-12,on_ds_daily_axis
BW-VGG9T22C1003,WLGS,2000-01-01,2025-08-25,on_ds_daily_axis
BW-US30069X1028,XFIN,2000-01-01,2024-10-10,on_ds_daily_axis
BW-BBG00ZXMLTT9,XM,2000-01-01,2023-06-28,on_ds_daily_axis
BW-BBG00PVVTHD8,YMAB,2000-01-01,2025-09-16,on_ds_daily_axis
BW-US98955G1031,ZFOX,2000-01-01,2024-05-13,on_ds_daily_axis
BW-US98888T1079,ZIMV,2000-01-01,2025-11-03,on_ds_daily_axis
BW-US30320F1066,ZING,2000-01-01,2023-08-31,on_ds_daily_axis
BW-US9895701061,ZT,2000-01-01,2023-06-23,on_ds_daily_axis
BW-BBG00JNKZKB3,ZYNE,2000-01-01,2023-11-08,on_ds_daily_axis
BW-BBG00L7PX1X5,EMGC,2000-01-01,2023-07-14,on_ds_daily_axis
BW-BBG00KD935D2,CIR,2000-01-01,2023-11-16,on_ds_daily_axis
BW-BBG0001JCCT5,CIC,2000-01-01,2019-09-30,on_ds_daily_axis
BW-BMG2415A1137,CLCO,2000-01-01,2026-01-08,on_ds_daily_axis
BW-BBG00JZD1633,CHS,2000-01-01,2024-01-04,on_ds_daily_axis
BW-KYG208731086,CHEB,2000-01-01,2025-08-08,on_ds_daily_axis
BW-KYG2540H1083,CORS,2000-01-01,2023-07-06,on_ds_daily_axis
BW-BBG00JS03780,CEQP,2000-01-01,2023-11-16,on_ds_daily_axis
BW-BBG00JHWRPP7,CCF,2000-01-01,2023-11-27,on_ds_daily_axis
BW-US17144T1079,CCV,2000-01-01,2023-11-15,on_ds_daily_axis
BW-BBG00XRRMVT4,CCRD,2000-01-01,2025-10-30,on_ds_daily_axis
BW-US17143W1018,CCVI,2000-01-01,2023-12-12,on_ds_daily_axis
BW-BBG0072567S8,DFS,2000-01-01,2025-05-16,on_ds_daily_axis
BW-BBG00Z7362Q9,DM,2000-01-01,2025-04-01,on_ds_daily_axis
BW-BBG00JS02YV6,DCP,2000-01-01,2023-06-16,on_ds_daily_axis
BW-US2506301009,DESP,2000-01-01,2025-05-14,on_ds_daily_axis
BW-BBG00ZXZK0V1,DEN,2000-01-01,2023-11-03,on_ds_daily_axis
BW-C0001505611,DPSI,2000-01-01,2024-07-16,on_ds_daily_axis
BW-US05589T1043,DMF,2000-01-01,2025-06-20,on_ds_daily_axis
BW-US26484T1060,DNB,2000-01-01,2025-08-25,on_ds_daily_axis
BW-BBG00ZR69VD7,DOOR,2000-01-01,2024-05-14,on_ds_daily_axis
BW-BBG00JPYTK28,DOC_OLD1,2000-01-01,2007-12-28,on_ds_daily_axis
BW-BBG018R4TPZ8,DO,2000-01-01,2024-09-04,on_ds_daily_axis
BW-US2254011081,CS,2000-01-01,2023-06-13,on_ds_daily_axis
BW-KYG257411028,CPTK,2000-01-01,2024-02-20,on_ds_daily_axis
BW-BBG00RDSVPN9,CPE,2000-01-01,2024-03-28,on_ds_daily_axis
BW-US2048331076,CPUH,2000-01-01,2023-08-01,on_ds_daily_axis
BW-US12530D1054,CXAC,2000-01-01,2023-11-16,on_ds_daily_axis
BW-BBG00D0MX6Z4,CTLT,2000-01-01,2024-12-17,on_ds_daily_axis
BW-US4576791085,CTV,2000-01-01,2025-02-12,on_ds_daily_axis
BW-BBG00YJKS125,ZUO,2000-01-01,2025-02-14,on_ds_daily_axis
BW-BBG018R4TN29,AMPS,2000-01-01,2025-04-15,on_ds_daily_axis
BW-KYG040581061,APCA,2000-01-01,2024-06-21,on_ds_daily_axis
BW-JE00BM9HZ112,ALTM,2000-01-01,2025-03-05,on_ds_daily_axis
BW-BBG000J7G8Z0,ALE,2000-01-01,2025-12-12,on_ds_daily_axis
BW-BBG00PVXXLL1,AMK,2000-01-01,2024-09-06,on_ds_daily_axis
BW-KYG0412A1022,APGB,2000-01-01,2023-11-27,on_ds_daily_axis
BW-KYG0370U1085,ATAQ,2000-01-01,2023-09-08,on_ds_daily_axis
BW-BBG00JHPRVN1,ASXC,2000-01-01,2024-08-30,on_ds_daily_axis
BW-BBG00ZR6B1T3,ARNC,2000-01-01,2023-08-17,on_ds_daily_axis
BW-BBG01SZYR5P6,ARIS_OLD1,2000-01-01,2025-10-17,on_ds_daily_axis
BW-BBG00ZR23SV9,ARCH_OLD,2000-01-01,2025-02-14,on_ds_daily_axis
BW-US00191G1031,ARC,2000-01-01,2024-11-21,on_ds_daily_axis
BW-BBG00J581P80,AQUA,2000-01-01,2023-05-24,on_ds_daily_axis
BW-BBG00ZR23914,AE,2000-01-01,2000-01-01,on_ds_daily_axis
BW-US05150A1043,ADRT,2000-01-01,2024-10-10,on_ds_daily_axis
BW-US00258W1080,AAN,2000-01-01,2024-10-03,on_ds_daily_axis
BW-BBG01HQ5VBY5,ACAQ,2000-01-01,2023-11-16,on_ds_daily_axis
BW-US72814N1046,AGS,2000-01-01,2025-06-30,on_ds_daily_axis
BW-BBG00D0MX283,AGR,2000-01-01,2024-12-27,on_ds_daily_axis
BW-US00848J1043,AGTI,2000-01-01,2024-05-06,on_ds_daily_axis
BW-BBG00D8FFWH4,AJRD,2000-01-01,2023-07-27,on_ds_daily_axis
BW-BBG016FRNCW2,AIRC,2000-01-01,2024-06-27,on_ds_daily_axis
BW-BBG010S1VD57,AINC,2000-01-01,2024-08-07,on_ds_daily_axis
BW-US00776D1037,AENZ,2000-01-01,2023-12-22,on_ds_daily_axis
BW-BBG00KD948R0,AEL,2000-01-01,2024-05-14,on_ds_daily_axis
BW-KYG0112R1083,AGAC,2000-01-01,2023-09-14,on_ds_daily_axis
BW-KYG011091009,AFTR,2000-01-01,2023-08-15,on_ds_daily_axis
BW-BBG00HW0FJW3,BKI,2000-01-01,2023-09-01,on_ds_daily_axis
BW-US05591L1070,BMTX,2000-01-01,2025-01-31,on_ds_daily_axis
BW-US09216A1088,BMAC,2000-01-01,2025-06-11,on_ds_daily_axis
BW-US09175K1051,BITE,2000-01-01,2024-07-10,on_ds_daily_axis
BW-US11135B1008,BRMK,2000-01-01,2023-06-01,on_ds_daily_axis
BW-BBG000DSJMM0,BRFS,2000-01-01,2025-09-22,on_ds_daily_axis
BW-US07402Q1013,BRD,2000-01-01,2023-12-20,on_ds_daily_axis
BW-BBG00KFMBND3,BSMX,2000-01-01,2023-05-15,on_ds_daily_axis
BW-KYG115371000,BSAQ,2000-01-01,2023-08-14,on_ds_daily_axis
BW-KYG1195N1051,BOAC,2000-01-01,2023-11-16,on_ds_daily_axis
BW-BBG000JNJRV4,BPT,2000-01-01,2025-08-29,on_ds_daily_axis
BW-BBG00GBG5G50,AYX,2000-01-01,2024-03-18,on_ds_daily_axis
BW-US05478C1053,AZEK,2000-01-01,2025-06-30,on_ds_daily_axis
BW-US8245681098,BEST,2000-01-01,2025-11-19,on_ds_daily_axis
BW-BBG00FNBBCD3,BERY,2000-01-01,2025-04-29,on_ds_daily_axis
BW-BBG00KJZ8865,BEDU,2000-01-01,2025-12-15,on_ds_daily_axis
BW-BBG00JX9SQR5,B_OLD,2000-01-01,2025-01-24,on_ds_daily_axis
BW-C0001109189,BAS,2000-01-01,2019-12-02,on_ds_daily_axis
BW-US46653C1062,RJAC,2000-01-01,2023-06-12,on_ds_daily_axis
BW-BBG00JRSWQ59,RPT_OLD,2000-01-01,2024-12-04,on_ds_daily_axis
BW-US73939C1062,PWSC,2000-01-01,2024-10-01,on_ds_daily_axis
BW-BBG00FZLMVV4,PXD,2000-01-01,2024-05-02,on_ds_daily_axis
BW-US74767A1051,QFTA,2000-01-01,2024-02-09,on_ds_daily_axis
BW-BBG00JRSSHS9,QUOT,2000-01-01,2023-09-05,on_ds_daily_axis
BW-BBG000BBX0Q7,SKX,2000-01-01,2025-09-11,on_ds_daily_axis
BW-BBG00JNKK9D2,SLCA,2000-01-01,2024-08-13,on_ds_daily_axis
BW-BBG00CXM9PW8,SILV,2000-01-01,2025-02-13,on_ds_daily_axis
BW-BBG000W7S7N7,SAND,2000-01-01,2025-10-24,on_ds_daily_axis
BW-IL0011898850,SATX,2000-01-01,2025-07-02,on_ds_daily_axis
BW-BBG000KLHXJ9,SCS,2000-01-01,2025-12-09,on_ds_daily_axis
BW-BBG000RC3170,SCU,2000-01-01,2023-11-16,on_ds_daily_axis
BW-KYG7T9831035,SCUA,2000-01-01,2023-06-08,on_ds_daily_axis
BW-US8556681091,SCX,2000-01-01,2024-05-22,on_ds_daily_axis
BW-BBG00JYHRG53,SDPI,2000-01-01,2024-08-13,on_ds_daily_axis
BW-BBG00H2VJ7W0,SBOW,2000-01-01,2024-08-13,on_ds_daily_axis
BW-BBG01N7S1944,OLO,2000-01-01,2025-09-11,on_ds_daily_axis
BW-US69122G1022,OBDE,2000-01-01,2025-01-10,on_ds_daily_axis
BW-US68248T1051,OCFT,2000-01-01,2025-11-20,on_ds_daily_axis
BW-BBG01294L6K7,OSH,2000-01-01,2023-05-01,on_ds_daily_axis
BW-KYG5S70A1049,OPA,2000-01-01,2024-02-05,on_ds_daily_axis
BW-US66573W1071,NSTB,2000-01-01,2025-01-13,on_ds_daily_axis
BW-BBG00JS02763,NS,2000-01-01,2024-05-14,on_ds_daily_axis
BW-BBG00JPZ1YF1,NVRO,2000-01-01,2025-04-02,on_ds_daily_axis
BW-US67063R1032,NXC,2000-01-01,2026-01-12,on_ds_daily_axis
BW-BBG000KKT224,NXN,2000-01-01,2026-01-12,on_ds_daily_axis
BW-KYG717071065,PNTM,2000-01-01,2023-05-26,on_ds_daily_axis
BW-BBG011S4NM67,PLM,2000-01-01,2023-11-06,on_ds_daily_axis
BW-BBG00ZR850K7,PRMW,2000-01-01,2024-11-08,on_ds_daily_axis
BW-US74346Y1038,PRO,2000-01-01,2025-12-08,on_ds_daily_axis
BW-KYG1992N1007,PRPC,2000-01-01,2023-11-07,on_ds_daily_axis
BW-C0000081100,PSE,2000-01-01,2013-12-17,on_ds_daily_axis
BW-US72369H1068,PHT,2000-01-01,2025-09-26,on_ds_daily_axis
BW-BBG00L43BGR5,PHX,2000-01-01,2025-06-23,on_ds_daily_axis
BW-KYG610741038,PIAI,2000-01-01,2023-09-15,on_ds_daily_axis
BW-BBG000QNYS10,PHD,2000-01-01,2025-10-14,on_ds_daily_axis
BW-BBG007K97ZT6,PGRE,2000-01-01,2025-12-18,on_ds_daily_axis
BW-KYG7258M1087,PGRU,2000-01-01,2024-12-13,on_ds_daily_axis
BW-KYG697681024,PGSS,2000-01-01,2024-04-30,on_ds_daily_axis
BW-BBG00ZR23H52,PGTI,2000-01-01,2024-04-10,on_ds_daily_axis
BW-BBG007254N23,VMW,2000-01-01,2023-11-21,on_ds_daily_axis
BW-KYG870771063,VCXB,2000-01-01,2024-07-12,on_ds_daily_axis
BW-BBG00JNNL703,VGR,2000-01-01,2024-10-07,on_ds_daily_axis
BW-US92853V1061,VHAQ,2000-01-01,2025-01-30,on_ds_daily_axis
BW-BBG008F9HFV0,VSTO,2000-01-01,2024-11-26,on_ds_daily_axis
BW-BBG00ZVXMML9,VZIO,2000-01-01,2024-12-03,on_ds_daily_axis
BW-CA22576C1014,VRN,2000-01-01,2025-05-09,on_ds_daily_axis
BW-BBG006S5JXN6,VRTV,2000-01-01,2023-11-29,on_ds_daily_axis
BW-BBG00JQC0D68,UBA,2000-01-01,2023-08-17,on_ds_daily_axis
BW-US90915J1034,UFAB,2000-01-01,2024-03-19,on_ds_daily_axis
BW-BBG00L999V88,USX,2000-01-01,2023-06-30,on_ds_daily_axis
BW-US9033262059,USBC_OLD,2000-01-01,2025-06-25,on_ds_daily_axis
BW-BBG00CX44PK6,UNVR,2000-01-01,2023-07-31,on_ds_daily_axis
BW-BBG00JSC6BD6,XIN,2000-01-01,2025-09-17,on_ds_daily_axis
BW-BBG000DVQZ19,X,2000-01-01,2025-06-20,on_ds_daily_axis
BW-BBG00JPVT297,WRK,2000-01-01,2024-07-05,on_ds_daily_axis
BW-US9765241081,WTT,2000-01-01,2023-08-04,on_ds_daily_axis
BW-BBG00YLQ7X95,WWE,2000-01-01,2023-11-06,on_ds_daily_axis
BW-BBG01PL4M7J1,ZK,2000-01-01,2025-12-23,on_ds_daily_axis
BW-US96951B1026,WRAC,2000-01-01,2024-02-29,on_ds_daily_axis
BW-KYG065361092,WAVC,2000-01-01,2023-08-24,on_ds_daily_axis
BW-BBG00JCHDMV0,WNS,2000-01-01,2025-10-16,on_ds_daily_axis
BW-BBG007R8ZWH0,WLL,2000-01-01,2022-07-26,on_ds_daily_axis
BW-BBG00JSK6GV7,WMC,2000-01-01,2023-12-18,on_ds_daily_axis
BW-BBG00D8FD0M0,SUM,2000-01-01,2025-02-10,on_ds_daily_axis
BW-BMG8465L1072,STET,2000-01-01,2023-06-07,on_ds_daily_axis
BW-BBG01C5FH7P2,STR,2000-01-01,2025-08-18,on_ds_daily_axis
BW-BBG01KFX7HH2,SVT,2000-01-01,2025-07-02,on_ds_daily_axis
BW-BBG00M90F8X1,SWI,2000-01-01,2025-04-15,on_ds_daily_axis
BW-BBG008B8P4F0,SWN,2000-01-01,2024-09-30,on_ds_daily_axis
BW-US86737U1025,SSY,2000-01-01,2025-08-14,on_ds_daily_axis
BW-BBG000JMM309,SNV,2000-01-01,2026-01-02,on_ds_daily_axis
BW-BBG000V9NFT5,SOL,2000-01-01,2025-12-12,on_ds_daily_axis
BW-BBG00L3G5YF8,SMAR,2000-01-01,2025-01-21,on_ds_daily_axis
BW-US8661424098,SMLP,2000-01-01,2024-10-02,on_ds_daily_axis
BW-US85569C1071,SRT,2000-01-01,2024-01-05,on_ds_daily_axis
BW-BBG000C0J8Z9,SPR,2000-01-01,2025-12-05,on_ds_daily_axis
BW-BBG011P1MYP0,SQSP,2000-01-01,2024-10-16,on_ds_daily_axis
BW-BBG00JQ23H95,SRC,2000-01-01,2024-01-22,on_ds_daily_axis
BW-KYG9059F1000,TRAQ,2000-01-01,2023-05-01,on_ds_daily_axis
BW-IL0011571556,TUFN,2000-01-01,2022-09-07,on_ds_daily_axis
BW-KYG9074V1068,TRIS,2000-01-01,2024-08-13,on_ds_daily_axis
BW-BMG9078F1077,TRTN,2000-01-01,2023-09-27,on_ds_daily_axis
BW-BBG00FZMX8B3,TELL,2000-01-01,2024-10-08,on_ds_daily_axis
BW-US87190U1007,TDCX,2000-01-01,2024-06-18,on_ds_daily_axis
BW-BBG00CXD8QT1,TCN,2000-01-01,2024-05-14,on_ds_daily_axis
BW-US89301B1044,TCOA,2000-01-01,2025-07-16,on_ds_daily_axis
BW-CA87975H1001,TIXT,2000-01-01,2025-10-31,on_ds_daily_axis
BW-C0001491487,TKAT,2000-01-01,2023-11-17,on_ds_daily_axis
BW-BMG8766E1093,TGH,2000-01-01,2024-03-25,on_ds_daily_axis
BW-BBG000KN9N33,TGI,2000-01-01,2025-07-18,on_ds_daily_axis
BW-KYG9461B1014,GOGN,2000-01-01,2023-07-05,on_ds_daily_axis
BW-BBG00D7JXKL8,GMS,2000-01-01,2025-09-05,on_ds_daily_axis
BW-BBG00KD8Z9H7,GNTY,2000-01-01,2025-10-02,on_ds_daily_axis
BW-KYG420411061,GSQB,2000-01-01,2023-06-16,on_ds_daily_axis
BW-US38102H1095,GFX,2000-01-01,2023-08-24,on_ds_daily_axis
BW-US3680361090,GATO,2000-01-01,2025-01-15,on_ds_daily_axis
BW-MHY2687W1084,GLOP,2000-01-01,2023-07-14,on_ds_daily_axis
BW-BBG00FZLPHN1,GHL,2000-01-01,2023-11-30,on_ds_daily_axis
BW-BBG00GSP3DX0,HT,2000-01-01,2023-12-08,on_ds_daily_axis
BW-KYG4712C1078,ICNC,2000-01-01,2023-09-26,on_ds_daily_axis
BW-US42032P1084,HWKZ,2000-01-01,2023-07-11,on_ds_daily_axis
BW-BBG00JS02GC6,HEP,2000-01-01,2023-12-12,on_ds_daily_axis
BW-US42809H1077,HES,2000-01-01,2025-07-18,on_ds_daily_axis
BW-KYG397141030,HHLA,2000-01-01,2024-02-09,on_ds_daily_axis
BW-BBG000J93QG1,HBI,2000-01-01,2025-12-02,on_ds_daily_axis
BW-BBG000Q6CCX1,HNW,2000-01-01,2025-09-26,on_ds_daily_axis
BW-BBG00JNKVH42,HOS,2000-01-01,2019-12-27,on_ds_daily_axis
BW-US42237V1089,HMA,2000-01-01,2023-07-25,on_ds_daily_axis
BW-KYG300921031,EOCW,2000-01-01,2023-06-30,on_ds_daily_axis
BW-BBG000K31LQ4,EQC,2000-01-01,2025-05-05,on_ds_daily_axis
BW-CA26873J1075,EMX,2000-01-01,2025-11-14,on_ds_daily_axis
BW-US2928121043,ENFN,2000-01-01,2025-04-17,on_ds_daily_axis
BW-BBG000HSQ108,ENLC,2000-01-01,2025-01-30,on_ds_daily_axis
BW-BBG00JSC2WG1,ENV,2000-01-01,2024-11-22,on_ds_daily_axis
BW-BBG000PP49V8,ENX,2000-01-01,2025-10-28,on_ds_daily_axis
BW-BBG0127VLGX3,ETWO,2000-01-01,2025-08-01,on_ds_daily_axis
BW-BBG00JXL9H08,EVA,2000-01-01,2024-10-03,on_ds_daily_axis
BW-BBG00L4CRTR0,EVBN,2000-01-01,2025-05-05,on_ds_daily_axis
BW-KYG3218G1091,EVE,2000-01-01,2025-06-11,on_ds_daily_axis
BW-BBG000PP4B52,EVM,2000-01-01,2025-10-28,on_ds_daily_axis
BW-BBG00YLQ7PH3,ETRN,2000-01-01,2024-07-19,on_ds_daily_axis
BW-BBG00JXQ8SL1,ERF,2000-01-01,2024-05-30,on_ds_daily_axis
BW-BBG017QC5KN3,ESMT,2000-01-01,2024-01-25,on_ds_daily_axis
BW-BBG00GNXJH44,ESTE,2000-01-01,2023-11-16,on_ds_daily_axis
BW-BBG00Q9SS8S3,EDR,2000-01-01,2025-03-21,on_ds_daily_axis
BW-BBG000HPB8Y8,EVRI,2000-01-01,2025-06-30,on_ds_daily_axis
BW-BBG000FHK4Z6,EMAN,2000-01-01,2023-11-16,on_ds_daily_axis
BW-C0001599407,EFSH,2000-01-01,2025-04-03,on_ds_daily_axis
BW-MHY2187A1507,EGLE_OLD,2000-01-01,2024-04-08,on_ds_daily_axis
BW-US34631B1017,FORG,2000-01-01,2023-08-24,on_ds_daily_axis
BW-BBG017QC5KS8,FNA,2000-01-01,2025-04-17,on_ds_daily_axis
BW-US3118741012,FZT,2000-01-01,2023-10-05,on_ds_daily_axis
BW-C0001840161,FRXB,2000-01-01,2023-12-20,on_ds_daily_axis
BW-US36118N1028,FSNB,2000-01-01,2025-06-11,on_ds_daily_axis
BW-US31189Y1038,FATH,2000-01-01,2024-05-31,on_ds_daily_axis
BW-BBG00L43ZCD3,FBMS,2000-01-01,2025-03-31,on_ds_daily_axis
BW-BBG000DH4Q32,FL,2000-01-01,2025-09-05,on_ds_daily_axis
BW-BBG000KL4577,MFV,2000-01-01,2024-04-26,on_ds_daily_axis
BW-BBG000PTFNM7,MHI,2000-01-01,2025-08-25,on_ds_daily_axis
BW-US58985J1051,MLNK,2000-01-01,2025-10-24,on_ds_daily_axis
BW-BBG000D03ZT2,MMP,2000-01-01,2023-09-22,on_ds_daily_axis
BW-US7237601049,MIO,2000-01-01,2025-08-25,on_ds_daily_axis
BW-BBG00JR3Z860,MIXT,2000-01-01,2024-03-25,on_ds_daily_axis
BW-US60938K1060,ML,2000-01-01,2025-04-16,on_ds_daily_axis
BW-BBG00JRZR369,MDC,2000-01-01,2024-04-18,on_ds_daily_axis
BW-BBG00BDXHT06,LSI,2000-01-01,2023-07-19,on_ds_daily_axis
BW-BBG00P3C16F3,LTHM,2000-01-01,2024-01-03,on_ds_daily_axis
BW-US88105P1030,LLAP,2000-01-01,2024-10-29,on_ds_daily_axis
BW-US5380861097,LOCC,2000-01-01,2023-11-29,on_ds_daily_axis
BW-US5538001034,MBAC,2000-01-01,2023-12-20,on_ds_daily_axis
BW-US55407R1032,MBSC,2000-01-01,2023-09-20,on_ds_daily_axis
BW-BBG000BKNYR3,MAG,2000-01-01,2025-09-04,on_ds_daily_axis
BW-BBG000BWDGR7,MAV,2000-01-01,2025-08-25,on_ds_daily_axis
BW-BBG00ZR6B2W7,MAXR,2000-01-01,2023-05-08,on_ds_daily_axis
BW-US6295671084,NETC,2000-01-01,2024-01-05,on_ds_daily_axis
BW-MHY2294C1075,NETI,2000-01-01,2023-12-28,on_ds_daily_axis
BW-BBG009DVP7F8,NEWR,2000-01-01,2023-11-07,on_ds_daily_axis
BW-BBG00FVV6LJ0,NEX,2000-01-01,2023-09-06,on_ds_daily_axis
BW-BBG015Q06LV1,NAPA,2000-01-01,2024-12-24,on_ds_daily_axis
BW-BBG000NJ61D9,NBO,2000-01-01,2023-11-16,on_ds_daily_axis
BW-US64123C1018,NBW,2000-01-01,2023-11-16,on_ds_daily_axis
BW-KYG480281073,NFNT,2000-01-01,2023-11-16,on_ds_daily_axis
BW-MHY621971198,NM,2000-01-01,2023-12-13,on_ds_daily_axis
BW-BBG002WHG193,MRC,2000-01-01,2025-11-05,on_ds_daily_axis
BW-BBG004SWLVV4,MRO,2000-01-01,2024-11-22,on_ds_daily_axis
BW-BBG00DKQ7CG0,MODN,2000-01-01,2024-07-10,on_ds_daily_axis
BW-KYG6293R1065,MTVC,2000-01-01,2023-06-08,on_ds_daily_axis
BW-US46064R1068,IPVF,2000-01-01,2023-12-20,on_ds_daily_axis
BW-US4577901030,INST,2000-01-01,2024-11-12,on_ds_daily_axis
BW-BBG000FG4M59,IPG,2000-01-01,2025-11-26,on_ds_daily_axis
BW-BBG01LC655W3,INFA,2000-01-01,2025-11-19,on_ds_daily_axis
BW-US48203N1037,JUN,2000-01-01,2023-11-08,on_ds_daily_axis
BW-BBG00JPVX9G9,JWN,2000-01-01,2025-05-20,on_ds_daily_axis
BW-BBG000CBY0B1,K,2000-01-01,2025-12-11,on_ds_daily_axis
BW-BBG00KD93L29,KAMN,2000-01-01,2024-04-18,on_ds_daily_axis
BW-BBG000BWS318,JNPR,2000-01-01,2025-07-02,on_ds_daily_axis
BW-BBG009LMGJQ1,KL,2000-01-01,2022-02-08,on_ds_daily_axis
BW-BBG018R4TPT5,KLR,2000-01-01,2023-10-04,on_ds_daily_axis
BW-US4991031091,KNSW,2000-01-01,2023-12-14,on_ds_daily_axis
BW-KYG5251K1031,KCGI,2000-01-01,2024-08-30,on_ds_daily_axis
BW-BBG007H0PZB8,KDC,2000-01-01,2021-09-28,on_ds_daily_axis
BW-BMG0464B1072,ARGO,2000-01-01,2023-11-27,on_ds_daily_axis
BW-CH0562152865,GB,2000-01-01,2025-08-15,on_ds_daily_axis
BW-JE00BPSKDR41,CGBS,2000-01-01,2025-09-17,on_ds_daily_axis
BW-KYG014901386,AITR,2000-01-01,2025-07-23,on_ds_daily_axis
BW-KYG1676M1050,BUJA,2000-01-01,2025-05-08,on_ds_daily_axis
BW-KYG276171025,FAAS,2000-01-01,2025-09-19,on_ds_daily_axis
BW-KYG277401025,DIST,2000-01-01,2025-07-09,on_ds_daily_axis
BW-KYG330321061,AAC,2000-01-01,2023-11-06,on_ds_daily_axis
BW-KYG4491L1041,CEP,2000-01-01,2025-12-09,on_ds_daily_axis
BW-KYG4R1031239,GSRT,2000-01-01,2025-10-10,on_ds_daily_axis
BW-KYG7185D1060,PFTA,2000-01-01,2024-12-06,on_ds_daily_axis
BW-KYG8274F1019,SPCM,2000-01-01,2023-06-09,on_ds_daily_axis
BW-US0050291030,ACRO,2000-01-01,2024-01-05,on_ds_daily_axis
BW-US00775W1027,ARBG,2000-01-01,2023-08-11,on_ds_daily_axis
BW-US05368X1028,AVDX,2000-01-01,2025-10-14,on_ds_daily_axis
BW-BBG0105VS8D2,BVH,2000-01-01,2024-01-16,on_ds_daily_axis
BW-BBG018QT80T9,BRDG,2000-01-01,2025-08-29,on_ds_daily_axis
BW-BBG008KF3ZD1,KDNY,2000-01-01,2023-08-18,on_ds_daily_axis
BW-US1724641097,SIRE,2000-01-01,2023-05-26,on_ds_daily_axis
BW-C0002091024,CLBR,2000-01-01,2025-07-16,on_ds_daily_axis
BW-US22002T1088,OFC,2000-01-01,2023-11-16,on_ds_daily_axis
BW-US23345J1043,DICE,2000-01-01,2023-08-18,on_ds_daily_axis
BW-BBG00YTS63S9,DALN,2000-01-01,2025-09-24,on_ds_daily_axis
BW-BBG00Q3QMK93,PHXM,2000-01-01,2024-03-15,on_ds_daily_axis
BW-BBG01M2HSKK3,EXAI,2000-01-01,2024-11-20,on_ds_daily_axis
BW-BBG01KR6BS70,FREY,2000-01-01,2025-05-02,on_ds_daily_axis
BW-US39536G1058,GRNA,2000-01-01,2023-07-27,on_ds_daily_axis
BW-US4335371070,HRT,2000-01-01,2024-06-27,on_ds_daily_axis
BW-US44951Y1029,HYZN,2000-01-01,2025-04-10,on_ds_daily_axis
BW-BBG014HVH763,MTTR,2000-01-01,2025-02-28,on_ds_daily_axis
BW-US62403K1088,MCAF,2000-01-01,2024-04-01,on_ds_daily_axis
BW-US68829A1034,OSI,2000-01-01,2024-05-17,on_ds_daily_axis
BW-BBG00DSW3HS9,OSG_OLD,2000-01-01,2024-07-09,on_ds_daily_axis
BW-BBG00ZR23237,ROCC,2000-01-01,2023-06-21,on_ds_daily_axis
BW-US7305411099,PNT,2000-01-01,2024-01-25,on_ds_daily_axis
BW-US7374651047,PSPC,2000-01-01,2023-05-26,on_ds_daily_axis
BW-US74052F1084,PFC,2000-01-01,2025-02-28,on_ds_daily_axis
BW-BBG00801GN56,SCTL,2000-01-01,2024-04-23,on_ds_daily_axis
BW-US77936F1030,ROVR,2000-01-01,2024-03-22,on_ds_daily_axis
BW-US78516C2052,SCAC,2000-01-01,2019-03-29,on_ds_daily_axis
BW-US8086441081,SNCE,2000-01-01,2024-03-22,on_ds_daily_axis
BW-BBG018R4TN47,SHCR,2000-01-01,2024-10-21,on_ds_daily_axis
BW-US82664R1059,SGHL,2000-01-01,2023-06-05,on_ds_daily_axis
BW-US83548R1059,SONN,2000-01-01,2025-12-02,on_ds_daily_axis
BW-US85917T1097,STER,2000-01-01,2024-10-30,on_ds_daily_axis
BW-US86309R1077,SCAQ,2000-01-01,2023-07-21,on_ds_daily_axis
BW-US86934L1035,SDAC,2000-01-01,2023-07-28,on_ds_daily_axis
BW-BBG018R4TMP6,THRN,2000-01-01,2023-10-16,on_ds_daily_axis
BW-BBG00ZCN6YS7,GRAF_OLD,2000-01-01,2020-09-29,on_ds_daily_axis
BW-BBG000FFLD70,PARA,2000-01-01,2025-08-06,on_ds_daily_axis
BW-US92942W1071,KLG,2000-01-01,2025-09-25,on_ds_daily_axis
BW-US93042P1093,PET,2000-01-01,2025-09-26,on_ds_daily_axis
BW-VGG3970D1042,GBRG,2000-01-01,2023-05-17,on_ds_daily_axis
BW-VGG4095T1075,GLACF,2000-01-01,2025-10-02,on_ds_daily_axis
BW-US56608A1051,GATE,2026-05-07,2026-04-06,on_ds_daily_axis
BW-KYG3937F1274,GLACU,2026-05-07,2026-04-06,on_ds_daily_axis
BW-US58446J1088,MBAY,2026-05-12,2026-04-09,on_ds_daily_axis
BW-BLS,BLS,2026-06-20,2006-12-29,on_ds_daily_axis
BW-CBSS,CBSS,2026-06-20,2007-09-06,on_ds_daily_axis
BW-AW,AW,2026-06-20,2008-12-05,on_ds_daily_axis
BW-C0001085707,NXTP_OLD,2026-06-20,2006-06-26,on_ds_daily_axis
BW-ACAPX,ACAPX,2026-06-20,2009-12-31,on_ds_daily_axis
BW-VTAIQ,VTAIQ,2026-06-20,2006-11-29,on_ds_daily_axis
BW-CCOW,CCOW,2026-06-20,2009-12-11,on_ds_daily_axis
BW-OWENQ,OWENQ,2026-06-20,2006-10-31,on_ds_daily_axis
BW-JRCOQ,JRCOQ,2026-06-20,2009-08-28,on_ds_daily_axis
BW-ARTEQ,ARTEQ,2026-06-20,2008-12-24,on_ds_daily_axis
BW-LEVP,LEVP,2026-06-20,2008-10-21,on_ds_daily_axis
BW-SRDP,SRDP,2026-06-20,2009-12-30,on_ds_daily_axis
BW-DEEL,DEEL,2026-06-20,2009-12-31,on_ds_daily_axis
BW-CCFH,CCFH,2026-06-20,2009-12-31,on_ds_daily_axis
BW-MCELQ,MCELQ,2026-06-20,2009-12-31,on_ds_daily_axis
BW-HOTF,HOTF,2026-06-20,2009-12-31,on_ds_daily_axis
BW-OHBIQ,OHBIQ,2026-06-20,2009-12-31,on_ds_daily_axis
BW-LTEC,LTEC,2026-06-20,2009-12-31,on_ds_daily_axis
BW-WOWID,WOWID,2026-06-20,2009-12-31,on_ds_daily_axis
BW-WTECQ,WTECQ,2026-06-20,2009-12-31,on_ds_daily_axis
BW-SYNI,SYNI,2026-06-20,2009-12-31,on_ds_daily_axis
BW-TIDE,TIDE,2026-06-20,2009-12-31,on_ds_daily_axis
BW-SYBRQ,SYBRQ,2026-06-20,2009-12-31,on_ds_daily_axis
BW-EEI,EEI,2026-06-20,2019-12-30,on_ds_daily_axis
BW-NAUT_OLD,NAUT_OLD,2026-06-21,2003-08-27,on_ds_daily_axis
BW-BRKC_OLD,BRKC_OLD,2026-07-02,2001-11-01,on_ds_daily_axis
BW-FOTO_OLD,FOTO_OLD,2026-07-02,2001-08-21,on_ds_daily_axis
BW-HYMCL,HYMCL,2026-07-02,2025-10-03,on_ds_daily_axis
BW-C0000064782,MEL_OLD,2026-07-02,2007-06-29,on_ds_daily_axis
BW-NOVS_OLD,NOVS_OLD,2026-07-02,2020-10-08,on_ds_daily_axis
BW-NSI_OLD,NSI_OLD,2026-07-02,2003-06-12,on_ds_daily_axis
BW-RNA_OLD,RNA_OLD,2026-07-02,2003-08-22,on_ds_daily_axis
BW-USTB_OLD,USTB_OLD,2026-07-02,2000-01-11,on_ds_daily_axis
BW-C0000352947,EC_OLD,2026-07-02,2006-06-09,on_ds_daily_axis
BW-C0000833320,BR_OLD,2026-07-02,2006-03-31,on_ds_daily_axis
BW-BOBS_OLD,BOBS_OLD,2026-07-02,2002-03-08,on_ds_daily_axis
BW-C0000920052,RCI_OLD,2026-07-02,2006-03-30,on_ds_daily_axis
BW-C0000811669,UST_OLD,2026-07-02,2009-01-05,on_ds_daily_axis
BW-C0001097313,GRP_OLD,2026-07-02,2008-04-21,on_ds_daily_axis
BW-C0000879933,IPS_OLD,2026-07-02,2007-07-18,on_ds_daily_axis
BW-BBG01HQZ07S9,ACLX,2026-07-02,2026-05-15,on_ds_daily_axis
BW-US05155L1061,AGH,2026-07-02,2026-05-15,on_ds_daily_axis
BW-BBG000GHDQT1,AMWD,2026-07-02,2026-05-27,on_ds_daily_axis
BW-US03828A1016,APLT,2026-07-02,2026-02-04,on_ds_daily_axis
BW-IE00BDGMC594,AVDL,2026-07-02,2026-02-11,on_ds_daily_axis
BW-BBG01FFXJNJ5,BITF,2026-07-02,2026-04-06,on_ds_daily_axis
BW-US09549B1044,BLFY,2026-07-02,2026-04-01,on_ds_daily_axis
BW-BBG00D1WLCQ1,BOED,2026-07-02,2026-04-10,on_ds_daily_axis
BW-KYG1828A1085,CAEP,2026-07-02,2026-05-15,on_ds_daily_axis
BW-BBG006NMBCL0,CASI,2026-07-02,2026-02-26,on_ds_daily_axis
BW-BBG011MDDSX1,CFLT,2026-07-02,2026-03-17,on_ds_daily_axis
BW-KYG249791099,CHAC,2026-07-02,2026-03-26,on_ds_daily_axis
BW-US19207C1045,COEP,2026-07-02,2026-04-24,on_ds_daily_axis
BW-US19207A2078,COEPW,2026-07-02,2026-04-24,on_ds_daily_axis
BW-ARCRES100309,CRESW,2026-07-02,2026-03-18,on_ds_daily_axis
BW-IE000OD0CSK4,CREV,2026-07-02,2026-04-14,on_ds_daily_axis
BW-IE000O395751,CREVW,2026-07-02,2026-02-10,on_ds_daily_axis
BW-US1263491094,CSGS,2026-07-02,2026-05-15,on_ds_daily_axis
BW-BBG000QFKH98,CTLP,2026-07-02,2026-05-07,on_ds_daily_axis
BW-IL0011334468,CYBR,2026-07-02,2026-02-10,on_ds_daily_axis
BW-BBG021FSBCF2,DAWN,2026-07-02,2026-04-24,on_ds_daily_axis
BW-BBG000MWWHW6,DHIL,2026-07-02,2026-04-21,on_ds_daily_axis
BW-KYG2677P1054,DTCK,2026-07-02,2026-05-26,on_ds_daily_axis
BW-US26431Q1067,DUET,2026-07-02,2026-02-11,on_ds_daily_axis
BW-US2681582019,DVAX,2026-07-02,2026-02-09,on_ds_daily_axis
BW-US2826444000,EKSO,2026-07-02,2026-05-15,on_ds_daily_axis
BW-US83193E1029,EM,2026-07-02,2026-04-28,on_ds_daily_axis
BW-US29882P1066,EWCZ,2026-07-02,2026-05-15,on_ds_daily_axis
BW-BBG000CNDF89,EXAS,2026-07-02,2026-04-14,on_ds_daily_axis
BW-US30212W1009,EXPI,2026-07-02,2026-05-07,on_ds_daily_axis
BW-BBG000GP1J49,FARM,2026-07-02,2026-05-04,on_ds_daily_axis
BW-US30258N1054,FAT,2026-07-02,2026-02-03,on_ds_daily_axis
BW-BBG000F0TV39,FOLD,2026-07-02,2026-04-27,on_ds_daily_axis
BW-US33621E1091,FSFG,2026-07-02,2026-01-30,on_ds_daily_axis
BW-KYG351501047,FTEL,2026-07-02,2026-05-13,on_ds_daily_axis
BW-BBG01KCC7W51,GBIO,2026-07-02,2026-02-10,on_ds_daily_axis
BW-US3810131017,GDEN,2026-07-02,2026-05-01,on_ds_daily_axis
BW-BBG000GPK986,HOLX,2026-07-02,2026-04-07,on_ds_daily_axis
BW-BBG000HC1WF6,HTBK,2026-07-02,2026-04-21,on_ds_daily_axis
BW-US44951J1051,IROQ,2026-07-02,2026-03-12,on_ds_daily_axis
BW-US47074L1052,JAMF,2026-07-02,2026-01-29,on_ds_daily_axis
BW-IL0011808354,JFBR,2026-07-02,2026-03-30,on_ds_daily_axis
BW-CA83336J2083,LITM,2026-07-02,2026-05-15,on_ds_daily_axis
BW-US53578P1057,LNKB,2026-07-02,2026-05-15,on_ds_daily_axis
BW-US5963042040,MBCN,2026-07-02,2026-02-27,on_ds_daily_axis
BW-US5985111039,MOFG,2026-07-02,2026-02-13,on_ds_daily_axis
BW-US60901R1095,MONDQ,2026-07-02,2026-05-19,on_ds_daily_axis
BW-US6103351010,MRCC,2026-07-02,2026-04-14,on_ds_daily_axis
BW-US67052F2011,NUGND,2026-07-02,2026-03-30,on_ds_daily_axis
BW-US67053Q1076,NUKK,2026-07-02,2026-04-10,on_ds_daily_axis
BW-KY67190B2033,OAKUR,2026-07-02,2026-04-08,on_ds_daily_axis
BW-BBG01RXSRHK2,OS,2026-07-02,2026-04-21,on_ds_daily_axis
BW-US7376301039,PCH,2026-07-02,2026-02-04,on_ds_daily_axis
BW-KYG6993G1038,PELI,2026-07-02,2026-03-25,on_ds_daily_axis
BW-BBG000FRT494,QIPT,2026-07-02,2026-03-23,on_ds_daily_axis
BW-US75382E1091,RAPT,2026-07-02,2026-03-06,on_ds_daily_axis
BW-US7602731025,RPTX,2026-07-02,2026-01-28,on_ds_daily_axis
BW-BBG00GQD0346,SLNO,2026-07-02,2026-05-18,on_ds_daily_axis
BW-US87157B4005,SNCR,2026-07-02,2026-02-19,on_ds_daily_axis
BW-US8666831057,SNCY,2026-07-02,2026-05-15,on_ds_daily_axis
BW-CA8676EP1086,STKL,2026-07-02,2026-05-15,on_ds_daily_axis
BW-US78501P2039,SWKH,2026-07-02,2026-04-15,on_ds_daily_axis
BW-BBG00ZSLM2F0,TERN,2026-07-02,2026-05-14,on_ds_daily_axis
BW-US9114601035,UBFO,2026-07-02,2026-04-01,on_ds_daily_axis
BW-US9169312074,ULY,2026-07-02,2026-03-25,on_ds_daily_axis
BW-KYG93Y091070,VCIC,2026-07-02,2026-03-31,on_ds_daily_axis
BW-US92332W1053,VERO,2026-07-02,2026-04-06,on_ds_daily_axis
BW-US92858B3033,VNUED,2026-07-02,2026-04-08,on_ds_daily_axis
BW-KYG9440A1094,VSTA,2026-07-02,2026-01-28,on_ds_daily_axis
BW-BBG01HQ15FP4,VTYX,2026-07-02,2026-03-06,on_ds_daily_axis
BW-GB00BD3VDH82,VVPR,2026-07-02,2026-05-15,on_ds_daily_axis
BW-KYG9675P1028,WLAC,2026-07-02,2026-05-18,on_ds_daily_axis
BW-KYG720071342,XTKG,2026-07-02,2026-04-15,on_ds_daily_axis
BW-US68162K1060,ZEUS,2026-07-02,2026-02-12,on_ds_daily_axis
BW-US2003401070,CMA,2026-07-02,2026-01-30,on_ds_daily_axis
BW-US17888H1032,CIVI,2026-07-02,2026-01-30,on_ds_daily_axis
BW-US1785871013,CIO,2026-07-02,2026-05-29,on_ds_daily_axis
BW-BBG00M14CGR3,EB,2026-07-02,2026-03-09,on_ds_daily_axis
BW-BBG018X005Z4,EHAB,2026-07-02,2026-05-14,on_ds_daily_axis
BW-BBG00KG0JJ96,DAY,2026-07-02,2026-02-04,on_ds_daily_axis
BW-BBG0016YVLP8,CUK,2026-07-02,2026-05-07,on_ds_daily_axis
BW-VGG048191016,APAD,2026-07-02,2026-05-15,on_ds_daily_axis
BW-US0144911049,ALEX,2026-07-02,2026-03-12,on_ds_daily_axis
BW-US00912X3026,AL,2026-07-02,2026-04-08,on_ds_daily_axis
BW-BMG053845019,AHL,2026-07-02,2026-05-20,on_ds_daily_axis
BW-US0924791041,BYM,2026-07-02,2026-02-09,on_ds_daily_axis
BW-BBG000BXYPZ3,BTA,2026-07-02,2026-02-23,on_ds_daily_axis
BW-BMG162341090,BBU,2026-07-02,2026-06-01,on_ds_daily_axis
BW-US0640581007,BK,2026-07-02,2026-06-01,on_ds_daily_axis
BW-US09249N1019,BLE,2026-07-02,2026-02-09,on_ds_daily_axis
BW-BBG000C02994,BKN,2026-07-02,2026-02-25,on_ds_daily_axis
BW-US09248F1093,BFK,2026-07-02,2026-02-09,on_ds_daily_axis
BW-BBG000FP5ZQ6,BFZ,2026-07-02,2026-02-09,on_ds_daily_axis
BW-BBG00FWN5Q07,REVG,2026-07-02,2026-01-30,on_ds_daily_axis
BW-US82670R3057,SGN,2026-07-02,2026-03-16,on_ds_daily_axis
BW-BBG000C27FY3,SEE,2026-07-02,2026-04-09,on_ds_daily_axis
BW-BBG01MGH3ZM0,SEMR,2026-07-02,2026-04-27,on_ds_daily_axis
BW-US68339B1044,ONTF,2026-07-02,2026-03-31,on_ds_daily_axis
BW-US39818P7996,PKST,2026-07-02,2026-05-05,on_ds_daily_axis
BW-US7296401026,PLYM,2026-07-02,2026-01-27,on_ds_daily_axis
BW-US96758W1018,WOW,2026-07-02,2026-04-23,on_ds_daily_axis
BW-US89469A1043,THS,2026-07-02,2026-02-13,on_ds_daily_axis
BW-US87901J1051,TGNA,2026-07-02,2026-03-20,on_ds_daily_axis
BW-BBG0043GDXZ7,TPH,2026-07-02,2026-05-13,on_ds_daily_axis
BW-BBG005JS8VQ1,HI,2026-07-02,2026-02-10,on_ds_daily_axis
BW-US42087R1086,HYAC,2026-07-02,2026-04-08,on_ds_daily_axis
BW-US32026V1044,FFWM,2026-07-02,2026-03-31,on_ds_daily_axis
BW-BBG000BVGZW8,FCO,2026-07-02,2026-05-19,on_ds_daily_axis
BW-US34629L2025,FRGE,2026-07-02,2026-03-03,on_ds_daily_axis
BW-US5684271084,MPX,2026-07-02,2026-05-14,on_ds_daily_axis
BW-US6151111019,MEG,2026-07-02,2026-05-01,on_ds_daily_axis
BW-BBG01XXH1CK2,NGD,2026-07-02,2026-03-23,on_ds_daily_axis
BW-KYG1169T1040,BACQ,2026-07-02,2026-04-06,on_ds_daily_axis
BW-US2332761046,DMYY,2026-07-02,2026-03-19,on_ds_daily_axis
BW-US27877D1046,ECDA,2026-07-02,2026-03-17,on_ds_daily_axis
BW-US2964241044,ESHA,2026-07-02,2026-05-18,on_ds_daily_axis
BW-US49876K1034,KLTO,2026-07-02,2026-03-12,on_ds_daily_axis
BW-US89278D1090,TBMC,2026-07-02,2026-03-26,on_ds_daily_axis
BW-US91060H1086,UHG,2026-07-02,2026-05-15,on_ds_daily_axis
BW-FOCL_OLD,FOCL_OLD,2026-07-03,2001-06-29,on_ds_daily_axis
BW-PERM_OLD,PERM_OLD,2026-07-03,2000-07-27,on_ds_daily_axis
BW-US5544891048,VRE,2026-07-04,2026-06-03,on_ds_daily_axis
BW-C0000078066,PD_OLD,2026-07-06,2007-03-19,on_ds_daily_axis
BW-C0000906347,VMED_OLD,2026-07-06,2013-06-07,on_ds_daily_axis
BW-C0000855876,SKYF_OLD,2026-07-06,2007-06-29,on_ds_daily_axis
BW-C0000906469,WNG_OLD,2026-07-06,2007-11-15,on_ds_daily_axis
BW-C0000025191,CFC_OLD,2026-07-06,2008-06-30,on_ds_daily_axis
BW-C0000711039,MXO_OLD,2026-07-06,2006-05-19,on_ds_daily_axis
BW-C0000852807,AZR_OLD,2026-07-06,2007-01-03,on_ds_daily_axis
BW-C0000853665,APPB_OLD,2026-07-06,2007-11-29,on_ds_daily_axis
BW-C0000706015,FILE_OLD,2026-07-06,2006-10-12,on_ds_daily_axis
BW-C0001100885,DTAS_OLD,2026-07-06,2007-01-31,on_ds_daily_axis
BW-C0001027443,MVSN_OLD,2026-07-06,2008-12-31,on_ds_daily_axis
BW-C0000935063,DSL_OLD,2026-07-06,2008-11-24,on_ds_daily_axis
BW-BBG001P60N41,THR,2026-07-06,2026-06-05,on_ds_daily_axis
BW-US4219331026,HMA_OLD,2026-07-07,2014-01-24,on_ds_daily_axis
BW-US3444374058,FONR,2026-07-08,2026-06-03,on_ds_daily_axis
BW-US21985R3030,LUXHQ,2026-07-08,2026-05-26,on_ds_daily_axis
BW-PSFT_OLD,PSFT_OLD,2026-07-08,2005-01-07,on_ds_daily_axis
BW-NN_OLD,NN_OLD,2026-07-08,2000-05-24,on_ds_daily_axis
BW-SPK_OLD,SPK_OLD,2026-07-08,2001-07-02,on_ds_daily_axis
BW-SCRI,SCRI,2026-07-08,2004-01-21,on_ds_daily_axis
BW-SKE_OLD,SKE_OLD,2026-07-08,2005-12-13,on_ds_daily_axis
BW-INGP_OLD,INGP_OLD,2026-07-08,2005-12-08,on_ds_daily_axis
BW-GCOR_OLD,GCOR_OLD,2026-07-08,2005-04-21,on_ds_daily_axis
BW-GPSI,GPSI,2026-07-08,2009-12-31,on_ds_daily_axis
BW-THER,THER,2026-07-08,2004-04-05,on_ds_daily_axis
BW-SCTC,SCTC,2026-07-08,2004-02-12,on_ds_daily_axis
BW-PDQ,PDQ,2026-07-08,2009-12-31,on_ds_daily_axis
BW-EFS,EFS,2026-07-08,2001-02-28,on_ds_daily_axis
BW-AREA_OLD,AREA_OLD,2026-07-08,2002-03-20,on_ds_daily_axis
BW-ICPT,ICPT,2026-07-08,2023-11-20,on_ds_daily_axis
BW-PCTL,PCTL,2026-07-08,2001-10-18,on_ds_daily_axis
BW-PIK_OLD,PIK_OLD,2026-07-08,2006-04-12,on_ds_daily_axis
BW-WARR_OLD,WARR_OLD,2026-07-08,2006-12-12,on_ds_daily_axis
BW-STFR,STFR,2026-07-08,2003-12-01,on_ds_daily_axis
BW-CBMI,CBMI,2026-07-08,2009-11-09,on_ds_daily_axis
BW-TEC_OLD,TEC_OLD,2026-07-08,2000-04-11,on_ds_daily_axis
BW-TTEN,TTEN,2026-07-08,2003-06-04,on_ds_daily_axis
BW-PRFS,PRFS,2026-07-08,2009-05-18,on_ds_daily_axis
BW-FRW_OLD,FRW_OLD,2026-07-08,2001-02-28,on_ds_daily_axis
BW-RELY_OLD,RELY_OLD,2026-07-08,2000-02-18,on_ds_daily_axis
BW-INKT_OLD,INKT_OLD,2026-07-08,2003-03-19,on_ds_daily_axis
BW-HCOW_OLD,HCOW_OLD,2026-07-08,2004-01-02,on_ds_daily_axis
BW-MLTX_OLD,MLTX_OLD,2026-07-08,2003-03-26,on_ds_daily_axis
BW-WEBT,WEBT,2026-07-08,2001-03-30,on_ds_daily_axis
BW-MIGI_OLD,MIGI_OLD,2026-07-08,2001-05-31,on_ds_daily_axis
BW-AFSC_OLD,AFSC_OLD,2026-07-08,2000-06-06,on_ds_daily_axis
BW-SMD,SMD,2026-07-08,2000-12-13,on_ds_daily_axis
BW-MCAF_OLD,MCAF_OLD,2026-07-08,2002-09-13,on_ds_daily_axis
BW-BNTT,BNTT,2026-07-08,2000-09-29,on_ds_daily_axis
BW-AUGT_OLD,AUGT_OLD,2026-07-08,2006-02-15,on_ds_daily_axis
BW-PBOC,PBOC,2026-07-08,2001-04-30,on_ds_daily_axis
BW-CSPLF,CSPLF,2026-07-08,2006-10-25,on_ds_daily_axis
BW-IDYN_OLD,IDYN_OLD,2026-07-08,2000-12-07,on_ds_daily_axis
BW-DIGI,DIGI,2026-07-08,2009-12-31,on_ds_daily_axis
BW-CMPX_OLD,CMPX_OLD,2026-07-08,2006-02-24,on_ds_daily_axis
BW-SLAM_OLD,SLAM_OLD,2026-07-08,2002-05-01,on_ds_daily_axis
BW-DVXE_OLD,DVXE_OLD,2026-07-08,2001-12-17,on_ds_daily_axis
BW-MBBC_OLD,MBBC_OLD,2026-07-08,2003-06-27,on_ds_daily_axis
BW-ACLO_OLD,ACLO_OLD,2026-07-08,2002-04-12,on_ds_daily_axis
BW-CFCI_OLD,CFCI_OLD,2026-07-08,2006-09-06,on_ds_daily_axis
BW-CLAS_OLD,CLAS_OLD,2026-07-08,2005-05-20,on_ds_daily_axis
BW-DCRN_OLD,DCRN_OLD,2026-07-08,2003-08-21,on_ds_daily_axis
BW-ROSS_OLD,ROSS_OLD,2026-07-08,2004-08-26,on_ds_daily_axis
BW-IPK,IPK,2026-07-08,2009-12-31,on_ds_daily_axis
BW-PRLX,PRLX,2026-07-08,2005-11-10,on_ds_daily_axis
BW-CRSB,CRSB,2026-07-08,2009-12-31,on_ds_daily_axis
BW-SUNL_OLD,SUNL_OLD,2026-07-08,2000-06-28,on_ds_daily_axis
BW-SERA_OLD,SERA_OLD,2026-07-08,2001-03-06,on_ds_daily_axis
BW-HFBA,HFBA,2026-07-08,2009-12-29,on_ds_daily_axis
BW-SGHL_OLD,SGHL_OLD,2026-07-08,2006-12-01,on_ds_daily_axis
BW-TGNT,TGNT,2026-07-08,2001-05-10,on_ds_daily_axis
BW-LTRY_OLD,LTRY_OLD,2026-07-08,2001-07-16,on_ds_daily_axis
BW-SMCC_OLD,SMCC_OLD,2026-07-08,2001-08-06,on_ds_daily_axis
BW-PGEI,PGEI,2026-07-08,2000-12-29,on_ds_daily_axis
BW-GRI_OLD,GRI_OLD,2026-07-08,2009-12-31,on_ds_daily_axis
BW-ONSS,ONSS,2026-07-08,2004-02-24,on_ds_daily_axis
BW-NPLS,NPLS,2026-07-08,2002-02-04,on_ds_daily_axis
BW-ARRW,ARRW,2026-07-08,2024-04-16,on_ds_daily_axis
BW-MVAC,MVAC,2026-07-08,2009-12-30,on_ds_daily_axis
BW-OPT_OLD,OPT_OLD,2026-07-08,2006-03-06,on_ds_daily_axis
BW-FTSP,FTSP,2026-07-08,2001-10-15,on_ds_daily_axis
BW-NNCI,NNCI,2026-07-08,2003-08-22,on_ds_daily_axis
BW-GNCNF,GNCNF,2026-07-08,2000-06-30,on_ds_daily_axis
BW-ARMF,ARMF,2026-07-08,2005-08-12,on_ds_daily_axis
BW-NASC,NASC,2026-07-08,2001-07-26,on_ds_daily_axis
BW-TWNE,TWNE,2026-07-08,2009-12-30,on_ds_daily_axis
BW-UNMG,UNMG,2026-07-08,2001-03-14,on_ds_daily_axis
BW-SMCX_OLD,SMCX_OLD,2026-07-08,2002-04-04,on_ds_daily_axis
BW-ISPD,ISPD,2026-07-08,2009-12-31,on_ds_daily_axis
BW-GML,GML,2026-07-08,2009-12-31,on_ds_daily_axis
BW-AHI_OLD,AHI_OLD,2026-07-08,2005-07-29,on_ds_daily_axis
BW-ZIPL,ZIPL,2026-07-08,2009-12-31,on_ds_daily_axis
BW-ARINA,ARINA,2026-07-08,2009-11-06,on_ds_daily_axis
BW-AND,AND,2026-07-08,2008-01-18,on_ds_daily_axis
BW-SLVR_OLD,SLVR_OLD,2026-07-08,2001-05-15,on_ds_daily_axis
BW-PERL,PERL,2026-07-08,2009-12-31,on_ds_daily_axis
BW-INTO,INTO,2026-07-08,2009-12-29,on_ds_daily_axis
BW-DIGM,DIGM,2026-07-08,2002-10-25,on_ds_daily_axis
BW-DECO_OLD,DECO_OLD,2026-07-08,2000-08-25,on_ds_daily_axis
BW-ACRU,ACRU,2026-07-08,2002-09-26,on_ds_daily_axis
BW-INTW,INTW,2026-07-08,2001-05-03,on_ds_daily_axis
BW-CYBA,CYBA,2026-07-08,2009-12-31,on_ds_daily_axis
BW-FFGI,FFGI,2026-07-08,2001-05-01,on_ds_daily_axis
BW-ADTC,ADTC,2026-07-08,2009-09-10,on_ds_daily_axis
BW-PSCX_OLD,PSCX_OLD,2026-07-08,2002-08-20,on_ds_daily_axis
BW-HARY,HARY,2026-07-08,2001-02-12,on_ds_daily_axis
BW-CLBR_OLD,CLBR_OLD,2026-07-08,2001-06-15,on_ds_daily_axis
BW-VFND,VFND,2026-07-08,2001-08-15,on_ds_daily_axis
BW-BIGT_OLD,BIGT_OLD,2026-07-08,2002-05-23,on_ds_daily_axis
BW-SPRS,SPRS,2026-07-08,2009-12-31,on_ds_daily_axis
BW-COMX,COMX,2026-07-08,2002-05-30,on_ds_daily_axis
BW-KARE,KARE,2026-07-08,2009-12-30,on_ds_daily_axis
BW-FLWR,FLWR,2026-07-08,2000-10-27,on_ds_daily_axis
BW-DICE_OLD,DICE_OLD,2026-07-08,2003-02-06,on_ds_daily_axis
BW-BOTX,BOTX,2026-07-08,2009-12-30,on_ds_daily_axis
BW-CGUL,CGUL,2026-07-08,2002-05-28,on_ds_daily_axis
BW-IH_OLD,IH_OLD,2026-07-08,2002-02-05,on_ds_daily_axis
BW-COC_OLD2,COC_OLD2,2026-07-08,2001-10-05,on_ds_daily_axis
BW-CFGI_OLD2,CFGI_OLD2,2026-07-08,2003-11-28,on_ds_daily_axis
BW-EYES_OLD,EYES_OLD,2026-07-08,2000-06-14,on_ds_daily_axis
BW-OWN_OLD,OWN_OLD,2026-07-08,2000-05-30,on_ds_daily_axis
BW-C0001068726,PCOR_OLD,1999-02-26,2004-01-16,on_ds_daily_axis
BW-C0000721675,DMC_OLD,1983-07-22,2001-09-21,on_ds_daily_axis
BW-RST,RST,2026-07-08,2020-10-16,on_ds_daily_axis
BW-MR,MR,2026-07-08,2020-11-12,on_ds_daily_axis
BW-TWX_OLD,TWX_OLD,2026-07-08,2001-01-11,on_ds_daily_axis
BW-FBF_OLD,FBF_OLD,2026-07-08,2004-03-31,on_ds_daily_axis
BW-UMG_OLD,UMG_OLD,2026-07-08,2000-06-14,on_ds_daily_axis
BW-TX_OLD,TX_OLD,2026-07-08,2001-10-09,on_ds_daily_axis
BW-JPM_OLD,JPM_OLD,2026-07-08,2000-12-29,on_ds_daily_axis
BW-AFS_OLD,AFS_OLD,2026-07-08,2000-12-01,on_ds_daily_axis
BW-VSTR_OLD,VSTR_OLD,2026-07-08,2001-05-30,on_ds_daily_axis
BW-VO_OLD,VO_OLD,2026-07-08,2000-12-08,on_ds_daily_axis
BW-AGC_OLD,AGC_OLD,2026-07-08,2001-08-28,on_ds_daily_axis
BW-FSR_OLD,FSR_OLD,2026-07-08,2001-02-26,on_ds_daily_axis
BW-WLP_OLD,WLP_OLD,2026-07-08,2004-11-30,on_ds_daily_axis
BW-ETEK_OLD,ETEK_OLD,2026-07-08,2000-06-30,on_ds_daily_axis
BW-GMH_OLD,GMH_OLD,2026-07-08,2003-12-22,on_ds_daily_axis
BW-N_OLD,N_OLD,2026-07-08,2006-11-16,on_ds_daily_axis
BW-COC_OLD,COC_OLD,2026-07-08,2002-08-30,on_ds_daily_axis
BW-WB_OLD,WB_OLD,2026-07-08,2001-08-31,on_ds_daily_axis
BW-GP_OLD,GP_OLD,2026-07-08,2005-12-22,on_ds_daily_axis
BW-INF_OLD,INF_OLD,2026-07-08,2001-02-21,on_ds_daily_axis
BW-AZA_OLD,AZA_OLD,2026-07-08,2001-06-22,on_ds_daily_axis
BW-SDS_OLD,SDS_OLD,2026-07-08,2005-08-11,on_ds_daily_axis
BW-CIT_OLD,CIT_OLD,2026-07-08,2001-06-01,on_ds_daily_axis
BW-VRTS_OLD,VRTS_OLD,2026-07-08,2005-07-01,on_ds_daily_axis
BW-CF_OLD,CF_OLD,2026-07-08,2004-08-31,on_ds_daily_axis
BW-AET_OLD,AET_OLD,2026-07-08,2000-12-13,on_ds_daily_axis
BW-TCM_OLD,TCM_OLD,2026-07-08,2001-12-17,on_ds_daily_axis
BW-SUB_OLD,SUB_OLD,2026-07-08,2001-02-28,on_ds_daily_axis
BW-UK_OLD,UK_OLD,2026-07-08,2001-02-06,on_ds_daily_axis
BW-TLWT_OLD,TLWT_OLD,2026-07-08,2006-03-03,on_ds_daily_axis
BW-RSE_OLD,RSE_OLD,2026-07-08,2004-11-12,on_ds_daily_axis
BW-TRW_OLD,TRW_OLD,2026-07-08,2002-12-11,on_ds_daily_axis
BW-WLL_OLD,WLL_OLD,2026-07-08,2002-03-14,on_ds_daily_axis
BW-CG_OLD,CG_OLD,2026-07-08,2000-11-01,on_ds_daily_axis
BW-GSB_OLD,GSB_OLD,2026-07-08,2002-11-06,on_ds_daily_axis
BW-MBG_OLD,MBG_OLD,2026-07-08,2005-04-25,on_ds_daily_axis
BW-SCI_OLD,SCI_OLD,2026-07-08,2001-12-06,on_ds_daily_axis
BW-FLC_OLD,FLC_OLD,2026-07-08,2001-01-31,on_ds_daily_axis
BW-TRZ_OLD,TRZ_OLD,2026-07-08,2006-10-05,on_ds_daily_axis
BW-CSR_OLD,CSR_OLD,2026-07-08,2000-06-15,on_ds_daily_axis
BW-RLM_OLD,RLM_OLD,2026-07-08,2000-05-03,on_ds_daily_axis
BW-TMC_OLD,TMC_OLD,2026-07-08,2000-06-12,on_ds_daily_axis
BW-STK_OLD,STK_OLD,2026-07-08,2005-08-31,on_ds_daily_axis
BW-SSI_OLD,SSI_OLD,2026-07-08,2005-08-05,on_ds_daily_axis
BW-UDI_OLD,UDI_OLD,2026-07-08,2005-06-24,on_ds_daily_axis
BW-MACR_OLD,MACR_OLD,2026-07-08,2005-12-02,on_ds_daily_axis
BW-LIT_OLD,LIT_OLD,2026-07-08,2001-05-30,on_ds_daily_axis
BW-ISG_OLD,ISG_OLD,2026-07-08,2005-04-15,on_ds_daily_axis
BW-TGH_OLD,TGH_OLD,2026-07-08,2002-07-31,on_ds_daily_axis
BW-UDS_OLD,UDS_OLD,2026-07-08,2001-12-31,on_ds_daily_axis
BW-CDP_OLD,CDP_OLD,2026-07-08,2000-08-31,on_ds_daily_axis
BW-EXPE_OLD,EXPE_OLD,2026-07-08,2003-08-08,on_ds_daily_axis
BW-SE_OLD,SE_OLD,2026-07-08,2000-03-24,on_ds_daily_axis
BW-MEA_OLD,MEA_OLD,2026-07-08,2002-01-29,on_ds_daily_axis
BW-H_OLD,H_OLD,2026-07-08,2001-07-12,on_ds_daily_axis
BW-HRD_OLD,HRD_OLD,2026-07-08,2000-07-28,on_ds_daily_axis
BW-BBC_OLD,BBC_OLD,2026-07-08,2001-08-29,on_ds_daily_axis
BW-NEU_OLD,NEU_OLD,2026-07-08,2003-10-31,on_ds_daily_axis
BW-CPG_OLD,CPG_OLD,2026-07-08,2004-10-14,on_ds_daily_axis
BW-SFX_OLD,SFX_OLD,2026-07-08,2000-08-01,on_ds_daily_axis
BW-RTN_OLD,RTN_OLD,2026-07-08,2001-05-14,on_ds_daily_axis
BW-NMK_OLD,NMK_OLD,2026-07-08,2002-01-31,on_ds_daily_axis
BW-SSW_OLD,SSW_OLD,2026-07-08,2000-04-07,on_ds_daily_axis
BW-DL_OLD,DL_OLD,2026-07-08,2004-03-29,on_ds_daily_axis
BW-ORN_OLD,ORN_OLD,2026-07-08,2002-02-19,on_ds_daily_axis
BW-TGP_OLD,TGP_OLD,2026-07-08,2001-10-05,on_ds_daily_axis
BW-ETEC_OLD,ETEC_OLD,2026-07-08,2000-03-29,on_ds_daily_axis
BW-UFS_OLD,UFS_OLD,2026-07-08,2000-04-12,on_ds_daily_axis
BW-SDW_OLD,SDW_OLD,2026-07-08,2000-11-16,on_ds_daily_axis
BW-TAP_OLD,TAP_OLD,2026-07-08,2000-04-20,on_ds_daily_axis
BW-HF_OLD,HF_OLD,2026-07-08,2001-10-24,on_ds_daily_axis
BW-PAIR_OLD,PAIR_OLD,2026-07-08,2000-06-27,on_ds_daily_axis
BW-THI_OLD,THI_OLD,2026-07-08,2000-06-30,on_ds_daily_axis
BW-SFS_OLD,SFS_OLD,2026-07-08,2000-08-29,on_ds_daily_axis
BW-HSP_OLD,HSP_OLD,2026-07-08,2003-09-22,on_ds_daily_axis
BW-SPLT_OLD,SPLT_OLD,2026-07-08,2000-03-30,on_ds_daily_axis
BW-LQI_OLD,LQI_OLD,2026-07-08,2006-01-25,on_ds_daily_axis
BW-MCN_OLD,MCN_OLD,2026-07-08,2001-05-31,on_ds_daily_axis
BW-BNKU_OLD,BNKU_OLD,2026-07-08,2001-02-09,on_ds_daily_axis
BW-DZA_OLD,DZA_OLD,2026-07-08,2001-04-25,on_ds_daily_axis
BW-HWM_OLD,HWM_OLD,2026-07-08,2000-06-19,on_ds_daily_axis
BW-ECP_OLD,ECP_OLD,2026-07-08,2000-08-04,on_ds_daily_axis
BW-DRYR_OLD,DRYR_OLD,2026-07-08,2003-06-26,on_ds_daily_axis
BW-IPL_OLD,IPL_OLD,2026-07-08,2001-03-27,on_ds_daily_axis
BW-ESA_OLD,ESA_OLD,2026-07-08,2004-05-11,on_ds_daily_axis
BW-DOL_OLD,DOL_OLD,2026-07-08,2003-03-28,on_ds_daily_axis
BW-LE_OLD,LE_OLD,2026-07-08,2002-06-17,on_ds_daily_axis
BW-EFU_OLD,EFU_OLD,2026-07-08,2000-11-08,on_ds_daily_axis
BW-AGRPB_OLD,AGRPB_OLD,2026-07-08,2000-01-14,on_ds_daily_axis
BW-IGL_OLD,IGL_OLD,2026-07-08,2004-10-22,on_ds_daily_axis
BW-EXNT_OLD,EXNT_OLD,2026-07-08,2000-06-14,on_ds_daily_axis
BW-LD_OLD,LD_OLD,2026-07-08,2001-10-31,on_ds_daily_axis
BW-EVG_OLD,EVG_OLD,2026-07-08,2004-09-28,on_ds_daily_axis
BW-SNC_OLD,SNC_OLD,2026-07-08,2000-09-26,on_ds_daily_axis
BW-FLO_OLD,FLO_OLD,2026-07-08,2001-03-26,on_ds_daily_axis
BW-DS_OLD,DS_OLD,2026-07-08,2001-04-11,on_ds_daily_axis
BW-IHF_OLD,IHF_OLD,2026-07-08,2000-08-23,on_ds_daily_axis
BW-MHR_OLD,MHR_OLD,2026-07-08,2005-06-07,on_ds_daily_axis
BW-ELNK_OLD,ELNK_OLD,2026-07-08,2000-02-04,on_ds_daily_axis
BW-IBI_OLD,IBI_OLD,2026-07-08,2002-03-21,on_ds_daily_axis
BW-AVIR_OLD,AVIR_OLD,2026-07-08,2002-01-15,on_ds_daily_axis
BW-TTEL_OLD,TTEL_OLD,2026-07-08,2000-11-13,on_ds_daily_axis
BW-DZB_OLD,DZB_OLD,2026-07-08,2001-04-25,on_ds_daily_axis
BW-FFA_OLD,FFA_OLD,2026-07-08,2001-08-01,on_ds_daily_axis
BW-HRZ_OLD,HRZ_OLD,2026-07-08,2001-03-09,on_ds_daily_axis
BW-NAP_OLD,NAP_OLD,2026-07-08,2004-10-15,on_ds_daily_axis
BW-DURA_OLD,DURA_OLD,2026-07-08,2000-11-09,on_ds_daily_axis
BW-DEX_OLD,DEX_OLD,2026-07-08,2000-09-14,on_ds_daily_axis
BW-UOPX_OLD,UOPX_OLD,2026-07-08,2004-08-27,on_ds_daily_axis
BW-RGS_OLD,RGS_OLD,2026-07-08,2002-06-28,on_ds_daily_axis
BW-USFC_OLD,USFC_OLD,2026-07-08,2005-05-24,on_ds_daily_axis
BW-CFB_OLD,CFB_OLD,2026-07-08,2005-12-02,on_ds_daily_axis
BW-HLI_OLD,HLI_OLD,2026-07-08,2000-06-27,on_ds_daily_axis
BW-OCLR_OLD,OCLR_OLD,2026-07-08,2005-01-06,on_ds_daily_axis
BW-IMA_OLD,IMA_OLD,2026-07-08,2001-11-21,on_ds_daily_axis
BW-WEA_OLD,WEA_OLD,2026-07-08,2001-10-01,on_ds_daily_axis
BW-REM_OLD,REM_OLD,2026-07-08,2006-06-30,on_ds_daily_axis
BW-PYPL_OLD,PYPL_OLD,2026-07-08,2002-10-03,on_ds_daily_axis
BW-OMX_OLD,OMX_OLD,2026-07-08,2003-12-09,on_ds_daily_axis
BW-FMN_OLD,FMN_OLD,2026-07-08,2001-08-09,on_ds_daily_axis
BW-UTI_OLD,UTI_OLD,2026-07-08,2001-05-08,on_ds_daily_axis
BW-ROAD_OLD,ROAD_OLD,2026-07-08,2003-12-11,on_ds_daily_axis
BW-SLOT_OLD,SLOT_OLD,2026-07-08,2001-12-28,on_ds_daily_axis
BW-ALLSB_OLD,ALLSB_OLD,2026-07-08,2004-06-04,on_ds_daily_axis
BW-PR_OLD,PR_OLD,2026-07-08,2006-08-25,on_ds_daily_axis
BW-RFX_OLD,RFX_OLD,2026-07-08,2005-10-13,on_ds_daily_axis
BW-GNET_OLD,GNET_OLD,2026-07-08,2000-10-12,on_ds_daily_axis
BW-FCX_OLD,FCX_OLD,2026-07-08,2002-05-03,on_ds_daily_axis
BW-SMT_OLD,SMT_OLD,2026-07-08,2005-02-28,on_ds_daily_axis
BW-CAN_OLD,CAN_OLD,2026-07-08,2000-07-21,on_ds_daily_axis
BW-SILK_OLD,SILK_OLD,2026-07-08,2000-04-18,on_ds_daily_axis
BW-CTP_OLD,CTP_OLD,2026-07-08,2000-09-01,on_ds_daily_axis
BW-MMWW_OLD,MMWW_OLD,2026-07-08,2000-06-15,on_ds_daily_axis
BW-SDRC_OLD,SDRC_OLD,2026-07-08,2001-08-31,on_ds_daily_axis
BW-SOL_OLD,SOL_OLD,2026-07-08,2005-03-22,on_ds_daily_axis
BW-INVN_OLD,INVN_OLD,2026-07-08,2004-12-06,on_ds_daily_axis
BW-SSNC_OLD,SSNC_OLD,2026-07-08,2005-11-23,on_ds_daily_axis
BW-TMQ_OLD,TMQ_OLD,2026-07-08,2000-05-11,on_ds_daily_axis
BW-GLB_OLD,GLB_OLD,2026-07-08,2006-11-29,on_ds_daily_axis
BW-ZDZ_OLD,ZDZ_OLD,2026-07-08,2000-10-17,on_ds_daily_axis
BW-VCG_OLD,VCG_OLD,2026-07-08,2006-07-17,on_ds_daily_axis
BW-HDD_OLD,HDD_OLD,2026-07-08,2001-03-30,on_ds_daily_axis
BW-VRTA_OLD,VRTA_OLD,2026-07-08,2001-12-14,on_ds_daily_axis
BW-MUSE_OLD,MUSE_OLD,2026-07-08,2006-02-14,on_ds_daily_axis
BW-MOR_OLD,MOR_OLD,2026-07-08,2001-03-30,on_ds_daily_axis
BW-SPYG_OLD,SPYG_OLD,2026-07-08,2000-07-24,on_ds_daily_axis
BW-LABS_OLD,LABS_OLD,2026-07-08,2005-11-01,on_ds_daily_axis
BW-SCOR_OLD,SCOR_OLD,2026-07-08,2002-12-31,on_ds_daily_axis
BW-WCOM_OLD,WCOM_OLD,2026-07-08,2002-07-29,on_ds_daily_axis
BW-PXP_OLD,PXP_OLD,2026-07-08,2001-01-11,on_ds_daily_axis
BW-ASPT_OLD,ASPT_OLD,2026-07-08,2005-09-22,on_ds_daily_axis
BW-FFD_OLD,FFD_OLD,2026-07-08,2001-04-02,on_ds_daily_axis
BW-TLTN_OLD,TLTN_OLD,2026-07-08,2000-03-16,on_ds_daily_axis
BW-IGI_OLD,IGI_OLD,2026-07-08,2005-10-31,on_ds_daily_axis
BW-IN_OLD,IN_OLD,2026-07-08,2005-02-24,on_ds_daily_axis
BW-SHOP_OLD,SHOP_OLD,2026-07-08,2005-08-29,on_ds_daily_axis
BW-GTHR_OLD,GTHR_OLD,2026-07-08,2000-10-16,on_ds_daily_axis
BW-PLH_OLD,PLH_OLD,2026-07-08,2000-02-01,on_ds_daily_axis
BW-SIG_OLD,SIG_OLD,2026-07-08,2000-03-31,on_ds_daily_axis
BW-FLA_OLD,FLA_OLD,2026-07-08,2003-09-19,on_ds_daily_axis
BW-TMG_OLD,TMG_OLD,2026-07-08,2006-09-01,on_ds_daily_axis
BW-TNA_OLD,TNA_OLD,2026-07-08,2000-03-24,on_ds_daily_axis
BW-TA_OLD,TA_OLD,2026-07-08,2001-10-31,on_ds_daily_axis
BW-IHI_OLD,IHI_OLD,2026-07-08,2004-11-29,on_ds_daily_axis
BW-FMBN_OLD,FMBN_OLD,2026-07-08,2003-08-12,on_ds_daily_axis
BW-CLJ_OLD,CLJ_OLD,2026-07-08,2002-06-07,on_ds_daily_axis
BW-CNXS_OLD,CNXS_OLD,2026-07-08,2006-12-19,on_ds_daily_axis
BW-DECA_OLD,DECA_OLD,2026-07-08,2005-03-04,on_ds_daily_axis
BW-CRCL_OLD,CRCL_OLD,2026-07-08,2000-10-02,on_ds_daily_axis
BW-NTK_OLD,NTK_OLD,2026-07-08,2003-01-09,on_ds_daily_axis
BW-SBLK_OLD,SBLK_OLD,2026-07-08,2005-06-30,on_ds_daily_axis
BW-BOUT_OLD,BOUT_OLD,2026-07-08,2001-02-28,on_ds_daily_axis
BW-BTR_OLD,BTR_OLD,2026-07-08,2000-09-18,on_ds_daily_axis
BW-VRTY_OLD,VRTY_OLD,2026-07-08,2005-12-29,on_ds_daily_axis
BW-CLTR_OLD,CLTR_OLD,2026-07-08,2000-12-22,on_ds_daily_axis
BW-IMC_OLD,IMC_OLD,2026-07-08,2004-06-17,on_ds_daily_axis
BW-FAB_OLD,FAB_OLD,2026-07-08,2004-05-14,on_ds_daily_axis
BW-PETC_OLD,PETC_OLD,2026-07-08,2000-10-02,on_ds_daily_axis
BW-VIRS_OLD,VIRS_OLD,2026-07-08,2003-01-23,on_ds_daily_axis
BW-CSBI_OLD,CSBI_OLD,2026-07-08,2001-06-07,on_ds_daily_axis
BW-RAYS_OLD,RAYS_OLD,2026-07-08,2001-04-04,on_ds_daily_axis
BW-TUG_OLD,TUG_OLD,2026-07-08,2006-11-28,on_ds_daily_axis
BW-AREM_OLD,AREM_OLD,2026-07-08,2001-07-27,on_ds_daily_axis
BW-CDT_OLD,CDT_OLD,2026-07-08,2004-07-15,on_ds_daily_axis
BW-PRFC_OLD,PRFC_OLD,2026-07-08,2002-01-18,on_ds_daily_axis
BW-CBBI_OLD,CBBI_OLD,2026-07-08,2004-09-15,on_ds_daily_axis
BW-NETE_OLD,NETE_OLD,2026-07-08,2004-11-23,on_ds_daily_axis
BW-IRT_OLD,IRT_OLD,2026-07-08,2003-02-12,on_ds_daily_axis
BW-CEM_OLD,CEM_OLD,2026-07-08,2002-11-06,on_ds_daily_axis
BW-HERBB_OLD,HERBB_OLD,2026-07-08,2002-07-31,on_ds_daily_axis
BW-UNTD_OLD,UNTD_OLD,2026-07-08,2000-08-31,on_ds_daily_axis
BW-MLG_OLD,MLG_OLD,2026-07-08,2001-01-31,on_ds_daily_axis
BW-MAB_OLD,MAB_OLD,2026-07-08,2002-03-08,on_ds_daily_axis
BW-RSFC_OLD,RSFC_OLD,2026-07-08,2001-02-28,on_ds_daily_axis
BW-IDE_OLD,IDE_OLD,2026-07-08,2003-11-04,on_ds_daily_axis
BW-HELX_OLD,HELX_OLD,2026-07-08,2005-10-26,on_ds_daily_axis
BW-LEAF_OLD,LEAF_OLD,2026-07-08,2000-04-14,on_ds_daily_axis
BW-PAS_OLD,PAS_OLD,2026-07-08,2000-11-30,on_ds_daily_axis
BW-TSA_OLD,TSA_OLD,2026-07-08,2003-08-04,on_ds_daily_axis
BW-HRMN_OLD,HRMN_OLD,2026-07-08,2000-08-31,on_ds_daily_axis
BW-CTG_OLD,CTG_OLD,2026-07-08,2000-09-01,on_ds_daily_axis
BW-XOXO_OLD,XOXO_OLD,2026-07-08,2001-11-28,on_ds_daily_axis
BW-LFIN_OLD,LFIN_OLD,2026-07-08,2004-06-18,on_ds_daily_axis
BW-TRYF_OLD,TRYF_OLD,2026-07-08,2004-01-16,on_ds_daily_axis
BW-HWD_OLD,HWD_OLD,2026-07-08,2003-03-03,on_ds_daily_axis
BW-CCS_OLD,CCS_OLD,2026-07-08,2000-09-06,on_ds_daily_axis
BW-JAS_OLD,JAS_OLD,2026-07-08,2003-11-04,on_ds_daily_axis
BW-RINO_OLD,RINO_OLD,2026-07-08,2004-04-20,on_ds_daily_axis
BW-IMPH_OLD,IMPH_OLD,2026-07-08,2003-07-29,on_ds_daily_axis
BW-PCTY_OLD,PCTY_OLD,2026-07-08,2005-12-23,on_ds_daily_axis
BW-SECD_OLD,SECD_OLD,2026-07-08,2004-06-30,on_ds_daily_axis
BW-JOIN_OLD,JOIN_OLD,2026-07-08,2000-03-02,on_ds_daily_axis
BW-VRST_OLD,VRST_OLD,2026-07-08,2005-04-07,on_ds_daily_axis
BW-OTEC_OLD,OTEC_OLD,2026-07-08,2002-03-28,on_ds_daily_axis
BW-VIDA_OLD,VIDA_OLD,2026-07-08,2002-04-12,on_ds_daily_axis
BW-WJ_OLD,WJ_OLD,2026-07-08,2000-01-31,on_ds_daily_axis
BW-CHER_OLD,CHER_OLD,2026-07-08,2000-07-17,on_ds_daily_axis
BW-SOI_OLD,SOI_OLD,2026-07-08,2003-12-16,on_ds_daily_axis
BW-SJM_OLD,SJM_OLD,2026-07-08,2000-08-28,on_ds_daily_axis
BW-FSTC_OLD,FSTC_OLD,2026-07-08,2005-09-29,on_ds_daily_axis
BW-RMG_OLD2,RMG_OLD2,2026-07-08,2000-03-16,on_ds_daily_axis
BW-CENI_OLD,CENI_OLD,2026-07-08,2002-05-23,on_ds_daily_axis
BW-BONZ_OLD,BONZ_OLD,2026-07-08,2004-06-18,on_ds_daily_axis
BW-OSM_OLD,OSM_OLD,2026-07-08,2003-02-27,on_ds_daily_axis
BW-PDM_OLD,PDM_OLD,2026-07-08,2002-03-12,on_ds_daily_axis
BW-ONEM_OLD,ONEM_OLD,2026-07-08,2000-09-11,on_ds_daily_axis
BW-RDB_OLD,RDB_OLD,2026-07-08,2002-12-13,on_ds_daily_axis
BW-WIX_OLD,WIX_OLD,2026-07-08,2003-07-01,on_ds_daily_axis
BW-DK_OLD,DK_OLD,2026-07-08,2001-11-27,on_ds_daily_axis
BW-IMPC_OLD,IMPC_OLD,2026-07-08,2005-04-04,on_ds_daily_axis
BW-KOL_OLD,KOL_OLD,2026-07-08,2000-06-14,on_ds_daily_axis
BW-TODDA_OLD,TODDA_OLD,2026-07-08,2000-06-09,on_ds_daily_axis
BW-ITEC_OLD,ITEC_OLD,2026-07-08,2000-03-01,on_ds_daily_axis
BW-BMG_OLD,BMG_OLD,2026-07-08,2001-01-10,on_ds_daily_axis
BW-GSBI_OLD,GSBI_OLD,2026-07-08,2003-02-28,on_ds_daily_axis
BW-PNG_OLD,PNG_OLD,2026-07-08,2005-01-24,on_ds_daily_axis
BW-JASN_OLD,JASN_OLD,2026-07-08,2000-08-04,on_ds_daily_axis
BW-FFTI_OLD,FFTI_OLD,2026-07-08,2000-10-17,on_ds_daily_axis
BW-NUAN_OLD,NUAN_OLD,2026-07-08,2005-09-16,on_ds_daily_axis
BW-NVX_OLD,NVX_OLD,2026-07-08,2000-06-26,on_ds_daily_axis
BW-NEON_OLD,NEON_OLD,2026-07-08,2001-06-19,on_ds_daily_axis
BW-PHS_OLD,PHS_OLD,2026-07-08,2000-06-14,on_ds_daily_axis
BW-CBSA_OLD,CBSA_OLD,2026-07-08,2004-05-12,on_ds_daily_axis
BW-CLRN_OLD,CLRN_OLD,2026-07-08,2001-08-31,on_ds_daily_axis
BW-SPLX_OLD,SPLX_OLD,2026-07-08,2002-06-27,on_ds_daily_axis
BW-PZX_OLD,PZX_OLD,2026-07-08,2000-01-13,on_ds_daily_axis
BW-WIN_OLD,WIN_OLD,2026-07-08,2005-02-18,on_ds_daily_axis
BW-MPP_OLD,MPP_OLD,2026-07-08,2000-05-09,on_ds_daily_axis
BW-MEDT_OLD,MEDT_OLD,2026-07-08,2004-06-30,on_ds_daily_axis
BW-TCNO_OLD,TCNO_OLD,2026-07-08,2005-04-01,on_ds_daily_axis
BW-MTEC_OLD,MTEC_OLD,2026-07-08,2003-01-08,on_ds_daily_axis
BW-SNRR_OLD,SNRR_OLD,2026-07-08,2006-07-06,on_ds_daily_axis
BW-MYR_OLD,MYR_OLD,2026-07-08,2000-04-14,on_ds_daily_axis
BW-BGR_OLD,BGR_OLD,2026-07-08,2001-10-10,on_ds_daily_axis
BW-CHX_OLD,CHX_OLD,2026-07-08,2003-11-21,on_ds_daily_axis
BW-RCOM_OLD,RCOM_OLD,2026-07-08,2005-11-03,on_ds_daily_axis
BW-AAC_OLD,AAC_OLD,2026-07-08,2000-04-03,on_ds_daily_axis
BW-PBIX_OLD,PBIX_OLD,2026-07-08,2004-06-09,on_ds_daily_axis
BW-BLPG_OLD,BLPG_OLD,2026-07-08,2002-06-26,on_ds_daily_axis
BW-TKCI_OLD,TKCI_OLD,2026-07-08,2005-09-15,on_ds_daily_axis
BW-NPNT_OLD,NPNT_OLD,2026-07-08,2001-01-16,on_ds_daily_axis
BW-TTT_OLD,TTT_OLD,2026-07-08,2000-09-22,on_ds_daily_axis
BW-DON_OLD,DON_OLD,2026-07-08,2002-10-01,on_ds_daily_axis
BW-NVB_OLD,NVB_OLD,2026-07-08,2000-12-14,on_ds_daily_axis
BW-CATA_OLD,CATA_OLD,2026-07-08,2002-01-04,on_ds_daily_axis
BW-TRE_OLD,TRE_OLD,2026-07-08,2003-02-07,on_ds_daily_axis
BW-EVRT_OLD,EVRT_OLD,2026-07-08,2004-10-15,on_ds_daily_axis
BW-VXGN_OLD,VXGN_OLD,2026-07-08,2004-08-06,on_ds_daily_axis
BW-GSY_OLD,GSY_OLD,2026-07-08,2001-03-05,on_ds_daily_axis
BW-CESV_OLD,CESV_OLD,2026-07-08,2006-02-15,on_ds_daily_axis
BW-UGS_OLD,UGS_OLD,2026-07-08,2001-09-27,on_ds_daily_axis
BW-CHKR_OLD,CHKR_OLD,2026-07-08,2006-06-20,on_ds_daily_axis
BW-WEBK_OLD,WEBK_OLD,2026-07-08,2003-06-30,on_ds_daily_axis
BW-RMY_OLD,RMY_OLD,2026-07-08,2001-03-14,on_ds_daily_axis
BW-PEX_OLD,PEX_OLD,2026-07-08,2004-01-30,on_ds_daily_axis
BW-BWCF_OLD,BWCF_OLD,2026-07-08,2006-10-13,on_ds_daily_axis
BW-CFBI_OLD,CFBI_OLD,2026-07-08,2000-04-04,on_ds_daily_axis
BW-CSI_OLD,CSI_OLD,2026-07-08,2002-09-26,on_ds_daily_axis
BW-FOUR_OLD,FOUR_OLD,2026-07-08,2000-04-07,on_ds_daily_axis
BW-DSD_OLD,DSD_OLD,2026-07-08,2000-06-16,on_ds_daily_axis
BW-INOV_OLD,INOV_OLD,2026-07-08,2002-06-05,on_ds_daily_axis
BW-ADLA_OLD,ADLA_OLD,2026-07-08,2002-05-31,on_ds_daily_axis
BW-BTZ_OLD,BTZ_OLD,2026-07-08,2001-05-31,on_ds_daily_axis
BW-ONYX_OLD,ONYX_OLD,2026-07-08,2005-01-11,on_ds_daily_axis
BW-XLG_OLD,XLG_OLD,2026-07-08,2001-09-18,on_ds_daily_axis
BW-TDX_OLD,TDX_OLD,2026-07-08,2000-04-12,on_ds_daily_axis
BW-VIAS_OLD,VIAS_OLD,2026-07-08,2000-08-31,on_ds_daily_axis
BW-STOR_OLD,STOR_OLD,2026-07-08,2003-08-15,on_ds_daily_axis
BW-YFED_OLD,YFED_OLD,2026-07-08,2000-10-16,on_ds_daily_axis
BW-PKDY_OLD,PKDY_OLD,2026-07-08,2006-06-09,on_ds_daily_axis
BW-MIPSB_OLD,MIPSB_OLD,2026-07-08,2003-11-13,on_ds_daily_axis
BW-CMNT_OLD,CMNT_OLD,2026-07-08,2005-05-31,on_ds_daily_axis
BW-FSON_OLD,FSON_OLD,2026-07-08,2002-05-03,on_ds_daily_axis
BW-CTBP_OLD,CTBP_OLD,2026-07-08,2000-05-18,on_ds_daily_axis
BW-DCTI_OLD,DCTI_OLD,2026-07-08,2000-10-10,on_ds_daily_axis
BW-WPZ_OLD,WPZ_OLD,2026-07-08,2001-06-28,on_ds_daily_axis
BW-STCO_OLD,STCO_OLD,2026-07-08,2003-05-29,on_ds_daily_axis
BW-CGLD_OLD,CGLD_OLD,2026-07-08,2000-08-07,on_ds_daily_axis
BW-CPN_OLD,CPN_OLD,2026-07-08,2005-12-05,on_ds_daily_axis
BW-CFA_OLD,CFA_OLD,2026-07-08,2000-08-29,on_ds_daily_axis
BW-NWGN_OLD,NWGN_OLD,2026-07-08,2000-12-20,on_ds_daily_axis
BW-MTSI_OLD,MTSI_OLD,2026-07-08,2001-02-12,on_ds_daily_axis
BW-CRTO_OLD,CRTO_OLD,2026-07-08,2004-02-09,on_ds_daily_axis
BW-AMSGB_OLD,AMSGB_OLD,2026-07-08,2001-07-12,on_ds_daily_axis
BW-TFG_OLD,TFG_OLD,2026-07-08,2001-11-26,on_ds_daily_axis
BW-MCC_OLD,MCC_OLD,2026-07-08,2006-08-29,on_ds_daily_axis
BW-VBAC_OLD,VBAC_OLD,2026-07-08,2006-11-10,on_ds_daily_axis
BW-CNIT_OLD,CNIT_OLD,2026-07-08,2001-08-03,on_ds_daily_axis
BW-CSLI_OLD,CSLI_OLD,2026-07-08,2004-12-31,on_ds_daily_axis
BW-PAG_OLD,PAG_OLD,2026-07-08,2001-08-23,on_ds_daily_axis
BW-CTK_OLD,CTK_OLD,2026-07-08,2000-08-23,on_ds_daily_axis
BW-UPRO_OLD,UPRO_OLD,2026-07-08,2001-03-22,on_ds_daily_axis
BW-WAK_OLD2,WAK_OLD2,2026-07-08,2002-05-08,on_ds_daily_axis
BW-CGII_OLD,CGII_OLD,2026-07-08,2000-06-16,on_ds_daily_axis
BW-RAMP_OLD,RAMP_OLD,2026-07-08,2001-01-24,on_ds_daily_axis
BW-JUNO_OLD,JUNO_OLD,2026-07-08,2005-08-24,on_ds_daily_axis
BW-BFRE_OLD,BFRE_OLD,2026-07-08,2002-05-23,on_ds_daily_axis
BW-AFIC_OLD,AFIC_OLD,2026-07-08,2001-02-26,on_ds_daily_axis
BW-RHT_OLD2,RHT_OLD2,2026-07-08,2001-10-02,on_ds_daily_axis
BW-HECO_OLD,HECO_OLD,2026-07-08,2001-05-30,on_ds_daily_axis
BW-SAFT_OLD,SAFT_OLD,2026-07-08,2000-07-10,on_ds_daily_axis
BW-CFBC_OLD,CFBC_OLD,2026-07-08,2001-12-12,on_ds_daily_axis
BW-LBRT_OLD,LBRT_OLD,2026-07-08,2003-01-16,on_ds_daily_axis
BW-NTRO_OLD,NTRO_OLD,2026-07-08,2003-09-04,on_ds_daily_axis
BW-SNB_OLD,SNB_OLD,2026-07-08,2001-01-04,on_ds_daily_axis
BW-MDII_OLD,MDII_OLD,2026-07-08,2002-05-09,on_ds_daily_axis
BW-GWBK_OLD,GWBK_OLD,2026-07-08,2002-08-30,on_ds_daily_axis
BW-HUN_OLD,HUN_OLD,2026-07-08,2002-12-13,on_ds_daily_axis
BW-GZTR_OLD,GZTR_OLD,2026-07-08,2000-12-18,on_ds_daily_axis
BW-RGI_OLD,RGI_OLD,2026-07-08,2000-05-15,on_ds_daily_axis
BW-TBDI_OLD,TBDI_OLD,2026-07-08,2004-02-11,on_ds_daily_axis
BW-DIR_OLD,DIR_OLD,2026-07-08,2001-08-21,on_ds_daily_axis
BW-LOR_OLD,LOR_OLD,2026-07-08,2003-07-15,on_ds_daily_axis
BW-PRFN_OLD,PRFN_OLD,2026-07-08,2000-04-25,on_ds_daily_axis
BW-HBNK_OLD,HBNK_OLD,2026-07-08,2000-09-29,on_ds_daily_axis
BW-ACRI_OLD,ACRI_OLD,2026-07-08,2002-12-13,on_ds_daily_axis
BW-REGI_OLD,REGI_OLD,2026-07-08,2001-12-11,on_ds_daily_axis
BW-STIZ_OLD,STIZ_OLD,2026-07-08,2006-09-12,on_ds_daily_axis
BW-GZSP_OLD,GZSP_OLD,2026-07-08,2000-12-18,on_ds_daily_axis
BW-TACO_OLD,TACO_OLD,2026-07-08,2000-12-19,on_ds_daily_axis
BW-DCN_OLD,DCN_OLD,2026-07-08,2006-03-03,on_ds_daily_axis
BW-ALSC_OLD,ALSC_OLD,2026-07-08,2006-09-13,on_ds_daily_axis
BW-GNOM_OLD,GNOM_OLD,2026-07-08,2002-01-08,on_ds_daily_axis
BW-LIND_OLD,LIND_OLD,2026-07-08,2001-01-19,on_ds_daily_axis
BW-FRM_OLD,FRM_OLD,2026-07-08,2004-05-05,on_ds_daily_axis
BW-NXTV_OLD,NXTV_OLD,2026-07-08,2003-04-24,on_ds_daily_axis
BW-TRV_OLD,TRV_OLD,2026-07-08,2003-07-23,on_ds_daily_axis
BW-FTS_OLD,FTS_OLD,2026-07-08,2003-12-26,on_ds_daily_axis
BW-PPA_OLD,PPA_OLD,2026-07-08,2003-07-31,on_ds_daily_axis
BW-DAL_OLD,DAL_OLD,2026-07-08,2005-10-12,on_ds_daily_axis
BW-OSH_OLD,OSH_OLD,2026-07-08,2001-06-07,on_ds_daily_axis
BW-WSTR_OLD,WSTR_OLD,2026-07-08,2001-02-28,on_ds_daily_axis
BW-PRGN_OLD,PRGN_OLD,2026-07-08,2002-08-29,on_ds_daily_axis
BW-EPRE_OLD,EPRE_OLD,2026-07-08,2004-06-14,on_ds_daily_axis
BW-LAND_OLD,LAND_OLD,2026-07-08,2003-02-27,on_ds_daily_axis
BW-LTUS_OLD,LTUS_OLD,2026-07-08,2004-03-10,on_ds_daily_axis
BW-TWA_OLD,TWA_OLD,2026-07-08,2001-01-05,on_ds_daily_axis
BW-EBIO_OLD,EBIO_OLD,2026-07-08,2004-12-16,on_ds_daily_axis
BW-IBC_OLD,IBC_OLD,2026-07-08,2004-09-22,on_ds_daily_axis
BW-CTCOB_OLD,CTCOB_OLD,2026-07-08,2003-09-03,on_ds_daily_axis
BW-SRCH_OLD,SRCH_OLD,2026-07-08,2003-06-05,on_ds_daily_axis
BW-CHMD_OLD,CHMD_OLD,2026-07-08,2005-03-11,on_ds_daily_axis
BW-HIPC_OLD,HIPC_OLD,2026-07-08,2002-02-12,on_ds_daily_axis
BW-MMTM_OLD,MMTM_OLD,2026-07-08,2002-04-09,on_ds_daily_axis
BW-HMIN_OLD,HMIN_OLD,2026-07-08,2001-09-25,on_ds_daily_axis
BW-TALR_OLD,TALR_OLD,2026-07-08,2002-04-23,on_ds_daily_axis
BW-CTRX_OLD,CTRX_OLD,2026-07-08,2000-05-31,on_ds_daily_axis
BW-INBI_OLD,INBI_OLD,2026-07-08,2001-06-29,on_ds_daily_axis
BW-HELO_OLD,HELO_OLD,2026-07-08,2000-11-09,on_ds_daily_axis
BW-CATB_OLD,CATB_OLD,2026-07-08,2000-11-09,on_ds_daily_axis
BW-EEX_OLD,EEX_OLD,2026-07-08,2002-11-26,on_ds_daily_axis
BW-EQUI_OLD,EQUI_OLD,2026-07-08,2002-02-11,on_ds_daily_axis
BW-GZBX_OLD,GZBX_OLD,2026-07-08,2003-06-30,on_ds_daily_axis
BW-INTF_OLD,INTF_OLD,2026-07-08,2000-09-01,on_ds_daily_axis
BW-GNSL_OLD,GNSL_OLD,2026-07-08,2001-04-20,on_ds_daily_axis
BW-CIBN_OLD,CIBN_OLD,2026-07-08,2004-01-06,on_ds_daily_axis
BW-CVI_OLD,CVI_OLD,2026-07-08,2000-06-16,on_ds_daily_axis
BW-CEUS_OLD,CEUS_OLD,2026-07-08,2000-09-29,on_ds_daily_axis
BW-GTS_OLD,GTS_OLD,2026-07-08,2001-05-31,on_ds_daily_axis
BW-PCO_OLD2,PCO_OLD2,2026-07-08,2000-05-18,on_ds_daily_axis
BW-CVAS_OLD,CVAS_OLD,2026-07-08,2003-07-29,on_ds_daily_axis
BW-SABI_OLD,SABI_OLD,2026-07-08,2002-08-28,on_ds_daily_axis
BW-LIC_OLD,LIC_OLD,2026-07-08,2005-11-09,on_ds_daily_axis
BW-USLB_OLD,USLB_OLD,2026-07-08,2002-11-08,on_ds_daily_axis
BW-SRTI_OLD,SRTI_OLD,2026-07-08,2005-12-15,on_ds_daily_axis
BW-RAIN_OLD,RAIN_OLD,2026-07-08,2000-12-01,on_ds_daily_axis
BW-SSPX_OLD,SSPX_OLD,2026-07-08,2004-08-06,on_ds_daily_axis
BW-CFGI_OLD,CFGI_OLD,2026-07-08,2002-07-31,on_ds_daily_axis
BW-SCP_OLD,SCP_OLD,2026-07-08,2004-04-23,on_ds_daily_axis
BW-PMC_OLD,PMC_OLD,2026-07-08,2004-02-27,on_ds_daily_axis
BW-SNAP_OLD,SNAP_OLD,2026-07-08,2003-03-06,on_ds_daily_axis
BW-DFCO_OLD,DFCO_OLD,2026-07-08,2000-09-08,on_ds_daily_axis
BW-SDP_OLD,SDP_OLD,2026-07-08,2001-09-26,on_ds_daily_axis
BW-ACK_OLD,ACK_OLD,2026-07-08,2002-11-04,on_ds_daily_axis
BW-MTST_OLD,MTST_OLD,2026-07-08,2001-07-27,on_ds_daily_axis
BW-MNTX_OLD,MNTX_OLD,2026-07-08,2001-09-07,on_ds_daily_axis
BW-GPM_OLD,GPM_OLD,2026-07-08,2001-01-25,on_ds_daily_axis
BW-OPAY_OLD,OPAY_OLD,2026-07-08,2002-07-31,on_ds_daily_axis
BW-BLMT_OLD,BLMT_OLD,2026-07-08,2005-05-31,on_ds_daily_axis
BW-DGTC_OLD,DGTC_OLD,2026-07-08,2000-11-06,on_ds_daily_axis
BW-MDSI_OLD,MDSI_OLD,2026-07-08,2005-09-22,on_ds_daily_axis
BW-YFCB_OLD,YFCB_OLD,2026-07-08,2002-05-08,on_ds_daily_axis
BW-WEB_OLD,WEB_OLD,2026-07-08,2005-01-06,on_ds_daily_axis
BW-KPT_OLD,KPT_OLD,2026-07-08,2002-11-22,on_ds_daily_axis
BW-CKC_OLD,CKC_OLD,2026-07-08,2005-05-11,on_ds_daily_axis
BW-GCR_OLD,GCR_OLD,2026-07-08,2002-04-05,on_ds_daily_axis
BW-XTRM_OLD,XTRM_OLD,2026-07-08,2003-12-11,on_ds_daily_axis
BW-WCG_OLD,WCG_OLD,2026-07-08,2002-02-28,on_ds_daily_axis
BW-INFR_OLD,INFR_OLD,2026-07-08,2000-06-29,on_ds_daily_axis
BW-MBFC_OLD,MBFC_OLD,2026-07-08,2000-04-03,on_ds_daily_axis
BW-PSRC_OLD,PSRC_OLD,2026-07-08,2001-10-15,on_ds_daily_axis
BW-DMCX_OLD,DMCX_OLD,2026-07-08,2005-11-04,on_ds_daily_axis
BW-VBR_OLD,VBR_OLD,2026-07-08,2003-09-24,on_ds_daily_axis
BW-ICH_OLD,ICH_OLD,2026-07-08,2000-11-22,on_ds_daily_axis
BW-NWAC_OLD,NWAC_OLD,2026-07-08,2005-09-23,on_ds_daily_axis
BW-PRVW_OLD,PRVW_OLD,2026-07-08,2001-07-25,on_ds_daily_axis
BW-RSTR_OLD,RSTR_OLD,2026-07-08,2004-02-18,on_ds_daily_axis
BW-CBNJ_OLD,CBNJ_OLD,2026-07-08,2004-07-08,on_ds_daily_axis
BW-INFN_OLD,INFN_OLD,2026-07-08,2001-12-28,on_ds_daily_axis
BW-FIBR_OLD,FIBR_OLD,2026-07-08,2004-06-30,on_ds_daily_axis
BW-TROV_OLD,TROV_OLD,2026-07-08,2004-07-16,on_ds_daily_axis
BW-LXNT_OLD,LXNT_OLD,2026-07-08,2003-06-25,on_ds_daily_axis
BW-BANC_OLD,BANC_OLD,2026-07-08,2000-08-18,on_ds_daily_axis
BW-MATX_OLD,MATX_OLD,2026-07-08,2002-03-28,on_ds_daily_axis
BW-LUCK_OLD,LUCK_OLD,2026-07-08,2000-03-02,on_ds_daily_axis
BW-SCNYA_OLD,SCNYA_OLD,2026-07-08,2005-09-16,on_ds_daily_axis
BW-LMRK_OLD,LMRK_OLD,2026-07-08,2001-02-09,on_ds_daily_axis
BW-EQTY_OLD,EQTY_OLD,2026-07-08,2004-07-19,on_ds_daily_axis
BW-EEEE_OLD,EEEE_OLD,2026-07-08,2001-05-24,on_ds_daily_axis
BW-TAA_OLD,TAA_OLD,2026-07-08,2003-03-26,on_ds_daily_axis
BW-CQB_OLD,CQB_OLD,2026-07-08,2002-03-19,on_ds_daily_axis
BW-FAL_OLD,FAL_OLD,2026-07-08,2000-09-28,on_ds_daily_axis
BW-IATV_OLD,IATV_OLD,2026-07-08,2003-06-30,on_ds_daily_axis
BW-RH_OLD,RH_OLD,2026-07-08,2002-03-05,on_ds_daily_axis
BW-OCNB_OLD,OCNB_OLD,2026-07-08,2006-10-06,on_ds_daily_axis
BW-GSLC_OLD,GSLC_OLD,2026-07-08,2004-04-30,on_ds_daily_axis
BW-MCWE_OLD,MCWE_OLD,2026-07-08,2002-07-29,on_ds_daily_axis
BW-SCBI_OLD,SCBI_OLD,2026-07-08,2000-04-14,on_ds_daily_axis
BW-PVTL_OLD,PVTL_OLD,2026-07-08,2004-02-25,on_ds_daily_axis
BW-VUL_OLD,VUL_OLD,2026-07-08,2005-10-03,on_ds_daily_axis
BW-BLUE_OLD,BLUE_OLD,2026-07-08,2005-05-13,on_ds_daily_axis
BW-CIC_OLD,CIC_OLD,2026-07-08,2000-08-11,on_ds_daily_axis
BW-XGEN_OLD,XGEN_OLD,2026-07-08,2006-08-09,on_ds_daily_axis
BW-SPRI_OLD,SPRI_OLD,2026-07-08,2000-05-01,on_ds_daily_axis
BW-BNCM_OLD,BNCM_OLD,2026-07-08,2000-07-25,on_ds_daily_axis
BW-CNP_OLD2,CNP_OLD2,2026-07-08,2001-03-07,on_ds_daily_axis
BW-HOO_OLD,HOO_OLD,2026-07-08,2006-02-09,on_ds_daily_axis
BW-DRAI_OLD,DRAI_OLD,2026-07-08,2001-08-29,on_ds_daily_axis
BW-CSRE_OLD,CSRE_OLD,2026-07-08,2003-08-13,on_ds_daily_axis
BW-BPP_OLD,BPP_OLD,2026-07-08,2002-06-27,on_ds_daily_axis
BW-CPH_OLD,CPH_OLD,2026-07-08,2003-11-18,on_ds_daily_axis
BW-CGO_OLD,CGO_OLD,2026-07-08,2003-09-05,on_ds_daily_axis
BW-SHN_OLD,SHN_OLD,2026-07-08,2000-07-11,on_ds_daily_axis
BW-CPWY_OLD,CPWY_OLD,2026-07-08,2001-08-10,on_ds_daily_axis
BW-MARSB_OLD,MARSB_OLD,2026-07-08,2006-09-27,on_ds_daily_axis
BW-DSGIF_OLD,DSGIF_OLD,2026-07-08,2005-12-02,on_ds_daily_axis
BW-HSAC_OLD,HSAC_OLD,2026-07-08,2002-07-09,on_ds_daily_axis
BW-DTSI_OLD,DTSI_OLD,2026-07-08,2001-09-28,on_ds_daily_axis
BW-CYBA_OLD,CYBA_OLD,2026-07-08,2000-09-06,on_ds_daily_axis
BW-RHPS_OLD,RHPS_OLD,2026-07-08,2000-10-04,on_ds_daily_axis
BW-TERA_OLD,TERA_OLD,2026-07-08,2001-06-18,on_ds_daily_axis
BW-EGY_OLD,EGY_OLD,2026-07-08,2000-12-29,on_ds_daily_axis
BW-OLCMF_OLD,OLCMF_OLD,2026-07-08,2000-04-05,on_ds_daily_axis
BW-FMO_OLD,FMO_OLD,2026-07-08,2002-04-25,on_ds_daily_axis
BW-SFBI_OLD,SFBI_OLD,2026-07-08,2003-06-19,on_ds_daily_axis
BW-CORE_OLD,CORE_OLD,2026-07-08,2001-07-12,on_ds_daily_axis
BW-EXTN_OLD,EXTN_OLD,2026-07-08,2003-03-06,on_ds_daily_axis
BW-VAPH_OLD,VAPH_OLD,2026-07-08,2004-03-31,on_ds_daily_axis
BW-CMSS_OLD,CMSS_OLD,2026-07-08,2001-05-30,on_ds_daily_axis
BW-FJA_OLD,FJA_OLD,2026-07-08,2002-03-26,on_ds_daily_axis
BW-STVI_OLD,STVI_OLD,2026-07-08,2001-08-29,on_ds_daily_axis
BW-KIDS_OLD,KIDS_OLD,2026-07-08,2002-01-03,on_ds_daily_axis
BW-NIAG_OLD,NIAG_OLD,2026-07-08,2004-04-27,on_ds_daily_axis
BW-NEWZ_OLD,NEWZ_OLD,2026-07-08,2001-09-27,on_ds_daily_axis
BW-TMRK_OLD,TMRK_OLD,2026-07-08,2000-10-13,on_ds_daily_axis
BW-PRME_OLD,PRME_OLD,2026-07-08,2001-03-27,on_ds_daily_axis
BW-ECC_OLD,ECC_OLD,2026-07-08,2003-10-14,on_ds_daily_axis
BW-KANA_OLD,KANA_OLD,2026-07-08,2005-10-14,on_ds_daily_axis
BW-EQTX_OLD,EQTX_OLD,2026-07-08,2006-05-22,on_ds_daily_axis
BW-WAVT_OLD,WAVT_OLD,2026-07-08,2000-04-24,on_ds_daily_axis
BW-GZMO_OLD,GZMO_OLD,2026-07-08,2003-06-30,on_ds_daily_axis
BW-BUR_OLD,BUR_OLD,2026-07-08,2001-11-14,on_ds_daily_axis
BW-BRNC_OLD,BRNC_OLD,2026-07-08,2004-11-10,on_ds_daily_axis
BW-BBAL_OLD,BBAL_OLD,2026-07-08,2004-04-05,on_ds_daily_axis
BW-SMTI_OLD,SMTI_OLD,2026-07-08,2005-01-31,on_ds_daily_axis
BW-QGI_OLD,QGI_OLD,2026-07-08,2006-11-28,on_ds_daily_axis
BW-FSCR_OLD,FSCR_OLD,2026-07-08,2005-03-02,on_ds_daily_axis
BW-MMD_OLD,MMD_OLD,2026-07-08,2004-04-01,on_ds_daily_axis
BW-GSTX_OLD,GSTX_OLD,2026-07-08,2000-05-16,on_ds_daily_axis
BW-CMND_OLD,CMND_OLD,2026-07-08,2001-03-21,on_ds_daily_axis
BW-SCHR_OLD,SCHR_OLD,2026-07-08,2003-01-09,on_ds_daily_axis
BW-TWR_OLD,TWR_OLD,2026-07-08,2005-02-02,on_ds_daily_axis
BW-JLK_OLD,JLK_OLD,2026-07-08,2000-11-15,on_ds_daily_axis
BW-DYTK_OLD,DYTK_OLD,2026-07-08,2004-12-17,on_ds_daily_axis
BW-ROBV_OLD,ROBV_OLD,2026-07-08,2003-10-27,on_ds_daily_axis
BW-STBI_OLD,STBI_OLD,2026-07-08,2005-02-23,on_ds_daily_axis
BW-COLL_OLD,COLL_OLD,2026-07-08,2005-05-13,on_ds_daily_axis
BW-COV_OLD,COV_OLD,2026-07-08,2002-03-28,on_ds_daily_axis
BW-PSIX_OLD,PSIX_OLD,2026-07-08,2001-04-02,on_ds_daily_axis
BW-MUEL_OLD,MUEL_OLD,2026-07-08,2004-12-31,on_ds_daily_axis
BW-FTF_OLD,FTF_OLD,2026-07-08,2000-10-31,on_ds_daily_axis
BW-BUTL_OLD,BUTL_OLD,2026-07-08,2006-04-10,on_ds_daily_axis
BW-WEFP_OLD,WEFP_OLD,2026-07-08,2005-02-22,on_ds_daily_axis
BW-BTEK_OLD,BTEK_OLD,2026-07-08,2003-06-30,on_ds_daily_axis
BW-ECOM_OLD,ECOM_OLD,2026-07-08,2002-05-31,on_ds_daily_axis
BW-ZP_OLD,ZP_OLD,2026-07-08,2006-11-07,on_ds_daily_axis
BW-WEAR_OLD,WEAR_OLD,2026-07-08,2000-07-14,on_ds_daily_axis
BW-LTV_OLD,LTV_OLD,2026-07-08,2000-12-28,on_ds_daily_axis
BW-MSTG_OLD,MSTG_OLD,2026-07-08,2000-05-18,on_ds_daily_axis
BW-EPRS_OLD,EPRS_OLD,2026-07-08,2001-12-05,on_ds_daily_axis
BW-NEWH_OLD,NEWH_OLD,2026-07-08,2005-07-21,on_ds_daily_axis
BW-MFNX_OLD,MFNX_OLD,2026-07-08,2002-05-17,on_ds_daily_axis
BW-GTE_OLD2,GTE_OLD2,2026-07-08,2006-10-10,on_ds_daily_axis
BW-FCCG_OLD,FCCG_OLD,2026-07-08,2004-10-13,on_ds_daily_axis
BW-BS_OLD,BS_OLD,2026-07-08,2002-06-11,on_ds_daily_axis
BW-MGI_OLD,MGI_OLD,2026-07-08,2000-09-27,on_ds_daily_axis
BW-HAVA_OLD,HAVA_OLD,2026-07-08,2000-09-13,on_ds_daily_axis
BW-CFIC_OLD,CFIC_OLD,2026-07-08,2002-02-01,on_ds_daily_axis
BW-FACO_OLD,FACO_OLD,2026-07-08,2000-03-23,on_ds_daily_axis
BW-HNV_OLD,HNV_OLD,2026-07-08,2004-11-16,on_ds_daily_axis
BW-TOTL_OLD,TOTL_OLD,2026-07-08,2001-11-02,on_ds_daily_axis
BW-ADAP_OLD,ADAP_OLD,2026-07-08,2001-05-14,on_ds_daily_axis
BW-LQMT_OLD,LQMT_OLD,2026-07-08,2004-07-15,on_ds_daily_axis
BW-HPAC_OLD,HPAC_OLD,2026-07-08,2002-04-16,on_ds_daily_axis
BW-PLI_OLD,PLI_OLD,2026-07-08,2001-11-14,on_ds_daily_axis
BW-NPW_OLD,NPW_OLD,2026-07-08,2002-04-01,on_ds_daily_axis
BW-IMTV_OLD,IMTV_OLD,2026-07-08,2003-04-30,on_ds_daily_axis
BW-CRH_OLD,CRH_OLD,2026-07-08,2000-03-06,on_ds_daily_axis
BW-SURE_OLD,SURE_OLD,2026-07-08,2003-10-27,on_ds_daily_axis
BW-RDO_OLD,RDO_OLD,2026-07-08,2003-06-02,on_ds_daily_axis
BW-VTA_OLD,VTA_OLD,2026-07-08,2006-01-04,on_ds_daily_axis
BW-WEBS_OLD,WEBS_OLD,2026-07-08,2001-08-03,on_ds_daily_axis
BW-RTEL_OLD,RTEL_OLD,2026-07-08,2002-06-04,on_ds_daily_axis
BW-LDW_OLD,LDW_OLD,2026-07-08,2000-12-21,on_ds_daily_axis
BW-CIO_OLD,CIO_OLD,2026-07-08,2004-03-26,on_ds_daily_axis
BW-HMY_OLD,HMY_OLD,2026-07-08,2000-08-15,on_ds_daily_axis
BW-IBSS_OLD,IBSS_OLD,2026-07-08,2002-01-17,on_ds_daily_axis
BW-ZCO_OLD,ZCO_OLD,2026-07-08,2003-12-10,on_ds_daily_axis
BW-EGPT_OLD,EGPT_OLD,2026-07-08,2001-12-21,on_ds_daily_axis
BW-CARE_OLD,CARE_OLD,2026-07-08,2003-09-18,on_ds_daily_axis
BW-MPLX_OLD,MPLX_OLD,2026-07-08,2001-10-19,on_ds_daily_axis
BW-FJC_OLD,FJC_OLD,2026-07-08,2006-11-07,on_ds_daily_axis
BW-NOR_OLD,NOR_OLD,2026-07-08,2003-09-12,on_ds_daily_axis
BW-CALA_OLD,CALA_OLD,2026-07-08,2005-03-14,on_ds_daily_axis
BW-ACTR_OLD,ACTR_OLD,2026-07-08,2003-01-31,on_ds_daily_axis
BW-EVSI_OLD,EVSI_OLD,2026-07-08,2000-02-17,on_ds_daily_axis
BW-OWC_OLD,OWC_OLD,2026-07-08,2002-12-18,on_ds_daily_axis
BW-ARNX_OLD,ARNX_OLD,2026-07-08,2001-07-12,on_ds_daily_axis
BW-FOB_OLD,FOB_OLD,2026-07-08,2005-10-07,on_ds_daily_axis
BW-HCBC_OLD,HCBC_OLD,2026-07-08,2004-02-11,on_ds_daily_axis
BW-STRM_OLD,STRM_OLD,2026-07-08,2001-11-16,on_ds_daily_axis
BW-SAMC_OLD,SAMC_OLD,2026-07-08,2002-01-14,on_ds_daily_axis
BW-FNL_OLD,FNL_OLD,2026-07-08,2001-11-19,on_ds_daily_axis
BW-UTGI_OLD,UTGI_OLD,2026-07-08,2001-12-31,on_ds_daily_axis
BW-WEFN_OLD,WEFN_OLD,2026-07-08,2006-05-12,on_ds_daily_axis
BW-FLM_OLD,FLM_OLD,2026-07-08,2003-04-01,on_ds_daily_axis
BW-BOGN_OLD,BOGN_OLD,2026-07-08,2003-12-31,on_ds_daily_axis
BW-SHF_OLD,SHF_OLD,2026-07-08,2005-01-05,on_ds_daily_axis
BW-NBSI_OLD,NBSI_OLD,2026-07-08,2004-08-31,on_ds_daily_axis
BW-PLM_OLD,PLM_OLD,2026-07-08,2002-02-06,on_ds_daily_axis
BW-HMLK_OLD,HMLK_OLD,2026-07-08,2004-07-02,on_ds_daily_axis
BW-SVIN_OLD,SVIN_OLD,2026-07-08,2006-05-12,on_ds_daily_axis
BW-DMED_OLD,DMED_OLD,2026-07-08,2003-07-01,on_ds_daily_axis
BW-KLU_OLD,KLU_OLD,2026-07-08,2002-04-02,on_ds_daily_axis
BW-NIDB_OLD,NIDB_OLD,2026-07-08,2005-06-16,on_ds_daily_axis
BW-VCIC_OLD,VCIC_OLD,2026-07-08,2000-02-22,on_ds_daily_axis
BW-MM_OLD,MM_OLD,2026-07-08,2002-04-01,on_ds_daily_axis
BW-NETP_OLD,NETP_OLD,2026-07-08,2004-09-01,on_ds_daily_axis
BW-FFWC_OLD,FFWC_OLD,2026-07-08,2005-03-18,on_ds_daily_axis
BW-UTBI_OLD,UTBI_OLD,2026-07-08,2005-12-30,on_ds_daily_axis
BW-MSBF_OLD,MSBF_OLD,2026-07-08,2004-04-15,on_ds_daily_axis
BW-DATC_OLD,DATC_OLD,2026-07-08,2004-03-24,on_ds_daily_axis
BW-DLIA_OLD,DLIA_OLD,2026-07-08,2000-11-17,on_ds_daily_axis
BW-TOWR_OLD,TOWR_OLD,2026-07-08,2000-02-28,on_ds_daily_axis
BW-FNV_OLD,FNV_OLD,2026-07-08,2002-02-07,on_ds_daily_axis
BW-ISTN_OLD,ISTN_OLD,2026-07-08,2003-01-15,on_ds_daily_axis
BW-ESOL_OLD,ESOL_OLD,2026-07-08,2000-03-21,on_ds_daily_axis
BW-CIRC_OLD,CIRC_OLD,2026-07-08,2001-06-27,on_ds_daily_axis
BW-EUO_OLD,EUO_OLD,2026-07-08,2002-12-24,on_ds_daily_axis
BW-SPGLA_OLD,SPGLA_OLD,2026-07-08,2002-05-31,on_ds_daily_axis
BW-SPRX_OLD,SPRX_OLD,2026-07-08,2003-08-12,on_ds_daily_axis
BW-EDV_OLD,EDV_OLD,2026-07-08,2000-11-03,on_ds_daily_axis
BW-PVI_OLD,PVI_OLD,2026-07-08,2002-08-02,on_ds_daily_axis
BW-WXS_OLD,WXS_OLD,2026-07-08,2003-01-29,on_ds_daily_axis
BW-ACMTA_OLD,ACMTA_OLD,2026-07-08,2004-12-03,on_ds_daily_axis
BW-CYGN_OLD,CYGN_OLD,2026-07-08,2003-01-07,on_ds_daily_axis
BW-ITCD_OLD,ITCD_OLD,2026-07-08,2006-07-26,on_ds_daily_axis
BW-RTHM_OLD,RTHM_OLD,2026-07-08,2001-05-29,on_ds_daily_axis
BW-LMM_OLD,LMM_OLD,2026-07-08,2002-05-24,on_ds_daily_axis
BW-GTPS_OLD,GTPS_OLD,2026-07-08,2005-01-28,on_ds_daily_axis
BW-BIZZ_OLD,BIZZ_OLD,2026-07-08,2000-09-29,on_ds_daily_axis
BW-HIV_OLD,HIV_OLD,2026-07-08,2006-08-30,on_ds_daily_axis
BW-RCNC_OLD,RCNC_OLD,2026-07-08,2004-05-11,on_ds_daily_axis
BW-PRTS_OLD,PRTS_OLD,2026-07-08,2003-02-21,on_ds_daily_axis
BW-INET_OLD,INET_OLD,2026-07-08,2000-10-12,on_ds_daily_axis
BW-PHX_OLD,PHX_OLD,2026-07-08,2003-03-06,on_ds_daily_axis
BW-MEDS_OLD,MEDS_OLD,2026-07-08,2004-02-20,on_ds_daily_axis
BW-PSFC_OLD,PSFC_OLD,2026-07-08,2005-12-30,on_ds_daily_axis
BW-SNSG_OLD,SNSG_OLD,2026-07-08,2002-04-24,on_ds_daily_axis
BW-COPI_OLD,COPI_OLD,2026-07-08,2000-04-26,on_ds_daily_axis
BW-NWEQ_OLD,NWEQ_OLD,2026-07-08,2000-03-21,on_ds_daily_axis
BW-FFED_OLD,FFED_OLD,2026-07-08,2005-02-28,on_ds_daily_axis
BW-FOGD_OLD,FOGD_OLD,2026-07-08,2000-12-28,on_ds_daily_axis
BW-CERT_OLD,CERT_OLD,2026-07-08,2002-06-17,on_ds_daily_axis
BW-CLST_OLD,CLST_OLD,2026-07-08,2005-06-09,on_ds_daily_axis
BW-TRSI_OLD,TRSI_OLD,2026-07-08,2003-10-31,on_ds_daily_axis
BW-MLTC_OLD,MLTC_OLD,2026-07-08,2003-08-21,on_ds_daily_axis
BW-IMTC_OLD,IMTC_OLD,2026-07-08,2000-04-03,on_ds_daily_axis
BW-TRPH_OLD,TRPH_OLD,2026-07-08,2005-12-07,on_ds_daily_axis
BW-WOMN_OLD,WOMN_OLD,2026-07-08,2001-06-18,on_ds_daily_axis
BW-WAXS_OLD,WAXS_OLD,2026-07-08,2001-04-23,on_ds_daily_axis
BW-PSCD_OLD,PSCD_OLD,2026-07-08,2002-07-09,on_ds_daily_axis
BW-ESPI_OLD,ESPI_OLD,2026-07-08,2001-03-22,on_ds_daily_axis
BW-BSTW_OLD,BSTW_OLD,2026-07-08,2004-12-20,on_ds_daily_axis
BW-OPTI_OLD,OPTI_OLD,2026-07-08,2004-05-25,on_ds_daily_axis
BW-FTSB_OLD,FTSB_OLD,2026-07-08,2000-06-14,on_ds_daily_axis
BW-CNBA_OLD,CNBA_OLD,2026-07-08,2003-05-19,on_ds_daily_axis
BW-DOR_OLD,DOR_OLD,2026-07-08,2006-04-17,on_ds_daily_axis
BW-ECCO_OLD,ECCO_OLD,2026-07-08,2001-06-05,on_ds_daily_axis
BW-GYM_OLD,GYM_OLD,2026-07-08,2001-02-06,on_ds_daily_axis
BW-ERTH_OLD,ERTH_OLD,2026-07-08,2004-03-05,on_ds_daily_axis
BW-LOG_OLD,LOG_OLD,2026-07-08,2002-10-29,on_ds_daily_axis
BW-PZM_OLD,PZM_OLD,2026-07-08,2000-01-13,on_ds_daily_axis
BW-IREP_OLD,IREP_OLD,2026-07-08,2003-08-15,on_ds_daily_axis
BW-ACRN_OLD,ACRN_OLD,2026-07-08,2003-05-02,on_ds_daily_axis
BW-PME_OLD,PME_OLD,2026-07-08,2003-06-16,on_ds_daily_axis
BW-HOMZ_OLD,HOMZ_OLD,2026-07-08,2004-12-15,on_ds_daily_axis
BW-CVE_OLD,CVE_OLD,2026-07-08,2000-03-01,on_ds_daily_axis
BW-CICI_OLD,CICI_OLD,2026-07-08,2003-03-13,on_ds_daily_axis
BW-CVST_OLD,CVST_OLD,2026-07-08,2005-06-30,on_ds_daily_axis
BW-RJI_OLD,RJI_OLD,2026-07-08,2004-05-06,on_ds_daily_axis
BW-FNFI_OLD,FNFI_OLD,2026-07-08,2006-12-19,on_ds_daily_axis
BW-ULTE_OLD,ULTE_OLD,2026-07-08,2005-02-28,on_ds_daily_axis
BW-DRF_OLD,DRF_OLD,2026-07-08,2004-02-02,on_ds_daily_axis
BW-MADB_OLD,MADB_OLD,2026-07-08,2003-03-06,on_ds_daily_axis
BW-HABK_OLD,HABK_OLD,2026-07-08,2002-01-11,on_ds_daily_axis
BW-LOGN_OLD,LOGN_OLD,2026-07-08,2004-07-15,on_ds_daily_axis
BW-MDB_OLD,MDB_OLD,2026-07-08,2001-01-16,on_ds_daily_axis
BW-CRDM_OLD,CRDM_OLD,2026-07-08,2005-05-16,on_ds_daily_axis
BW-ASFT_OLD,ASFT_OLD,2026-07-08,2003-11-18,on_ds_daily_axis
BW-AVDO_OLD,AVDO_OLD,2026-07-08,2001-06-26,on_ds_daily_axis
BW-VSTA_OLD,VSTA_OLD,2026-07-08,2000-04-04,on_ds_daily_axis
BW-MHUT_OLD,MHUT_OLD,2026-07-08,2003-03-20,on_ds_daily_axis
BW-WALK_OLD,WALK_OLD,2026-07-08,2001-03-05,on_ds_daily_axis
BW-ITGR_OLD,ITGR_OLD,2026-07-08,2004-07-09,on_ds_daily_axis
BW-MRGO_OLD,MRGO_OLD,2026-07-08,2006-10-04,on_ds_daily_axis
BW-WAVC_OLD,WAVC_OLD,2026-07-08,2002-04-09,on_ds_daily_axis
BW-HXE_OLD,HXE_OLD,2026-07-08,2004-04-23,on_ds_daily_axis
BW-CHS_OLD,CHS_OLD,2026-07-08,2000-09-29,on_ds_daily_axis
BW-PRVO_OLD,PRVO_OLD,2026-07-08,2002-09-25,on_ds_daily_axis
BW-MTY_OLD,MTY_OLD,2026-07-08,2005-12-15,on_ds_daily_axis
BW-UFAB_OLD,UFAB_OLD,2026-07-08,2004-06-25,on_ds_daily_axis
BW-UNCA_OLD,UNCA_OLD,2026-07-08,2002-09-13,on_ds_daily_axis
BW-OFIS_OLD,OFIS_OLD,2026-07-08,2000-09-08,on_ds_daily_axis
BW-CRZY_OLD,CRZY_OLD,2026-07-08,2003-11-06,on_ds_daily_axis
BW-AOLA_OLD,AOLA_OLD,2026-07-08,2005-05-18,on_ds_daily_axis
BW-CIBI_OLD,CIBI_OLD,2026-07-08,2005-09-22,on_ds_daily_axis
BW-BWAY_OLD,BWAY_OLD,2026-07-08,2001-06-20,on_ds_daily_axis
BW-OCQ_OLD,OCQ_OLD,2026-07-08,2004-05-10,on_ds_daily_axis
BW-MTNT_OLD,MTNT_OLD,2026-07-08,2002-01-10,on_ds_daily_axis
BW-FWRX_OLD,FWRX_OLD,2026-07-08,2000-08-24,on_ds_daily_axis
BW-PHR_OLD,PHR_OLD,2026-07-08,2002-10-22,on_ds_daily_axis
BW-ERGO_OLD,ERGO_OLD,2026-07-08,2001-05-23,on_ds_daily_axis
BW-SFEF_OLD,SFEF_OLD,2026-07-08,2003-11-11,on_ds_daily_axis
BW-ASPE_OLD,ASPE_OLD,2026-07-08,2000-10-10,on_ds_daily_axis
BW-DSTR_OLD,DSTR_OLD,2026-07-08,2001-06-12,on_ds_daily_axis
BW-AKSY_OLD,AKSY_OLD,2026-07-08,2006-12-05,on_ds_daily_axis
BW-IPIX_OLD,IPIX_OLD,2026-07-08,2006-07-28,on_ds_daily_axis
BW-AMFC_OLD,AMFC_OLD,2026-07-08,2004-12-31,on_ds_daily_axis
BW-CRDT_OLD,CRDT_OLD,2026-07-08,2000-06-21,on_ds_daily_axis
BW-SNRS_OLD,SNRS_OLD,2026-07-08,2002-02-13,on_ds_daily_axis
BW-PRRR_OLD,PRRR_OLD,2026-07-08,2004-12-31,on_ds_daily_axis
BW-PIXT_OLD,PIXT_OLD,2026-07-08,2002-02-12,on_ds_daily_axis
BW-TFS_OLD,TFS_OLD,2026-07-08,2005-06-09,on_ds_daily_axis
BW-USPL_OLD,USPL_OLD,2026-07-08,2003-05-28,on_ds_daily_axis
BW-GBTVK_OLD,GBTVK_OLD,2026-07-08,2004-08-04,on_ds_daily_axis
BW-MPQ_OLD,MPQ_OLD,2026-07-08,2005-11-02,on_ds_daily_axis
BW-CLR_OLD,CLR_OLD,2026-07-08,2002-03-08,on_ds_daily_axis
BW-CWON_OLD,CWON_OLD,2026-07-08,2002-12-09,on_ds_daily_axis
BW-TOK_OLD,TOK_OLD,2026-07-08,2000-07-13,on_ds_daily_axis
BW-SHD_OLD,SHD_OLD,2026-07-08,2005-03-07,on_ds_daily_axis
BW-FOOD_OLD,FOOD_OLD,2026-07-08,2002-04-03,on_ds_daily_axis
BW-FLD_OLD,FLD_OLD,2026-07-08,2001-08-14,on_ds_daily_axis
BW-LQID_OLD,LQID_OLD,2026-07-08,2003-06-04,on_ds_daily_axis
BW-KTEL_OLD,KTEL_OLD,2026-07-08,2000-09-26,on_ds_daily_axis
BW-TTLA_OLD,TTLA_OLD,2026-07-08,2003-10-20,on_ds_daily_axis
BW-MAXI_OLD,MAXI_OLD,2026-07-08,2001-05-24,on_ds_daily_axis
BW-IMNR_OLD,IMNR_OLD,2026-07-08,2005-11-23,on_ds_daily_axis
BW-DVI_OLD,DVI_OLD,2026-07-08,2003-08-13,on_ds_daily_axis
BW-NXWX_OLD,NXWX_OLD,2026-07-08,2001-10-30,on_ds_daily_axis
BW-AERS_OLD,AERS_OLD,2026-07-08,2003-12-23,on_ds_daily_axis
BW-NOVT_OLD,NOVT_OLD,2026-07-08,2006-03-31,on_ds_daily_axis
BW-CBIS_OLD,CBIS_OLD,2026-07-08,2001-09-19,on_ds_daily_axis
BW-PEOP_OLD,PEOP_OLD,2026-07-08,2002-07-31,on_ds_daily_axis
BW-MCBN_OLD,MCBN_OLD,2026-07-08,2000-08-31,on_ds_daily_axis
BW-LXMO_OLD,LXMO_OLD,2026-07-08,2003-03-20,on_ds_daily_axis
BW-AALA_OLD,AALA_OLD,2026-07-08,2002-08-19,on_ds_daily_axis
BW-FBCE_OLD,FBCE_OLD,2026-07-08,2003-06-18,on_ds_daily_axis
BW-MESG_OLD,MESG_OLD,2026-07-08,2002-01-18,on_ds_daily_axis
BW-MUI_OLD,MUI_OLD,2026-07-08,2001-11-14,on_ds_daily_axis
BW-AQIS_OLD,AQIS_OLD,2026-07-08,2000-10-18,on_ds_daily_axis
BW-SIGC_OLD,SIGC_OLD,2026-07-08,2000-07-07,on_ds_daily_axis
BW-ITEQ_OLD,ITEQ_OLD,2026-07-08,2000-09-06,on_ds_daily_axis
BW-HGPI_OLD,HGPI_OLD,2026-07-08,2003-12-10,on_ds_daily_axis
BW-FRTG_OLD,FRTG_OLD,2026-07-08,2002-07-26,on_ds_daily_axis
BW-TRUE_OLD,TRUE_OLD,2026-07-08,2002-10-04,on_ds_daily_axis
BW-LSR_OLD,LSR_OLD,2026-07-08,2003-12-31,on_ds_daily_axis
BW-ALGX_OLD,ALGX_OLD,2026-07-08,2003-05-23,on_ds_daily_axis
BW-CGCP_OLD,CGCP_OLD,2026-07-08,2003-04-02,on_ds_daily_axis
BW-SITE_OLD,SITE_OLD,2026-07-08,2002-11-25,on_ds_daily_axis
BW-ALIF_OLD,ALIF_OLD,2026-07-08,2001-08-17,on_ds_daily_axis
BW-CNRD_OLD,CNRD_OLD,2026-07-08,2005-03-30,on_ds_daily_axis
BW-JWL_OLD,JWL_OLD,2026-07-08,2005-10-27,on_ds_daily_axis
BW-IMPT_OLD,IMPT_OLD,2026-07-08,2002-05-23,on_ds_daily_axis
BW-PFG_OLD,PFG_OLD,2026-07-08,2000-01-07,on_ds_daily_axis
BW-EX_OLD,EX_OLD,2026-07-08,2002-02-14,on_ds_daily_axis
BW-EZR_OLD,EZR_OLD,2026-07-08,2001-07-17,on_ds_daily_axis
BW-EECN_OLD,EECN_OLD,2026-07-08,2000-09-08,on_ds_daily_axis
BW-SCBS_OLD,SCBS_OLD,2026-07-08,2000-01-14,on_ds_daily_axis
BW-ELAM_OLD,ELAM_OLD,2026-07-08,2006-01-27,on_ds_daily_axis
BW-MAX_OLD,MAX_OLD,2026-07-08,2005-09-16,on_ds_daily_axis
BW-CNDL_OLD,CNDL_OLD,2026-07-08,2002-06-18,on_ds_daily_axis
BW-VASO_OLD,VASO_OLD,2026-07-08,2006-05-25,on_ds_daily_axis
BW-CAFE_OLD,CAFE_OLD,2026-07-08,2005-09-09,on_ds_daily_axis
BW-VNCI_OLD,VNCI_OLD,2026-07-08,2001-10-31,on_ds_daily_axis
BW-PHYC_OLD,PHYC_OLD,2026-07-08,2000-08-24,on_ds_daily_axis
BW-BD_OLD,BD_OLD,2026-07-08,2002-03-28,on_ds_daily_axis
BW-ENGEF_OLD,ENGEF_OLD,2026-07-08,2003-09-05,on_ds_daily_axis
BW-MAJ_OLD,MAJ_OLD,2026-07-08,2004-02-19,on_ds_daily_axis
BW-ICHR_OLD,ICHR_OLD,2026-07-08,2000-02-08,on_ds_daily_axis
BW-YOCM_OLD,YOCM_OLD,2026-07-08,2005-12-30,on_ds_daily_axis
BW-MRVT_OLD,MRVT_OLD,2026-07-08,2002-07-11,on_ds_daily_axis
BW-NXRA_OLD,NXRA_OLD,2026-07-08,2003-11-28,on_ds_daily_axis
BW-PMED_OLD,PMED_OLD,2026-07-08,2003-06-25,on_ds_daily_axis
BW-CCH_OLD,CCH_OLD,2026-07-08,2001-11-27,on_ds_daily_axis
BW-CITY_OLD,CITY_OLD,2026-07-08,2005-02-03,on_ds_daily_axis
BW-MDEA_OLD,MDEA_OLD,2026-07-08,2003-11-24,on_ds_daily_axis
BW-FGH_OLD,FGH_OLD,2026-07-08,2001-04-19,on_ds_daily_axis
BW-CHT_OLD,CHT_OLD,2026-07-08,2002-01-30,on_ds_daily_axis
BW-DIGX_OLD,DIGX_OLD,2026-07-08,2003-02-27,on_ds_daily_axis
BW-GCG_OLD,GCG_OLD,2026-07-08,2001-07-18,on_ds_daily_axis
BW-AGI_OLD,AGI_OLD,2026-07-08,2002-07-09,on_ds_daily_axis
BW-SWHI_OLD,SWHI_OLD,2026-07-08,2005-08-09,on_ds_daily_axis
BW-NCNX_OLD,NCNX_OLD,2026-07-08,2003-08-13,on_ds_daily_axis
BW-HUF_OLD,HUF_OLD,2026-07-08,2004-08-13,on_ds_daily_axis
BW-YFM_OLD,YFM_OLD,2026-07-08,2003-12-23,on_ds_daily_axis
BW-GHV_OLD,GHV_OLD,2026-07-08,2000-06-23,on_ds_daily_axis
BW-TGSI_OLD,TGSI_OLD,2026-07-08,2000-03-15,on_ds_daily_axis
BW-SOS_OLD,SOS_OLD,2026-07-08,2004-12-31,on_ds_daily_axis
BW-ENC_OLD,ENC_OLD,2026-07-08,2006-06-09,on_ds_daily_axis
BW-OPUS_OLD,OPUS_OLD,2026-07-08,2001-06-28,on_ds_daily_axis
BW-NETO_OLD,NETO_OLD,2026-07-08,2001-08-28,on_ds_daily_axis
BW-PCTH_OLD,PCTH_OLD,2026-07-08,2001-06-27,on_ds_daily_axis
BW-ETA_OLD,ETA_OLD,2026-07-08,2001-10-10,on_ds_daily_axis
BW-XEDA_OLD,XEDA_OLD,2026-07-08,2005-07-06,on_ds_daily_axis
BW-SEI_OLD,SEI_OLD,2026-07-08,2003-03-14,on_ds_daily_axis
BW-HYPR_OLD,HYPR_OLD,2026-07-08,2004-09-22,on_ds_daily_axis
BW-SHM_OLD,SHM_OLD,2026-07-08,2003-06-02,on_ds_daily_axis
BW-GXY_OLD,GXY_OLD,2026-07-08,2006-05-05,on_ds_daily_axis
BW-AMTA_OLD,AMTA_OLD,2026-07-08,2005-09-09,on_ds_daily_axis
BW-ACRO_OLD,ACRO_OLD,2026-07-08,2000-08-14,on_ds_daily_axis
BW-TFH_OLD,TFH_OLD,2026-07-08,2002-04-29,on_ds_daily_axis
BW-BRST_OLD,BRST_OLD,2026-07-08,2001-05-29,on_ds_daily_axis
BW-FAIM_OLD,FAIM_OLD,2026-07-08,2004-06-23,on_ds_daily_axis
BW-CDEN_OLD,CDEN_OLD,2026-07-08,2004-04-06,on_ds_daily_axis
BW-ABLE_OLD,ABLE_OLD,2026-07-08,2006-10-12,on_ds_daily_axis
BW-ALRC_OLD,ALRC_OLD,2026-07-08,2001-06-19,on_ds_daily_axis
BW-CO_OLD,CO_OLD,2026-07-08,2005-06-28,on_ds_daily_axis
BW-UBNT_OLD,UBNT_OLD,2026-07-08,2000-10-17,on_ds_daily_axis
BW-LIBHB_OLD,LIBHB_OLD,2026-07-08,2004-05-21,on_ds_daily_axis
BW-AIZ_OLD,AIZ_OLD,2026-07-08,2003-03-31,on_ds_daily_axis
BW-SDNA_OLD,SDNA_OLD,2026-07-08,2003-01-08,on_ds_daily_axis
BW-EATS_OLD,EATS_OLD,2026-07-08,2003-05-02,on_ds_daily_axis
BW-LIBHA_OLD,LIBHA_OLD,2026-07-08,2004-05-21,on_ds_daily_axis
BW-IMPV_OLD,IMPV_OLD,2026-07-08,2001-06-28,on_ds_daily_axis
BW-OAR_OLD,OAR_OLD,2026-07-08,2004-08-20,on_ds_daily_axis
BW-HWEN_OLD,HWEN_OLD,2026-07-08,2005-02-25,on_ds_daily_axis
BW-CYR_OLD,CYR_OLD,2026-07-08,2000-09-07,on_ds_daily_axis
BW-SSLI_OLD,SSLI_OLD,2026-07-08,2005-03-16,on_ds_daily_axis
BW-UCP_OLD,UCP_OLD,2026-07-08,2000-11-24,on_ds_daily_axis
BW-PGI_OLD,PGI_OLD,2026-07-08,2002-05-13,on_ds_daily_axis
BW-EMED_OLD,EMED_OLD,2026-07-08,2001-06-29,on_ds_daily_axis
BW-METHB_OLD,METHB_OLD,2026-07-08,2004-01-08,on_ds_daily_axis
BW-AIF_OLD,AIF_OLD,2026-07-08,2002-11-18,on_ds_daily_axis
BW-DKEY_OLD,DKEY_OLD,2026-07-08,2003-11-12,on_ds_daily_axis
BW-VCST_OLD,VCST_OLD,2026-07-08,2002-04-03,on_ds_daily_axis
BW-MPH_OLD,MPH_OLD,2026-07-08,2003-10-15,on_ds_daily_axis
BW-AWWC_OLD,AWWC_OLD,2026-07-08,2001-07-16,on_ds_daily_axis
BW-SLS_OLD,SLS_OLD,2026-07-08,2006-11-16,on_ds_daily_axis
BW-COOL_OLD,COOL_OLD,2026-07-08,2001-11-08,on_ds_daily_axis
BW-WS_OLD,WS_OLD,2026-07-08,2001-09-05,on_ds_daily_axis
BW-IPLY_OLD,IPLY_OLD,2026-07-08,2002-10-08,on_ds_daily_axis
BW-KSR_OLD,KSR_OLD,2026-07-08,2000-03-07,on_ds_daily_axis
BW-PRT_OLD,PRT_OLD,2026-07-08,2001-09-26,on_ds_daily_axis
BW-GBUR_OLD,GBUR_OLD,2026-07-08,2001-02-28,on_ds_daily_axis
BW-ONEV_OLD,ONEV_OLD,2026-07-08,2002-08-22,on_ds_daily_axis
BW-FRA_OLD,FRA_OLD,2026-07-08,2000-06-15,on_ds_daily_axis
BW-FMK_OLD,FMK_OLD,2026-07-08,2004-03-30,on_ds_daily_axis
BW-IVBK_OLD,IVBK_OLD,2026-07-08,2001-08-10,on_ds_daily_axis
BW-URSID_OLD,URSID_OLD,2026-07-08,2000-05-19,on_ds_daily_axis
BW-PTX_OLD,PTX_OLD,2026-07-08,2000-11-13,on_ds_daily_axis
BW-MEDJ_OLD,MEDJ_OLD,2026-07-08,2001-02-06,on_ds_daily_axis
BW-MRI_OLD2,MRI_OLD2,2026-07-08,2005-12-01,on_ds_daily_axis
BW-TRGP_OLD,TRGP_OLD,2026-07-08,2000-10-24,on_ds_daily_axis
BW-BVA_OLD,BVA_OLD,2026-07-08,2003-11-28,on_ds_daily_axis
BW-EZEN_OLD,EZEN_OLD,2026-07-08,2003-08-11,on_ds_daily_axis
BW-ROU_OLD,ROU_OLD,2026-07-08,2003-03-21,on_ds_daily_axis
BW-BNS_OLD,BNS_OLD,2026-07-08,2002-02-08,on_ds_daily_axis
BW-ADP_OLD,ADP_OLD,2026-07-08,2000-10-02,on_ds_daily_axis
BW-ZCOM_OLD,ZCOM_OLD,2026-07-08,2006-09-01,on_ds_daily_axis
BW-TWED_OLD,TWED_OLD,2026-07-08,2003-11-24,on_ds_daily_axis
BW-ROHN_OLD,ROHN_OLD,2026-07-08,2003-07-18,on_ds_daily_axis
BW-JLMC_OLD,JLMC_OLD,2026-07-08,2005-04-28,on_ds_daily_axis
BW-AVCS_OLD,AVCS_OLD,2026-07-08,2005-08-22,on_ds_daily_axis
BW-NXPS_OLD,NXPS_OLD,2026-07-08,2003-12-04,on_ds_daily_axis
BW-PFT_OLD,PFT_OLD,2026-07-08,2005-08-17,on_ds_daily_axis
BW-SMTR_OLD,SMTR_OLD,2026-07-08,2003-05-28,on_ds_daily_axis
BW-PNFT_OLD,PNFT_OLD,2026-07-08,2003-05-29,on_ds_daily_axis
BW-ICL_OLD,ICL_OLD,2026-07-08,2001-03-23,on_ds_daily_axis
BW-WIKS_OLD,WIKS_OLD,2026-07-08,2003-09-22,on_ds_daily_axis
BW-ELOQ_OLD,ELOQ_OLD,2026-07-08,2003-03-20,on_ds_daily_axis
BW-ANCO_OLD,ANCO_OLD,2026-07-08,2000-09-29,on_ds_daily_axis
BW-TRDX_OLD,TRDX_OLD,2026-07-08,2000-05-02,on_ds_daily_axis
BW-SBIG_OLD,SBIG_OLD,2026-07-08,2000-11-13,on_ds_daily_axis
BW-DRRA_OLD,DRRA_OLD,2026-07-08,2006-11-07,on_ds_daily_axis
BW-CTI_OLD,CTI_OLD,2026-07-08,2003-04-02,on_ds_daily_axis
BW-TCPI_OLD,TCPI_OLD,2026-07-08,2000-12-07,on_ds_daily_axis
BW-DYX_OLD,DYX_OLD,2026-07-08,2006-02-08,on_ds_daily_axis
BW-TRIN_OLD,TRIN_OLD,2026-07-08,2005-11-18,on_ds_daily_axis
BW-FAME_OLD,FAME_OLD,2026-07-08,2005-05-17,on_ds_daily_axis
BW-ELGT_OLD,ELGT_OLD,2026-07-08,2001-06-13,on_ds_daily_axis
BW-WQNI_OLD,WQNI_OLD,2026-07-08,2006-06-30,on_ds_daily_axis
BW-NFF_OLD,NFF_OLD,2026-07-08,2001-11-23,on_ds_daily_axis
BW-EXBT_OLD,EXBT_OLD,2026-07-08,2003-03-21,on_ds_daily_axis
BW-VONE_OLD,VONE_OLD,2026-07-08,2002-10-17,on_ds_daily_axis
BW-SVCW_OLD,SVCW_OLD,2026-07-08,2003-05-02,on_ds_daily_axis
BW-VSLF_OLD,VSLF_OLD,2026-07-08,2001-08-07,on_ds_daily_axis
BW-SSN_OLD,SSN_OLD,2026-07-08,2002-10-24,on_ds_daily_axis
BW-CLIC_OLD,CLIC_OLD,2026-07-08,2001-07-17,on_ds_daily_axis
BW-ICOR_OLD,ICOR_OLD,2026-07-08,2005-06-30,on_ds_daily_axis
BW-ESREF_OLD,ESREF_OLD,2026-07-08,2003-02-03,on_ds_daily_axis
BW-TGLO_OLD,TGLO_OLD,2026-07-08,2001-04-20,on_ds_daily_axis
BW-CLV_OLD,CLV_OLD,2026-07-08,2002-03-21,on_ds_daily_axis
BW-WLK_OLD,WLK_OLD,2026-07-08,2001-04-24,on_ds_daily_axis
BW-UACA_OLD,UACA_OLD,2026-07-08,2002-11-11,on_ds_daily_axis
BW-ELCO_OLD,ELCO_OLD,2026-07-08,2003-01-15,on_ds_daily_axis
BW-FTR_OLD,FTR_OLD,2026-07-08,2001-02-01,on_ds_daily_axis
BW-PRMO_OLD,PRMO_OLD,2026-07-08,2001-06-28,on_ds_daily_axis
BW-PRC_OLD,PRC_OLD,2026-07-08,2004-03-25,on_ds_daily_axis
BW-RSLC_OLD,RSLC_OLD,2026-07-08,2000-12-28,on_ds_daily_axis
BW-ROW_OLD,ROW_OLD,2026-07-08,2006-09-19,on_ds_daily_axis
BW-WOLV_OLD,WOLV_OLD,2026-07-08,2006-05-15,on_ds_daily_axis
BW-GENBB_OLD,GENBB_OLD,2026-07-08,2003-12-31,on_ds_daily_axis
BW-CN_OLD,CN_OLD,2026-07-08,2004-04-05,on_ds_daily_axis
BW-DTEC_OLD,DTEC_OLD,2026-07-08,2002-06-26,on_ds_daily_axis
BW-HTH_OLD,HTH_OLD,2026-07-08,2001-11-06,on_ds_daily_axis
BW-HXF_OLD,HXF_OLD,2026-07-08,2004-04-23,on_ds_daily_axis
BW-CAPS_OLD,CAPS_OLD,2026-07-08,2001-03-05,on_ds_daily_axis
BW-GK_OLD,GK_OLD,2026-07-08,2002-04-05,on_ds_daily_axis
BW-ABAG_OLD,ABAG_OLD,2026-07-08,2000-02-01,on_ds_daily_axis
BW-ALCI_OLD,ALCI_OLD,2026-07-08,2002-02-22,on_ds_daily_axis
BW-SRO_OLD,SRO_OLD,2026-07-08,2002-07-19,on_ds_daily_axis
BW-LTFD_OLD,LTFD_OLD,2026-07-08,2004-05-05,on_ds_daily_axis
BW-KILN_OLD,KILN_OLD,2026-07-08,2005-01-06,on_ds_daily_axis
BW-ADMG_OLD,ADMG_OLD,2026-07-08,2000-12-13,on_ds_daily_axis
BW-FVCC_OLD,FVCC_OLD,2026-07-08,2004-08-24,on_ds_daily_axis
BW-EFAX_OLD,EFAX_OLD,2026-07-08,2000-08-08,on_ds_daily_axis
BW-EVRC_OLD,EVRC_OLD,2026-07-08,2004-03-18,on_ds_daily_axis
BW-MOTO_OLD,MOTO_OLD,2026-07-08,2000-10-30,on_ds_daily_axis
BW-VSRC_OLD,VSRC_OLD,2026-07-08,2001-12-20,on_ds_daily_axis
BW-VIZY_OLD,VIZY_OLD,2026-07-08,2002-09-05,on_ds_daily_axis
BW-GFD_OLD,GFD_OLD,2026-07-08,2002-02-13,on_ds_daily_axis
BW-NRI_OLD,NRI_OLD,2026-07-08,2001-11-23,on_ds_daily_axis
BW-FNCM_OLD,FNCM_OLD,2026-07-08,2002-10-30,on_ds_daily_axis
BW-BEOS_OLD,BEOS_OLD,2026-07-08,2002-03-15,on_ds_daily_axis
BW-CURN_OLD,CURN_OLD,2026-07-08,2006-05-23,on_ds_daily_axis
BW-CSAV_OLD,CSAV_OLD,2026-07-08,2001-11-20,on_ds_daily_axis
BW-HCO_OLD,HCO_OLD,2026-07-08,2001-06-12,on_ds_daily_axis
BW-TESI_OLD,TESI_OLD,2026-07-08,2002-10-09,on_ds_daily_axis
BW-ODMO_OLD,ODMO_OLD,2026-07-08,2006-08-11,on_ds_daily_axis
BW-JNS_OLD,JNS_OLD,2026-07-08,2000-03-16,on_ds_daily_axis
BW-CDCO_OLD,CDCO_OLD,2026-07-08,2002-02-06,on_ds_daily_axis
BW-EBTI_OLD,EBTI_OLD,2026-07-08,2002-05-23,on_ds_daily_axis
BW-DAWK_OLD,DAWK_OLD,2026-07-08,2001-11-16,on_ds_daily_axis
BW-PSCO_OLD,PSCO_OLD,2026-07-08,2002-04-03,on_ds_daily_axis
BW-NEOM_OLD,NEOM_OLD,2026-07-08,2002-05-16,on_ds_daily_axis
BW-LVEL_OLD,LVEL_OLD,2026-07-08,2003-01-22,on_ds_daily_axis
BW-OH_OLD,OH_OLD,2026-07-08,2002-11-14,on_ds_daily_axis
BW-PNO_OLD,PNO_OLD,2026-07-08,2006-06-22,on_ds_daily_axis
BW-FONE_OLD,FONE_OLD,2026-07-08,2000-08-28,on_ds_daily_axis
BW-NCDI_OLD,NCDI_OLD,2026-07-08,2001-03-19,on_ds_daily_axis
BW-MNPQ_OLD,MNPQ_OLD,2026-07-08,2004-07-02,on_ds_daily_axis
BW-MHU_OLD,MHU_OLD,2026-07-08,2003-04-25,on_ds_daily_axis
BW-PVII_OLD,PVII_OLD,2026-07-08,2003-03-12,on_ds_daily_axis
BW-PGLD_OLD,PGLD_OLD,2026-07-08,2003-08-19,on_ds_daily_axis
BW-TSCP_OLD2,TSCP_OLD2,2026-07-08,2001-04-27,on_ds_daily_axis
BW-FTG_OLD,FTG_OLD,2026-07-08,2005-12-29,on_ds_daily_axis
BW-ORTC_OLD,ORTC_OLD,2026-07-08,2002-08-29,on_ds_daily_axis
BW-GWO_OLD,GWO_OLD,2026-07-08,2000-06-02,on_ds_daily_axis
BW-CLTK_OLD,CLTK_OLD,2026-07-08,2005-07-08,on_ds_daily_axis
BW-LTWC_OLD,LTWC_OLD,2026-07-08,2003-01-13,on_ds_daily_axis
BW-BCTI_OLD,BCTI_OLD,2026-07-08,2001-09-07,on_ds_daily_axis
BW-TIXX_OLD,TIXX_OLD,2026-07-08,2003-02-03,on_ds_daily_axis
BW-SOBI_OLD,SOBI_OLD,2026-07-08,2004-08-06,on_ds_daily_axis
BW-SKI_OLD,SKI_OLD,2026-07-08,2002-03-13,on_ds_daily_axis
BW-ATIS_OLD,ATIS_OLD,2026-07-08,2002-10-21,on_ds_daily_axis
BW-AB_OLD,AB_OLD,2026-07-08,2003-10-14,on_ds_daily_axis
BW-DDIC_OLD,DDIC_OLD,2026-07-08,2003-04-14,on_ds_daily_axis
BW-SBIO_OLD,SBIO_OLD,2026-07-08,2001-05-29,on_ds_daily_axis
BW-CNV_OLD,CNV_OLD,2026-07-08,2004-09-27,on_ds_daily_axis
BW-FSVP_OLD,FSVP_OLD,2026-07-08,2001-04-04,on_ds_daily_axis
BW-TMOS_OLD,TMOS_OLD,2026-07-08,2003-09-25,on_ds_daily_axis
BW-WFHC_OLD,WFHC_OLD,2026-07-08,2004-04-13,on_ds_daily_axis
BW-NS_OLD,NS_OLD,2026-07-08,2002-03-15,on_ds_daily_axis
BW-HMD_OLD,HMD_OLD,2026-07-08,2003-07-22,on_ds_daily_axis
BW-ELEC_OLD,ELEC_OLD,2026-07-08,2002-02-13,on_ds_daily_axis
BW-GTN_OLD,GTN_OLD,2026-07-08,2001-12-18,on_ds_daily_axis
BW-REXL_OLD,REXL_OLD,2026-07-08,2004-11-22,on_ds_daily_axis
BW-HICKA_OLD,HICKA_OLD,2026-07-08,2004-04-14,on_ds_daily_axis
BW-PATI_OLD,PATI_OLD,2026-07-08,2000-09-13,on_ds_daily_axis
BW-RDVW_OLD,RDVW_OLD,2026-07-08,2004-09-17,on_ds_daily_axis
BW-GEEK_OLD,GEEK_OLD,2026-07-08,2001-08-14,on_ds_daily_axis
BW-VITK_OLD,VITK_OLD,2026-07-08,2000-03-31,on_ds_daily_axis
BW-VCR_OLD,VCR_OLD,2026-07-08,2001-06-27,on_ds_daily_axis
BW-PCOM_OLD,PCOM_OLD,2026-07-08,2003-03-07,on_ds_daily_axis
BW-THM_OLD,THM_OLD,2026-07-08,2006-10-23,on_ds_daily_axis
BW-ORG_OLD,ORG_OLD,2026-07-08,2002-08-20,on_ds_daily_axis
BW-WAVE_OLD,WAVE_OLD,2026-07-08,2002-08-12,on_ds_daily_axis
BW-CLPT_OLD,CLPT_OLD,2026-07-08,2002-06-25,on_ds_daily_axis
BW-DAOU_OLD,DAOU_OLD,2026-07-08,2001-04-24,on_ds_daily_axis
BW-GLIA_OLD,GLIA_OLD,2026-07-08,2002-01-17,on_ds_daily_axis
BW-NCSS_OLD,NCSS_OLD,2026-07-08,2000-10-19,on_ds_daily_axis
BW-CKE_OLD,CKE_OLD,2026-07-08,2001-01-11,on_ds_daily_axis
BW-KYZN_OLD,KYZN_OLD,2026-07-08,2000-02-01,on_ds_daily_axis
BW-AVS_OLD,AVS_OLD,2026-07-08,2001-12-06,on_ds_daily_axis
BW-PRTK_OLD,PRTK_OLD,2026-07-08,2001-08-10,on_ds_daily_axis
BW-LOD_OLD,LOD_OLD,2026-07-08,2001-11-28,on_ds_daily_axis
BW-TMED_OLD,TMED_OLD,2026-07-08,2002-10-17,on_ds_daily_axis
BW-CASC_OLD,CASC_OLD,2026-07-08,2001-12-28,on_ds_daily_axis
BW-CLAI_OLD,CLAI_OLD,2026-07-08,2002-03-05,on_ds_daily_axis
BW-ATMS_OLD,ATMS_OLD,2026-07-08,2003-03-25,on_ds_daily_axis
BW-SMAN_OLD,SMAN_OLD,2026-07-08,2006-05-22,on_ds_daily_axis
BW-INFD_OLD,INFD_OLD,2026-07-08,2001-07-18,on_ds_daily_axis
BW-JAGI_OLD,JAGI_OLD,2026-07-08,2003-11-06,on_ds_daily_axis
BW-DOLL_OLD,DOLL_OLD,2026-07-08,2004-07-13,on_ds_daily_axis
BW-LFP_OLD,LFP_OLD,2026-07-08,2005-05-02,on_ds_daily_axis
BW-STRO_OLD,STRO_OLD,2026-07-08,2000-09-07,on_ds_daily_axis
BW-GSTN_OLD,GSTN_OLD,2026-07-08,2001-06-20,on_ds_daily_axis
BW-CERB_OLD,CERB_OLD,2026-07-08,2001-06-26,on_ds_daily_axis
BW-REPT_OLD,REPT_OLD,2026-07-08,2003-09-19,on_ds_daily_axis
BW-DNLI_OLD,DNLI_OLD,2026-07-08,2000-10-27,on_ds_daily_axis
BW-SOSS_OLD,SOSS_OLD,2026-07-08,2003-11-04,on_ds_daily_axis
BW-IFCI_OLD,IFCI_OLD,2026-07-08,2002-02-12,on_ds_daily_axis
BW-GPO_OLD,GPO_OLD,2026-07-08,2000-04-24,on_ds_daily_axis
BW-HLD_OLD,HLD_OLD,2026-07-08,2006-07-24,on_ds_daily_axis
BW-ENTX_OLD,ENTX_OLD,2026-07-08,2005-02-15,on_ds_daily_axis
BW-WNMLA_OLD,WNMLA_OLD,2026-07-08,2004-08-05,on_ds_daily_axis
BW-NMN_OLD,NMN_OLD,2026-07-08,2004-01-13,on_ds_daily_axis
BW-WHX_OLD,WHX_OLD,2026-07-08,2005-03-07,on_ds_daily_axis
BW-BNRX_OLD,BNRX_OLD,2026-07-08,2001-07-18,on_ds_daily_axis
BW-SALD_OLD,SALD_OLD,2026-07-08,2004-07-20,on_ds_daily_axis
BW-LUCR_OLD,LUCR_OLD,2026-07-08,2000-08-23,on_ds_daily_axis
BW-SYNL_OLD,SYNL_OLD,2026-07-08,2002-08-12,on_ds_daily_axis
BW-INCC_OLD,INCC_OLD,2026-07-08,2000-11-29,on_ds_daily_axis
BW-GLUX_OLD,GLUX_OLD,2026-07-08,2002-08-13,on_ds_daily_axis
BW-TELT_OLD,TELT_OLD,2026-07-08,2002-03-28,on_ds_daily_axis
BW-PHLI_OLD,PHLI_OLD,2026-07-08,2003-08-19,on_ds_daily_axis
BW-BPNT_OLD,BPNT_OLD,2026-07-08,2003-07-24,on_ds_daily_axis
BW-GOJO_OLD,GOJO_OLD,2026-07-08,2003-04-25,on_ds_daily_axis
BW-GDEN_OLD,GDEN_OLD,2026-07-08,2001-01-18,on_ds_daily_axis
BW-INOW_OLD,INOW_OLD,2026-07-08,2005-12-19,on_ds_daily_axis
BW-DVID_OLD,DVID_OLD,2026-07-08,2005-07-14,on_ds_daily_axis
BW-VCMP_OLD,VCMP_OLD,2026-07-08,2006-07-03,on_ds_daily_axis
BW-HMF_OLD,HMF_OLD,2026-07-08,2003-11-18,on_ds_daily_axis
BW-CRAN_OLD,CRAN_OLD,2026-07-08,2004-10-28,on_ds_daily_axis
BW-MCCL_OLD,MCCL_OLD,2026-07-08,2002-12-12,on_ds_daily_axis
BW-ANII_OLD,ANII_OLD,2026-07-08,2003-06-23,on_ds_daily_axis
BW-CLWY_OLD,CLWY_OLD,2026-07-08,2004-01-29,on_ds_daily_axis
BW-WSII_OLD,WSII_OLD,2026-07-08,2001-01-11,on_ds_daily_axis
BW-ARTD_OLD,ARTD_OLD,2026-07-08,2003-05-08,on_ds_daily_axis
BW-DIRI_OLD,DIRI_OLD,2026-07-08,2003-10-21,on_ds_daily_axis
BW-CSCC_OLD,CSCC_OLD,2026-07-08,2003-06-20,on_ds_daily_axis
BW-DGEN_OLD,DGEN_OLD,2026-07-08,2003-07-01,on_ds_daily_axis
BW-GTII_OLD,GTII_OLD,2026-07-08,2000-06-12,on_ds_daily_axis
BW-LXU_OLD,LXU_OLD,2026-07-08,2000-11-17,on_ds_daily_axis
BW-HMGN_OLD,HMGN_OLD,2026-07-08,2003-02-27,on_ds_daily_axis
BW-VRLK_OLD,VRLK_OLD,2026-07-08,2006-04-18,on_ds_daily_axis
BW-MAGI_OLD,MAGI_OLD,2026-07-08,2003-05-22,on_ds_daily_axis
BW-GNL_OLD,GNL_OLD,2026-07-08,2002-01-04,on_ds_daily_axis
BW-DALN_OLD,DALN_OLD,2026-07-08,2002-12-30,on_ds_daily_axis
BW-FUSN_OLD,FUSN_OLD,2026-07-08,2001-04-18,on_ds_daily_axis
BW-GRCO_OLD,GRCO_OLD,2026-07-08,2001-07-06,on_ds_daily_axis
BW-NVIC_OLD,NVIC_OLD,2026-07-08,2002-05-09,on_ds_daily_axis
BW-ENHT_OLD,ENHT_OLD,2026-07-08,2001-05-29,on_ds_daily_axis
BW-DMCO_OLD,DMCO_OLD,2026-07-08,2003-07-02,on_ds_daily_axis
BW-MPWR_OLD,MPWR_OLD,2026-07-08,2002-04-03,on_ds_daily_axis
BW-BGST_OLD,BGST_OLD,2026-07-08,2001-01-16,on_ds_daily_axis
BW-FMM_OLD,FMM_OLD,2026-07-08,2002-10-03,on_ds_daily_axis
BW-UCMP_OLD,UCMP_OLD,2026-07-08,2001-05-01,on_ds_daily_axis
BW-REDI_OLD,REDI_OLD,2026-07-08,2006-02-09,on_ds_daily_axis
BW-BTSR_OLD,BTSR_OLD,2026-07-08,2001-07-02,on_ds_daily_axis
BW-THTH_OLD,THTH_OLD,2026-07-08,2002-10-03,on_ds_daily_axis
BW-SNKI_OLD,SNKI_OLD,2026-07-08,2001-05-24,on_ds_daily_axis
BW-DAYRD_OLD,DAYRD_OLD,2026-07-08,2000-06-28,on_ds_daily_axis
BW-KME_OLD,KME_OLD,2026-07-08,2002-07-31,on_ds_daily_axis
BW-GTLL_OLD,GTLL_OLD,2026-07-08,2001-08-07,on_ds_daily_axis
BW-GOLF_OLD,GOLF_OLD,2026-07-08,2002-10-29,on_ds_daily_axis
BW-THDO_OLD,THDO_OLD,2026-07-08,2003-06-06,on_ds_daily_axis
BW-PMCO_OLD,PMCO_OLD,2026-07-08,2001-02-01,on_ds_daily_axis
BW-SHLL_OLD,SHLL_OLD,2026-07-08,2000-11-24,on_ds_daily_axis
BW-STOK_OLD,STOK_OLD,2026-07-08,2002-02-06,on_ds_daily_axis
BW-BYND_OLD,BYND_OLD,2026-07-08,2002-01-24,on_ds_daily_axis
BW-AXLE_OLD,AXLE_OLD,2026-07-08,2000-06-21,on_ds_daily_axis
BW-BTRN_OLD,BTRN_OLD,2026-07-08,2003-03-10,on_ds_daily_axis
BW-REAL_OLD,REAL_OLD,2026-07-08,2005-02-23,on_ds_daily_axis
BW-NTPL_OLD,NTPL_OLD,2026-07-08,2001-04-11,on_ds_daily_axis
BW-HEA_OLD,HEA_OLD,2026-07-08,2003-06-30,on_ds_daily_axis
BW-AVXT_OLD,AVXT_OLD,2026-07-08,2003-08-21,on_ds_daily_axis
BW-WWTR_OLD,WWTR_OLD,2026-07-08,2000-08-24,on_ds_daily_axis
BW-RDRT_OLD,RDRT_OLD,2026-07-08,2003-06-23,on_ds_daily_axis
BW-RESY_OLD,RESY_OLD,2026-07-08,2003-09-29,on_ds_daily_axis
BW-SKV_OLD,SKV_OLD,2026-07-08,2000-03-31,on_ds_daily_axis
BW-DTRX_OLD,DTRX_OLD,2026-07-08,2003-10-30,on_ds_daily_axis
BW-SMPL_OLD,SMPL_OLD,2026-07-08,2001-04-02,on_ds_daily_axis
BW-BIGC_OLD,BIGC_OLD,2026-07-08,2003-08-05,on_ds_daily_axis
BW-RACE_OLD,RACE_OLD,2026-07-08,2001-07-09,on_ds_daily_axis
BW-POPM_OLD,POPM_OLD,2026-07-08,2001-01-19,on_ds_daily_axis
BW-QMM_OLD,QMM_OLD,2026-07-08,2006-12-01,on_ds_daily_axis
BW-SYCM_OLD,SYCM_OLD,2026-07-08,2001-01-08,on_ds_daily_axis
BW-INVI_OLD,INVI_OLD,2026-07-08,2001-08-15,on_ds_daily_axis
BW-ONPR_OLD,ONPR_OLD,2026-07-08,2003-06-24,on_ds_daily_axis
BW-CURA_OLD,CURA_OLD,2026-07-08,2002-08-21,on_ds_daily_axis
BW-USL_OLD,USL_OLD,2026-07-08,2003-12-04,on_ds_daily_axis
BW-TPZ_OLD,TPZ_OLD,2026-07-08,2004-01-15,on_ds_daily_axis
BW-HTEK_OLD,HTEK_OLD,2026-07-08,2003-07-24,on_ds_daily_axis
BW-GLGS_OLD,GLGS_OLD,2026-07-08,2006-02-07,on_ds_daily_axis
BW-TRND_OLD,TRND_OLD,2026-07-08,2000-08-11,on_ds_daily_axis
BW-MDNX_OLD,MDNX_OLD,2026-07-08,2001-05-09,on_ds_daily_axis
BW-HDII_OLD,HDII_OLD,2026-07-08,2003-03-20,on_ds_daily_axis
BW-VMDC_OLD,VMDC_OLD,2026-07-08,2002-09-23,on_ds_daily_axis
BW-GENU_OLD,GENU_OLD,2026-07-08,2002-12-04,on_ds_daily_axis
BW-ETV_OLD,ETV_OLD,2026-07-08,2000-11-16,on_ds_daily_axis
BW-ETRX_OLD,ETRX_OLD,2026-07-08,2003-04-11,on_ds_daily_axis
BW-IBUY_OLD2,IBUY_OLD2,2026-07-08,2002-01-24,on_ds_daily_axis
BW-INFU_OLD,INFU_OLD,2026-07-08,2001-07-12,on_ds_daily_axis
BW-SBLU_OLD,SBLU_OLD,2026-07-08,2003-04-01,on_ds_daily_axis
BW-DZTK_OLD,DZTK_OLD,2026-07-08,2003-06-12,on_ds_daily_axis
BW-ATTY_OLD,ATTY_OLD,2026-07-08,2003-02-12,on_ds_daily_axis
BW-HEAR_OLD,HEAR_OLD,2026-07-08,2001-08-14,on_ds_daily_axis
BW-CLAC_OLD,CLAC_OLD,2026-07-08,2002-12-02,on_ds_daily_axis
BW-GWRX_OLD,GWRX_OLD,2026-07-08,2002-11-05,on_ds_daily_axis
BW-BOC_OLD,BOC_OLD,2026-07-08,2000-09-20,on_ds_daily_axis
BW-BUNZ_OLD,BUNZ_OLD,2026-07-08,2004-08-11,on_ds_daily_axis
BW-RIMS_OLD,RIMS_OLD,2026-07-08,2001-05-24,on_ds_daily_axis
BW-ESSI_OLD,ESSI_OLD,2026-07-08,2001-09-05,on_ds_daily_axis
BW-SKK_OLD2,SKK_OLD2,2026-07-08,2001-11-12,on_ds_daily_axis
BW-META_OLD,META_OLD,2026-07-08,2002-04-25,on_ds_daily_axis
BW-ALYN_OLD,ALYN_OLD,2026-07-08,2000-08-01,on_ds_daily_axis
BW-ABIZ_OLD,ABIZ_OLD,2026-07-08,2002-04-04,on_ds_daily_axis
BW-KMAG_OLD,KMAG_OLD,2026-07-08,2001-08-23,on_ds_daily_axis
BW-INEI_OLD,INEI_OLD,2026-07-08,2003-05-29,on_ds_daily_axis
BW-BIKE_OLD,BIKE_OLD,2026-07-08,2003-02-10,on_ds_daily_axis
BW-EEC_OLD,EEC_OLD,2026-07-08,2003-11-28,on_ds_daily_axis
BW-VOO_OLD,VOO_OLD,2026-07-08,2003-07-11,on_ds_daily_axis
BW-CMRC_OLD,CMRC_OLD,2026-07-08,2004-10-18,on_ds_daily_axis
BW-ERMS_OLD,ERMS_OLD,2026-07-08,2003-04-03,on_ds_daily_axis
BW-BRZZ_OLD,BRZZ_OLD,2026-07-08,2003-05-30,on_ds_daily_axis
BW-MAHI_OLD,MAHI_OLD,2026-07-08,2005-08-09,on_ds_daily_axis
BW-CBEV_OLD,CBEV_OLD,2026-07-08,2001-06-18,on_ds_daily_axis
BW-IENT_OLD,IENT_OLD,2026-07-08,2001-04-04,on_ds_daily_axis
BW-JUNI_OLD,JUNI_OLD,2026-07-08,2003-12-31,on_ds_daily_axis
BW-NSPR_OLD,NSPR_OLD,2026-07-08,2002-02-14,on_ds_daily_axis
BW-THD_OLD,THD_OLD,2026-07-08,2001-02-21,on_ds_daily_axis
BW-IARC_OLD,IARC_OLD,2026-07-08,2002-08-21,on_ds_daily_axis
BW-ADLI_OLD,ADLI_OLD,2026-07-08,2003-03-25,on_ds_daily_axis
BW-TRVS_OLD,TRVS_OLD,2026-07-08,2004-11-10,on_ds_daily_axis
BW-VIS_OLD,VIS_OLD,2026-07-08,2002-08-20,on_ds_daily_axis
BW-USDC_OLD,USDC_OLD,2026-07-08,2003-05-23,on_ds_daily_axis
BW-KLOC_OLD,KLOC_OLD,2026-07-08,2001-04-17,on_ds_daily_axis
BW-GRDN_OLD,GRDN_OLD,2026-07-08,2002-04-26,on_ds_daily_axis
BW-SCCO_OLD,SCCO_OLD,2026-07-08,2000-04-27,on_ds_daily_axis
BW-IVCO_OLD,IVCO_OLD,2026-07-08,2001-04-20,on_ds_daily_axis
BW-ORFR_OLD,ORFR_OLD,2026-07-08,2003-04-10,on_ds_daily_axis
BW-FUTR_OLD,FUTR_OLD,2026-07-08,2002-12-13,on_ds_daily_axis
BW-BPMI_OLD,BPMI_OLD,2026-07-08,2005-10-17,on_ds_daily_axis
BW-TCGI_OLD,TCGI_OLD,2026-07-08,2003-10-22,on_ds_daily_axis
BW-ROIX_OLD,ROIX_OLD,2026-07-08,2001-03-14,on_ds_daily_axis
BW-VDC_OLD,VDC_OLD,2026-07-08,2001-02-07,on_ds_daily_axis
BW-FRG_OLD,FRG_OLD,2026-07-08,2002-12-31,on_ds_daily_axis
BW-TRNI_OLD,TRNI_OLD,2026-07-08,2005-12-14,on_ds_daily_axis
BW-EMCC_OLD,EMCC_OLD,2026-07-08,2001-04-27,on_ds_daily_axis
BW-KFI_OLD,KFI_OLD,2026-07-08,2001-07-20,on_ds_daily_axis
BW-PCHM_OLD,PCHM_OLD,2026-07-08,2003-12-12,on_ds_daily_axis
BW-MPML_OLD,MPML_OLD,2026-07-08,2003-02-14,on_ds_daily_axis
BW-IVOW_OLD,IVOW_OLD,2026-07-08,2006-11-29,on_ds_daily_axis
BW-CLSC_OLD,CLSC_OLD,2026-07-08,2001-11-13,on_ds_daily_axis
BW-ASPX_OLD,ASPX_OLD,2026-07-08,2003-05-01,on_ds_daily_axis
BW-SPZN_OLD,SPZN_OLD,2026-07-08,2003-12-01,on_ds_daily_axis
BW-HGAT_OLD,HGAT_OLD,2026-07-08,2002-05-23,on_ds_daily_axis
BW-NTFY_OLD,NTFY_OLD,2026-07-08,2002-09-03,on_ds_daily_axis
BW-EROX_OLD,EROX_OLD,2026-07-08,2001-04-10,on_ds_daily_axis
BW-ESAN_OLD,ESAN_OLD,2026-07-08,2002-10-30,on_ds_daily_axis
BW-FCOM_OLD,FCOM_OLD,2026-07-08,2002-12-17,on_ds_daily_axis
BW-HRVY_OLD,HRVY_OLD,2026-07-08,2001-01-30,on_ds_daily_axis
BW-MGRP_OLD,MGRP_OLD,2026-07-08,2002-07-31,on_ds_daily_axis
BW-JAZ_OLD,JAZ_OLD,2026-07-08,2000-11-29,on_ds_daily_axis
BW-MCHM_OLD,MCHM_OLD,2026-07-08,2005-11-21,on_ds_daily_axis
BW-PCN_OLD,PCN_OLD,2026-07-08,2000-12-28,on_ds_daily_axis
BW-SENG_OLD,SENG_OLD,2026-07-08,2002-10-02,on_ds_daily_axis
BW-ETCIA_OLD,ETCIA_OLD,2026-07-08,2001-07-10,on_ds_daily_axis
BW-DCSR_OLD,DCSR_OLD,2026-07-08,2003-07-03,on_ds_daily_axis
BW-BMLS_OLD,BMLS_OLD,2026-07-08,2001-03-28,on_ds_daily_axis
BW-TNR_OLD,TNR_OLD,2026-07-08,2003-07-15,on_ds_daily_axis
BW-HOST_OLD,HOST_OLD,2026-07-08,2005-08-31,on_ds_daily_axis
BW-HEAL_OLD,HEAL_OLD,2026-07-08,2002-06-24,on_ds_daily_axis
BW-CUMB_OLD,CUMB_OLD,2026-07-08,2002-09-12,on_ds_daily_axis
BW-PRAC_OLD,PRAC_OLD,2026-07-08,2001-05-03,on_ds_daily_axis
BW-WCMC_OLD,WCMC_OLD,2026-07-08,2001-09-06,on_ds_daily_axis
BW-FLCG_OLD,FLCG_OLD,2026-07-08,2002-03-28,on_ds_daily_axis
BW-BFSC_OLD,BFSC_OLD,2026-07-08,2002-05-21,on_ds_daily_axis
BW-DENT_OLD,DENT_OLD,2026-07-08,2002-06-12,on_ds_daily_axis
BW-AVLN_OLD,AVLN_OLD,2026-07-08,2003-07-15,on_ds_daily_axis
BW-AIQT_OLD,AIQT_OLD,2026-07-08,2003-03-26,on_ds_daily_axis
BW-OBJ_OLD,OBJ_OLD,2026-07-08,2002-02-28,on_ds_daily_axis
BW-DVIN_OLD,DVIN_OLD,2026-07-08,2003-03-11,on_ds_daily_axis
BW-SALN_OLD,SALN_OLD,2026-07-08,2002-11-20,on_ds_daily_axis
BW-SSET_OLD,SSET_OLD,2026-07-08,2001-05-17,on_ds_daily_axis
BW-FLSC_OLD,FLSC_OLD,2026-07-08,2002-02-11,on_ds_daily_axis
BW-TMZ_OLD,TMZ_OLD,2026-07-08,2004-06-04,on_ds_daily_axis
BW-SWWI_OLD,SWWI_OLD,2026-07-08,2002-05-03,on_ds_daily_axis
BW-GSVI_OLD,GSVI_OLD,2026-07-08,2001-03-13,on_ds_daily_axis
BW-TAC_OLD,TAC_OLD,2026-07-08,2001-05-14,on_ds_daily_axis
BW-UCTN_OLD,UCTN_OLD,2026-07-08,2002-09-12,on_ds_daily_axis
BW-OUSA_OLD,OUSA_OLD,2026-07-08,2002-11-18,on_ds_daily_axis
BW-GECC_OLD,GECC_OLD,2026-07-08,2000-01-28,on_ds_daily_axis
BW-CSA_OLD,CSA_OLD,2026-07-08,2002-10-17,on_ds_daily_axis
BW-ASIG_OLD,ASIG_OLD,2026-07-08,2003-08-04,on_ds_daily_axis
BW-SIZL_OLD,SIZL_OLD,2026-07-08,2001-12-18,on_ds_daily_axis
BW-SEYE_OLD,SEYE_OLD,2026-07-08,2001-03-15,on_ds_daily_axis
BW-SOFT_OLD,SOFT_OLD,2026-07-08,2001-04-05,on_ds_daily_axis
BW-PTRO_OLD,PTRO_OLD,2026-07-08,2002-07-08,on_ds_daily_axis
BW-SFT_OLD,SFT_OLD,2026-07-08,2002-10-15,on_ds_daily_axis
BW-LANZ_OLD,LANZ_OLD,2026-07-08,2001-03-30,on_ds_daily_axis
BW-ATHY_OLD,ATHY_OLD,2026-07-08,2002-04-25,on_ds_daily_axis
BW-TWH_OLD,TWH_OLD,2026-07-08,2006-02-14,on_ds_daily_axis
BW-PNTA_OLD,PNTA_OLD,2026-07-08,2002-03-28,on_ds_daily_axis
BW-CASL_OLD,CASL_OLD,2026-07-08,2001-05-08,on_ds_daily_axis
BW-INIS_OLD,INIS_OLD,2026-07-08,2001-04-10,on_ds_daily_axis
BW-UVEW_OLD,UVEW_OLD,2026-07-08,2002-09-12,on_ds_daily_axis
BW-TMSTB_OLD,TMSTB_OLD,2026-07-08,2000-12-01,on_ds_daily_axis
BW-CHLE_OLD,CHLE_OLD,2026-07-08,2005-10-25,on_ds_daily_axis
BW-CITI_OLD,CITI_OLD,2026-07-08,2004-12-10,on_ds_daily_axis
BW-IGR_OLD,IGR_OLD,2026-07-08,2002-07-26,on_ds_daily_axis
BW-UFMG_OLD,UFMG_OLD,2026-07-08,2002-10-24,on_ds_daily_axis
BW-FMXI_OLD,FMXI_OLD,2026-07-08,2005-09-27,on_ds_daily_axis
BW-ORYX_OLD,ORYX_OLD,2026-07-08,2003-01-09,on_ds_daily_axis
BW-EDG_OLD,EDG_OLD,2026-07-08,2003-03-11,on_ds_daily_axis
BW-CLIK_OLD,CLIK_OLD,2026-07-08,2003-03-04,on_ds_daily_axis
BW-ODETB_OLD,ODETB_OLD,2026-07-08,2003-04-22,on_ds_daily_axis
BW-STAD_OLD,STAD_OLD,2026-07-08,2003-02-12,on_ds_daily_axis
BW-II_OLD,II_OLD,2026-07-08,2004-07-14,on_ds_daily_axis
BW-IMCI_OLD,IMCI_OLD,2026-07-08,2003-03-25,on_ds_daily_axis
BW-QKKA_OLD,QKKA_OLD,2026-07-08,2001-04-18,on_ds_daily_axis
BW-HII_OLD,HII_OLD,2026-07-08,2002-04-16,on_ds_daily_axis
BW-USAM_OLD,USAM_OLD,2026-07-08,2000-10-18,on_ds_daily_axis
BW-EMP_OLD,EMP_OLD,2026-07-08,2000-11-16,on_ds_daily_axis
BW-PLR_OLD2,PLR_OLD2,2026-07-08,2005-01-06,on_ds_daily_axis
BW-RAVE_OLD,RAVE_OLD,2026-07-08,2001-01-08,on_ds_daily_axis
BW-PIX_OLD,PIX_OLD,2026-07-08,2001-04-24,on_ds_daily_axis
BW-PRVL_OLD,PRVL_OLD,2026-07-08,2002-04-26,on_ds_daily_axis
BW-IBHVF_OLD,IBHVF_OLD,2026-07-08,2003-02-14,on_ds_daily_axis
BW-RPD_OLD,RPD_OLD,2026-07-08,2000-12-29,on_ds_daily_axis
BW-EVV_OLD,EVV_OLD,2026-07-08,2002-10-15,on_ds_daily_axis
BW-AASP_OLD,AASP_OLD,2026-07-08,2001-01-09,on_ds_daily_axis
BW-PCDI_OLD,PCDI_OLD,2026-07-08,2003-01-30,on_ds_daily_axis
BW-BND_OLD,BND_OLD,2026-07-08,2003-03-12,on_ds_daily_axis
BW-APMC_OLD,APMC_OLD,2026-07-08,2003-01-02,on_ds_daily_axis
BW-DTII_OLD,DTII_OLD,2026-07-08,2004-05-24,on_ds_daily_axis
BW-CCOM_OLD,CCOM_OLD,2026-07-08,2002-06-07,on_ds_daily_axis
BW-MSOL_OLD,MSOL_OLD,2026-07-08,2000-12-29,on_ds_daily_axis
BW-TTV_OLD,TTV_OLD,2026-07-08,2004-05-19,on_ds_daily_axis
BW-PSI_OLD,PSI_OLD,2026-07-08,2002-10-21,on_ds_daily_axis
BW-SMCS_OLD,SMCS_OLD,2026-07-08,2002-07-09,on_ds_daily_axis
BW-OTR_OLD,OTR_OLD,2026-07-08,2001-05-08,on_ds_daily_axis
BW-HFD_OLD,HFD_OLD,2026-07-08,2001-04-17,on_ds_daily_axis
BW-PPRO_OLD,PPRO_OLD,2026-07-08,2002-10-21,on_ds_daily_axis
BW-DRH_OLD,DRH_OLD,2026-07-08,2003-07-25,on_ds_daily_axis
BW-ENE_OLD2,ENE_OLD2,2026-07-08,2002-01-11,on_ds_daily_axis
BW-CHA_OLD2,CHA_OLD2,2026-07-08,2000-06-20,on_ds_daily_axis
BW-MIR_OLD2,MIR_OLD2,2026-07-08,2000-05-31,on_ds_daily_axis
BW-ONDS_OLD2,ONDS_OLD2,2026-07-08,2000-07-05,on_ds_daily_axis
BW-BEAM_OLD2,BEAM_OLD2,2026-07-08,2000-08-31,on_ds_daily_axis
BW-LI_OLD2,LI_OLD2,2026-07-08,2000-12-20,on_ds_daily_axis
BW-TII_OLD2,TII_OLD2,2026-07-08,2005-07-01,on_ds_daily_axis
BW-PATH_OLD2,PATH_OLD2,2026-07-08,2003-03-27,on_ds_daily_axis
BW-SMI_OLD2,SMI_OLD2,2026-07-08,2001-09-05,on_ds_daily_axis
BW-PN_OLD2,PN_OLD2,2026-07-08,2001-03-26,on_ds_daily_axis
BW-TGN_OLD2,TGN_OLD2,2026-07-08,2000-03-24,on_ds_daily_axis
BW-PLAY_OLD2,PLAY_OLD2,2026-07-08,2000-03-22,on_ds_daily_axis
BW-IFS_OLD2,IFS_OLD2,2026-07-08,2003-07-23,on_ds_daily_axis
BW-TALK_OLD2,TALK_OLD2,2026-07-08,2006-12-15,on_ds_daily_axis
BW-SMC_OLD2,SMC_OLD2,2026-07-08,2002-08-05,on_ds_daily_axis
BW-SKIL_OLD2,SKIL_OLD2,2026-07-08,2002-09-06,on_ds_daily_axis
BW-MMI_OLD2,MMI_OLD2,2026-07-08,2000-04-17,on_ds_daily_axis
BW-VR_OLD2,VR_OLD2,2026-07-08,2000-09-20,on_ds_daily_axis
BW-GEN_OLD2,GEN_OLD2,2026-07-08,2001-10-26,on_ds_daily_axis
BW-MCLD_OLD2,MCLD_OLD2,2026-07-08,2002-01-30,on_ds_daily_axis
BW-SW_OLD2,SW_OLD2,2026-07-08,2000-05-08,on_ds_daily_axis
BW-NEXT_OLD2,NEXT_OLD2,2026-07-08,2002-03-25,on_ds_daily_axis
BW-APWR_OLD2,APWR_OLD2,2026-07-08,2003-07-24,on_ds_daily_axis
BW-SCR_OLD2,SCR_OLD2,2026-07-08,2006-10-02,on_ds_daily_axis
BW-AX_OLD2,AX_OLD2,2026-07-08,2002-02-26,on_ds_daily_axis
BW-SCR_OLD3,SCR_OLD3,2026-07-08,2006-10-02,on_ds_daily_axis
BW-PAR_OLD2,PAR_OLD2,2026-07-08,2002-09-20,on_ds_daily_axis
BW-GRIN_OLD2,GRIN_OLD2,2026-07-08,2004-08-16,on_ds_daily_axis
BW-LEAP_OLD2,LEAP_OLD2,2026-07-08,2002-02-08,on_ds_daily_axis
BW-FLY_OLD2,FLY_OLD2,2026-07-08,2002-09-06,on_ds_daily_axis
BW-GRO_OLD2,GRO_OLD2,2026-07-08,2003-02-07,on_ds_daily_axis
BW-VISN_OLD2,VISN_OLD2,2026-07-08,2000-09-08,on_ds_daily_axis
BW-BOLD_OLD2,BOLD_OLD2,2026-07-08,2001-03-08,on_ds_daily_axis
BW-PIC_OLD2,PIC_OLD2,2026-07-08,2003-10-30,on_ds_daily_axis
BW-EGLE_OLD2,EGLE_OLD2,2026-07-08,2003-03-26,on_ds_daily_axis
BW-HCOM_OLD2,HCOM_OLD2,2026-07-08,2000-12-06,on_ds_daily_axis
BW-GAN_OLD,GAN_OLD,2026-07-08,2002-09-04,on_ds_daily_axis
BW-TSY_OLD,TSY_OLD,2026-07-08,2000-09-29,on_ds_daily_axis
BW-IROQ_OLD,IROQ_OLD,2026-07-08,2000-11-03,on_ds_daily_axis
BW-FBCG_OLD,FBCG_OLD,2026-07-08,2000-06-15,on_ds_daily_axis
BW-GSTRF,GSTRF,2026-07-08,2001-11-13,on_ds_daily_axis
BW-SNTL,SNTL,2026-07-08,2009-12-10,on_ds_daily_axis
BW-GTE_OLD,GTE_OLD,2026-07-08,2000-06-30,on_ds_daily_axis
BW-PCO_OLD,PCO_OLD,2026-07-08,2005-08-30,on_ds_daily_axis
BW-RMG_OLD,RMG_OLD,2026-07-08,2002-08-20,on_ds_daily_axis
BW-RHT_OLD,RHT_OLD,2026-07-08,2004-01-23,on_ds_daily_axis
BW-SEM_OLD,SEM_OLD,2026-07-08,2001-11-02,on_ds_daily_axis
BW-WAK_OLD,WAK_OLD,2026-07-08,2002-05-08,on_ds_daily_axis
BW-TSCP_OLD,TSCP_OLD,2026-07-08,2000-06-02,on_ds_daily_axis
BW-IBUY_OLD,IBUY_OLD,2026-07-08,2000-07-28,on_ds_daily_axis
BW-CNP_OLD,CNP_OLD,2026-07-08,2001-03-07,on_ds_daily_axis
BW-MRI_OLD,MRI_OLD,2026-07-08,2005-12-01,on_ds_daily_axis
BW-SKK_OLD,SKK_OLD,2026-07-08,2001-11-12,on_ds_daily_axis
BW-PLR_OLD,PLR_OLD,2026-07-08,2005-01-06,on_ds_daily_axis
BW-SPOT_OLD,SPOT_OLD,2026-07-08,2004-08-18,on_ds_daily_axis
BW-EDMC_OLD,EDMC_OLD,2026-07-08,2006-06-01,on_ds_daily_axis
BW-PA_OLD,PA_OLD,2026-07-08,2006-07-03,on_ds_daily_axis
BW-NAN_OLD,NAN_OLD,2026-07-08,2000-12-11,on_ds_daily_axis
BW-FSA_OLD,FSA_OLD,2026-07-08,2000-07-05,on_ds_daily_axis
BW-SDH_OLD,SDH_OLD,2026-07-08,2001-06-20,on_ds_daily_axis
BW-CCN_OLD,CCN_OLD,2026-07-08,2001-07-31,on_ds_daily_axis
BW-DF_OLD,DF_OLD,2026-07-08,2001-12-21,on_ds_daily_axis
BW-RIT_OLD,RIT_OLD,2026-07-08,2002-01-31,on_ds_daily_axis
BW-UAM_OLD,UAM_OLD,2026-07-08,2000-10-05,on_ds_daily_axis
BW-GSPN_OLD,GSPN_OLD,2026-07-08,2004-02-27,on_ds_daily_axis
BW-WLS_OLD,WLS_OLD,2026-07-08,2006-06-12,on_ds_daily_axis
BW-EXE_OLD,EXE_OLD,2026-07-08,2006-11-09,on_ds_daily_axis
BW-SVC_OLD,SVC_OLD,2026-07-08,2006-05-25,on_ds_daily_axis
BW-PRS_OLD,PRS_OLD,2026-07-08,2002-10-30,on_ds_daily_axis
BW-VRC_OLD,VRC_OLD,2026-07-08,2000-05-30,on_ds_daily_axis
BW-GALT_OLD,GALT_OLD,2026-07-08,2001-01-19,on_ds_daily_axis
BW-ISP_OLD,ISP_OLD,2026-07-08,2003-02-28,on_ds_daily_axis
BW-RIGS_OLD,RIGS_OLD,2026-07-08,2005-05-13,on_ds_daily_axis
BW-FORC_OLD,FORC_OLD,2026-07-08,2000-12-07,on_ds_daily_axis
BW-MHI_OLD,MHI_OLD,2026-07-08,2001-04-05,on_ds_daily_axis
BW-PCSA_OLD,PCSA_OLD,2026-07-08,2005-02-15,on_ds_daily_axis
BW-CNE_OLD,CNE_OLD,2026-07-08,2000-02-08,on_ds_daily_axis
BW-DRD_OLD,DRD_OLD,2026-07-08,2004-07-30,on_ds_daily_axis
BW-ILA_OLD,ILA_OLD,2026-07-08,2002-01-07,on_ds_daily_axis
BW-SG_OLD,SG_OLD,2026-07-08,2000-09-06,on_ds_daily_axis
BW-MGEN_OLD,MGEN_OLD,2026-07-08,2002-07-09,on_ds_daily_axis
BW-TTII_OLD,TTII_OLD,2026-07-08,2000-03-13,on_ds_daily_axis
BW-STEH_OLD,STEH_OLD,2026-07-08,2001-01-31,on_ds_daily_axis
BW-DPH_OLD,DPH_OLD,2026-07-08,2005-10-10,on_ds_daily_axis
BW-PRN_OLD,PRN_OLD,2026-07-08,2002-07-29,on_ds_daily_axis
BW-SCAI_OLD,SCAI_OLD,2026-07-08,2004-04-14,on_ds_daily_axis
BW-CAB_OLD,CAB_OLD,2026-07-08,2000-06-09,on_ds_daily_axis
BW-GPK_OLD,GPK_OLD,2026-07-08,2003-08-08,on_ds_daily_axis
BW-CNC_OLD,CNC_OLD,2026-07-08,2002-08-08,on_ds_daily_axis
BW-SUMM_OLD,SUMM_OLD,2026-07-08,2005-06-30,on_ds_daily_axis
BW-SOMR_OLD,SOMR_OLD,2026-07-08,2000-09-29,on_ds_daily_axis
BW-DHB_OLD,DHB_OLD,2026-07-08,2006-05-26,on_ds_daily_axis
BW-NLI_OLD,NLI_OLD,2026-07-08,2002-03-26,on_ds_daily_axis
BW-DJT_OLD,DJT_OLD,2026-07-08,2004-08-09,on_ds_daily_axis
BW-FTL_OLD,FTL_OLD,2026-07-08,2000-04-20,on_ds_daily_axis
BW-WCFB_OLD,WCFB_OLD,2026-07-08,2004-09-27,on_ds_daily_axis
BW-PGP_OLD,PGP_OLD,2026-07-08,2000-08-31,on_ds_daily_axis
BW-MMX_OLD,MMX_OLD,2026-07-08,2003-04-07,on_ds_daily_axis
BW-HS_OLD,HS_OLD,2026-07-08,2000-04-03,on_ds_daily_axis
BW-BWN_OLD,BWN_OLD,2026-07-08,2001-01-31,on_ds_daily_axis
BW-AIPN_OLD,AIPN_OLD,2026-07-08,2000-11-06,on_ds_daily_axis
BW-UAIR_OLD,UAIR_OLD,2026-07-08,2004-09-21,on_ds_daily_axis
BW-FBK_OLD,FBK_OLD,2026-07-08,2004-12-03,on_ds_daily_axis
BW-COE_OLD,COE_OLD,2026-07-08,2003-09-15,on_ds_daily_axis
BW-CBLI_OLD,CBLI_OLD,2026-07-08,2001-01-22,on_ds_daily_axis
BW-ACRT_OLD,ACRT_OLD,2026-07-08,2002-08-22,on_ds_daily_axis
BW-DFCT_OLD,DFCT_OLD,2026-07-08,2004-05-24,on_ds_daily_axis
BW-MCB_OLD,MCB_OLD,2026-07-08,2001-12-31,on_ds_daily_axis
BW-NAKE_OLD,NAKE_OLD,2026-07-08,2005-06-24,on_ds_daily_axis
BW-IMGX_OLD,IMGX_OLD,2026-07-08,2003-05-08,on_ds_daily_axis
BW-SRN_OLD,SRN_OLD,2026-07-08,2004-01-06,on_ds_daily_axis
BW-PBFI_OLD,PBFI_OLD,2026-07-08,2002-04-17,on_ds_daily_axis
BW-LITE_OLD,LITE_OLD,2026-07-08,2003-09-19,on_ds_daily_axis
BW-PVC_OLD,PVC_OLD,2026-07-08,2002-10-04,on_ds_daily_axis
BW-FIRE_OLD,FIRE_OLD,2026-07-08,2003-12-03,on_ds_daily_axis
BW-TRIC_OLD,TRIC_OLD,2026-07-08,2001-03-30,on_ds_daily_axis
BW-CMAL_OLD,CMAL_OLD,2026-07-08,2001-05-17,on_ds_daily_axis
BW-GLBN_OLD,GLBN_OLD,2026-07-08,2001-09-25,on_ds_daily_axis
BW-DLW_OLD,DLW_OLD,2026-07-08,2004-04-22,on_ds_daily_axis
BW-FTUS_OLD,FTUS_OLD,2026-07-08,2004-01-21,on_ds_daily_axis
BW-DDD_OLD,DDD_OLD,2026-07-08,2002-11-26,on_ds_daily_axis
BW-SERV_OLD,SERV_OLD,2026-07-08,2002-02-26,on_ds_daily_axis
BW-TWK_OLD,TWK_OLD,2026-07-08,2003-03-24,on_ds_daily_axis
BW-COMM_OLD,COMM_OLD,2026-07-08,2002-07-01,on_ds_daily_axis
BW-ADLT_OLD,ADLT_OLD,2026-07-08,2003-01-09,on_ds_daily_axis
BW-GEER_OLD,GEER_OLD,2026-07-08,2003-09-30,on_ds_daily_axis
BW-ISAC_OLD,ISAC_OLD,2026-07-08,2001-07-19,on_ds_daily_axis
BW-EVTC_OLD,EVTC_OLD,2026-07-08,2002-03-19,on_ds_daily_axis
BW-HIR_OLD,HIR_OLD,2026-07-08,2004-06-04,on_ds_daily_axis
BW-IFSH_OLD,IFSH_OLD,2026-07-08,2001-08-08,on_ds_daily_axis
BW-XWC_OLD,XWC_OLD,2026-07-08,2003-07-29,on_ds_daily_axis
BW-ALLN_OLD,ALLN_OLD,2026-07-08,2001-05-08,on_ds_daily_axis
BW-OGLE_OLD,OGLE_OLD,2026-07-08,2004-03-02,on_ds_daily_axis
BW-STGC_OLD,STGC_OLD,2026-07-08,2001-06-28,on_ds_daily_axis
BW-BIS_OLD,BIS_OLD,2026-07-08,2003-08-26,on_ds_daily_axis
BW-MMG_OLD,MMG_OLD,2026-07-08,2003-02-28,on_ds_daily_axis
BW-AASI_OLD,AASI_OLD,2026-07-08,2001-04-17,on_ds_daily_axis
BW-PMIC_OLD,PMIC_OLD,2026-07-08,2003-04-29,on_ds_daily_axis
BW-CXI_OLD,CXI_OLD,2026-07-08,2003-03-06,on_ds_daily_axis
BW-PROA_OLD,PROA_OLD,2026-07-08,2003-03-24,on_ds_daily_axis
BW-AETC_OLD,AETC_OLD,2026-07-08,2004-11-22,on_ds_daily_axis
BW-PROX_OLD,PROX_OLD,2026-07-08,2005-06-21,on_ds_daily_axis
BW-UAXS_OLD,UAXS_OLD,2026-07-08,2004-09-01,on_ds_daily_axis
BW-UVSL_OLD,UVSL_OLD,2026-07-08,2005-04-27,on_ds_daily_axis
BW-RYFL_OLD,RYFL_OLD,2026-07-08,2003-05-09,on_ds_daily_axis
BW-MG_OLD,MG_OLD,2026-07-08,2002-10-03,on_ds_daily_axis
BW-LUMM_OLD,LUMM_OLD,2026-07-08,2003-02-19,on_ds_daily_axis
BW-SCNT_OLD,SCNT_OLD,2026-07-08,2002-07-29,on_ds_daily_axis
BW-YLF_OLD,YLF_OLD,2026-07-08,2003-04-15,on_ds_daily_axis
BW-FLB#3,FLB,2026-07-08,2019-04-26,on_ds_daily_axis
BW-BOL#10,BOL,2026-07-08,2007-10-26,on_ds_daily_axis
BW-AMI#10,AMI,2026-07-08,2004-07-06,on_ds_daily_axis
BW-BWN#10,BWN,2026-07-08,2017-09-25,on_ds_daily_axis
BW-MHX#7,MHX,2026-07-08,2006-05-02,on_ds_daily_axis
