date,factor,symbol,ticker,weight
2026-07-02,FFX_XLE,BW-BBG000BBGGQ1,VLO,0.03305962
2026-07-02,FFX_XLE,BW-BBG000BBVJZ8,DVN,0.010113972
2026-07-02,FFX_XLE,BW-BBG000BD1DT7,DWSN,1.5479647e-05
2026-07-02,FFX_XLE,BW-BBG000BDDN94,OIS,0.00017887363
2026-07-02,FFX_XLE,BW-BBG000BDLPF3,BOOM,5.045415e-05
2026-07-02,FFX_XLE,BW-BBG000BFV115,SM,0.0017916495
2026-07-02,FFX_XLE,BW-BBG000BH5LT6,RIG,0.0022108506
2026-07-02,FFX_XLE,BW-BBG000BHJM37,EPSN,5.563399e-05
2026-07-02,FFX_XLE,BW-BBG000BHZ5J9,EQT,0.013380489
2026-07-02,FFX_XLE,BW-BBG000BJX8C8,NOV,0.002617429
2026-07-02,FFX_XLE,BW-BBG000BKTFN2,HAL,0.00978484
2026-07-02,FFX_XLE,BW-BBG000BKXFN7,PTEN,0.0013341131
2026-07-02,FFX_XLE,BW-BBG000BLCPY4,HP,0.0012669628
2026-07-02,FFX_XLE,BW-BBG000BM3CJ8,WKC,0.00066810095
2026-07-02,FFX_XLE,BW-BBG000BM3HK5,GEL,0.00062120747
2026-07-02,FFX_XLE,BW-BBG000BNN8V9,MARPS,3.6495035e-06
2026-07-02,FFX_XLE,BW-BBG000BP63C5,PAA,0.004246902
2026-07-02,FFX_XLE,BW-BBG000BPMH90,MUR,0.0013701264
2026-07-02,FFX_XLE,BW-BBG000BPTTM2,NC,5.3274416e-05
2026-07-02,FFX_XLE,BW-BBG000BPYD87,NFG,0.0029501086
2026-07-02,FFX_XLE,BW-BBG000BQ2JM1,LEU,2.9439914e-05
2026-07-02,FFX_XLE,BW-BBG000BQHGR6,OKE,0.022150185
2026-07-02,FFX_XLE,BW-BBG000BQQ2S6,OXY,0.019486725
2026-07-02,FFX_XLE,BW-BBG000BQQH30,COP,0.051533345
2026-07-02,FFX_XLE,BW-BBG000BR3012,EPD,0.021651736
2026-07-02,FFX_XLE,BW-BBG000BS3047,RES,0.00021441685
2026-07-02,FFX_XLE,BW-BBG000BT4384,SLB,0.027589468
2026-07-02,FFX_XLE,BW-BBG000BTBH21,EGY,0.00020709605
2026-07-02,FFX_XLE,BW-BBG000BVDBY2,INVX,0.0003780287
2026-07-02,FFX_XLE,BW-BBG000BWVCP8,WMB,0.03223034
2026-07-02,FFX_XLE,BW-BBG000BXDQR3,SLNG,1.5093191e-06
2026-07-02,FFX_XLE,BW-BBG000BZ9223,EOG,0.028054874
2026-07-02,FFX_XLE,BW-BBG000BZTW70,NBR,0.00044907024
2026-07-02,FFX_XLE,BW-BBG000C14X88,ARLP,0.0010422599
2026-07-02,FFX_XLE,BW-BBG000C3HSR0,LNG,0.020754509
2026-07-02,FFX_XLE,BW-BBG000C4BZQ9,PNRG,2.0389076e-05
2026-07-02,FFX_XLE,BW-BBG000C4TPX4,MTRX,0.00014777834
2026-07-02,FFX_XLE,BW-BBG000CKVSG8,CNX,0.0014277336
2026-07-02,FFX_XLE,BW-BBG000CPBCL8,OII,0.0014032269
2026-07-02,FFX_XLE,BW-BBG000DNBK89,CRK,8.992428e-05
2026-07-02,FFX_XLE,BW-BBG000DP9RS0,HNRG,0.00020617871
2026-07-02,FFX_XLE,BW-BBG000DRTDR6,NOG,0.00073509116
2026-07-02,FFX_XLE,BW-BBG000FFFQR6,WTI,0.00012489918
2026-07-02,FFX_XLE,BW-BBG000FK4SZ4,GEOS,3.4910605e-05
2026-07-02,FFX_XLE,BW-BBG000FSY520,ESOA,0.0001068994
2026-07-02,FFX_XLE,BW-BBG000FVXD63,RRC,0.0035148538
2026-07-02,FFX_XLE,BW-BBG000GJQQ22,GLP,0.0005514648
2026-07-02,FFX_XLE,BW-BBG000GMHBH2,NRP,0.0004013624
2026-07-02,FFX_XLE,BW-BBG000GZQ728,XOM,0.23165087
2026-07-02,FFX_XLE,BW-BBG000HGQ5N0,NGS,0.00011804621
2026-07-02,FFX_XLE,BW-BBG000J7Q1L9,HLX,0.00046493032
2026-07-02,FFX_XLE,BW-BBG000JCPGZ1,MTDR,0.002302192
2026-07-02,FFX_XLE,BW-BBG000JKCWS0,CLB,0.00020260984
2026-07-02,FFX_XLE,BW-BBG000K4ND22,CVX,0.1353089
2026-07-02,FFX_XLE,BW-BBG000K4WSD7,ALTO,0.00018534658
2026-07-02,FFX_XLE,BW-BBG000K5M1S8,ENB,0.047728874
2026-07-02,FFX_XLE,BW-BBG000PDVKL1,FET,0.00020922368
2026-07-02,FFX_XLE,BW-BBG000PNZ5G4,DMLP,0.00047160097
2026-07-02,FFX_XLE,BW-BBG000PW5VX1,AR,0.004134951
2026-07-02,FFX_XLE,BW-BBG000QHV8S1,CVI,0.00035411463
2026-07-02,FFX_XLE,BW-BBG000QMH637,CQP,0.00097651937
2026-07-02,FFX_XLE,BW-BBG000R1YXQ9,SXC,0.000265503
2026-07-02,FFX_XLE,BW-BBG000RKR4R8,SD,0.00017306073
2026-07-02,FFX_XLE,BW-BBG000RWH1V4,AROC,0.0027123096
2026-07-02,FFX_XLE,BW-BBG000TBYFR3,PAGP,0.0018842506
2026-07-02,FFX_XLE,BW-BBG0015XMW40,TRGP,0.02219702
2026-07-02,FFX_XLE,BW-BBG0019JZ882,KMI,0.025275191
2026-07-02,FFX_XLE,BW-BBG001DCCGR8,MPC,0.031260822
2026-07-02,FFX_XLE,BW-BBG001J1BNY4,NGL,0.0005558726
2026-07-02,FFX_XLE,BW-BBG001QYKF35,USAC,0.0010148418
2026-07-02,FFX_XLE,BW-BBG001S58GW6,ASPN,0.00019874
2026-07-02,FFX_XLE,BW-BBG001YH8PR9,VTOL,0.00042503912
2026-07-02,FFX_XLE,BW-BBG002832GV8,PBF,0.0023037642
2026-07-02,FFX_XLE,BW-BBG00286S4N9,PSX,0.028684277
2026-07-02,FFX_XLE,BW-BBG002PHSYX9,FANG,0.0129662305
2026-07-02,FFX_XLE,BW-BBG002Z9XD93,CAPL,0.00016269492
2026-07-02,FFX_XLE,BW-BBG00358K8S0,SUN,0.0030170456
2026-07-02,FFX_XLE,BW-BBG0035TJGV4,MPLX,0.0084594805
2026-07-02,FFX_XLE,BW-BBG0036D62Z9,DKL,0.00039725562
2026-07-02,FFX_XLE,BW-BBG003C5DL16,PARR,0.0010852256
2026-07-02,FFX_XLE,BW-BBG003M3V230,WES,0.0039070654
2026-07-02,FFX_XLE,BW-BBG003MN93C9,INSW,0.0015790546
2026-07-02,FFX_XLE,BW-BBG004P1F656,SND,5.502866e-05
2026-07-02,FFX_XLE,BW-BBG006476H39,LPG,0.0005306825
2026-07-02,FFX_XLE,BW-BBG006G57XG0,VNOM,0.0049075736
2026-07-02,FFX_XLE,BW-BBG008B5CF29,BSM,0.0009629719
2026-07-02,FFX_XLE,BW-BBG008GC7VW7,NEXT,0.0004249982
2026-07-02,FFX_XLE,BW-BBG009KJ2H24,CVEO,0.0001341284
2026-07-02,FFX_XLE,BW-BBG00BCQJ2X3,METC,0.00017031048
2026-07-02,FFX_XLE,BW-BBG00BKY9L66,SMHI,7.0344526e-05
2026-07-02,FFX_XLE,BW-BBG00DGWV035,AMR,0.00042668113
2026-07-02,FFX_XLE,BW-BBG00DL8NMV2,FTI,0.0072297896
2026-07-02,FFX_XLE,BW-BBG00DR7R3D6,TUSK,3.2647145e-05
2026-07-02,FFX_XLE,BW-BBG00FQH6MJ5,KRP,0.00059353036
2026-07-02,FFX_XLE,BW-BBG00FYCQ352,PUMP,0.0005562564
2026-07-02,FFX_XLE,BW-BBG00FZYFVC5,DK,0.001295966
2026-07-02,FFX_XLE,BW-BBG00G4Y2DC1,WTTR,0.00084640196
2026-07-02,FFX_XLE,BW-BBG00G6DYB34,NCSM,1.4776311e-05
2026-07-02,FFX_XLE,BW-BBG00GBNZ4M0,AM,0.0030791305
2026-07-02,FFX_XLE,BW-BBG00GBV88T6,BTU,0.00081474415
2026-07-02,FFX_XLE,BW-BBG00GBVBK51,BKR,0.021745244
2026-07-02,FFX_XLE,BW-BBG00GCLZ7B8,KNTK,0.0022974883
2026-07-02,FFX_XLE,BW-BBG00GD1JMV4,HCC,0.0016945404
2026-07-02,FFX_XLE,BW-BBG00GK831B6,LBRT,0.0015531337
2026-07-02,FFX_XLE,BW-BBG00GNC8DL2,MGY,0.0018525227
2026-07-02,FFX_XLE,BW-BBG00GSFNCD4,RNGR,0.0001322793
2026-07-02,FFX_XLE,BW-BBG00HBQ35R8,TDW,4.002983e-05
2026-07-02,FFX_XLE,BW-BBG00JPH4HQ3,TALO,0.00067839463
2026-07-02,FFX_XLE,BW-BBG00JRH1P95,WHD,0.0013874964
2026-07-02,FFX_XLE,BW-BBG00PMMBQS1,VIST,0.0024191865
2026-07-02,FFX_XLE,BW-BBG00R02H8D5,HESM,0.001989109
2026-07-02,FFX_XLE,BW-BBG00R2NHQ65,OVV,0.0059324517
2026-07-02,FFX_XLE,BW-BBG00RD1PYM7,HPK,6.377948e-05
2026-07-02,FFX_XLE,BW-BBG00WH44HY3,MIND,2.3961989e-06
2026-07-02,FFX_XLE,BW-BBG00YRJXKB1,TPL,0.009668458
2026-07-02,FFX_XLE,BW-BBG00YTS96G2,APA,0.004578564
2026-07-02,FFX_XLE,BW-BBG0112Z58J3,DTM,0.0059256414
2026-07-02,FFX_XLE,BW-BBG0112Z86C1,GPOR,0.0010629225
2026-07-02,FFX_XLE,BW-BBG0135B2214,DINO,0.0053398763
2026-07-02,FFX_XLE,BW-BBG018KBK3G8,NE,0.001955889
2026-07-02,FFX_XLE,BW-BBG01DSV0616,AESI,0.000532493
2026-07-02,FFX_XLE,BW-BBG01G4G6XV0,KGS,0.001617995
2026-07-02,FFX_XLE,BW-BBG01HN2K357,SN,0.008773047
2026-07-02,FFX_XLE,BW-US04124A1007#1,APC,0.00366669
2026-07-02,FFX_XLB,BW-BBG000BB61F7,MTX,0.0010080631
2026-07-02,FFX_XLB,BW-BBG000BB72K8,LECO,0.009002162
2026-07-02,FFX_XLB,BW-BBG000BB8SW7,PKG,0.013509655
2026-07-02,FFX_XLB,BW-BBG000BC20T6,AP,6.589033e-05
2026-07-02,FFX_XLB,BW-BBG000BC4JJ4,APD,0.044107184
2026-07-02,FFX_XLB,BW-BBG000BCQ4P6,AVY,0.007973035
2026-07-02,FFX_XLB,BW-BBG000BCY878,BCPC,0.0034731945
2026-07-02,FFX_XLB,BW-BBG000BDDNH5,BALL,0.010884328
2026-07-02,FFX_XLB,BW-BBG000BDTT76,MTRN,0.0038148605
2026-07-02,FFX_XLB,BW-BBG000BF3WW4,CBT,0.0028598937
2026-07-02,FFX_XLB,BW-BBG000BF6756,CCK,0.008048149
2026-07-02,FFX_XLB,BW-BBG000BF8TF5,CDE,0.0109562185
2026-07-02,FFX_XLB,BW-BBG000BFRF55,CLF,0.003416408
2026-07-02,FFX_XLB,BW-BBG000BFSND8,CMC,0.00436786
2026-07-02,FFX_XLB,BW-BBG000BFXHL6,MOS,0.0043513207
2026-07-02,FFX_XLB,BW-BBG000BGCQT9,CRS,0.019607596
2026-07-02,FFX_XLB,BW-BBG000BGYMH7,MLM,0.019594282
2026-07-02,FFX_XLB,BW-BBG000BHKYH4,ECL,0.044483546
2026-07-02,FFX_XLB,BW-BBG000BJ26K7,ALB,0.010375553
2026-07-02,FFX_XLB,BW-BBG000BJ5SS8,NEU,0.003261511
2026-07-02,FFX_XLB,BW-BBG000BJDB15,FCX,0.055652626
2026-07-02,FFX_XLB,BW-BBG000BJP882,FMC,0.00087929855
2026-07-02,FFX_XLB,BW-BBG000BJTD50,FRD,0.00015000375
2026-07-02,FFX_XLB,BW-BBG000BJW241,EXP,0.0044261552
2026-07-02,FFX_XLB,BW-BBG000BJZ7V7,FUL,0.0019784493
2026-07-02,FFX_XLB,BW-BBG000BL0T06,UFPI,0.002966581
2026-07-02,FFX_XLB,BW-BBG000BL5W86,HL,0.006762965
2026-07-02,FFX_XLB,BW-BBG000BLFNC0,GEF,0.001409144
2026-07-02,FFX_XLB,BW-BBG000BLLWV2,HWKN,0.001794122
2026-07-02,FFX_XLB,BW-BBG000BLSL58,IFF,0.01339442
2026-07-02,FFX_XLB,BW-BBG000BLVNB3,TG,0.000138966
2026-07-02,FFX_XLB,BW-BBG000BLW530,EMN,0.0049619055
2026-07-02,FFX_XLB,BW-BBG000BM5SR2,IP,0.013064065
2026-07-02,FFX_XLB,BW-BBG000BMFNP4,IOSP,0.00081069465
2026-07-02,FFX_XLB,BW-BBG000BMWKC5,KMT,0.0007084881
2026-07-02,FFX_XLB,BW-BBG000BPDDB6,SLGN,0.0030901372
2026-07-02,FFX_XLB,BW-BBG000BPFCM4,MSB,0.00021834133
2026-07-02,FFX_XLB,BW-BBG000BPQ0F6,MYE,0.00069834886
2026-07-02,FFX_XLB,BW-BBG000BPWXK1,NEM,0.0637481
2026-07-02,FFX_XLB,BW-BBG000BQ8KV2,NUE,0.032261133
2026-07-02,FFX_XLB,BW-BBG000BQHTV3,OLN,0.0014392235
2026-07-02,FFX_XLB,BW-BBG000BRJ809,PPG,0.01765467
2026-07-02,FFX_XLB,BW-BBG000BS5170,RGLD,0.01090134
2026-07-02,FFX_XLB,BW-BBG000BSHH72,SCCO,0.011209037
2026-07-02,FFX_XLB,BW-BBG000BSMFN2,SCL,0.00077382487
2026-07-02,FFX_XLB,BW-BBG000BSXQV7,SHW,0.05515092
2026-07-02,FFX_XLB,BW-BBG000BT13B3,PRLB,0.0011457702
2026-07-02,FFX_XLB,BW-BBG000BT5PG5,SMG,0.0019799978
2026-07-02,FFX_XLB,BW-BBG000BT7JW9,SNA,0.013335698
2026-07-02,FFX_XLB,BW-BBG000BTQR96,SWK,0.0091837915
2026-07-02,FFX_XLB,BW-BBG000BV95H9,TKR,0.006498961
2026-07-02,FFX_XLB,BW-BBG000BVQRY3,TTC,0.0059202434
2026-07-02,FFX_XLB,BW-BBG000BW1LS8,CENX,0.0015499451
2026-07-02,FFX_XLB,BW-BBG000BW6CN8,MUX,0.00069510716
2026-07-02,FFX_XLB,BW-BBG000BWCZY8,VHI,2.2581438e-05
2026-07-02,FFX_XLB,BW-BBG000BWGYF8,VMC,0.024836415
2026-07-02,FFX_XLB,BW-BBG000BWJFZ4,CF,0.010598002
2026-07-02,FFX_XLB,BW-BBG000BWNV93,WDFC,0.0020762188
2026-07-02,FFX_XLB,BW-BBG000BX9GM5,LWLG,0.0008092002
2026-07-02,FFX_XLB,BW-BBG000C1C526,LXU,0.00036834256
2026-07-02,FFX_XLB,BW-BBG000C3CWZ7,MATV,0.00026447742
2026-07-02,FFX_XLB,BW-BBG000C3TFS4,FTK,0.00021213744
2026-07-02,FFX_XLB,BW-BBG000C3WK36,KRO,8.611308e-05
2026-07-02,FFX_XLB,BW-BBG000C42WS4,CMP,0.0006802506
2026-07-02,FFX_XLB,BW-BBG000C6W444,MLI,0.0040287133
2026-07-02,FFX_XLB,BW-BBG000C8NJ10,AVNT,0.0021840169
2026-07-02,FFX_XLB,BW-BBG000CJ2181,RS,0.012183187
2026-07-02,FFX_XLB,BW-BBG000CV85K5,GURE,2.3072887e-06
2026-07-02,FFX_XLB,BW-BBG000D2ZK61,REX,0.0008315503
2026-07-02,FFX_XLB,BW-BBG000D380M5,NTIC,4.4580534e-05
2026-07-02,FFX_XLB,BW-BBG000D7HF89,SON,0.003564084
2026-07-02,FFX_XLB,BW-BBG000D7P047,USLM,0.0007317844
2026-07-02,FFX_XLB,BW-BBG000DCNK80,RPM,0.009034994
2026-07-02,FFX_XLB,BW-BBG000DZS2L9,KWR,0.0013861562
2026-07-02,FFX_XLB,BW-BBG000F3M1Q1,UAMY,0.00070791703
2026-07-02,FFX_XLB,BW-BBG000FCR8D5,SKE,0.0017002756
2026-07-02,FFX_XLB,BW-BBG000FYWS74,SMID,5.4889613e-05
2026-07-02,FFX_XLB,BW-BBG000GDSKT7,FF,0.0001041157
2026-07-02,FFX_XLB,BW-BBG000GMGNB3,RBC,0.012716106
2026-07-02,FFX_XLB,BW-BBG000GQ7K93,GPK,0.0019799813
2026-07-02,FFX_XLB,BW-BBG000H95997,USAU,4.179012e-07
2026-07-02,FFX_XLB,BW-BBG000HGYNZ9,STLD,0.014084542
2026-07-02,FFX_XLB,BW-BBG000HL7499,WOR,0.0010977027
2026-07-02,FFX_XLB,BW-BBG000J79P80,SXT,0.0033168858
2026-07-02,FFX_XLB,BW-BBG000JLC8L8,SSD,0.0053725922
2026-07-02,FFX_XLB,BW-BBG000JNSM81,CLMT,0.0020533693
2026-07-02,FFX_XLB,BW-BBG000JY3FM3,CLW,0.00015940888
2026-07-02,FFX_XLB,BW-BBG000JYP7L8,CE,0.003203277
2026-07-02,FFX_XLB,BW-BBG000KFLDK9,IIIN,0.00029493912
2026-07-02,FFX_XLB,BW-BBG000KYNTQ5,GPRE,0.00027255344
2026-07-02,FFX_XLB,BW-BBG000LC1FS4,ATI,0.016622841
2026-07-02,FFX_XLB,BW-BBG000NS26Q8,HUN,0.0011226455
2026-07-02,FFX_XLB,BW-BBG000PKZDX4,KALU,0.0019524101
2026-07-02,FFX_XLB,BW-BBG000PXZFW2,WLK,0.0015489011
2026-07-02,FFX_XLB,BW-BBG000QDQR59,KOP,0.00051903207
2026-07-02,FFX_XLB,BW-BBG000RQKCR4,BCC,0.0016753227
2026-07-02,FFX_XLB,BW-BBG000V1Y6Q3,IPI,0.00028388362
2026-07-02,FFX_XLB,BW-BBG000WCFV84,LYB,0.008694081
2026-07-02,FFX_XLB,BW-BBG001CBC4Y0,UAN,0.0004598076
2026-07-02,FFX_XLB,BW-BBG002N3N2R4,KNF,0.0030419175
2026-07-02,FFX_XLB,BW-BBG002Z3L4S8,TGLS,0.00073115854
2026-07-02,FFX_XLB,BW-BBG0057SF1Z2,MTUS,0.00044883753
2026-07-02,FFX_XLB,BW-BBG005C4XHR3,ESI,0.005167473
2026-07-02,FFX_XLB,BW-BBG005H82GB2,CC,0.0019441843
2026-07-02,FFX_XLB,BW-BBG005XVML66,RYAM,0.00032310467
2026-07-02,FFX_XLB,BW-BBG0060CPLJ5,AXTA,0.004734048
2026-07-02,FFX_XLB,BW-BBG006F8Q8B4,WLKP,0.00027786221
2026-07-02,FFX_XLB,BW-BBG009LM28K6,NGVT,0.001634018
2026-07-02,FFX_XLB,BW-BBG00B3T3HD3,AA,0.00801648
2026-07-02,FFX_XLB,BW-BBG00BN961G4,DD,0.015444649
2026-07-02,FFX_XLB,BW-BBG00BN96922,DOW,0.012548517
2026-07-02,FFX_XLB,BW-BBG00BN969C1,CTVA,0.03592035
2026-07-02,FFX_XLB,BW-BBG00CWTTQ41,ASIX,0.00033813092
2026-07-02,FFX_XLB,BW-BBG00D0Y81M1,ASH,0.0019682627
2026-07-02,FFX_XLB,BW-BBG00JRXX6Y9,PACK,0.00038225032
2026-07-02,FFX_XLB,BW-BBG00LNJRQ09,AMCR,0.013020668
2026-07-02,FFX_XLB,BW-BBG00MRH2W10,TROX,0.0005071234
2026-07-02,FFX_XLB,BW-BBG00NNG2ZJ8,XRX,0.00024235925
2026-07-02,FFX_XLB,BW-BBG00Q9MSFC7,KRT,0.00018900665
2026-07-02,FFX_XLB,BW-BBG00R2JZG39,OI,0.000475193
2026-07-02,FFX_XLB,BW-BBG00TJGL0F0,MP,0.0057352427
2026-07-02,FFX_XLB,BW-BBG0122M8031,SLVM,0.00094730954
2026-07-02,FFX_XLB,BW-BBG01FND0CC1,LIN,0.15963538
2026-07-02,FFX_XLB,BW-BBG01JPM5032,WS,0.00067041506
2026-07-02,FFX_XLI,BW-BBG000B9WX45,EPAC,0.00029044383
2026-07-02,FFX_XLI,BW-BBG000B9XG87,AME,0.008908699
2026-07-02,FFX_XLI,BW-BBG000B9YYH7,ABM,0.00042251038
2026-07-02,FFX_XLI,BW-BBG000BB05T9,BYRN,1.7044611e-05
2026-07-02,FFX_XLI,BW-BBG000BB1TH9,FLR,0.0011268804
2026-07-02,FFX_XLI,BW-BBG000BB2KN0,LSTR,0.0011710755
2026-07-02,FFX_XLI,BW-BBG000BB3080,IEP,0.00011381166
2026-07-02,FFX_XLI,BW-BBG000BB5792,RCL,0.012822176
2026-07-02,FFX_XLI,BW-BBG000BB5B84,LII,0.002978133
2026-07-02,FFX_XLI,BW-BBG000BBCDZ2,ROK,0.008817343
2026-07-02,FFX_XLI,BW-BBG000BBGQF1,AIR,0.0009072816
2026-07-02,FFX_XLI,BW-BBG000BBH316,AIRT,3.5954704e-06
2026-07-02,FFX_XLI,BW-BBG000BBK401,MATX,0.0009926002
2026-07-02,FFX_XLI,BW-BBG000BBL0Y1,ALK,0.00087878504
2026-07-02,FFX_XLI,BW-BBG000BBL8V7,PWR,0.016963372
2026-07-02,FFX_XLI,BW-BBG000BBLPH5,PRIM,0.0008262804
2026-07-02,FFX_XLI,BW-BBG000BBNFG6,TWI,6.209593e-05
2026-07-02,FFX_XLI,BW-BBG000BBRPL4,EME,0.0041788216
2026-07-02,FFX_XLI,BW-BBG000BBXVK5,ICFI,0.000212433
2026-07-02,FFX_XLI,BW-BBG000BC1G85,RAIL,1.9791516e-05
2026-07-02,FFX_XLI,BW-BBG000BC1L02,AOS,0.0012651797
2026-07-02,FFX_XLI,BW-BBG000BC5WJ4,MMS,0.00045694367
2026-07-02,FFX_XLI,BW-BBG000BC6L61,APOG,0.000146577
2026-07-02,FFX_XLI,BW-BBG000BC7VW9,MYRG,0.0010007144
2026-07-02,FFX_XLI,BW-BBG000BCHZL1,ASTE,0.00022584749
2026-07-02,FFX_XLI,BW-BBG000BCLBY5,ATRO,0.00036211225
2026-07-02,FFX_XLI,BW-BBG000BCRB60,AXR,1.5704416e-05
2026-07-02,FFX_XLI,BW-BBG000BCSST7,BA,0.028260758
2026-07-02,FFX_XLI,BW-BBG000BCVMH9,CP,0.012432092
2026-07-02,FFX_XLI,BW-BBG000BCWWV0,CMCO,6.851462e-05
2026-07-02,FFX_XLI,BW-BBG000BCZL41,VRSK,0.003862075
2026-07-02,FFX_XLI,BW-BBG000BD1QL6,AMRC,0.00014348372
2026-07-02,FFX_XLI,BW-BBG000BD53V2,WWD,0.0026861436
2026-07-02,FFX_XLI,BW-BBG000BDD940,WAB,0.0063965674
2026-07-02,FFX_XLI,BW-BBG000BDNV95,BRC,0.0006304218
2026-07-02,FFX_XLI,BW-BBG000BDS374,HY,6.393676e-05
2026-07-02,FFX_XLI,BW-BBG000BF0K17,CAT,0.050907955
2026-07-02,FFX_XLI,BW-BBG000BF1Z04,ISSC,3.5240722e-05
2026-07-02,FFX_XLI,BW-BBG000BF6LY3,CCL,0.0059450846
2026-07-02,FFX_XLI,BW-BBG000BFC848,KNX,0.0020386823
2026-07-02,FFX_XLI,BW-BBG000BFG2J1,CECO,0.00040192172
2026-07-02,FFX_XLI,BW-BBG000BFRRX8,CLH,0.002380694
2026-07-02,FFX_XLI,BW-BBG000BG8N39,ORN,0.00010272437
2026-07-02,FFX_XLI,BW-BBG000BGGBT8,CSL,0.0023457888
2026-07-02,FFX_XLI,BW-BBG000BGJRC8,CSX,0.014750517
2026-07-02,FFX_XLI,BW-BBG000BGPTV6,CMI,0.015456283
2026-07-02,FFX_XLI,BW-BBG000BGRMX7,PESI,4.334511e-05
2026-07-02,FFX_XLI,BW-BBG000BGSPS5,CW,0.0040919418
2026-07-02,FFX_XLI,BW-BBG000BGT143,ULBI,1.03735665e-05
2026-07-02,FFX_XLI,BW-BBG000BGZP70,DCI,0.0017283543
2026-07-02,FFX_XLI,BW-BBG000BH02M0,DCO,0.0004409482
2026-07-02,FFX_XLI,BW-BBG000BH1NH9,DE,0.027660152
2026-07-02,FFX_XLI,BW-BBG000BH6360,DLX,0.00018217231
2026-07-02,FFX_XLI,BW-BBG000BHB3M6,DOV,0.0047567324
2026-07-02,FFX_XLI,BW-BBG000BHCJX8,NNBR,2.425869e-05
2026-07-02,FFX_XLI,BW-BBG000BHJSC4,BBSI,0.00014584989
2026-07-02,FFX_XLI,BW-BBG000BHJWG1,AXON,0.00758574
2026-07-02,FFX_XLI,BW-BBG000BHJZF5,EBF,8.690444e-05
2026-07-02,FFX_XLI,BW-BBG000BHPL78,EFX,0.0031674325
2026-07-02,FFX_XLI,BW-BBG000BHWVB3,EML,2.2690334e-05
2026-07-02,FFX_XLI,BW-BBG000BHX7N2,EMR,0.012799643
2026-07-02,FFX_XLI,BW-BBG000BHYLP8,RGP,2.3183682e-05
2026-07-02,FFX_XLI,BW-BBG000BHZYZ8,INOD,0.00037164174
2026-07-02,FFX_XLI,BW-BBG000BJ3PD2,ETN,0.026296837
2026-07-02,FFX_XLI,BW-BBG000BJ41X2,NSP,0.00027022563
2026-07-02,FFX_XLI,BW-BBG000BJ5GK2,EXPD,0.0035573733
2026-07-02,FFX_XLI,BW-BBG000BJ5HK0,AYI,0.001707562
2026-07-02,FFX_XLI,BW-BBG000BJF1Z8,FDX,0.01413064
2026-07-02,FFX_XLI,BW-BBG000BJGGV8,FELE,0.00073358556
2026-07-02,FFX_XLI,BW-BBG000BJSJT2,CXW,0.00048475742
2026-07-02,FFX_XLI,BW-BBG000BJTZX0,ALG,0.00028216364
2026-07-02,FFX_XLI,BW-BBG000BJXWX2,FSS,0.0012460265
2026-07-02,FFX_XLI,BW-BBG000BK67C7,GD,0.014194765
2026-07-02,FFX_XLI,BW-BBG000BK6MB5,GE,0.063607246
2026-07-02,FFX_XLI,BW-BBG000BK9W84,GGG,0.0019532295
2026-07-02,FFX_XLI,BW-BBG000BKB811,GHM,0.00020501901
2026-07-02,FFX_XLI,BW-BBG000BKD3K9,BLDR,0.0014213884
2026-07-02,FFX_XLI,BW-BBG000BKN0V2,GRC,0.00029679982
2026-07-02,FFX_XLI,BW-BBG000BKQDQ7,ROCK,0.0002154949
2026-07-02,FFX_XLI,BW-BBG000BKRSZ3,KAI,0.00058737135
2026-07-02,FFX_XLI,BW-BBG000BKWYX6,OPXS,1.03439115e-05
2026-07-02,FFX_XLI,BW-BBG000BL16Q7,HEI,0.002602676
2026-07-02,FFX_XLI,BW-BBG000BLBVN4,BKNG,0.011666128
2026-07-02,FFX_XLI,BW-BBG000BLGFJ9,LHX,0.00889659
2026-07-02,FFX_XLI,BW-BBG000BLH3P8,NVRI,0.0002967499
2026-07-02,FFX_XLI,BW-BBG000BLJLJ3,HTLD,0.00010415208
2026-07-02,FFX_XLI,BW-BBG000BLK267,HUBB,0.004163794
2026-07-02,FFX_XLI,BW-BBG000BLL051,HURC,2.2109278e-05
2026-07-02,FFX_XLI,BW-BBG000BLMDQ9,HXL,0.0011991452
2026-07-02,FFX_XLI,BW-BBG000BLTV73,TILE,0.00033386555
2026-07-02,FFX_XLI,BW-BBG000BLWH98,TPCS,7.84995e-06
2026-07-02,FFX_XLI,BW-BBG000BM6788,TT,0.01736925
2026-07-02,FFX_XLI,BW-BBG000BM9RH1,CPRT,0.0040127686
2026-07-02,FFX_XLI,BW-BBG000BMBL90,ITW,0.0126797315
2026-07-02,FFX_XLI,BW-BBG000BMDBZ1,JBHT,0.003523084
2026-07-02,FFX_XLI,BW-BBG000BMNC97,KELYA,6.660089e-05
2026-07-02,FFX_XLI,BW-BBG000BMQCP6,KEX,0.0011950147
2026-07-02,FFX_XLI,BW-BBG000BNF508,LPX,0.00088616286
2026-07-02,FFX_XLI,BW-BBG000BNJHS8,LUV,0.003899556
2026-07-02,FFX_XLI,BW-BBG000BNKN21,LYTS,0.00015907022
2026-07-02,FFX_XLI,BW-BBG000BNMHS4,MAN,0.00033716022
2026-07-02,FFX_XLI,BW-BBG000BNNKG9,MAS,0.0026978876
2026-07-02,FFX_XLI,BW-BBG000BP52R2,MMM,0.013703578
2026-07-02,FFX_XLI,BW-BBG000BP69N0,TBI,3.6025853e-05
2026-07-02,FFX_XLI,BW-BBG000BPDJM1,MRTN,0.00018042664
2026-07-02,FFX_XLI,BW-BBG000BPDXF8,MSA,0.0010695067
2026-07-02,FFX_XLI,BW-BBG000BPWGR1,NDSN,0.0026787678
2026-07-02,FFX_XLI,BW-BBG000BPXVJ6,RSG,0.010820276
2026-07-02,FFX_XLI,BW-BBG000BQ0543,NL,8.263933e-06
2026-07-02,FFX_XLI,BW-BBG000BQ2C28,NOC,0.012040411
2026-07-02,FFX_XLI,BW-BBG000BQ4GG2,NPK,0.00010463266
2026-07-02,FFX_XLI,BW-BBG000BQ5DS5,NSC,0.011764881
2026-07-02,FFX_XLI,BW-BBG000BQ6CT5,NSSC,0.000210864
2026-07-02,FFX_XLI,BW-BBG000BQNM78,OTTR,0.00059846137
2026-07-02,FFX_XLI,BW-BBG000BQTMJ9,PBI,0.00039065038
2026-07-02,FFX_XLI,BW-BBG000BQVTF5,PCAR,0.010292458
2026-07-02,FFX_XLI,BW-BBG000BQXHV1,TPC,0.00057757733
2026-07-02,FFX_XLI,BW-BBG000BR2040,TNET,0.00025045537
2026-07-02,FFX_XLI,BW-BBG000BR3KL6,PH,0.019928254
2026-07-02,FFX_XLI,BW-BBG000BR89C6,PKE,0.00012433095
2026-07-02,FFX_XLI,BW-BBG000BR8QF5,PKOH,8.965474e-05
2026-07-02,FFX_XLI,BW-BBG000BRCHB4,FWRD,5.8646903e-05
2026-07-02,FFX_XLI,BW-BBG000BRGWN4,POWL,0.0010797529
2026-07-02,FFX_XLI,BW-BBG000BRQ6L2,JBLU,0.00035273537
2026-07-02,FFX_XLI,BW-BBG000BRXTR8,RRX,0.002480082
2026-07-02,FFX_XLI,BW-BBG000BRYSR9,RCMT,1.9120374e-05
2026-07-02,FFX_XLI,BW-BBG000BS5DR2,RHI,0.0005336206
2026-07-02,FFX_XLI,BW-BBG000BSRN78,NCLH,0.0015586903
2026-07-02,FFX_XLI,BW-BBG000BT0J38,CWST,0.0015555891
2026-07-02,FFX_XLI,BW-BBG000BT36X0,SKYW,0.00020950245
2026-07-02,FFX_XLI,BW-BBG000BTCH57,CHRW,0.0036806175
2026-07-02,FFX_XLI,BW-BBG000BTGCV5,SPXC,0.0018673448
2026-07-02,FFX_XLI,BW-BBG000BTGKK9,TREX,0.00082650635
2026-07-02,FFX_XLI,BW-BBG000BTLBB3,EFOI,1.9078102e-06
2026-07-02,FFX_XLI,BW-BBG000BTT5B8,SXI,0.00068969006
2026-07-02,FFX_XLI,BW-BBG000BTX2M8,TAYD,3.0535168e-05
2026-07-02,FFX_XLI,BW-BBG000BV06P7,TWIN,4.2177177e-05
2026-07-02,FFX_XLI,BW-BBG000BVCV15,TISI,6.5585177e-06
2026-07-02,FFX_XLI,BW-BBG000BVK3V5,TRC,8.38396e-05
2026-07-02,FFX_XLI,BW-BBG000BVL2G3,TRN,0.0004237048
2026-07-02,FFX_XLI,BW-BBG000BVRQD7,TTI,0.00021532587
2026-07-02,FFX_XLI,BW-BBG000BVVQQ8,TXT,0.0025876532
2026-07-02,FFX_XLI,BW-BBG000BVWLJ6,JCI,0.014478876
2026-07-02,FFX_XLI,BW-BBG000BW29L1,UNF,0.0006291805
2026-07-02,FFX_XLI,BW-BBG000BW2FF4,NPO,0.0012448258
2026-07-02,FFX_XLI,BW-BBG000BW3299,UNP,0.026745006
2026-07-02,FFX_XLI,BW-BBG000BW8S60,RTX,0.042410567
2026-07-02,FFX_XLI,BW-BBG000BWB7V4,VMI,0.0017667867
2026-07-02,FFX_XLI,BW-BBG000BWG2F8,VIRC,1.3902732e-05
2026-07-02,FFX_XLI,BW-BBG000BWJYL8,VSEC,0.0010123422
2026-07-02,FFX_XLI,BW-BBG000BWN2Y9,FIX,0.010613195
2026-07-02,FFX_XLI,BW-BBG000BWPP85,WERN,0.00041130738
2026-07-02,FFX_XLI,BW-BBG000BWVSR1,WM,0.014794531
2026-07-02,FFX_XLI,BW-BBG000BX5GS3,MRCY,0.0012025472
2026-07-02,FFX_XLI,BW-BBG000BXFWH9,MLR,9.122888e-05
2026-07-02,FFX_XLI,BW-BBG000BYZ0Q5,TTEK,0.0012099616
2026-07-02,FFX_XLI,BW-BBG000C1BW00,LMT,0.019587724
2026-07-02,FFX_XLI,BW-BBG000C1DF05,RBA,0.0034137613
2026-07-02,FFX_XLI,BW-BBG000C1HN22,IEX,0.0027840654
2026-07-02,FFX_XLI,BW-BBG000C1HQ43,KTOS,0.0015095805
2026-07-02,FFX_XLI,BW-BBG000C1LZX6,CRAI,0.00014597777
2026-07-02,FFX_XLI,BW-BBG000C1NCH3,TRS,0.00022177046
2026-07-02,FFX_XLI,BW-BBG000C1PFY5,ARCB,0.00051765534
2026-07-02,FFX_XLI,BW-BBG000C221G9,PNR,0.002003659
2026-07-02,FFX_XLI,BW-BBG000C2LZP3,AAON,0.0013027262
2026-07-02,FFX_XLI,BW-BBG000C2YNT2,PPIH,3.43939e-05
2026-07-02,FFX_XLI,BW-BBG000C4SKT1,DY,0.002297867
2026-07-02,FFX_XLI,BW-BBG000C4Z6C2,WTS,0.0016994176
2026-07-02,FFX_XLI,BW-BBG000C5QMB5,KFY,0.00040983397
2026-07-02,FFX_XLI,BW-BBG000C7B436,TEX,0.00113432
2026-07-02,FFX_XLI,BW-BBG000C7QK61,HNI,0.00033364972
2026-07-02,FFX_XLI,BW-BBG000CBVB20,PPSI,5.3625317e-06
2026-07-02,FFX_XLI,BW-BBG000CC53X1,OSK,0.0014765807
2026-07-02,FFX_XLI,BW-BBG000CF5097,GBX,0.00023964705
2026-07-02,FFX_XLI,BW-BBG000CGM9H8,WNC,8.447396e-05
2026-07-02,FFX_XLI,BW-BBG000CHSS88,ODFL,0.006589983
2026-07-02,FFX_XLI,BW-BBG000CJSNX7,MATW,0.00013025924
2026-07-02,FFX_XLI,BW-BBG000CP3D44,AMSC,0.0003005848
2026-07-02,FFX_XLI,BW-BBG000CX0P89,GPN,0.0033138315
2026-07-02,FFX_XLI,BW-BBG000CX3LB1,OESX,2.0272387e-07
2026-07-02,FFX_XLI,BW-BBG000CX93B5,HQI,1.4566514e-05
2026-07-02,FFX_XLI,BW-BBG000D2M6H4,MTW,7.260499e-05
2026-07-02,FFX_XLI,BW-BBG000D5LK23,FSTR,6.960666e-05
2026-07-02,FFX_XLI,BW-BBG000D7FT63,GFF,0.0006299877
2026-07-02,FFX_XLI,BW-BBG000D86F25,BWXT,0.0028862667
2026-07-02,FFX_XLI,BW-BBG000DCCZW2,AGCO,0.001152879
2026-07-02,FFX_XLI,BW-BBG000DDGCT1,LTBR,5.122263e-05
2026-07-02,FFX_XLI,BW-BBG000DGLTG5,DLB,0.00032219174
2026-07-02,FFX_XLI,BW-BBG000DNV5K6,HDSN,3.75557e-05
2026-07-02,FFX_XLI,BW-BBG000DQF1G1,MG,5.8270965e-05
2026-07-02,FFX_XLI,BW-BBG000DQN9R3,MIDD,0.0011309584
2026-07-02,FFX_XLI,BW-BBG000DR5QP5,BCO,0.00065089
2026-07-02,FFX_XLI,BW-BBG000DR87M7,SNDR,0.00031401817
2026-07-02,FFX_XLI,BW-BBG000DVB833,GVA,0.0010765262
2026-07-02,FFX_XLI,BW-BBG000DW4LB1,AWI,0.0010984531
2026-07-02,FFX_XLI,BW-BBG000DYHZ04,BWEN,1.4011855e-05
2026-07-02,FFX_XLI,BW-BBG000DYXD23,MTZ,0.003875815
2026-07-02,FFX_XLI,BW-BBG000F31Z34,EXPO,0.0004879409
2026-07-02,FFX_XLI,BW-BBG000F61RJ8,ACM,0.0013993768
2026-07-02,FFX_XLI,BW-BBG000F83JZ2,AZZ,0.0007237149
2026-07-02,FFX_XLI,BW-BBG000FC3ZL2,QUAD,4.494328e-05
2026-07-02,FFX_XLI,BW-BBG000FCZM90,FC,3.8594702e-05
2026-07-02,FFX_XLI,BW-BBG000FFH4P5,FLS,0.00089823204
2026-07-02,FFX_XLI,BW-BBG000FJS1S8,LNN,0.000114767216
2026-07-02,FFX_XLI,BW-BBG000FKMP26,AEIS,0.0021925059
2026-07-02,FFX_XLI,BW-BBG000FLHZZ2,WCN,0.006862491
2026-07-02,FFX_XLI,BW-BBG000FLVLF9,NWPX,0.00019472142
2026-07-02,FFX_XLI,BW-BBG000FNC0Z0,ASTC,3.0100086e-06
2026-07-02,FFX_XLI,BW-BBG000FQD1Z0,CBZ,0.00025635448
2026-07-02,FFX_XLI,BW-BBG000G19HR3,DLHC,7.5006838e-06
2026-07-02,FFX_XLI,BW-BBG000G7CDN9,WMS,0.0018014975
2026-07-02,FFX_XLI,BW-BBG000G9W6L0,HUBG,0.0004327047
2026-07-02,FFX_XLI,BW-BBG000GC0TZ3,GEO,0.00064981676
2026-07-02,FFX_XLI,BW-BBG000GX14P2,AVAV,0.001417693
2026-07-02,FFX_XLI,BW-BBG000H3YXF8,CTAS,0.011447521
2026-07-02,FFX_XLI,BW-BBG000H556T9,HON,0.023079555
2026-07-02,FFX_XLI,BW-BBG000HGNYG8,FORR,1.676046e-05
2026-07-02,FFX_XLI,BW-BBG000HL4L03,HLIO,0.00045651488
2026-07-02,FFX_XLI,BW-BBG000HQ1LB3,FCEL,0.00033287253
2026-07-02,FFX_XLI,BW-BBG000J06K07,ACCO,6.462788e-05
2026-07-02,FFX_XLI,BW-BBG000JBC9M7,MWA,0.00064065144
2026-07-02,FFX_XLI,BW-BBG000JCZJS2,TNC,0.00023554667
2026-07-02,FFX_XLI,BW-BBG000JD6TN5,STRL,0.0038092292
2026-07-02,FFX_XLI,BW-BBG000K4J3T0,AGX,0.0014903655
2026-07-02,FFX_XLI,BW-BBG000K88H58,FCN,0.0006044624
2026-07-02,FFX_XLI,BW-BBG000KF9J02,ACTG,2.6662316e-05
2026-07-02,FFX_XLI,BW-BBG000L5CJF3,XPO,0.003845084
2026-07-02,FFX_XLI,BW-BBG000L8CBX4,TDG,0.011901179
2026-07-02,FFX_XLI,BW-BBG000L9CV04,UPS,0.013326721
2026-07-02,FFX_XLI,BW-BBG000LGP1K8,ULH,1.7022683e-05
2026-07-02,FFX_XLI,BW-BBG000LJS6B8,ALGT,0.00031410303
2026-07-02,FFX_XLI,BW-BBG000LK07B3,KFRC,0.0001223313
2026-07-02,FFX_XLI,BW-BBG000M44VW8,OC,0.001947349
2026-07-02,FFX_XLI,BW-BBG000M65M61,UAL,0.0070725586
2026-07-02,FFX_XLI,BW-BBG000M68PH9,PLPC,0.00016112525
2026-07-02,FFX_XLI,BW-BBG000N7KBZ3,BE,0.009483298
2026-07-02,FFX_XLI,BW-BBG000P1K2X6,GTLS,0.0016407715
2026-07-02,FFX_XLI,BW-BBG000P28YZ6,KBR,0.000700676
2026-07-02,FFX_XLI,BW-BBG000P5LMQ0,SAIA,0.0018317573
2026-07-02,FFX_XLI,BW-BBG000PHV438,IESC,0.0009558031
2026-07-02,FFX_XLI,BW-BBG000PJ0HS2,VTSI,5.537597e-06
2026-07-02,FFX_XLI,BW-BBG000PQ4W72,GNRC,0.0024578043
2026-07-02,FFX_XLI,BW-BBG000PV2L86,TNL,0.00075975124
2026-07-02,FFX_XLI,BW-BBG000PV2M48,HURN,0.00025358857
2026-07-02,FFX_XLI,BW-BBG000PWTD92,ENS,0.0013112979
2026-07-02,FFX_XLI,BW-BBG000PZ0SW7,CVGI,2.8256098e-05
2026-07-02,FFX_XLI,BW-BBG000Q1CKB8,WLDN,0.00017792077
2026-07-02,FFX_XLI,BW-BBG000Q218R8,III,2.7911445e-05
2026-07-02,FFX_XLI,BW-BBG000Q889B3,WFCF,5.8388587e-06
2026-07-02,FFX_XLI,BW-BBG000Q90C31,PLOW,0.0001970949
2026-07-02,FFX_XLI,BW-BBG000QDHKS9,PSIX,6.7068686e-05
2026-07-02,FFX_XLI,BW-BBG000QSGFZ0,OFLX,1.8233122e-05
2026-07-02,FFX_XLI,BW-BBG000QTFDQ4,ATKR,0.00036621394
2026-07-02,FFX_XLI,BW-BBG000QXXMF7,LQDT,0.00015485457
2026-07-02,FFX_XLI,BW-BBG000QY3XZ2,EXPE,0.004817774
2026-07-02,FFX_XLI,BW-BBG000R2YFG7,BAH,0.0011021058
2026-07-02,FFX_XLI,BW-BBG000R7Z112,DAL,0.010038629
2026-07-02,FFX_XLI,BW-BBG000TXVLZ6,NX,0.00013068356
2026-07-02,FFX_XLI,BW-BBG000VFBBC1,ERII,6.461798e-05
2026-07-02,FFX_XLI,BW-BBG0018XDT80,MEC,0.00011267024
2026-07-02,FFX_XLI,BW-BBG001D8R5D0,XYL,0.0044992412
2026-07-02,FFX_XLI,BW-BBG001KJ2HM9,HII,0.0018043503
2026-07-02,FFX_XLI,BW-BBG001KY3845,ALSN,0.0015647883
2026-07-02,FFX_XLI,BW-BBG001KY4N87,ARMK,0.0024215796
2026-07-02,FFX_XLI,BW-BBG001M8HHB7,TRIP,0.000262648
2026-07-02,FFX_XLI,BW-BBG0029SH078,LXFR,7.7760575e-05
2026-07-02,FFX_XLI,BW-BBG002R1CW27,IR,0.005148601
2026-07-02,FFX_XLI,BW-BBG003BPV1Q0,BWMN,6.621095e-05
2026-07-02,FFX_XLI,BW-BBG003PS7JV1,ALLE,0.0019587826
2026-07-02,FFX_XLI,BW-BBG004YSSTM4,IPWR,2.9436792e-06
2026-07-02,FFX_XLI,BW-BBG0057GTG80,KODK,0.00011887392
2026-07-02,FFX_XLI,BW-BBG005DLS9N2,BGSF,1.0077059e-05
2026-07-02,FFX_XLI,BW-BBG005P7Q881,AAL,0.0019717112
2026-07-02,FFX_XLI,BW-BBG005PTVFQ1,PANL,3.172909e-05
2026-07-02,FFX_XLI,BW-BBG005XNV9D3,WATT,2.1586282e-05
2026-07-02,FFX_XLI,BW-BBG006427SW3,BLBD,0.0003958193
2026-07-02,FFX_XLI,BW-BBG006FCB019,ENR,0.00024675805
2026-07-02,FFX_XLI,BW-BBG006G0NGC4,LMB,0.00014217586
2026-07-02,FFX_XLI,BW-BBG006TBN8B5,GNK,0.00017346442
2026-07-02,FFX_XLI,BW-BBG007H0TDK3,BW,0.00015593244
2026-07-02,FFX_XLI,BW-BBG00CVQZQ96,ITT,0.0026402946
2026-07-02,FFX_XLI,BW-BBG00DYNJGH9,HWM,0.017567009
2026-07-02,FFX_XLI,BW-BBG00GNT7999,NVT,0.0030026515
2026-07-02,FFX_XLI,BW-BBG00HC114X0,CNR,0.00061774184
2026-07-02,FFX_XLI,BW-BBG00HXKRGY9,APG,0.0017785563
2026-07-02,FFX_XLI,BW-BBG00JGMWFM9,ACA,0.001166568
2026-07-02,FFX_XLI,BW-BBG00JM9V731,GTES,0.0011011682
2026-07-02,FFX_XLI,BW-BBG00K88DTH3,ARLO,0.0001983972
2026-07-02,FFX_XLI,BW-BBG00KDYT8C4,EAF,2.5754853e-05
2026-07-02,FFX_XLI,BW-BBG00KK0CFX9,ROAD,0.0008572646
2026-07-02,FFX_XLI,BW-BBG00L2B8KW8,VRT,0.019359194
2026-07-02,FFX_XLI,BW-BBG00M8BB0W0,BBCP,4.1356874e-05
2026-07-02,FFX_XLI,BW-BBG00QJCX1H8,MNTS,5.576781e-06
2026-07-02,FFX_XLI,BW-BBG00R0TMXH1,CMPR,0.00041350105
2026-07-02,FFX_XLI,BW-BBG00R28X833,ASLE,4.186865e-05
2026-07-02,FFX_XLI,BW-BBG00RP5HYS8,CARR,0.009071607
2026-07-02,FFX_XLI,BW-BBG00RP60KV0,OTIS,0.0043937666
2026-07-02,FFX_XLI,BW-BBG00YDGX945,GXO,0.00093554275
2026-07-02,FFX_XLI,BW-BBG00YN8NCD6,DRVN,0.00013331603
2026-07-02,FFX_XLI,BW-BBG00YQ82275,SHLS,0.0001963895
2026-07-02,FFX_XLI,BW-BBG00Z9CCRH5,HAYW,0.00059524656
2026-07-02,FFX_XLI,BW-BBG00ZSB4TS9,DRS,0.0005293759
2026-07-02,FFX_XLI,BW-BBG00ZVXLHH6,SWIM,4.9803097e-05
2026-07-02,FFX_XLI,BW-BBG0100SH2C0,JBI,0.00010257652
2026-07-02,FFX_XLI,BW-BBG011J0CV21,FA,0.00024752272
2026-07-02,FFX_XLI,BW-BBG011RK3N71,CDRE,8.9686284e-05
2026-07-02,FFX_XLI,BW-BBG012S2R9J0,AERT,1.5672978e-05
2026-07-02,FFX_XLI,BW-BBG016G0L0Q5,CR,0.0017704922
2026-07-02,FFX_XLI,BW-BBG017BXPZ85,CXT,0.00041920308
2026-07-02,FFX_XLI,BW-BBG019C1BQR4,J,0.0023390732
2026-07-02,FFX_XLI,BW-BBG019Q32XJ9,VLTO,0.00361243
2026-07-02,FFX_XLI,BW-BBG01JN8VS80,SHIM,4.8308116e-06
2026-07-02,FFX_XLI,BW-BBG01K02D4G9,NCI,1.4661375e-06
2026-07-02,FFX_XLI,BW-US0235865062,UHAL-B,0.00094706216
2026-07-02,FFX_XLI,BW-US4710241096,JAN,2.3606743e-05
2026-07-02,FFX_XLI,BW-US6153942023,MOG-A,0.0021339739
2026-07-02,FFX_XLY,BW-BBG000B9ZJN2,NATH,3.8289832e-05
2026-07-02,FFX_XLY,BW-BBG000BB5BF6,GME,0.0010035968
2026-07-02,FFX_XLY,BW-BBG000BB88K4,GPI,0.0004779022
2026-07-02,FFX_XLY,BW-BBG000BB9Q78,SRI,2.6553875e-05
2026-07-02,FFX_XLY,BW-BBG000BBHHP9,AIT,0.0015886832
2026-07-02,FFX_XLY,BW-BBG000BBMNG0,SAH,0.00022234155
2026-07-02,FFX_XLY,BW-BBG000BBNYF6,DRI,0.0030525564
2026-07-02,FFX_XLY,BW-BBG000BBVDT8,ETD,6.6261746e-05
2026-07-02,FFX_XLY,BW-BBG000BBXLW4,AN,0.00061620143
2026-07-02,FFX_XLY,BW-BBG000BCLYL9,MSM,0.000763298
2026-07-02,FFX_XLY,BW-BBG000BCVG28,POOL,0.0010007644
2026-07-02,FFX_XLY,BW-BBG000BCWCG1,BBY,0.0018841341
2026-07-02,FFX_XLY,BW-BBG000BCWSS3,BC,0.00051277585
2026-07-02,FFX_XLY,BW-BBG000BD9525,BKE,0.00017520788
2026-07-02,FFX_XLY,BW-BBG000BDCQ25,PRDO,0.00022900735
2026-07-02,FFX_XLY,BW-BBG000BDLQJ7,BZH,9.343824e-05
2026-07-02,FFX_XLY,BW-BBG000BDRR63,BSET,1.985522e-05
2026-07-02,FFX_XLY,BW-BBG000BF0672,CASY,0.0038303118
2026-07-02,FFX_XLY,BW-BBG000BF20N5,RCKY,4.035483e-05
2026-07-02,FFX_XLY,BW-BBG000BF33K1,CBRL,0.00016279545
2026-07-02,FFX_XLY,BW-BBG000BF5HQ2,CAAS,6.7827305e-06
2026-07-02,FFX_XLY,BW-BBG000BFF550,CULP,4.1427934e-06
2026-07-02,FFX_XLY,BW-BBG000BFWF13,PZZA,0.0001562183
2026-07-02,FFX_XLY,BW-BBG000BFX8X3,RAVE,4.517984e-06
2026-07-02,FFX_XLY,BW-BBG000BGD7W6,MAR,0.010514513
2026-07-02,FFX_XLY,BW-BBG000BGXZB5,AEO,0.0003456422
2026-07-02,FFX_XLY,BW-BBG000BGYWY6,ORLY,0.008384631
2026-07-02,FFX_XLY,BW-BBG000BH3GZ2,YUM,0.005884909
2026-07-02,FFX_XLY,BW-BBG000BJ0H70,ESCA,2.4846528e-05
2026-07-02,FFX_XLY,BW-BBG000BJ49H3,BWA,0.0017257244
2026-07-02,FFX_XLY,BW-BBG000BJ8YN7,FAST,0.007256667
2026-07-02,FFX_XLY,BW-BBG000BJNBB3,FLXS,4.634552e-05
2026-07-02,FFX_XLY,BW-BBG000BJS1P5,MPAA,3.5407713e-05
2026-07-02,FFX_XLY,BW-BBG000BJSMW1,UTI,0.000304117
2026-07-02,FFX_XLY,BW-BBG000BJZZX3,FUN,0.00027196194
2026-07-02,FFX_XLY,BW-BBG000BK28N7,EAT,0.00097403576
2026-07-02,FFX_XLY,BW-BBG000BK5S78,GCO,4.9918573e-05
2026-07-02,FFX_XLY,BW-BBG000BKDWB5,ABG,0.00022812959
2026-07-02,FFX_XLY,BW-BBG000BKJ092,GNTX,0.0006749428
2026-07-02,FFX_XLY,BW-BBG000BKKQ84,COLM,0.00019901305
2026-07-02,FFX_XLY,BW-BBG000BKL348,GPC,0.0021420554
2026-07-02,FFX_XLY,BW-BBG000BKNX95,GT,0.00024579957
2026-07-02,FFX_XLY,BW-BBG000BKR1D6,GWW,0.0070018573
2026-07-02,FFX_XLY,BW-BBG000BKVJK4,HAS,0.0015210826
2026-07-02,FFX_XLY,BW-BBG000BKXYX5,DECK,0.0018256473
2026-07-02,FFX_XLY,BW-BBG000BKZB36,HD,0.04637362
2026-07-02,FFX_XLY,BW-BBG000BKZTP3,HOG,0.00032650458
2026-07-02,FFX_XLY,BW-BBG000BL21Z7,HELE,8.932083e-05
2026-07-02,FFX_XLY,BW-BBG000BL30Y9,MOV,5.3240292e-05
2026-07-02,FFX_XLY,BW-BBG000BL79J3,URBN,0.0005717764
2026-07-02,FFX_XLY,BW-BBG000BL9MZ4,MHO,0.00053686165
2026-07-02,FFX_XLY,BW-BBG000BLCBN7,HOV,7.0559705e-05
2026-07-02,FFX_XLY,BW-BBG000BLMZK6,KMX,0.00095609925
2026-07-02,FFX_XLY,BW-BBG000BLV2Q3,SHOO,0.00039646396
2026-07-02,FFX_XLY,BW-BBG000BLXZN1,TSCO,0.0017999974
2026-07-02,FFX_XLY,BW-BBG000BLY663,CROX,0.0007009203
2026-07-02,FFX_XLY,BW-BBG000BM0QL7,SWBI,8.7693785e-05
2026-07-02,FFX_XLY,BW-BBG000BM22F5,DORM,0.00033180285
2026-07-02,FFX_XLY,BW-BBG000BMLWX8,KBH,0.0004776379
2026-07-02,FFX_XLY,BW-BBG000BMXYW2,KOSS,2.725145e-06
2026-07-02,FFX_XLY,BW-BBG000BN1807,LAKE,1.5166835e-05
2026-07-02,FFX_XLY,BW-BBG000BN2HQ8,DSGR,3.3560747e-05
2026-07-02,FFX_XLY,BW-BBG000BN53G7,LEG,0.00020043613
2026-07-02,FFX_XLY,BW-BBG000BN5HF7,LEN,0.0025754762
2026-07-02,FFX_XLY,BW-BBG000BNDN65,LOW,0.016505398
2026-07-02,FFX_XLY,BW-BBG000BNGTQ7,BBWI,0.0005800027
2026-07-02,FFX_XLY,BW-BBG000BNLC97,LZB,0.00021121204
2026-07-02,FFX_XLY,BW-BBG000BNNYW1,MAT,0.00058325526
2026-07-02,FFX_XLY,BW-BBG000BNSKG4,HOFT,2.282098e-05
2026-07-02,FFX_XLY,BW-BBG000BNSZP1,MCD,0.025375752
2026-07-02,FFX_XLY,BW-BBG000BP02D2,MGRC,0.00038721613
2026-07-02,FFX_XLY,BW-BBG000BP7CL4,MOD,0.0016968884
2026-07-02,FFX_XLY,BW-BBG000BPBTL2,CHH,0.0003851901
2026-07-02,FFX_XLY,BW-BBG000BQ5GY1,WINA,0.00013363393
2026-07-02,FFX_XLY,BW-BBG000BQBYR3,NVR,0.0020949491
2026-07-02,FFX_XLY,BW-BBG000BQDF10,LEVI,0.0003389744
2026-07-02,FFX_XLY,BW-BBG000BQLM34,THRM,0.00010274854
2026-07-02,FFX_XLY,BW-BBG000BQPC32,F,0.0070669116
2026-07-02,FFX_XLY,BW-BBG000BQPRQ4,OXM,4.8047146e-05
2026-07-02,FFX_XLY,BW-BBG000BQSBB2,PATK,0.00035001512
2026-07-02,FFX_XLY,BW-BBG000BR54L0,PHM,0.0032750482
2026-07-02,FFX_XLY,BW-BBG000BRLWY6,CTRN,6.2336876e-05
2026-07-02,FFX_XLY,BW-BBG000BRRG02,PVH,0.0004838202
2026-07-02,FFX_XLY,BW-BBG000BRWWH3,AIN,0.0002788483
2026-07-02,FFX_XLY,BW-BBG000BS0ZF1,RL,0.00205472
2026-07-02,FFX_XLY,BW-BBG000BS4MP5,DDS,0.000525946
2026-07-02,FFX_XLY,BW-BBG000BSBZH7,ROST,0.008823386
2026-07-02,FFX_XLY,BW-BBG000BSC0K9,DLTR,0.0031062167
2026-07-02,FFX_XLY,BW-BBG000BSV7D1,SGC,1.8929843e-05
2026-07-02,FFX_XLY,BW-BBG000BT2TP0,SKY,0.0006071548
2026-07-02,FFX_XLY,BW-BBG000BT68C6,SMP,0.00010203337
2026-07-02,FFX_XLY,BW-BBG000BTKR92,PSMT,0.0006824895
2026-07-02,FFX_XLY,BW-BBG000BV6R84,THO,0.0005101275
2026-07-02,FFX_XLY,BW-BBG000BV8DN6,TJX,0.02184139
2026-07-02,FFX_XLY,BW-BBG000BVHBM1,TOL,0.0018937596
2026-07-02,FFX_XLY,BW-BBG000BVLRY8,ALV,0.0011177775
2026-07-02,FFX_XLY,BW-BBG000BVLWW9,TRNS,0.00011192335
2026-07-02,FFX_XLY,BW-BBG000BVPV84,AMZN,0.3134707
2026-07-02,FFX_XLY,BW-BBG000BWCKB6,VFC,0.0007871895
2026-07-02,FFX_XLY,BW-BBG000BWS3F3,WGO,0.00011204795
2026-07-02,FFX_XLY,BW-BBG000BWSV34,WHR,0.00033569417
2026-07-02,FFX_XLY,BW-BBG000BWXBC2,WMT,0.057259288
2026-07-02,FFX_XLY,BW-BBG000BX2YN2,WWW,0.00017246947
2026-07-02,FFX_XLY,BW-BBG000BXM6V2,UAA,0.00035322952
2026-07-02,FFX_XLY,BW-BBG000BY29C7,TPR,0.0034195643
2026-07-02,FFX_XLY,BW-BBG000BZY3G8,STRT,3.673208e-05
2026-07-02,FFX_XLY,BW-BBG000C0BZD1,MNRO,6.596493e-05
2026-07-02,FFX_XLY,BW-BBG000C1SRH5,HZO,9.887676e-05
2026-07-02,FFX_XLY,BW-BBG000C2YZ60,GIII,0.00021984159
2026-07-02,FFX_XLY,BW-BBG000C37332,FOSL,3.2539967e-05
2026-07-02,FFX_XLY,BW-BBG000C3FGH9,GHC,0.00049421645
2026-07-02,FFX_XLY,BW-BBG000C43RR5,EBAY,0.0067537115
2026-07-02,FFX_XLY,BW-BBG000C46HM9,M,0.00078574003
2026-07-02,FFX_XLY,BW-BBG000C48RJ9,UFI,1.0211144e-05
2026-07-02,FFX_XLY,BW-BBG000C4FQG6,RGR,7.952243e-05
2026-07-02,FFX_XLY,BW-BBG000C50012,SIG,0.0004303088
2026-07-02,FFX_XLY,BW-BBG000C5HS04,NKE,0.007016882
2026-07-02,FFX_XLY,BW-BBG000C6QPN3,CLAR,1.3504416e-05
2026-07-02,FFX_XLY,BW-BBG000C706J6,LCUT,1.4792697e-05
2026-07-02,FFX_XLY,BW-BBG000C7LMS8,AZO,0.006931315
2026-07-02,FFX_XLY,BW-BBG000C8SW16,RGS,9.077055e-06
2026-07-02,FFX_XLY,BW-BBG000CF8227,DBI,2.1878881e-05
2026-07-02,FFX_XLY,BW-BBG000CPW0C1,LIVE,9.734929e-07
2026-07-02,FFX_XLY,BW-BBG000CS7CT9,KSS,4.6139136e-05
2026-07-02,FFX_XLY,BW-BBG000CS8TM8,CAKE,0.0004985712
2026-07-02,FFX_XLY,BW-BBG000CTM4J9,CRI,0.00012173627
2026-07-02,FFX_XLY,BW-BBG000CTQBF3,SBUX,0.01562035
2026-07-02,FFX_XLY,BW-BBG000CVRFS4,H,0.000982471
2026-07-02,FFX_XLY,BW-BBG000CYSFS7,CAL,5.3812517e-05
2026-07-02,FFX_XLY,BW-BBG000CZ07G5,UEIC,7.0711035e-06
2026-07-02,FFX_XLY,BW-BBG000D0FNV3,WCC,0.002010461
2026-07-02,FFX_XLY,BW-BBG000D52545,WEN,0.00018359498
2026-07-02,FFX_XLY,BW-BBG000D5S4M0,PII,0.00048829766
2026-07-02,FFX_XLY,BW-BBG000DJN7L9,WSO,0.001913391
2026-07-02,FFX_XLY,BW-BBG000DMMH86,ARKR,1.780856e-06
2026-07-02,FFX_XLY,BW-BBG000DNLMB0,LCII,0.00023353906
2026-07-02,FFX_XLY,BW-BBG000DQBZJ7,CVSA,0.00055928837
2026-07-02,FFX_XLY,BW-BBG000DQTXY6,DHI,0.005729963
2026-07-02,FFX_XLY,BW-BBG000F4F1N0,MTH,0.0007045998
2026-07-02,FFX_XLY,BW-BBG000F6H8W8,COST,0.05429714
2026-07-02,FFX_XLY,BW-BBG000F6ZWH2,DKS,0.0017864932
2026-07-02,FFX_XLY,BW-BBG000F7RCJ1,AAP,0.00025165055
2026-07-02,FFX_XLY,BW-BBG000FLT111,RICK,2.5749823e-05
2026-07-02,FFX_XLY,BW-BBG000FLZN98,MHK,0.0007939638
2026-07-02,FFX_XLY,BW-BBG000FNRZ69,HRI,0.0006209464
2026-07-02,FFX_XLY,BW-BBG000FSMWC3,WSM,0.003471332
2026-07-02,FFX_XLY,BW-BBG000FV28W9,LOPE,0.0005069418
2026-07-02,FFX_XLY,BW-BBG000FVBPJ6,HVT,5.0934003e-05
2026-07-02,FFX_XLY,BW-BBG000GM1PH8,LINC,0.0001826531
2026-07-02,FFX_XLY,BW-BBG000GPK708,JAKK,1.924284e-05
2026-07-02,FFX_XLY,BW-BBG000GQPB11,MELI,0.01085972
2026-07-02,FFX_XLY,BW-BBG000GRZDV1,STRA,0.00022988963
2026-07-02,FFX_XLY,BW-BBG000GZ9406,DIN,5.980834e-05
2026-07-02,FFX_XLY,BW-BBG000GZGZR0,BXC,6.279904e-05
2026-07-02,FFX_XLY,BW-BBG000GZYVY1,JACK,1.7158629e-05
2026-07-02,FFX_XLY,BW-BBG000H105D2,WLFC,0.00012253759
2026-07-02,FFX_XLY,BW-BBG000H6K1B0,PAG,0.000416216
2026-07-02,FFX_XLY,BW-BBG000H8TVT2,TGT,0.0078071244
2026-07-02,FFX_XLY,BW-BBG000H8XPS1,BBW,5.116639e-05
2026-07-02,FFX_XLY,BW-BBG000H9G7X2,ANF,0.0005148471
2026-07-02,FFX_XLY,BW-BBG000H9LNX1,BJRI,0.00016025342
2026-07-02,FFX_XLY,BW-BBG000HCXFS4,JOUT,3.215088e-05
2026-07-02,FFX_XLY,BW-BBG000HTY991,DXPE,0.00027271578
2026-07-02,FFX_XLY,BW-BBG000J06DW8,CSV,7.905811e-05
2026-07-02,FFX_XLY,BW-BBG000JK9DK4,PLCE,3.3769436e-06
2026-07-02,FFX_XLY,BW-BBG000JX7SX1,CATO,7.141606e-06
2026-07-02,FFX_XLY,BW-BBG000K3BC83,LAD,0.0008575563
2026-07-02,FFX_XLY,BW-BBG000K4WS65,CVCO,0.00040381544
2026-07-02,FFX_XLY,BW-BBG000KFPB56,GIC,5.9597394e-05
2026-07-02,FFX_XLY,BW-BBG000LC2VD4,LOCO,2.8617478e-05
2026-07-02,FFX_XLY,BW-BBG000LR8515,SBH,0.00017760361
2026-07-02,FFX_XLY,BW-BBG000MXH9C1,RRGB,1.37808365e-05
2026-07-02,FFX_XLY,BW-BBG000N7MXL8,ETSY,0.0008513578
2026-07-02,FFX_XLY,BW-BBG000N9MNX3,TSLA,0.18482938
2026-07-02,FFX_XLY,BW-BBG000NDYB67,GM,0.008928996
2026-07-02,FFX_XLY,BW-BBG000NV1KK7,DG,0.0029656903
2026-07-02,FFX_XLY,BW-BBG000NXRTF2,NEPH,3.0525391e-06
2026-07-02,FFX_XLY,BW-BBG000P458P3,DPZ,0.0013243092
2026-07-02,FFX_XLY,BW-BBG000PBDRC0,MGNI,0.00023096734
2026-07-02,FFX_XLY,BW-BBG000PLLP24,RUSHA,0.00062850525
2026-07-02,FFX_XLY,BW-BBG000PSJMV7,TXRH,0.0016575542
2026-07-02,FFX_XLY,BW-BBG000PSXT64,CPS,5.9820624e-05
2026-07-02,FFX_XLY,BW-BBG000PTLGZ1,LEA,0.0009167744
2026-07-02,FFX_XLY,BW-BBG000PVSJ01,NEGG,1.8354582e-06
2026-07-02,FFX_XLY,BW-BBG000PXDL44,LKQ,0.0008792233
2026-07-02,FFX_XLY,BW-BBG000PYX812,ZUMZ,3.044984e-05
2026-07-02,FFX_XLY,BW-BBG000Q808Z7,CHCI,7.297254e-06
2026-07-02,FFX_XLY,BW-BBG000QGYG84,GRBK,0.0003099847
2026-07-02,FFX_XLY,BW-BBG000QSXPZ9,LRN,0.00032305
2026-07-02,FFX_XLY,BW-BBG000QX74T1,CMG,0.005043061
2026-07-02,FFX_XLY,BW-BBG000QYVKN2,LOVE,3.0585652e-05
2026-07-02,FFX_XLY,BW-BBG000R50SY9,VRA,1.0683339e-05
2026-07-02,FFX_XLY,BW-BBG000R5XCX9,XPEL,0.00016214204
2026-07-02,FFX_XLY,BW-BBG000R8ZVD1,LULU,0.001281359
2026-07-02,FFX_XLY,BW-BBG000RVD346,APEI,0.000120119585
2026-07-02,FFX_XLY,BW-BBG000RWSF05,TITN,5.414708e-05
2026-07-02,FFX_XLY,BW-BBG000TCD088,DAN,0.00033869114
2026-07-02,FFX_XLY,BW-BBG001636CR2,FIVE,0.001318304
2026-07-02,FFX_XLY,BW-BBG0016T3GQ0,VC,0.0003440302
2026-07-02,FFX_XLY,BW-BBG001B17MV2,W,0.0012958373
2026-07-02,FFX_XLY,BW-BBG001CN6Q81,NDLS,9.923672e-06
2026-07-02,FFX_XLY,BW-BBG001VGVJF5,TLYS,5.2335554e-06
2026-07-02,FFX_XLY,BW-BBG001Z0Q6T5,MUSA,0.001368378
2026-07-02,FFX_XLY,BW-BBG002293PJ4,RH,0.00031758306
2026-07-02,FFX_XLY,BW-BBG0029SNR63,CPRI,0.00027643793
2026-07-02,FFX_XLY,BW-BBG002GBMZG4,DLTH,8.4605945e-06
2026-07-02,FFX_XLY,BW-BBG002VZ68Y2,BLMN,0.000100206205
2026-07-02,FFX_XLY,BW-BBG002ZYLPN8,MCFT,5.1093684e-05
2026-07-02,FFX_XLY,BW-BBG003DNHV56,VVV,0.00063880667
2026-07-02,FFX_XLY,BW-BBG003LFWP05,BFAM,0.0005116156
2026-07-02,FFX_XLY,BW-BBG003PGJHP5,TMHC,0.0008469571
2026-07-02,FFX_XLY,BW-BBG0046L1KL9,SFIX,2.9958472e-05
2026-07-02,FFX_XLY,BW-BBG004FPDNZ6,REAL,0.00018085557
2026-07-02,FFX_XLY,BW-BBG004MDWKS8,LIND,0.00012451709
2026-07-02,FFX_XLY,BW-BBG004S641N5,BURL,0.002582713
2026-07-02,FFX_XLY,BW-BBG004T7VS53,FOXF,5.9493737e-05
2026-07-02,FFX_XLY,BW-BBG0056655S1,LGIH,0.00018642792
2026-07-02,FFX_XLY,BW-BBG0058KMH30,HLT,0.009725963
2026-07-02,FFX_XLY,BW-BBG005BLN209,DNOW,0.00030998985
2026-07-02,FFX_XLY,BW-BBG005BPGN11,VNCE,4.46145e-06
2026-07-02,FFX_XLY,BW-BBG005PXTR70,MBUU,6.571615e-05
2026-07-02,FFX_XLY,BW-BBG005TJKDZ6,IBP,0.00066270406
2026-07-02,FFX_XLY,BW-BBG0063GCHH8,SHAK,0.00029112853
2026-07-02,FFX_XLY,BW-BBG006G412Q6,CCS,0.00023225514
2026-07-02,FFX_XLY,BW-BBG0076WG2V1,QSR,0.003246551
2026-07-02,FFX_XLY,BW-BBG0077SYZV6,BOOT,0.00049689366
2026-07-02,FFX_XLY,BW-BBG007FJ83S1,INSE,2.2566064e-05
2026-07-02,FFX_XLY,BW-BBG007GJ2F81,FND,0.00084637414
2026-07-02,FFX_XLY,BW-BBG008N298Y8,WING,0.00063170964
2026-07-02,FFX_XLY,BW-BBG0098VVDT9,OLLI,0.00066973706
2026-07-02,FFX_XLY,BW-BBG009CNQCW6,BNED,1.8675117e-05
2026-07-02,FFX_XLY,BW-BBG009H04M17,PLNT,0.0005497722
2026-07-02,FFX_XLY,BW-BBG009PN0C87,ADNT,0.00018857936
2026-07-02,FFX_XLY,BW-BBG009T22D49,SITE,0.00062929286
2026-07-02,FFX_XLY,BW-BBG00B4Z2YX0,LAUR,0.00060056266
2026-07-02,FFX_XLY,BW-BBG00B8N0HG1,YUMC,0.0018757795
2026-07-02,FFX_XLY,BW-BBG00CSK7SL6,CPHC,8.386495e-06
2026-07-02,FFX_XLY,BW-BBG00D2Z7X83,CWH,9.767245e-05
2026-07-02,FFX_XLY,BW-BBG00D5L3SS4,GOLF,0.00041415638
2026-07-02,FFX_XLY,BW-BBG00D8JC882,YETI,0.00039345588
2026-07-02,FFX_XLY,BW-BBG00FQ8T4G3,BJ,0.0014579202
2026-07-02,FFX_XLY,BW-BBG00FWQ4VD6,ULTA,0.0019200516
2026-07-02,FFX_XLY,BW-BBG00FZBYDS7,JILL,1.6260936e-05
2026-07-02,FFX_XLY,BW-BBG00GCTWDJ3,CVNA,0.0017913398
2026-07-02,FFX_XLY,BW-BBG00GX221W3,ACEL,8.7662534e-05
2026-07-02,FFX_XLY,BW-BBG00HCY3Q67,WH,0.0008016281
2026-07-02,FFX_XLY,BW-BBG00HJ4P620,HBB,2.3767241e-05
2026-07-02,FFX_XLY,BW-BBG00HLCWDF2,CTOS,8.67205e-05
2026-07-02,FFX_XLY,BW-BBG00HQ77DS2,CARG,0.00021791847
2026-07-02,FFX_XLY,BW-BBG00HVQF9K2,EYE,0.00014323457
2026-07-02,FFX_XLY,BW-BBG00HWHP8Q6,JRSH,4.136509e-06
2026-07-02,FFX_XLY,BW-BBG00HY28K89,REZI,0.00061848015
2026-07-02,FFX_XLY,BW-BBG00HY28P97,GTX,0.00045444755
2026-07-02,FFX_XLY,BW-BBG00J54QHD4,KXIN,2.0976737e-10
2026-07-02,FFX_XLY,BW-BBG00JG0FFZ2,PTON,0.0003107641
2026-07-02,FFX_XLY,BW-BBG00K7K3474,TH,8.434295e-05
2026-07-02,FFX_XLY,BW-BBG00LPTHYD5,KTB,0.000606726
2026-07-02,FFX_XLY,BW-BBG00M4RHBD0,RVLV,0.00012311377
2026-07-02,FFX_XLY,BW-BBG00MJDR6J9,LEGH,3.72508e-05
2026-07-02,FFX_XLY,BW-BBG00MKMQ6M4,OSW,0.00036628256
2026-07-02,FFX_XLY,BW-BBG00NZ6JVD4,ALTG,2.0264135e-05
2026-07-02,FFX_XLY,BW-BBG00P19DKZ6,CHWY,0.0005820816
2026-07-02,FFX_XLY,BW-BBG00P5M4V07,FERG,0.0059825424
2026-07-02,FFX_XLY,BW-BBG00PNFJ521,KRUS,5.3855078e-05
2026-07-02,FFX_XLY,BW-BBG00PPXGH18,ONEW,1.7207052e-05
2026-07-02,FFX_XLY,BW-BBG00X7L1C14,ASO,0.00038171586
2026-07-02,FFX_XLY,BW-BBG00XS6TTT7,LESL,1.1885404e-05
2026-07-02,FFX_XLY,BW-BBG00YD8K411,ARKO,9.5092386e-05
2026-07-02,FFX_XLY,BW-BBG00YN8LKP7,DFH,3.723213e-05
2026-07-02,FFX_XLY,BW-BBG00ZKY1P71,GLBE,0.0005077269
2026-07-02,FFX_XLY,BW-BBG010Z1CX47,SVV,4.9210394e-05
2026-07-02,FFX_XLY,BW-BBG01163K2X0,CNM,0.0011191572
2026-07-02,FFX_XLY,BW-BBG011PTS772,COOK,5.7340167e-06
2026-07-02,FFX_XLY,BW-BBG012GNVTG1,FGI,3.0659794e-07
2026-07-02,FFX_XLY,BW-BBG012TKHZ11,ARHS,6.0384824e-05
2026-07-02,FFX_XLY,BW-BBG012Y71V10,LVLU,7.751236e-07
2026-07-02,FFX_XLY,BW-BBG0134WCM78,DKNG,0.0011292768
2026-07-02,FFX_XLY,BW-BBG01B079Z74,ATMU,0.0005320428
2026-07-02,FFX_XLY,BW-BBG01F6N6NM7,PHIN,0.00036453863
2026-07-02,FFX_XLY,BW-BBG01R914LT5,APTV,0.0016434252
2026-07-02,FFX_XLY,BW-BBG01VRS3V61,WW,2.1457397e-05
2026-07-02,FFX_XLY,BW-BBG01WT4P224,BEBE,2.6462278e-05
2026-07-02,FFX_XLY,BW-US08986R4083,BH-A,3.9980576e-05
2026-07-02,FFX_XLP,BW-BBG000BB4D72,FLO,0.00083057955
2026-07-02,FFX_XLP,BW-BBG000BB6WG8,ADM,0.016257009
2026-07-02,FFX_XLP,BW-BBG000BBJR57,ALCO,0.00012713634
2026-07-02,FFX_XLP,BW-BBG000BCZBF1,SAM,0.0006104202
2026-07-02,FFX_XLP,BW-BBG000BDPC13,LMNR,9.865103e-05
2026-07-02,FFX_XLP,BW-BBG000BDPZ58,BRID,5.128595e-06
2026-07-02,FFX_XLP,BW-BBG000BDXGP9,CAG,0.003034729
2026-07-02,FFX_XLP,BW-BBG000BF8CB6,FIZZ,0.00033575553
2026-07-02,FFX_XLP,BW-BBG000BF8CN3,ANDE,0.0009868655
2026-07-02,FFX_XLP,BW-BBG000BFJT36,CHD,0.010338067
2026-07-02,FFX_XLP,BW-BBG000BFLXV3,PPC,0.00052625366
2026-07-02,FFX_XLP,BW-BBG000BFQYY3,CL,0.033099174
2026-07-02,FFX_XLP,BW-BBG000BFS7D3,CLX,0.005155736
2026-07-02,FFX_XLP,BW-BBG000BG1SX2,COKE,0.005211661
2026-07-02,FFX_XLP,BW-BBG000BG4202,CPB,0.002033369
2026-07-02,FFX_XLP,BW-BBG000BKCFC2,GIS,0.009308521
2026-07-02,FFX_XLP,BW-BBG000BLDV98,HRB,0.0021808897
2026-07-02,FFX_XLP,BW-BBG000BLF8D2,HRL,0.003234505
2026-07-02,FFX_XLP,BW-BBG000BLHRS2,HSY,0.011768952
2026-07-02,FFX_XLP,BW-BBG000BLXDJ5,IMKTA,0.0005881858
2026-07-02,FFX_XLP,BW-BBG000BMGPW0,JJSF,0.00049363286
2026-07-02,FFX_XLP,BW-BBG000BMW2Z0,KMB,0.016508587
2026-07-02,FFX_XLP,BW-BBG000BMX289,KO,0.15505257
2026-07-02,FFX_XLP,BW-BBG000BMY992,KR,0.04789214
2026-07-02,FFX_XLP,BW-BBG000BN8ZK8,DAR,0.0039800704
2026-07-02,FFX_XLP,BW-BBG000BNJTC9,LWAY,7.102237e-05
2026-07-02,FFX_XLP,BW-BBG000BP6LJ8,MO,0.052925225
2026-07-02,FFX_XLP,BW-BBG000BQC9V2,NWL,0.0010997006
2026-07-02,FFX_XLP,BW-BBG000BR2TH3,PG,0.1531848
2026-07-02,FFX_XLP,BW-BBG000BRW644,EPC,0.0005377463
2026-07-02,FFX_XLP,BW-BBG000BS7KS3,TAP,0.0025612835
2026-07-02,FFX_XLP,BW-BBG000BSBBP1,ROL,0.0052339826
2026-07-02,FFX_XLP,BW-BBG000BT1715,SJM,0.005241227
2026-07-02,FFX_XLP,BW-BBG000BTHH16,SCI,0.004593877
2026-07-02,FFX_XLP,BW-BBG000BTVJ25,SYY,0.018098926
2026-07-02,FFX_XLP,BW-BBG000BVJNQ9,TR,0.00030282716
2026-07-02,FFX_XLP,BW-BBG000BW93R1,UVV,0.0005765808
2026-07-02,FFX_XLP,BW-BBG000BWBW76,MED,5.13993e-05
2026-07-02,FFX_XLP,BW-BBG000BWGK40,VLGEA,9.0267196e-05
2026-07-02,FFX_XLP,BW-BBG000BWW509,WMK,0.00030984217
2026-07-02,FFX_XLP,BW-BBG000BX28M0,USNA,0.00010035588
2026-07-02,FFX_XLP,BW-BBG000BXB1M5,UNFI,0.0012297442
2026-07-02,FFX_XLP,BW-BBG000BXK6C5,MGPI,0.000109869485
2026-07-02,FFX_XLP,BW-BBG000BXPZB7,INGR,0.002629359
2026-07-02,FFX_XLP,BW-BBG000BZDLX2,ZIVO,5.089225e-06
2026-07-02,FFX_XLP,BW-BBG000C05DV7,NATR,0.00013307596
2026-07-02,FFX_XLP,BW-BBG000C24TS3,MTEX,2.4380172e-06
2026-07-02,FFX_XLP,BW-BBG000C2XCD4,UG,1.4477293e-05
2026-07-02,FFX_XLP,BW-BBG000CDJHR0,LFVN,3.5174035e-05
2026-07-02,FFX_XLP,BW-BBG000CDMJW6,CALM,0.0014705557
2026-07-02,FFX_XLP,BW-BBG000CHPMY5,JBSS,0.0003516498
2026-07-02,FFX_XLP,BW-BBG000D4LWF6,MDLZ,0.033808056
2026-07-02,FFX_XLP,BW-BBG000D61MB9,ODC,0.00046587936
2026-07-02,FFX_XLP,BW-BBG000DGPR66,BG,0.008902582
2026-07-02,FFX_XLP,BW-BBG000DH7JK6,PEP,0.08587526
2026-07-02,FFX_XLP,BW-BBG000DKCC19,TSN,0.0071872645
2026-07-02,FFX_XLP,BW-BBG000DQ1TN7,SENEA,0.0004096642
2026-07-02,FFX_XLP,BW-BBG000DS5588,SPB,0.00080652634
2026-07-02,FFX_XLP,BW-BBG000FKJRC5,EL,0.008387276
2026-07-02,FFX_XLP,BW-BBG000G12J78,VERU,2.0226104e-05
2026-07-02,FFX_XLP,BW-BBG000G6Y5W4,MKC,0.0063191247
2026-07-02,FFX_XLP,BW-BBG000GB7DC8,JVA,7.648555e-06
2026-07-02,FFX_XLP,BW-BBG000GCSWR5,IPAR,0.00093461474
2026-07-02,FFX_XLP,BW-BBG000HG21Y3,NUS,0.00011437699
2026-07-02,FFX_XLP,BW-BBG000J1QLT0,STZ,0.009215687
2026-07-02,FFX_XLP,BW-BBG000J2XL74,PM,0.12327789
2026-07-02,FFX_XLP,BW-BBG000KTYB56,CENTA,0.00019523379
2026-07-02,FFX_XLP,BW-BBG000LS03D3,XXII,3.1481012e-10
2026-07-02,FFX_XLP,BW-BBG000MM5VL9,HLF,0.00052160915
2026-07-02,FFX_XLP,BW-BBG000NY37X4,CELH,0.0032431737
2026-07-02,FFX_XLP,BW-BBG000QQFN33,FTLF,1.9170588e-05
2026-07-02,FFX_XLP,BW-BBG000RKXRQ1,BGS,0.00014222978
2026-07-02,FFX_XLP,BW-BBG000TJM7F0,KDP,0.020217095
2026-07-02,FFX_XLP,BW-BBG000V76MQ6,TPB,0.00071268773
2026-07-02,FFX_XLP,BW-BBG001D0HB36,FRPT,0.001222829
2026-07-02,FFX_XLP,BW-BBG001KFKQM7,SFM,0.0036275303
2026-07-02,FFX_XLP,BW-BBG001MFW6D6,CHEF,0.0015144541
2026-07-02,FFX_XLP,BW-BBG001WTBC36,POST,0.0014430165
2026-07-02,FFX_XLP,BW-BBG0034VYLG9,NGVC,0.0001352694
2026-07-02,FFX_XLP,BW-BBG003CVMLQ2,LW,0.0027276857
2026-07-02,FFX_XLP,BW-BBG005CPNTQ2,KHC,0.009557097
2026-07-02,FFX_XLP,BW-BBG006XWWBL6,VITL,0.0001957855
2026-07-02,FFX_XLP,BW-BBG008NVB1C0,MNST,0.039306965
2026-07-02,FFX_XLP,BW-BBG009KG1750,ACI,0.0022073048
2026-07-02,FFX_XLP,BW-BBG009XW2WB8,PFGC,0.0058770357
2026-07-02,FFX_XLP,BW-BBG00C6H6D40,USFD,0.010024144
2026-07-02,FFX_XLP,BW-BBG00DQ6VYP3,ELF,0.0014369003
2026-07-02,FFX_XLP,BW-BBG00GVP5JL4,SMPL,0.00053721265
2026-07-02,FFX_XLP,BW-BBG00H9MNDZ2,FTDR,0.0024252401
2026-07-02,FFX_XLP,BW-BBG00KG5VJF4,CART,0.0027517942
2026-07-02,FFX_XLP,BW-BBG00P4R3079,GO,0.0004271862
2026-07-02,FFX_XLP,BW-BBG00QVJVYB5,REYN,0.0006587139
2026-07-02,FFX_XLP,BW-BBG012QFVSL3,COCO,0.0014520991
2026-07-02,FFX_XLP,BW-BBG013QNJHP8,BRBR,0.000671045
2026-07-02,FFX_XLP,BW-BBG01C79X561,KVUE,0.016371991
2026-07-02,FFX_XLP,BW-US1156372096,BF-B,0.004026373
2026-07-02,FFX_XLV,BW-BBG000B9ZXB4,ABT,0.02370906
2026-07-02,FFX_XLV,BW-BBG000BB5621,ANGO,7.0800495e-05
2026-07-02,FFX_XLV,BW-BBG000BBKZD8,ANIK,2.9655497e-05
2026-07-02,FFX_XLV,BW-BBG000BBM7Y5,ATEC,0.0001635536
2026-07-02,FFX_XLV,BW-BBG000BBS2Y0,AMGN,0.029354343
2026-07-02,FFX_XLV,BW-BBG000BCG930,ELV,0.013555987
2026-07-02,FFX_XLV,BW-BBG000BCJ161,SRPT,0.00028766712
2026-07-02,FFX_XLV,BW-BBG000BCT197,AMN,0.00019297877
2026-07-02,FFX_XLV,BW-BBG000BCVJ77,BAX,0.0017255592
2026-07-02,FFX_XLV,BW-BBG000BCZYD3,BDX,0.0063259234
2026-07-02,FFX_XLV,BW-BBG000BDCM24,VCEL,0.00034055376
2026-07-02,FFX_XLV,BW-BBG000BDXCJ5,CNC,0.0050238064
2026-07-02,FFX_XLV,BW-BBG000BDY3Y7,CYH,6.537089e-05
2026-07-02,FFX_XLV,BW-BBG000BFGNJ5,ALNY,0.006012396
2026-07-02,FFX_XLV,BW-BBG000BFZVH8,CNMD,0.000113647606
2026-07-02,FFX_XLV,BW-BBG000BG3445,COO,0.0020950213
2026-07-02,FFX_XLV,BW-BBG000BG3J79,ANIX,1.5240695e-05
2026-07-02,FFX_XLV,BW-BBG000BG5BL8,CRL,0.0016512432
2026-07-02,FFX_XLV,BW-BBG000BGBRG2,EHC,0.0014740803
2026-07-02,FFX_XLV,BW-BBG000BGRY34,CVS,0.019933363
2026-07-02,FFX_XLV,BW-BBG000BGX2S0,ATR,0.0012557659
2026-07-02,FFX_XLV,BW-BBG000BH3JF8,DHR,0.018294105
2026-07-02,FFX_XLV,BW-BBG000BHCYJ1,NKTR,0.00019596406
2026-07-02,FFX_XLV,BW-BBG000BHG9K0,ACAD,0.00041417254
2026-07-02,FFX_XLV,BW-BBG000BHHF34,DXR,1.8427911e-06
2026-07-02,FFX_XLV,BW-BBG000BHY9T1,TBRG,4.3190405e-05
2026-07-02,FFX_XLV,BW-BBG000BJ6R36,TENX,4.8573496e-05
2026-07-02,FFX_XLV,BW-BBG000BJBZK3,UFPT,0.00029929978
2026-07-02,FFX_XLV,BW-BBG000BJPDZ1,ISRG,0.02137561
2026-07-02,FFX_XLV,BW-BBG000BK6FP5,GALT,3.504237e-05
2026-07-02,FFX_XLV,BW-BBG000BKF014,LGND,0.000686994
2026-07-02,FFX_XLV,BW-BBG000BKH263,NEO,0.0002118433
2026-07-02,FFX_XLV,BW-BBG000BKJG33,CORT,0.0009875615
2026-07-02,FFX_XLV,BW-BBG000BKPL53,ZBH,0.0025112638
2026-07-02,FFX_XLV,BW-BBG000BKXWV1,SIGA,2.6058015e-05
2026-07-02,FFX_XLV,BW-BBG000BKYVF0,HCSG,0.00021328496
2026-07-02,FFX_XLV,BW-BBG000BL6CB5,ATRC,0.00021960259
2026-07-02,FFX_XLV,BW-BBG000BLKK03,HUM,0.0073450906
2026-07-02,FFX_XLV,BW-BBG000BLQ5Q2,ICCC,1.2126401e-05
2026-07-02,FFX_XLV,BW-BBG000BLRT07,IDXX,0.0063535953
2026-07-02,FFX_XLV,BW-BBG000BLYWX6,BCRX,0.0003668675
2026-07-02,FFX_XLV,BW-BBG000BM2SF8,MGNX,4.279853e-05
2026-07-02,FFX_XLV,BW-BBG000BMC004,RMTI,3.038641e-05
2026-07-02,FFX_XLV,BW-BBG000BMHYD1,JNJ,0.092078514
2026-07-02,FFX_XLV,BW-BBG000BMQ161,KEQU,9.352602e-06
2026-07-02,FFX_XLV,BW-BBG000BN46R9,AXGN,0.00030725653
2026-07-02,FFX_XLV,BW-BBG000BN84F3,DGX,0.0036211899
2026-07-02,FFX_XLV,BW-BBG000BN9PY4,PTN,2.7625917e-06
2026-07-02,FFX_XLV,BW-BBG000BNBDC2,LLY,0.16897379
2026-07-02,FFX_XLV,BW-BBG000BNMMJ3,HSIC,0.0014444834
2026-07-02,FFX_XLV,BW-BBG000BNPSQ9,INCY,0.0029077618
2026-07-02,FFX_XLV,BW-BBG000BNWG87,MDT,0.015265163
2026-07-02,FFX_XLV,BW-BBG000BP0HX7,SUPN,0.00039787556
2026-07-02,FFX_XLV,BW-BBG000BP3PW7,MLAB,8.432529e-05
2026-07-02,FFX_XLV,BW-BBG000BPD168,MRK,0.047224905
2026-07-02,FFX_XLV,BW-BBG000BPWTW7,RIGL,0.00010397412
2026-07-02,FFX_XLV,BW-BBG000BQ4WF8,EXEL,0.001476174
2026-07-02,FFX_XLV,BW-BBG000BQK480,OPCH,0.00010212603
2026-07-02,FFX_XLV,BW-BBG000BR2B91,PFE,0.020491464
2026-07-02,FFX_XLV,BW-BBG000BRNLL2,ALGN,0.0015704233
2026-07-02,FFX_XLV,BW-BBG000BRVKH0,ARWR,0.0014898407
2026-07-02,FFX_XLV,BW-BBG000BRXP69,EW,0.007991395
2026-07-02,FFX_XLV,BW-BBG000BS2ZD1,SLP,4.5931665e-05
2026-07-02,FFX_XLV,BW-BBG000BS48J3,RGEN,0.0010134192
2026-07-02,FFX_XLV,BW-BBG000BTNGZ4,OMCL,0.00027099726
2026-07-02,FFX_XLV,BW-BBG000BV4XJ1,UTHR,0.0030118204
2026-07-02,FFX_XLV,BW-BBG000BV59Y6,TFX,0.00037639006
2026-07-02,FFX_XLV,BW-BBG000BVDLH9,TMO,0.028591504
2026-07-02,FFX_XLV,BW-BBG000BVK1D9,HSTM,9.671745e-05
2026-07-02,FFX_XLV,BW-BBG000BW6JV4,ITGR,0.00048162127
2026-07-02,FFX_XLV,BW-BBG000BW90S6,AMPH,7.806862e-05
2026-07-02,FFX_XLV,BW-BBG000BWM5P3,INSM,0.0029303727
2026-07-02,FFX_XLV,BW-BBG000BX24N8,WST,0.0038937957
2026-07-02,FFX_XLV,BW-BBG000BX4QV8,XOMA,4.258137e-05
2026-07-02,FFX_XLV,BW-BBG000BX57K1,XRAY,0.00033373627
2026-07-02,FFX_XLV,BW-BBG000BYGPJ9,CSBR,3.6619267e-06
2026-07-02,FFX_XLV,BW-BBG000BZCKH3,MTD,0.003956318
2026-07-02,FFX_XLV,BW-BBG000BZJQL8,IART,0.00020316069
2026-07-02,FFX_XLV,BW-BBG000C0C3X9,PRPO,6.1274886e-06
2026-07-02,FFX_XLV,BW-BBG000C0LW92,BSX,0.009534282
2026-07-02,FFX_XLV,BW-BBG000C15114,TECH,0.0016666747
2026-07-02,FFX_XLV,BW-BBG000C17X76,BIIB,0.0046621156
2026-07-02,FFX_XLV,BW-BBG000C19QW1,CHE,0.0009495092
2026-07-02,FFX_XLV,BW-BBG000C1BCK2,NEOG,0.00026974795
2026-07-02,FFX_XLV,BW-BBG000C1S2X2,VRTX,0.01889024
2026-07-02,FFX_XLV,BW-BBG000C1Z086,PSTV,4.297857e-06
2026-07-02,FFX_XLV,BW-BBG000C2V3D6,A,0.0049123038
2026-07-02,FFX_XLV,BW-BBG000C30865,PDEX,1.7247778e-05
2026-07-02,FFX_XLV,BW-BBG000C31ZH2,PAHC,9.7842465e-05
2026-07-02,FFX_XLV,BW-BBG000C42VX0,MMSI,0.0006099223
2026-07-02,FFX_XLV,BW-BBG000C4QB95,STAA,0.00021097912
2026-07-02,FFX_XLV,BW-BBG000C58Q08,HBIO,3.8105043e-06
2026-07-02,FFX_XLV,BW-BBG000C734W3,REGN,0.009477766
2026-07-02,FFX_XLV,BW-BBG000C7TF41,HAE,0.00048947515
2026-07-02,FFX_XLV,BW-BBG000C8SWQ9,AGEN,1.9777286e-05
2026-07-02,FFX_XLV,BW-BBG000C9F2F9,ALKS,0.0012801014
2026-07-02,FFX_XLV,BW-BBG000CB8Q50,UHS,0.0021480853
2026-07-02,FFX_XLV,BW-BBG000CG9XT7,INVA,0.00024315616
2026-07-02,FFX_XLV,BW-BBG000CH5208,UNH,0.057903487
2026-07-02,FFX_XLV,BW-BBG000CKGBP2,GILD,0.017611291
2026-07-02,FFX_XLV,BW-BBG000CL1FG7,BRKR,0.0009464048
2026-07-02,FFX_XLV,BW-BBG000CNFQW6,PRGO,0.0002143673
2026-07-02,FFX_XLV,BW-BBG000CPHYL4,THC,0.0020045722
2026-07-02,FFX_XLV,BW-BBG000CQV2N4,ICUI,0.0005539479
2026-07-02,FFX_XLV,BW-BBG000CSRSG6,USPH,0.000101275364
2026-07-02,FFX_XLV,BW-BBG000CXSF54,RDNT,0.00074584945
2026-07-02,FFX_XLV,BW-BBG000CZ8W54,HALO,0.00096514635
2026-07-02,FFX_XLV,BW-BBG000CZWZ05,BMRN,0.0010694161
2026-07-02,FFX_XLV,BW-BBG000D898T9,CAH,0.007115636
2026-07-02,FFX_XLV,BW-BBG000D94144,KRMD,2.1936494e-05
2026-07-02,FFX_XLV,BW-BBG000D9DMK0,LH,0.0034698497
2026-07-02,FFX_XLV,BW-BBG000D9H9F1,MYGN,8.5276515e-05
2026-07-02,FFX_XLV,BW-BBG000DGM5N8,CCRN,5.70531e-05
2026-07-02,FFX_XLV,BW-BBG000DLFM21,BHC,0.00021847153
2026-07-02,FFX_XLV,BW-BBG000DN7P92,SYK,0.0172577
2026-07-02,FFX_XLV,BW-BBG000DQLV23,BMY,0.017324962
2026-07-02,FFX_XLV,BW-BBG000DSMS70,ILMN,0.0025683113
2026-07-02,FFX_XLV,BW-BBG000DT5D52,ABEO,5.0904066e-05
2026-07-02,FFX_XLV,BW-BBG000DTH814,FENC,2.489935e-05
2026-07-02,FFX_XLV,BW-BBG000DY28W5,BIO,0.0008597003
2026-07-02,FFX_XLV,BW-BBG000DYGNW7,MCK,0.014265048
2026-07-02,FFX_XLV,BW-BBG000DZMK99,CAPR,0.00017619018
2026-07-02,FFX_XLV,BW-BBG000F0R4N9,CYTK,0.00097556453
2026-07-02,FFX_XLV,BW-BBG000F4B671,APYX,2.7566248e-05
2026-07-02,FFX_XLV,BW-BBG000F90JX5,EYPT,0.00016453129
2026-07-02,FFX_XLV,BW-BBG000FB8S62,ACHV,9.891985e-05
2026-07-02,FFX_XLV,BW-BBG000FPNN38,ACHC,0.00042703885
2026-07-02,FFX_XLV,BW-BBG000FQRVM3,WAT,0.0055886693
2026-07-02,FFX_XLV,BW-BBG000FTLBV7,IOVA,0.00024382498
2026-07-02,FFX_XLV,BW-BBG000FVZQY1,TGTX,0.0005417735
2026-07-02,FFX_XLV,BW-BBG000FW8LZ9,CLDX,0.000354735
2026-07-02,FFX_XLV,BW-BBG000FXML90,ALT,6.175872e-05
2026-07-02,FFX_XLV,BW-BBG000G1C210,OFIX,5.684675e-05
2026-07-02,FFX_XLV,BW-BBG000G9CGL0,JAZZ,0.0021596483
2026-07-02,FFX_XLV,BW-BBG000GBZ3J2,IRWD,9.000573e-05
2026-07-02,FFX_XLV,BW-BBG000GJS7C1,NBIX,0.0019441041
2026-07-02,FFX_XLV,BW-BBG000GW06J7,EBS,6.364484e-05
2026-07-02,FFX_XLV,BW-BBG000GZDC67,CPRX,0.0005494195
2026-07-02,FFX_XLV,BW-BBG000H7ZK57,ASTH,0.00037342112
2026-07-02,FFX_XLV,BW-BBG000H8LGK2,MD,0.00023602565
2026-07-02,FFX_XLV,BW-BBG000HBVZX8,CERS,7.717017e-05
2026-07-02,FFX_XLV,BW-BBG000HFDNW7,UTMD,3.0495208e-05
2026-07-02,FFX_XLV,BW-BBG000HKQH91,OPRX,1.6572578e-05
2026-07-02,FFX_XLV,BW-BBG000HRJ8Q5,BLFS,0.00017278988
2026-07-02,FFX_XLV,BW-BBG000HT5MG6,VNDA,5.2911404e-05
2026-07-02,FFX_XLV,BW-BBG000J3D1Y8,OSUR,4.3760843e-05
2026-07-02,FFX_XLV,BW-BBG000J4L211,BKD,0.0005587478
2026-07-02,FFX_XLV,BW-BBG000JLP4B4,OMER,0.000100944446
2026-07-02,FFX_XLV,BW-BBG000K1T9L0,ENSG,0.0009731383
2026-07-02,FFX_XLV,BW-BBG000KK1L04,ANIP,0.00027590254
2026-07-02,FFX_XLV,BW-BBG000KLGDZ6,SMTI,1.954322e-05
2026-07-02,FFX_XLV,BW-BBG000L4M7F1,RMD,0.0043722657
2026-07-02,FFX_XLV,BW-BBG000LG8XM5,TNXP,2.6606029e-05
2026-07-02,FFX_XLV,BW-BBG000LP4YD7,DMAC,3.459297e-05
2026-07-02,FFX_XLV,BW-BBG000LRYR36,ORMP,2.4000583e-05
2026-07-02,FFX_XLV,BW-BBG000LY1HS2,LMAT,0.00030371617
2026-07-02,FFX_XLV,BW-BBG000MBHNC8,MOH,0.0018108464
2026-07-02,FFX_XLV,BW-BBG000MDCQC2,COR,0.005937928
2026-07-02,FFX_XLV,BW-BBG000MQ1SN9,DVA,0.0021223957
2026-07-02,FFX_XLV,BW-BBG000MS0823,SVRA,0.00018279538
2026-07-02,FFX_XLV,BW-BBG000N7LPW4,COLL,0.00017064287
2026-07-02,FFX_XLV,BW-BBG000NJGX84,ADUS,0.00028734092
2026-07-02,FFX_XLV,BW-BBG000NVSBL7,NVAX,0.000233649
2026-07-02,FFX_XLV,BW-BBG000PNTXP0,CYRX,0.000119865705
2026-07-02,FFX_XLV,BW-BBG000PPL3G9,MNKD,0.00018751406
2026-07-02,FFX_XLV,BW-BBG000PQN2M0,NUTX,0.00015197054
2026-07-02,FFX_XLV,BW-BBG000Q4BQK0,CRMD,9.997228e-05
2026-07-02,FFX_XLV,BW-BBG000QL8VH9,PGEN,0.00014727391
2026-07-02,FFX_XLV,BW-BBG000QM0RZ4,PBH,0.00034538453
2026-07-02,FFX_XLV,BW-BBG000QP35H2,FATE,4.6542653e-05
2026-07-02,FFX_XLV,BW-BBG000QS6NV8,MDGL,0.0014882176
2026-07-02,FFX_XLV,BW-BBG000QT15P7,PTCT,0.0007507986
2026-07-02,FFX_XLV,BW-BBG000QTF8K1,DXCM,0.0039977236
2026-07-02,FFX_XLV,BW-BBG000QW7VC1,HCA,0.008955843
2026-07-02,FFX_XLV,BW-BBG000QXWY44,HROW,0.00022247508
2026-07-02,FFX_XLV,BW-BBG000QY4ZD0,AGIO,0.00032939768
2026-07-02,FFX_XLV,BW-BBG000R0LC72,EDSA,8.563054e-06
2026-07-02,FFX_XLV,BW-BBG000R33JY1,SNDX,0.00027619445
2026-07-02,FFX_XLV,BW-BBG000R4V3P3,STRO,3.8942784e-05
2026-07-02,FFX_XLV,BW-BBG000R62Q06,ASMB,4.5241e-05
2026-07-02,FFX_XLV,BW-BBG000R7XX87,PODD,0.0016592982
2026-07-02,FFX_XLV,BW-BBG000R93GV7,CPIX,9.436014e-06
2026-07-02,FFX_XLV,BW-BBG000RJ6FL5,MDXG,6.9716545e-05
2026-07-02,FFX_XLV,BW-BBG000RR8V85,ABUS,0.000111917514
2026-07-02,FFX_XLV,BW-BBG000T88BN2,SDGR,0.00013793736
2026-07-02,FFX_XLV,BW-BBG000TYXCT9,HQY,0.00097050914
2026-07-02,FFX_XLV,BW-BBG000VC77H7,SLS,0.00036228716
2026-07-02,FFX_XLV,BW-BBG000WG2LQ1,GKOS,0.0012087537
2026-07-02,FFX_XLV,BW-BBG000WG3567,RCKT,4.698692e-05
2026-07-02,FFX_XLV,BW-BBG00178FZY1,XGN,1.7081611e-05
2026-07-02,FFX_XLV,BW-BBG0018FQNS6,PCRX,0.00010144373
2026-07-02,FFX_XLV,BW-BBG0018YXYX7,PBYI,5.2221723e-05
2026-07-02,FFX_XLV,BW-BBG0019J4TP1,PHR,9.624533e-05
2026-07-02,FFX_XLV,BW-BBG0019T5SG0,TDOC,0.000247206
2026-07-02,FFX_XLV,BW-BBG0019V9M65,TNDM,0.00016244363
2026-07-02,FFX_XLV,BW-BBG001B12Z39,TCMD,9.7736454e-05
2026-07-02,FFX_XLV,BW-BBG001BP92V1,PEN,0.0018046474
2026-07-02,FFX_XLV,BW-BBG001CGB489,VEEV,0.004156639
2026-07-02,FFX_XLV,BW-BBG001J19Q25,RNAC,1.7654167e-05
2026-07-02,FFX_XLV,BW-BBG001J19V24,IRTC,0.00061427336
2026-07-02,FFX_XLV,BW-BBG001J1BQ86,NTRA,0.0056437384
2026-07-02,FFX_XLV,BW-BBG001J1BZV0,OCUL,0.0001639136
2026-07-02,FFX_XLV,BW-BBG001J1CYH8,XFOR,5.8009704e-05
2026-07-02,FFX_XLV,BW-BBG001J272L7,KPTI,1.2512055e-05
2026-07-02,FFX_XLV,BW-BBG001J2LSK5,VSTM,5.4224703e-05
2026-07-02,FFX_XLV,BW-BBG001J2M542,VCYT,0.00057747704
2026-07-02,FFX_XLV,BW-BBG001J2MFH6,FBIO,2.9814912e-06
2026-07-02,FFX_XLV,BW-BBG001J2P905,LQDA,0.000840458
2026-07-02,FFX_XLV,BW-BBG001J2PFF5,ADPT,0.0004209086
2026-07-02,FFX_XLV,BW-BBG001J414K6,SIBN,0.00011180267
2026-07-02,FFX_XLV,BW-BBG001J472L3,CTMX,8.943426e-05
2026-07-02,FFX_XLV,BW-BBG001K7WBS9,NMTC,3.8236367e-06
2026-07-02,FFX_XLV,BW-BBG001M75SX4,IMUX,3.037286e-05
2026-07-02,FFX_XLV,BW-BBG001RWPDW6,RARE,0.00047720887
2026-07-02,FFX_XLV,BW-BBG001V9NSB4,ENTA,6.0692226e-05
2026-07-02,FFX_XLV,BW-BBG001WH4DQ3,ARDX,0.00016925411
2026-07-02,FFX_XLV,BW-BBG001ZLYSH5,TARA,3.217277e-05
2026-07-02,FFX_XLV,BW-BBG00209SZJ7,INSP,0.00019595688
2026-07-02,FFX_XLV,BW-BBG002133YW4,SCYX,3.8496823e-05
2026-07-02,FFX_XLV,BW-BBG0021PH456,INGN,2.7398397e-05
2026-07-02,FFX_XLV,BW-BBG0025Y4RY4,ABBV,0.06643765
2026-07-02,FFX_XLV,BW-BBG0026ZDHR0,ANAB,0.00018335273
2026-07-02,FFX_XLV,BW-BBG0026ZG4W0,XNCR,0.00017052327
2026-07-02,FFX_XLV,BW-BBG0026ZJQX7,DOCS,0.0004278805
2026-07-02,FFX_XLV,BW-BBG0026ZJTQ9,OM,2.6985933e-06
2026-07-02,FFX_XLV,BW-BBG0027NWBR8,PSNL,0.00021691449
2026-07-02,FFX_XLV,BW-BBG0027NWC69,QTRX,2.8483308e-05
2026-07-02,FFX_XLV,BW-BBG002B63KM7,PTGX,0.0010255117
2026-07-02,FFX_XLV,BW-BBG002H1K1H1,PGNY,0.00034704755
2026-07-02,FFX_XLV,BW-BBG002NCK5M5,ADMA,0.00029323564
2026-07-02,FFX_XLV,BW-BBG002V87SD0,GMED,0.0012718299
2026-07-02,FFX_XLV,BW-BBG00333FYS2,IQV,0.004931791
2026-07-02,FFX_XLV,BW-BBG0039320N9,ZTS,0.0045636026
2026-07-02,FFX_XLV,BW-BBG003LF0QR9,ACRS,8.453508e-05
2026-07-02,FFX_XLV,BW-BBG003MKSL16,RLMD,9.568764e-05
2026-07-02,FFX_XLV,BW-BBG003PDKJF7,PRTA,7.65257e-05
2026-07-02,FFX_XLV,BW-BBG003PHHZT1,MRNA,0.004017975
2026-07-02,FFX_XLV,BW-BBG003QGQRB9,TRVI,0.00024817247
2026-07-02,FFX_XLV,BW-BBG003V5P7K2,DRIO,2.2595505e-06
2026-07-02,FFX_XLV,BW-BBG00462PGG0,AMRX,0.0005313307
2026-07-02,FFX_XLV,BW-BBG004HK6YX1,TBPH,0.00010712297
2026-07-02,FFX_XLV,BW-BBG004HTR2D1,CODX,1.6705392e-06
2026-07-02,FFX_XLV,BW-BBG004K1F8W7,NRC,3.8567618e-05
2026-07-02,FFX_XLV,BW-BBG004KB3S72,ESPR,9.427474e-05
2026-07-02,FFX_XLV,BW-BBG005CHLM96,EVH,9.684706e-05
2026-07-02,FFX_XLV,BW-BBG005CX4HK8,EOLS,6.307803e-05
2026-07-02,FFX_XLV,BW-BBG005L86G05,AVNS,0.00017292834
2026-07-02,FFX_XLV,BW-BBG005MX5GZ2,EDIT,4.8329945e-05
2026-07-02,FFX_XLV,BW-BBG005Q3MQY4,ATRA,8.588258e-06
2026-07-02,FFX_XLV,BW-BBG005SSJYH3,QURE,0.00042867282
2026-07-02,FFX_XLV,BW-BBG005Z20406,JAGX,6.9257976e-07
2026-07-02,FFX_XLV,BW-BBG005ZSY233,VYGR,2.7453201e-05
2026-07-02,FFX_XLV,BW-BBG0065B7K59,MEDP,0.0017471636
2026-07-02,FFX_XLV,BW-BBG0067S9Z73,NERV,3.1556074e-06
2026-07-02,FFX_XLV,BW-BBG006D97VY9,GH,0.0032580767
2026-07-02,FFX_XLV,BW-BBG006JS5785,CDNA,0.00020835742
2026-07-02,FFX_XLV,BW-BBG006KDCHJ4,TWST,0.0009489891
2026-07-02,FFX_XLV,BW-BBG006LGV869,VKTX,0.0006539831
2026-07-02,FFX_XLV,BW-BBG006NM92X2,IRMD,0.00011929925
2026-07-02,FFX_XLV,BW-BBG006Q52RD0,LNTH,0.00077850104
2026-07-02,FFX_XLV,BW-BBG006R93N12,ECOR,7.243837e-06
2026-07-02,FFX_XLV,BW-BBG006YWVSR3,CSTL,0.00011022013
2026-07-02,FFX_XLV,BW-BBG0073DM784,XENE,0.0007263937
2026-07-02,FFX_XLV,BW-BBG0074FZRZ0,SRTS,6.829625e-06
2026-07-02,FFX_XLV,BW-BBG0074VSJJ9,JYNT,1.8833194e-05
2026-07-02,FFX_XLV,BW-BBG0078PJKQ7,CRBP,6.040842e-06
2026-07-02,FFX_XLV,BW-BBG007DLZ601,RYTM,0.0010775895
2026-07-02,FFX_XLV,BW-BBG007KC7PB0,NTLA,0.00027989593
2026-07-02,FFX_XLV,BW-BBG007WX14X0,TXG,0.0006768932
2026-07-02,FFX_XLV,BW-BBG007Z9V591,RGNX,9.518824e-05
2026-07-02,FFX_XLV,BW-BBG00829F4P8,RVMD,0.0055255806
2026-07-02,FFX_XLV,BW-BBG008974342,KURA,0.00014406447
2026-07-02,FFX_XLV,BW-BBG008LZG0Z5,SHC,0.00041109542
2026-07-02,FFX_XLV,BW-BBG008NSBPV3,DTIL,3.0616207e-05
2026-07-02,FFX_XLV,BW-BBG008P7F869,DNLI,0.00033593693
2026-07-02,FFX_XLV,BW-BBG0099X6859,MCRB,8.503442e-06
2026-07-02,FFX_XLV,BW-BBG009DT9XJ0,VTVT,9.622346e-06
2026-07-02,FFX_XLV,BW-BBG009F0TGH8,CRVS,0.0001444704
2026-07-02,FFX_XLV,BW-BBG009LGHG16,LIVN,0.00068176957
2026-07-02,FFX_XLV,BW-BBG009RRZ8C2,APVO,8.0242137e-07
2026-07-02,FFX_XLV,BW-BBG009T0TKV8,SGRY,0.00029825192
2026-07-02,FFX_XLV,BW-BBG009XW8PY2,NVCR,0.00013796805
2026-07-02,FFX_XLV,BW-BBG00B57FZV6,INTS,1.0702414e-06
2026-07-02,FFX_XLV,BW-BBG00B642V54,WVE,0.000107691565
2026-07-02,FFX_XLV,BW-BBG00B6G7GL7,AXSM,0.0015956098
2026-07-02,FFX_XLV,BW-BBG00BC59224,CRNX,0.00061330816
2026-07-02,FFX_XLV,BW-BBG00BL5SLH5,ORIC,0.00016967484
2026-07-02,FFX_XLV,BW-BBG00BR4Q8D7,SENS,2.2015349e-05
2026-07-02,FFX_XLV,BW-BBG00BRBHVD0,PLSE,0.000114671326
2026-07-02,FFX_XLV,BW-BBG00BVR0D02,KOD,0.00021711543
2026-07-02,FFX_XLV,BW-BBG00CTZ4D83,IDYA,0.0004678804
2026-07-02,FFX_XLV,BW-BBG00CZNLR47,VREX,5.4240332e-05
2026-07-02,FFX_XLV,BW-BBG00D36Q0Z7,CTKB,8.0669066e-05
2026-07-02,FFX_XLV,BW-BBG00D8550B3,BVS,5.8898593e-05
2026-07-02,FFX_XLV,BW-BBG00DBBGRX1,CRSP,0.0007878108
2026-07-02,FFX_XLV,BW-BBG00DDY1RK9,FULC,2.9102308e-05
2026-07-02,FFX_XLV,BW-BBG00DGWP2L8,PAVM,2.712296e-07
2026-07-02,FFX_XLV,BW-BBG00DP10YT5,AMLX,0.000272303
2026-07-02,FFX_XLV,BW-BBG00DQD26W3,RCUS,0.0003587189
2026-07-02,FFX_XLV,BW-BBG00DR7LTG2,FLGT,4.2236596e-05
2026-07-02,FFX_XLV,BW-BBG00FD4RCV3,NDRA,9.637553e-07
2026-07-02,FFX_XLV,BW-BBG00FVMPFN7,CUE,1.3890085e-05
2026-07-02,FFX_XLV,BW-BBG00G2HHYD7,AVTR,0.0010291943
2026-07-02,FFX_XLV,BW-BBG00GFCC613,URGN,0.00027330007
2026-07-02,FFX_XLV,BW-BBG00GSMQF58,NTRB,2.4671817e-06
2026-07-02,FFX_XLV,BW-BBG00H0KCMV1,ETON,0.00014237963
2026-07-02,FFX_XLV,BW-BBG00H1HP9G9,KROS,2.7040931e-05
2026-07-02,FFX_XLV,BW-BBG00H2QQ8T5,VIR,0.00022985616
2026-07-02,FFX_XLV,BW-BBG00HDGRHH7,KRYS,0.0014509783
2026-07-02,FFX_XLV,BW-BBG00HFFRW39,KIDS,5.3951582e-05
2026-07-02,FFX_XLV,BW-BBG00HKBW045,CELC,0.00068882044
2026-07-02,FFX_XLV,BW-BBG00J7K8D90,MNPR,6.2316576e-05
2026-07-02,FFX_XLV,BW-BBG00JN4FXG8,SLDB,0.00012720498
2026-07-02,FFX_XLV,BW-BBG00JNKPJ36,VMD,5.9550715e-05
2026-07-02,FFX_XLV,BW-BBG00JPCBPG9,STOK,0.00029283704
2026-07-02,FFX_XLV,BW-BBG00KJQVGV3,AHCO,0.00017740727
2026-07-02,FFX_XLV,BW-BBG00KT2KFX7,KNSA,0.00037626922
2026-07-02,FFX_XLV,BW-BBG00KT2RRM6,SRRK,0.0005839744
2026-07-02,FFX_XLV,BW-BBG00KXC8646,BEAM,0.0005147198
2026-07-02,FFX_XLV,BW-BBG00KXH44F2,MGTX,0.00015695914
2026-07-02,FFX_XLV,BW-BBG00KXRCDP0,CI,0.010954598
2026-07-02,FFX_XLV,BW-BBG00KXXHYD9,CYCN,1.3770746e-06
2026-07-02,FFX_XLV,BW-BBG00L03BYB7,VRCA,4.0781674e-06
2026-07-02,FFX_XLV,BW-BBG00L7XTP60,TLRY,7.719009e-05
2026-07-02,FFX_XLV,BW-BBG00L8R3CR6,ESTA,0.00031177295
2026-07-02,FFX_XLV,BW-BBG00L8Z22R1,REPL,9.7648706e-05
2026-07-02,FFX_XLV,BW-BBG00L9HP0Z0,AQST,7.037597e-05
2026-07-02,FFX_XLV,BW-BBG00LJYS1P8,ELAN,0.001788391
2026-07-02,FFX_XLV,BW-BBG00LN4B5N0,NVST,0.0004938425
2026-07-02,FFX_XLV,BW-BBG00LSL8C10,EQ,1.7975646e-05
2026-07-02,FFX_XLV,BW-BBG00LW7YK82,ARVN,6.9510745e-05
2026-07-02,FFX_XLV,BW-BBG00MH7T2M7,MIRM,0.0010098835
2026-07-02,FFX_XLV,BW-BBG00MRHG523,STE,0.0031067354
2026-07-02,FFX_XLV,BW-BBG00NBK4XF9,PASG,2.2119755e-06
2026-07-02,FFX_XLV,BW-BBG00NNW8JK1,ARCT,2.703292e-05
2026-07-02,FFX_XLV,BW-BBG00NSGPJD0,DYN,0.00041000315
2026-07-02,FFX_XLV,BW-BBG00NZ6J685,TMDX,0.00034462585
2026-07-02,FFX_XLV,BW-BBG00P33SY72,PNTG,0.0001880771
2026-07-02,FFX_XLV,BW-BBG00P5B2S19,PHAT,0.00010481215
2026-07-02,FFX_XLV,BW-BBG00P5MC0Q8,IMVT,0.0005317313
2026-07-02,FFX_XLV,BW-BBG00P9KDZK6,BBIO,0.001955561
2026-07-02,FFX_XLV,BW-BBG00PM24T16,CNSP,9.785316e-07
2026-07-02,FFX_XLV,BW-BBG00PPS73P4,INMD,0.00012329865
2026-07-02,FFX_XLV,BW-BBG00Q72WYG3,VERA,0.00039881203
2026-07-02,FFX_XLV,BW-BBG00QN8K4M4,ARQT,0.00044500348
2026-07-02,FFX_XLV,BW-BBG00R2K8TF5,ZNTL,3.739726e-05
2026-07-02,FFX_XLV,BW-BBG00RLZ9M74,CTEV,5.6547724e-05
2026-07-02,FFX_XLV,BW-BBG00SHY90J5,CLOV,0.00034076066
2026-07-02,FFX_XLV,BW-BBG00TZNCJ75,AVIR,4.9090086e-05
2026-07-02,FFX_XLV,BW-BBG00V1L5YZ5,RPRX,0.0038739732
2026-07-02,FFX_XLV,BW-BBG00WBPG4C2,HRMY,0.00022869377
2026-07-02,FFX_XLV,BW-BBG00Y1DFV91,MRVI,0.0002063249
2026-07-02,FFX_XLV,BW-BBG00Z1TKRG8,TLSI,2.2297192e-05
2026-07-02,FFX_XLV,BW-BBG00Z6F8708,INNV,3.8674607e-05
2026-07-02,FFX_XLV,BW-BBG00ZKX9FP7,DRUG,5.2532163e-05
2026-07-02,FFX_XLV,BW-BBG00ZQRGW24,OGN,0.00053503196
2026-07-02,FFX_XLV,BW-BBG00ZSNMK93,BTX,8.4625586e-05
2026-07-02,FFX_XLV,BW-BBG012V1MG52,XERS,0.00020784196
2026-07-02,FFX_XLV,BW-BBG012V27C29,AIRS,1.319227e-05
2026-07-02,FFX_XLV,BW-BBG014L7D4G1,EMBC,2.964082e-05
2026-07-02,FFX_XLV,BW-BBG017TGV7M2,QDEL,0.00018561604
2026-07-02,FFX_XLV,BW-BBG019XSYC89,ZYME,0.00021053848
2026-07-02,FFX_XLV,BW-BBG01GZF9VY6,FTRE,0.00025038957
2026-07-02,FFX_XLV,BW-BBG01L71H227,PBM,1.3618793e-09
2026-07-02,FFX_XLV,BW-BBG01V8DXVJ8,KG,9.677454e-06
2026-07-02,FFX_XLV,BW-KYG0579E1035,ARTC,5.1666597e-05
2026-07-02,FFX_XLV,BW-KYG2131A1085,CCXI,0.0001832516
2026-07-02,FFX_XLF,BW-BBG000B9WM03,AB,0.00037465408
2026-07-02,FFX_XLF,BW-BBG000B9YY14,UVE,0.000119977165
2026-07-02,FFX_XLF,BW-BBG000BB0WG4,CNS,0.00024336934
2026-07-02,FFX_XLF,BW-BBG000BB0WY4,WTBA,4.9892264e-05
2026-07-02,FFX_XLF,BW-BBG000BB1LK2,CAC,0.000104023304
2026-07-02,FFX_XLF,BW-BBG000BB1VJ2,SNEX,0.000846155
2026-07-02,FFX_XLF,BW-BBG000BB34W5,LCNB,2.9005894e-05
2026-07-02,FFX_XLF,BW-BBG000BB5373,WU,0.00026515633
2026-07-02,FFX_XLF,BW-BBG000BB6568,FCAP,2.3224e-05
2026-07-02,FFX_XLF,BW-BBG000BB6KF5,MET,0.0062385467
2026-07-02,FFX_XLF,BW-BBG000BB7F65,MPB,0.00010097445
2026-07-02,FFX_XLF,BW-BBG000BBBNC6,AFL,0.0066283457
2026-07-02,FFX_XLF,BW-BBG000BBCQD7,SLM,0.0005387035
2026-07-02,FFX_XLF,BW-BBG000BBDZG3,AIG,0.0044036745
2026-07-02,FFX_XLF,BW-BBG000BBHXQ3,AJG,0.0059681823
2026-07-02,FFX_XLF,BW-BBG000BBSC23,TOWN,0.00030014114
2026-07-02,FFX_XLF,BW-BBG000BBSJ28,FRME,0.000307739
2026-07-02,FFX_XLF,BW-BBG000BBTJZ1,ERIE,0.0010030435
2026-07-02,FFX_XLF,BW-BBG000BBTV11,CMTV,2.4476014e-05
2026-07-02,FFX_XLF,BW-BBG000BBVVP2,GROW,2.7534993e-06
2026-07-02,FFX_XLF,BW-BBG000BBWB75,CFBK,2.0898224e-05
2026-07-02,FFX_XLF,BW-BBG000BC2R71,ALLY,0.0015847067
2026-07-02,FFX_XLF,BW-BBG000BC9XG1,OPRT,2.6298767e-05
2026-07-02,FFX_XLF,BW-BBG000BCBS51,AROW,7.58391e-05
2026-07-02,FFX_XLF,BW-BBG000BCFQC3,ASB,0.00057135546
2026-07-02,FFX_XLF,BW-BBG000BCQ6J8,KKR,0.007100391
2026-07-02,FFX_XLF,BW-BBG000BCQZS4,AXP,0.026336944
2026-07-02,FFX_XLF,BW-BBG000BCTLF6,BAC,0.04579028
2026-07-02,FFX_XLF,BW-BBG000BCWKD6,VOYA,0.0009536178
2026-07-02,FFX_XLF,BW-BBG000BD0TF8,BEN,0.0011581617
2026-07-02,FFX_XLF,BW-BBG000BD1HP2,WRB,0.0023195387
2026-07-02,FFX_XLF,BW-BBG000BD2D25,CNOB,0.00018824189
2026-07-02,FFX_XLF,BW-BBG000BD3F92,SFBC,7.1448762e-06
2026-07-02,FFX_XLF,BW-BBG000BD6V58,BYFC,8.204469e-06
2026-07-02,FFX_XLF,BW-BBG000BD8VT0,FMBH,0.00013180499
2026-07-02,FFX_XLF,BW-BBG000BDB1Y6,FUSB,9.4941015e-06
2026-07-02,FFX_XLF,BW-BBG000BDJ1L2,BSRR,5.4164713e-05
2026-07-02,FFX_XLF,BW-BBG000BDJL83,FDS,0.0009794548
2026-07-02,FFX_XLF,BW-BBG000BDLCQ0,RGA,0.0015641892
2026-07-02,FFX_XLF,BW-BBG000BDNB35,BPOP,0.0012023012
2026-07-02,FFX_XLF,BW-BBG000BDPPR6,PEBO,0.00014789155
2026-07-02,FFX_XLF,BW-BBG000BF3G77,CBSH,0.00090086035
2026-07-02,FFX_XLF,BW-BBG000BF4D19,CBU,0.0004027633
2026-07-02,FFX_XLF,BW-BBG000BF73Y2,SAFT,0.00012484171
2026-07-02,FFX_XLF,BW-BBG000BFJFX3,CHCO,0.00021012979
2026-07-02,FFX_XLF,BW-BBG000BFNR17,BFH,0.00048684276
2026-07-02,FFX_XLF,BW-BBG000BFPK65,CINF,0.003149667
2026-07-02,FFX_XLF,BW-BBG000BFVZ83,RNR,0.0014482911
2026-07-02,FFX_XLF,BW-BBG000BFXZH1,OBT,5.645797e-05
2026-07-02,FFX_XLF,BW-BBG000BFYB47,CNA,0.00011907027
2026-07-02,FFX_XLF,BW-BBG000BG22J4,NMFC,6.636997e-05
2026-07-02,FFX_XLF,BW-BBG000BG27V9,BFC,0.00018339451
2026-07-02,FFX_XLF,BW-BBG000BG4LG3,CPF,0.00011023593
2026-07-02,FFX_XLF,BW-BBG000BG8NP5,NWBI,0.00025123518
2026-07-02,FFX_XLF,BW-BBG000BGD220,DCOM,0.00018622533
2026-07-02,FFX_XLF,BW-BBG000BGHGF1,CPSS,8.738187e-06
2026-07-02,FFX_XLF,BW-BBG000BGJ661,CSWC,0.00016291656
2026-07-02,FFX_XLF,BW-BBG000BGJJX3,BANF,0.00027672588
2026-07-02,FFX_XLF,BW-BBG000BGKJ70,BXMT,0.00031007486
2026-07-02,FFX_XLF,BW-BBG000BGKTF9,COF,0.01402194
2026-07-02,FFX_XLF,BW-BBG000BGS5H1,UBCP,8.139869e-06
2026-07-02,FFX_XLF,BW-BBG000BGVC19,SBSI,0.000113431546
2026-07-02,FFX_XLF,BW-BBG000BGYJF6,TCBK,0.00019620192
2026-07-02,FFX_XLF,BW-BBG000BGZL88,RVSB,1.2310123e-05
2026-07-02,FFX_XLF,BW-BBG000BH0106,BX,0.009916543
2026-07-02,FFX_XLF,BW-BBG000BH37H2,NEWT,4.522406e-05
2026-07-02,FFX_XLF,BW-BBG000BH3F20,CG,0.0012475016
2026-07-02,FFX_XLF,BW-BBG000BH7CW0,GABC,0.00019728261
2026-07-02,FFX_XLF,BW-BBG000BHLJW9,ATLO,2.9779874e-05
2026-07-02,FFX_XLF,BW-BBG000BHLYP4,CME,0.009271331
2026-07-02,FFX_XLF,BW-BBG000BHQ7B3,CHMG,3.5321817e-05
2026-07-02,FFX_XLF,BW-BBG000BHQP32,HWBK,1.902389e-05
2026-07-02,FFX_XLF,BW-BBG000BHR1R8,LKFN,0.00016956776
2026-07-02,FFX_XLF,BW-BBG000BHY4D9,PB,0.00079290784
2026-07-02,FFX_XLF,BW-BBG000BJ2LY9,ACNB,6.779789e-05
2026-07-02,FFX_XLF,BW-BBG000BJ3LL2,HBNC,0.00011387751
2026-07-02,FFX_XLF,BW-BBG000BJ81C1,TRV,0.007874791
2026-07-02,FFX_XLF,BW-BBG000BJ9B29,FNB,0.00073877786
2026-07-02,FFX_XLF,BW-BBG000BJ9FN7,NKSH,2.6517288e-05
2026-07-02,FFX_XLF,BW-BBG000BJ9RS6,FBNC,0.0002976979
2026-07-02,FFX_XLF,BW-BBG000BJBZ23,MKTX,0.0004552329
2026-07-02,FFX_XLF,BW-BBG000BJCDS3,FCNCA,0.0018332533
2026-07-02,FFX_XLF,BW-BBG000BJFJ98,NLY,0.0018137203
2026-07-02,FFX_XLF,BW-BBG000BJGW43,FFBC,0.00038829734
2026-07-02,FFX_XLF,BW-BBG000BJL3N0,FITB,0.0050733336
2026-07-02,FFX_XLF,BW-BBG000BJMHG6,RBCAA,8.804876e-05
2026-07-02,FFX_XLF,BW-BBG000BJQTT2,SBFG,1.769259e-05
2026-07-02,FFX_XLF,BW-BBG000BJYZD6,LARK,1.52397515e-05
2026-07-02,FFX_XLF,BW-BBG000BJZM26,FULT,0.00048772254
2026-07-02,FFX_XLF,BW-BBG000BK7L26,MYFW,2.933452e-05
2026-07-02,FFX_XLF,BW-BBG000BKFBD7,STT,0.0051899976
2026-07-02,FFX_XLF,BW-BBG000BKGXQ4,GATX,0.0006736927
2026-07-02,FFX_XLF,BW-BBG000BKLTP8,CASH,0.00020760582
2026-07-02,FFX_XLF,BW-BBG000BKPZC4,CCNE,0.000109035645
2026-07-02,FFX_XLF,BW-BBG000BKS4S3,AUB,0.00068640144
2026-07-02,FFX_XLF,BW-BBG000BKT8B1,CBFV,1.9416357e-05
2026-07-02,FFX_XLF,BW-BBG000BKWSR6,HBAN,0.0040482674
2026-07-02,FFX_XLF,BW-BBG000BL6138,MFA,0.000108312386
2026-07-02,FFX_XLF,BW-BBG000BL7VL1,HMN,0.00023303596
2026-07-02,FFX_XLF,BW-BBG000BL8476,FFIN,0.00054759695
2026-07-02,FFX_XLF,BW-BBG000BLFSZ4,OSBC,0.00012992175
2026-07-02,FFX_XLF,BW-BBG000BLN9N0,IBCP,8.1458944e-05
2026-07-02,FFX_XLF,BW-BBG000BLPL88,FMAO,4.4859382e-05
2026-07-02,FFX_XLF,BW-BBG000BLZRJ2,MS,0.036055297
2026-07-02,FFX_XLF,BW-BBG000BM0597,INDB,0.0004556907
2026-07-02,FFX_XLF,BW-BBG000BM97G6,CCBG,7.731084e-05
2026-07-02,FFX_XLF,BW-BBG000BM9CT1,ITIC,4.4089826e-05
2026-07-02,FFX_XLF,BW-BBG000BMQPL1,KEY,0.002893518
2026-07-02,FFX_XLF,BW-BBG000BMSC38,FIBK,0.00036804465
2026-07-02,FFX_XLF,BW-BBG000BMWV95,RDN,0.0005398768
2026-07-02,FFX_XLF,BW-BBG000BN1P63,NWFL,3.647243e-05
2026-07-02,FFX_XLF,BW-BBG000BNC3Y9,LNC,0.0007749971
2026-07-02,FFX_XLF,BW-BBG000BNCR58,FCBC,6.834451e-05
2026-07-02,FFX_XLF,BW-BBG000BNFKK3,AUBN,6.8819436e-06
2026-07-02,FFX_XLF,BW-BBG000BNHSP9,JEF,0.00095743674
2026-07-02,FFX_XLF,BW-BBG000BNPYN9,SSB,0.0010969477
2026-07-02,FFX_XLF,BW-BBG000BNQN34,MBI,3.410294e-05
2026-07-02,FFX_XLF,BW-BBG000BNTW77,PRAA,7.927871e-05
2026-07-02,FFX_XLF,BW-BBG000BP08R4,SMBK,8.5880114e-05
2026-07-02,FFX_XLF,BW-BBG000BP1Q11,SPGI,0.013680208
2026-07-02,FFX_XLF,BW-BBG000BP2RV5,MBWM,0.000110275796
2026-07-02,FFX_XLF,BW-BBG000BP30Y0,EVR,0.0012927452
2026-07-02,FFX_XLF,BW-BBG000BPBR63,PFIS,7.014323e-05
2026-07-02,FFX_XLF,BW-BBG000BPFFJ1,MVBF,3.8553844e-05
2026-07-02,FFX_XLF,BW-BBG000BQ4512,RIOT,0.0005390972
2026-07-02,FFX_XLF,BW-BBG000BQ74K1,NTRS,0.0036132445
2026-07-02,FFX_XLF,BW-BBG000BQD095,MGYR,1.27278945e-05
2026-07-02,FFX_XLF,BW-BBG000BQRVY4,GCBC,2.450311e-05
2026-07-02,FFX_XLF,BW-BBG000BQZ7C2,PEBK,2.2707229e-05
2026-07-02,FFX_XLF,BW-BBG000BR14K5,CB,0.015141354
2026-07-02,FFX_XLF,BW-BBG000BR37X2,PGR,0.020045975
2026-07-02,FFX_XLF,BW-BBG000BR40B0,RNST,0.0004536635
2026-07-02,FFX_XLF,BW-BBG000BRD0D8,PNC,0.011180221
2026-07-02,FFX_XLF,BW-BBG000BRD351,FCCO,3.3407614e-05
2026-07-02,FFX_XLF,BW-BBG000BRF6K5,PFBC,0.00013796911
2026-07-02,FFX_XLF,BW-BBG000BRLPF2,FGBI,7.5381427e-06
2026-07-02,FFX_XLF,BW-BBG000BRR418,FNWD,1.6998036e-05
2026-07-02,FFX_XLF,BW-BBG000BRRN07,ORRF,8.787822e-05
2026-07-02,FFX_XLF,BW-BBG000BRTL90,UVSP,0.0001383429
2026-07-02,FFX_XLF,BW-BBG000BRVP70,R,0.001118398
2026-07-02,FFX_XLF,BW-BBG000BRW8B2,CZNC,4.60365e-05
2026-07-02,FFX_XLF,BW-BBG000BRX064,CZFS,3.7745624e-05
2026-07-02,FFX_XLF,BW-BBG000BRX8P6,RAND,1.1025472e-06
2026-07-02,FFX_XLF,BW-BBG000BS0N59,IBOC,0.00053576514
2026-07-02,FFX_XLF,BW-BBG000BS3PL3,SHBI,5.2113435e-05
2026-07-02,FFX_XLF,BW-BBG000BS5205,FRAF,2.9095454e-05
2026-07-02,FFX_XLF,BW-BBG000BS73J1,RJF,0.0034067873
2026-07-02,FFX_XLF,BW-BBG000BS7ZF4,RLI,0.00051682134
2026-07-02,FFX_XLF,BW-BBG000BSHXP7,EBMT,1.9943387e-05
2026-07-02,FFX_XLF,BW-BBG000BSLZY7,SCHW,0.017520854
2026-07-02,FFX_XLF,BW-BBG000BSQLT9,SEIC,0.0010274934
2026-07-02,FFX_XLF,BW-BBG000BSS5C0,SF,0.0012663474
2026-07-02,FFX_XLF,BW-BBG000BSTBM5,SFNC,0.00037075725
2026-07-02,FFX_XLF,BW-BBG000BSZ738,SIGI,0.00064600055
2026-07-02,FFX_XLF,BW-BBG000BT4C39,LAZ,0.00042915455
2026-07-02,FFX_XLF,BW-BBG000BTH4T5,SRCE,0.00017767103
2026-07-02,FFX_XLF,BW-BBG000BTXSH7,ALRS,8.5616426e-05
2026-07-02,FFX_XLF,BW-BBG000BVMGF2,ALL,0.006949147
2026-07-02,FFX_XLF,BW-BBG000BVMPN3,TROW,0.0027349738
2026-07-02,FFX_XLF,BW-BBG000BVMZD2,LOAN,4.4287376e-06
2026-07-02,FFX_XLF,BW-BBG000BVNVQ6,TRST,0.00010500541
2026-07-02,FFX_XLF,BW-BBG000BVXC87,UBSI,0.0007217051
2026-07-02,FFX_XLF,BW-BBG000BVY6C4,UFCS,0.00014484242
2026-07-02,FFX_XLF,BW-BBG000BW2QX0,UNM,0.0017660101
2026-07-02,FFX_XLF,BW-BBG000BW6NY2,OVBC,2.0586163e-05
2026-07-02,FFX_XLF,BW-BBG000BWBMM1,VALU,3.5537073e-06
2026-07-02,FFX_XLF,BW-BBG000BWD8Y7,KFFB,1.5737155e-06
2026-07-02,FFX_XLF,BW-BBG000BWLZX9,WASH,7.703558e-05
2026-07-02,FFX_XLF,BW-BBG000BWMX63,WBS,0.0013733233
2026-07-02,FFX_XLF,BW-BBG000BWQFY7,WFC,0.028685264
2026-07-02,FFX_XLF,BW-BBG000BWQTD0,WAFD,0.00031573058
2026-07-02,FFX_XLF,BW-BBG000BWSGF4,BRO,0.0025117367
2026-07-02,FFX_XLF,BW-BBG000BX0BJ9,WSBC,0.0004178412
2026-07-02,FFX_XLF,BW-BBG000BX1C88,WSFS,0.0004904311
2026-07-02,FFX_XLF,BW-BBG000BX9WL1,ZION,0.0011415104
2026-07-02,FFX_XLF,BW-BBG000BXMFC3,URI,0.006803201
2026-07-02,FFX_XLF,BW-BBG000BXNHY4,BOTJ,1.1519288e-05
2026-07-02,FFX_XLF,BW-BBG000BXT422,MAIN,0.00052149675
2026-07-02,FFX_XLF,BW-BBG000BY1L13,FISI,8.5390464e-05
2026-07-02,FFX_XLF,BW-BBG000BY2Y78,IVZ,0.0010784012
2026-07-02,FFX_XLF,BW-BBG000BY3302,HFWA,0.00013672246
2026-07-02,FFX_XLF,BW-BBG000BYN5H7,CFFI,2.8393528e-05
2026-07-02,FFX_XLF,BW-BBG000BYYLS8,TFC,0.0070888028
2026-07-02,FFX_XLF,BW-BBG000BYZSM8,QCRH,0.00017817889
2026-07-02,FFX_XLF,BW-BBG000BZX1N5,AIZ,0.0015072328
2026-07-02,FFX_XLF,BW-BBG000C037V2,HIFS,6.0235227e-05
2026-07-02,FFX_XLF,BW-BBG000C060M4,AMG,0.0008524609
2026-07-02,FFX_XLF,BW-BBG000C0B093,TSBK,3.953097e-05
2026-07-02,FFX_XLF,BW-BBG000C0C4Q5,SFST,5.4288525e-05
2026-07-02,FFX_XLF,BW-BBG000C14JY0,PLBC,4.3711625e-05
2026-07-02,FFX_XLF,BW-BBG000C1FB75,ICE,0.0079550175
2026-07-02,FFX_XLF,BW-BBG000C1XKF6,PNFP,0.001684975
2026-07-02,FFX_XLF,BW-BBG000C1XVK6,EG,0.00169657
2026-07-02,FFX_XLF,BW-BBG000C2PL98,CFR,0.0011115406
2026-07-02,FFX_XLF,BW-BBG000C2R8K2,HTGC,0.00033335754
2026-07-02,FFX_XLF,BW-BBG000C2W2R2,GSBC,7.08062e-05
2026-07-02,FFX_XLF,BW-BBG000C32KN7,GAIN,6.980932e-05
2026-07-02,FFX_XLF,BW-BBG000C34488,CFFN,0.000119369644
2026-07-02,FFX_XLF,BW-BBG000C3G9J2,WRLD,5.4306638e-05
2026-07-02,FFX_XLF,BW-BBG000C3HB24,EGBN,9.415747e-05
2026-07-02,FFX_XLF,BW-BBG000C3JXB4,SNFCA,9.874106e-06
2026-07-02,FFX_XLF,BW-BBG000C3KB84,GBCI,0.00076789677
2026-07-02,FFX_XLF,BW-BBG000C3KGT0,WNEB,3.2771142e-05
2026-07-02,FFX_XLF,BW-BBG000C3LQ53,PKBK,4.023101e-05
2026-07-02,FFX_XLF,BW-BBG000C3N539,BMRC,4.9430684e-05
2026-07-02,FFX_XLF,BW-BBG000C3SB31,TRMK,0.00016871029
2026-07-02,FFX_XLF,BW-BBG000C3ZNH2,SMBC,7.786161e-05
2026-07-02,FFX_XLF,BW-BBG000C45984,L,0.0021029909
2026-07-02,FFX_XLF,BW-BBG000C49RT7,VABK,2.4250465e-05
2026-07-02,FFX_XLF,BW-BBG000C4PLF7,ORI,0.0010304739
2026-07-02,FFX_XLF,BW-BBG000C5QMH9,NRIM,6.645634e-05
2026-07-02,FFX_XLF,BW-BBG000C668L5,CATY,0.0004464604
2026-07-02,FFX_XLF,BW-BBG000C6CFJ5,GS,0.03290268
2026-07-02,FFX_XLF,BW-BBG000C6TLC1,ATLC,6.187933e-05
2026-07-02,FFX_XLF,BW-BBG000C8D8G9,BOH,0.000362128
2026-07-02,FFX_XLF,BW-BBG000C93HM1,EZPW,0.00013630523
2026-07-02,FFX_XLF,BW-BBG000CBC7D8,HWC,0.00068156363
2026-07-02,FFX_XLF,BW-BBG000CBMH27,MTG,0.00063210283
2026-07-02,FFX_XLF,BW-BBG000CDH213,THFF,9.4614275e-05
2026-07-02,FFX_XLF,BW-BBG000CDY3H5,ABCB,0.00067052426
2026-07-02,FFX_XLF,BW-BBG000CFZ003,BOKF,0.00038647465
2026-07-02,FFX_XLF,BW-BBG000CGQ4F7,MORN,0.00042864605
2026-07-02,FFX_XLF,BW-BBG000CJN801,NBTB,0.00031404058
2026-07-02,FFX_XLF,BW-BBG000CKB2S4,STBA,0.00020072973
2026-07-02,FFX_XLF,BW-BBG000CND7W0,FCF,0.00022490117
2026-07-02,FFX_XLF,BW-BBG000CQB185,AGO,0.00037394816
2026-07-02,FFX_XLF,BW-BBG000CR20B1,EWBC,0.0019687344
2026-07-02,FFX_XLF,BW-BBG000CS0D96,CACC,0.0003631578
2026-07-02,FFX_XLF,BW-BBG000CTGXS2,COLB,0.0007783655
2026-07-02,FFX_XLF,BW-BBG000CTQBQ1,UNB,1.1285507e-05
2026-07-02,FFX_XLF,BW-BBG000CVKZY0,CRVL,0.00020559164
2026-07-02,FFX_XLF,BW-BBG000CWBQC2,FUNC,2.9714327e-05
2026-07-02,FFX_XLF,BW-BBG000CWSXR3,PCB,3.453888e-05
2026-07-02,FFX_XLF,BW-BBG000CYKKX8,FBP,0.00044025583
2026-07-02,FFX_XLF,BW-BBG000CZTB66,HLI,0.0008468941
2026-07-02,FFX_XLF,BW-BBG000D4YTR6,VLY,0.00092804123
2026-07-02,FFX_XLF,BW-BBG000D6YCQ9,STC,0.00022779986
2026-07-02,FFX_XLF,BW-BBG000D9HD17,FMNB,9.788101e-05
2026-07-02,FFX_XLF,BW-BBG000D9KWL9,MTB,0.004132616
2026-07-02,FFX_XLF,BW-BBG000DD3KP1,WABC,0.00014674915
2026-07-02,FFX_XLF,BW-BBG000DD8WX1,UMBF,0.0011731987
2026-07-02,FFX_XLF,BW-BBG000DJ3D29,CIA,3.1871754e-05
2026-07-02,FFX_XLF,BW-BBG000DJX7Q3,EIG,7.598792e-05
2026-07-02,FFX_XLF,BW-BBG000DJYTQ4,GLAD,4.7859714e-05
2026-07-02,FFX_XLF,BW-BBG000DKDWS5,PMT,7.813894e-05
2026-07-02,FFX_XLF,BW-BBG000DMBXR2,JPM,0.09979653
2026-07-02,FFX_XLF,BW-BBG000DMFQS2,VRTS,9.867437e-05
2026-07-02,FFX_XLF,BW-BBG000DN4ZT1,TCBI,0.0005284748
2026-07-02,FFX_XLF,BW-BBG000DNB9Q4,NBN,0.00011212033
2026-07-02,FFX_XLF,BW-BBG000DPKKK0,AFG,0.0011135535
2026-07-02,FFX_XLF,BW-BBG000DS5RF2,FVCB,3.1859276e-05
2026-07-02,FFX_XLF,BW-BBG000DWZWT4,CIVB,6.3488296e-05
2026-07-02,FFX_XLF,BW-BBG000DXHBN4,HOPE,0.00019962506
2026-07-02,FFX_XLF,BW-BBG000DZN289,EFSC,0.0002695814
2026-07-02,FFX_XLF,BW-BBG000F006R9,OPY,0.00012298704
2026-07-02,FFX_XLF,BW-BBG000F1C7F5,MCY,0.00032263066
2026-07-02,FFX_XLF,BW-BBG000F1ZSQ2,MA,0.051055606
2026-07-02,FFX_XLF,BW-BBG000F369C7,ECPG,0.00021725643
2026-07-02,FFX_XLF,BW-BBG000F4DVC8,HCI,0.00025782236
2026-07-02,FFX_XLF,BW-BBG000F4J227,CTBI,0.00014676327
2026-07-02,FFX_XLF,BW-BBG000F4P4Z0,HNNA,5.7825987e-06
2026-07-02,FFX_XLF,BW-BBG000F4W650,WHG,1.6583226e-05
2026-07-02,FFX_XLF,BW-BBG000F54FK1,BBDC,8.730924e-05
2026-07-02,FFX_XLF,BW-BBG000F5VMF2,OFG,0.00023612255
2026-07-02,FFX_XLF,BW-BBG000F5VVB6,NDAQ,0.0041349074
2026-07-02,FFX_XLF,BW-BBG000F7GST7,TFSL,0.000104329134
2026-07-02,FFX_XLF,BW-BBG000F7VG25,BANC,0.00030660557
2026-07-02,FFX_XLF,BW-BBG000F86GP6,MCO,0.00885036
2026-07-02,FFX_XLF,BW-BBG000FB8PF8,SFBS,0.00050699094
2026-07-02,FFX_XLF,BW-BBG000FBJQM6,DX,0.00030034542
2026-07-02,FFX_XLF,BW-BBG000FC4FJ8,EFSI,2.555789e-05
2026-07-02,FFX_XLF,BW-BBG000FC7366,MKL,0.0026226623
2026-07-02,FFX_XLF,BW-BBG000FFDM15,USB,0.010753086
2026-07-02,FFX_XLF,BW-BBG000FJH8W0,THG,0.0008632033
2026-07-02,FFX_XLF,BW-BBG000FJWF20,VSTS,0.00018758082
2026-07-02,FFX_XLF,BW-BBG000FLF615,AXS,0.000894929
2026-07-02,FFX_XLF,BW-BBG000FLKSG5,SYBT,0.00024789528
2026-07-02,FFX_XLF,BW-BBG000FLPRH1,CAR,0.0002754272
2026-07-02,FFX_XLF,BW-BBG000FQXC75,PIPR,0.00054764113
2026-07-02,FFX_XLF,BW-BBG000FRZWN9,WSBF,3.9210332e-05
2026-07-02,FFX_XLF,BW-BBG000FTTNV3,PBHC,8.6160835e-06
2026-07-02,FFX_XLF,BW-BBG000FY4S11,C,0.027336415
2026-07-02,FFX_XLF,BW-BBG000G0Z878,HIG,0.0040497794
2026-07-02,FFX_XLF,BW-BBG000G21FS2,KINS,3.1119915e-05
2026-07-02,FFX_XLF,BW-BBG000G2Z909,CBNK,4.4110624e-05
2026-07-02,FFX_XLF,BW-BBG000G2ZJ98,BY,0.00014269243
2026-07-02,FFX_XLF,BW-BBG000G2ZK31,MSBI,7.3045136e-05
2026-07-02,FFX_XLF,BW-BBG000G3QLY3,AMP,0.004601595
2026-07-02,FFX_XLF,BW-BBG000G718L4,OVLY,2.8000886e-05
2026-07-02,FFX_XLF,BW-BBG000G7PNS8,WTM,0.00055378553
2026-07-02,FFX_XLF,BW-BBG000G8ZKY4,AGM,0.00026196655
2026-07-02,FFX_XLF,BW-BBG000GGLZZ7,IVR,2.7516442e-05
2026-07-02,FFX_XLF,BW-BBG000GHZSZ6,FHN,0.0013581829
2026-07-02,FFX_XLF,BW-BBG000GM73Y2,HTH,0.00016549758
2026-07-02,FFX_XLF,BW-BBG000GMKH30,FXNC,2.693013e-05
2026-07-02,FFX_XLF,BW-BBG000GPQ7M8,MFIN,2.0070767e-05
2026-07-02,FFX_XLF,BW-BBG000GSFXM7,PROV,1.0819136e-05
2026-07-02,FFX_XLF,BW-BBG000GYLFT9,OCFC,0.00012021788
2026-07-02,FFX_XLF,BW-BBG000H0X129,ASRV,6.6649454e-06
2026-07-02,FFX_XLF,BW-BBG000H3GDJ8,KMPR,0.00018464729
2026-07-02,FFX_XLF,BW-BBG000HCJMF9,PRU,0.0043727946
2026-07-02,FFX_XLF,BW-BBG000HD3DW5,WTFC,0.0012057243
2026-07-02,FFX_XLF,BW-BBG000HH3LY6,CBAN,4.636535e-05
2026-07-02,FFX_XLF,BW-BBG000HK4RX6,ACR,1.1459113e-05
2026-07-02,FFX_XLF,BW-BBG000HVWVP1,OPBK,2.0912086e-05
2026-07-02,FFX_XLF,BW-BBG000HXNN20,ACGL,0.0036749633
2026-07-02,FFX_XLF,BW-BBG000J31X35,HBCP,5.6610457e-05
2026-07-02,FFX_XLF,BW-BBG000J5Q6L2,GNW,0.00039430667
2026-07-02,FFX_XLF,BW-BBG000JF5K69,CWBC,7.547178e-05
2026-07-02,FFX_XLF,BW-BBG000JNCBF4,BUSE,0.00027018233
2026-07-02,FFX_XLF,BW-BBG000JNJPB0,RWT,6.385129e-05
2026-07-02,FFX_XLF,BW-BBG000JQ42W7,FRST,3.9541304e-05
2026-07-02,FFX_XLF,BW-BBG000JQJC22,DGICA,3.339279e-05
2026-07-02,FFX_XLF,BW-BBG000JTYFB2,CVBF,0.0003265071
2026-07-02,FFX_XLF,BW-BBG000K0KW21,UNTY,4.7474354e-05
2026-07-02,FFX_XLF,BW-BBG000K8K0L3,WD,0.00014777336
2026-07-02,FFX_XLF,BW-BBG000KFW1C2,ONB,0.0011336044
2026-07-02,FFX_XLF,BW-BBG000KK3464,SBCF,0.0003712639
2026-07-02,FFX_XLF,BW-BBG000KMVDV1,ABR,0.00011108092
2026-07-02,FFX_XLF,BW-BBG000KN6TT5,FNLC,4.271013e-05
2026-07-02,FFX_XLF,BW-BBG000KWLYL5,RMBI,1.7470476e-05
2026-07-02,FFX_XLF,BW-BBG000L35KD5,CODI,8.647928e-05
2026-07-02,FFX_XLF,BW-BBG000LF59X1,INBK,2.5436044e-05
2026-07-02,FFX_XLF,BW-BBG000LLRNX3,COFS,5.3920263e-05
2026-07-02,FFX_XLF,BW-BBG000LV0836,IBKR,0.004513506
2026-07-02,FFX_XLF,BW-BBG000M1CN53,FNRN,3.304409e-05
2026-07-02,FFX_XLF,BW-BBG000M1J270,STWD,0.000636395
2026-07-02,FFX_XLF,BW-BBG000M1K955,EFC,0.00018853297
2026-07-02,FFX_XLF,BW-BBG000M2RGF9,LSBK,3.5180037e-06
2026-07-02,FFX_XLF,BW-BBG000M4M6Q0,HAFC,7.11502e-05
2026-07-02,FFX_XLF,BW-BBG000M7H7J5,BCBP,1.8888813e-05
2026-07-02,FFX_XLF,BW-BBG000M814N2,FDBC,2.8613353e-05
2026-07-02,FFX_XLF,BW-BBG000MG3Y65,TWO,0.00014249506
2026-07-02,FFX_XLF,BW-BBG000MHBSQ5,LOB,0.0001670859
2026-07-02,FFX_XLF,BW-BBG000MMCGW2,PGC,8.871533e-05
2026-07-02,FFX_XLF,BW-BBG000MVZH28,BANR,0.00025258545
2026-07-02,FFX_XLF,BW-BBG000N625H8,FRHC,0.0003301071
2026-07-02,FFX_XLF,BW-BBG000NFKDB7,CZWI,1.9701134e-05
2026-07-02,FFX_XLF,BW-BBG000NFPF36,ARI,0.00015148816
2026-07-02,FFX_XLF,BW-BBG000NMWQ11,BWB,5.3656306e-05
2026-07-02,FFX_XLF,BW-BBG000NSCNT7,PFG,0.0026126802
2026-07-02,FFX_XLF,BW-BBG000P23KW4,PFS,0.00032495096
2026-07-02,FFX_XLF,BW-BBG000P2TYL8,LPLA,0.0026241355
2026-07-02,FFX_XLF,BW-BBG000PD6X77,ARCC,0.0014988487
2026-07-02,FFX_XLF,BW-BBG000PFLGY2,CIM,0.00012277861
2026-07-02,FFX_XLF,BW-BBG000PQPCM6,BKU,0.00039387183
2026-07-02,FFX_XLF,BW-BBG000PRZNN8,ARR,4.2681622e-05
2026-07-02,FFX_XLF,BW-BBG000PSKYX7,V,0.06129743
2026-07-02,FFX_XLF,BW-BBG000PXNF64,GBDC,0.00036589612
2026-07-02,FFX_XLF,BW-BBG000PYJY93,NNI,7.596173e-05
2026-07-02,FFX_XLF,BW-BBG000Q0JJQ0,AMSF,7.0733375e-05
2026-07-02,FFX_XLF,BW-BBG000Q1GK24,CNO,0.0005103776
2026-07-02,FFX_XLF,BW-BBG000Q1KFH4,WAL,0.0009975462
2026-07-02,FFX_XLF,BW-BBG000Q3JN03,RF,0.0029959811
2026-07-02,FFX_XLF,BW-BBG000Q4FJD0,BWFG,4.3561755e-05
2026-07-02,FFX_XLF,BW-BBG000Q50XK4,TBBK,0.00028456145
2026-07-02,FFX_XLF,BW-BBG000Q6S3Z2,SAR,3.6163914e-05
2026-07-02,FFX_XLF,BW-BBG000Q92C66,FRBA,4.1705374e-05
2026-07-02,FFX_XLF,BW-BBG000QDJT53,GDOT,8.52364e-05
2026-07-02,FFX_XLF,BW-BBG000QFJJW0,OZK,0.0006158712
2026-07-02,FFX_XLF,BW-BBG000QH56C1,CBOE,0.0028977129
2026-07-02,FFX_XLF,BW-BBG000QJ8KD2,BCAL,5.792723e-05
2026-07-02,FFX_XLF,BW-BBG000QJXDW9,HOMB,0.000592082
2026-07-02,FFX_XLF,BW-BBG000QJZ0P3,FSBC,9.290813e-05
2026-07-02,FFX_XLF,BW-BBG000QJZTT6,HRZN,3.6120706e-05
2026-07-02,FFX_XLF,BW-BBG000QK0TG5,NIC,0.00034434482
2026-07-02,FFX_XLF,BW-BBG000QK39V9,FBIZ,6.044743e-05
2026-07-02,FFX_XLF,BW-BBG000QK3NY5,BAFN,2.050393e-06
2026-07-02,FFX_XLF,BW-BBG000QK5803,CCB,0.00011753388
2026-07-02,FFX_XLF,BW-BBG000QKJS40,EQBK,0.00011083621
2026-07-02,FFX_XLF,BW-BBG000QKNLB2,RRBI,4.826521e-05
2026-07-02,FFX_XLF,BW-BBG000QL34X6,SPFI,6.0599246e-05
2026-07-02,FFX_XLF,BW-BBG000QPHD08,AX,0.00040573292
2026-07-02,FFX_XLF,BW-BBG000QRB2P7,MNSB,2.0557656e-05
2026-07-02,FFX_XLF,BW-BBG000QRG7X2,MRBK,2.2886112e-05
2026-07-02,FFX_XLF,BW-BBG000QRTJ17,BVFL,1.6715501e-05
2026-07-02,FFX_XLF,BW-BBG000QSBJR6,GLRE,4.667988e-05
2026-07-02,FFX_XLF,BW-BBG000QSM8F1,HFBL,4.9478294e-06
2026-07-02,FFX_XLF,BW-BBG000QVWX13,PNNT,2.4703986e-05
2026-07-02,FFX_XLF,BW-BBG000R2RWP8,TIPT,5.1018582e-05
2026-07-02,FFX_XLF,BW-BBG000R3NQ37,OFS,4.1521243e-06
2026-07-02,FFX_XLF,BW-BBG000R7ZZX2,SSBI,8.6534565e-06
2026-07-02,FFX_XLF,BW-BBG000RMQZS5,MBIN,0.00016694533
2026-07-02,FFX_XLF,BW-BBG000RNBH63,MC,0.00054552394
2026-07-02,FFX_XLF,BW-BBG000RTDY25,MSCI,0.004576379
2026-07-02,FFX_XLF,BW-BBG000RTNP69,RILY,2.4209334e-05
2026-07-02,FFX_XLF,BW-BBG000T8ZF80,PRI,0.0010048647
2026-07-02,FFX_XLF,BW-BBG000TGZHS6,BFST,9.931119e-05
2026-07-02,FFX_XLF,BW-BBG000TJ8XZ7,AGNC,0.0012768735
2026-07-02,FFX_XLF,BW-BBG000TKFJQ7,ACIC,3.1802345e-05
2026-07-02,FFX_XLF,BW-BBG000TKZRB3,OCSL,0.000116670795
2026-07-02,FFX_XLF,BW-BBG000TVRB50,TREE,5.728834e-05
2026-07-02,FFX_XLF,BW-BBG000TW5Y34,NFBK,6.3803505e-05
2026-07-02,FFX_XLF,BW-BBG000V78V75,FAF,0.00076931383
2026-07-02,FFX_XLF,BW-BBG000V86JM5,SLRC,6.934696e-05
2026-07-02,FFX_XLF,BW-BBG000VX8S02,SII,0.00030293936
2026-07-02,FFX_XLF,BW-BBG001DFW799,TSLX,0.0001789406
2026-07-02,FFX_XLF,BW-BBG001K7WBT8,MARA,0.00056968315
2026-07-02,FFX_XLF,BW-BBG001K9JH07,FDUS,8.2118284e-05
2026-07-02,FFX_XLF,BW-BBG001KHCXD7,AMTB,0.00010913857
2026-07-02,FFX_XLF,BW-BBG001KHD495,MCB,0.00012516117
2026-07-02,FFX_XLF,BW-BBG001KJLYZ7,MITT,1.7756242e-05
2026-07-02,FFX_XLF,BW-BBG001LV74X3,PFLT,8.3358835e-05
2026-07-02,FFX_XLF,BW-BBG001M6CZY1,APAM,0.00028788496
2026-07-02,FFX_XLF,BW-BBG001MB89V6,CLSK,0.00038929674
2026-07-02,FFX_XLF,BW-BBG001P0TNW2,TCPC,3.2383003e-05
2026-07-02,FFX_XLF,BW-BBG001P2KSC8,ORC,0.00015227642
2026-07-02,FFX_XLF,BW-BBG001PJFM76,RM,3.5337995e-05
2026-07-02,FFX_XLF,BW-BBG001YCZP63,FSK,0.0003327156
2026-07-02,FFX_XLF,BW-BBG0022MMQB0,ACRE,2.6149739e-05
2026-07-02,FFX_XLF,BW-BBG0022PSJ14,ENVA,0.0006416929
2026-07-02,FFX_XLF,BW-BBG0023XX761,CUBI,0.00027907518
2026-07-02,FFX_XLF,BW-BBG002537TC9,RBB,4.999902e-05
2026-07-02,FFX_XLF,BW-BBG002BC7WC5,TRUP,7.1384915e-05
2026-07-02,FFX_XLF,BW-BBG002Q7J5Z1,TRU,0.0016022659
2026-07-02,FFX_XLF,BW-BBG002Q8NXP4,FSBW,3.170697e-05
2026-07-02,FFX_XLF,BW-BBG002QHKLM6,SKWD,0.0002768744
2026-07-02,FFX_XLF,BW-BBG003222R31,CLBK,5.7714777e-05
2026-07-02,FFX_XLF,BW-BBG003BCFHX4,ESQ,0.00010126438
2026-07-02,FFX_XLF,BW-BBG003CNYJ00,WHF,1.285132e-05
2026-07-02,FFX_XLF,BW-BBG003D8Y833,NBHC,0.00022148354
2026-07-02,FFX_XLF,BW-BBG003LB3TH0,SCM,2.7461541e-05
2026-07-02,FFX_XLF,BW-BBG0044K5DM4,HASI,0.00055230747
2026-07-02,FFX_XLF,BW-BBG0046LJYT2,FHB,0.00040624524
2026-07-02,FFX_XLF,BW-BBG004DDDKH1,GSBD,0.000114017035
2026-07-02,FFX_XLF,BW-BBG004DFMB77,EARN,1.8407329e-05
2026-07-02,FFX_XLF,BW-BBG004HTNXJ1,SAMG,8.736111e-06
2026-07-02,FFX_XLF,BW-BBG004M233H4,GBLI,2.0250767e-05
2026-07-02,FFX_XLF,BW-BBG004MN1R41,NAVI,6.9563386e-05
2026-07-02,FFX_XLF,BW-BBG004TYNXX1,SPNT,0.00027344777
2026-07-02,FFX_XLF,BW-BBG005497GZ3,OMF,0.0007760238
2026-07-02,FFX_XLF,BW-BBG0058YL7G9,ESNT,0.0005817086
2026-07-02,FFX_XLF,BW-BBG005DLMMZ6,NMIH,0.0002865917
2026-07-02,FFX_XLF,BW-BBG005GXFKJ7,TPVG,2.2763497e-05
2026-07-02,FFX_XLF,BW-BBG005RVGZ41,LADR,0.00011172882
2026-07-02,FFX_XLF,BW-BBG0062RX864,ISTR,4.3393436e-05
2026-07-02,FFX_XLF,BW-BBG0064N2T78,VIRT,0.0091963
2026-07-02,FFX_XLF,BW-BBG00658F3P3,SYF,0.002828931
2026-07-02,FFX_XLF,BW-BBG0068KVV91,ARES,0.0017399566
2026-07-02,FFX_XLF,BW-BBG006D4PF48,HRTG,7.8361096e-05
2026-07-02,FFX_XLF,BW-BBG006N7S6K9,FNF,0.0012980327
2026-07-02,FFX_XLF,BW-BBG006Q0HY77,CFG,0.0033621602
2026-07-02,FFX_XLF,BW-BBG0074JPF34,VCTR,0.00051582523
2026-07-02,FFX_XLF,BW-BBG0077VNXV6,PYPL,0.0043095383
2026-07-02,FFX_XLF,BW-BBG0079T1PZ6,PJT,0.00027319998
2026-07-02,FFX_XLF,BW-BBG007HRJXJ3,JRVR,1.9449702e-05
2026-07-02,FFX_XLF,BW-BBG0080Q5RR0,FNWB,1.138805e-05
2026-07-02,FFX_XLF,BW-BBG0088BL014,MCBS,9.1933485e-05
2026-07-02,FFX_XLF,BW-BBG008N1HXP6,KRNY,6.319635e-05
2026-07-02,FFX_XLF,BW-BBG00922Y5Z6,JXN,0.0006051622
2026-07-02,FFX_XLF,BW-BBG009NX1JT8,CCAP,3.0373587e-05
2026-07-02,FFX_XLF,BW-BBG009W8YNW4,TCBX,6.9142596e-05
2026-07-02,FFX_XLF,BW-BBG00B0FS947,WSC,0.00054105185
2026-07-02,FFX_XLF,BW-BBG00D6RSP54,GECC,5.3482227e-06
2026-07-02,FFX_XLF,BW-BBG00D8JD9Z9,KNSL,0.00078806945
2026-07-02,FFX_XLF,BW-BBG00DM434G9,FBK,0.0002373981
2026-07-02,FFX_XLF,BW-BBG00DSNH1Z1,PRTH,2.5639987e-05
2026-07-02,FFX_XLF,BW-BBG00DYPZ4T0,BHF,0.00039575237
2026-07-02,FFX_XLF,BW-BBG00DZS4J87,NODK,1.3823862e-05
2026-07-02,FFX_XLF,BW-BBG00FWKRBS2,BCML,3.8061622e-05
2026-07-02,FFX_XLF,BW-BBG00FX58Q66,HLNE,0.0003639774
2026-07-02,FFX_XLF,BW-BBG00GD4KVQ2,KREF,4.121128e-05
2026-07-02,FFX_XLF,BW-BBG00GKJ8C78,TRTX,6.554399e-05
2026-07-02,FFX_XLF,BW-BBG00GQVWWP4,CGBD,8.167961e-05
2026-07-02,FFX_XLF,BW-BBG00GXRNJP4,CNNE,6.138425e-05
2026-07-02,FFX_XLF,BW-BBG00J24S765,NMRK,0.00017943422
2026-07-02,FFX_XLF,BW-BBG00J7CBVW8,EQH,0.001364253
2026-07-02,FFX_XLF,BW-BBG00JDV0M15,BCSF,6.7518624e-05
2026-07-02,FFX_XLF,BW-BBG00KHHBMC5,GSHD,0.00013830481
2026-07-02,FFX_XLF,BW-BBG00LMYX123,PFSI,0.0002760221
2026-07-02,FFX_XLF,BW-BBG00LV100N0,BSVN,2.3675706e-05
2026-07-02,FFX_XLF,BW-BBG00N2Q0L02,RBKB,7.438716e-06
2026-07-02,FFX_XLF,BW-BBG00NK8H8T2,TW,0.0010946826
2026-07-02,FFX_XLF,BW-BBG00NLMRY30,PLMR,0.00038791317
2026-07-02,FFX_XLF,BW-BBG00PFB4RR0,PBFS,1.8911533e-05
2026-07-02,FFX_XLF,BW-BBG00PKCBY53,UPST,0.0003384002
2026-07-02,FFX_XLF,BW-BBG00PZ0QM53,HNVR,1.5030094e-05
2026-07-02,FFX_XLF,BW-BBG00Q709YV6,BSBK,6.484807e-06
2026-07-02,FFX_XLF,BW-BBG00Q8J72J0,HBT,5.3188898e-05
2026-07-02,FFX_XLF,BW-BBG00QLF1GT7,VEL,2.5579035e-05
2026-07-02,FFX_XLF,BW-BBG00R7TJRM5,NREF,1.5628895e-05
2026-07-02,FFX_XLF,BW-BBG00SSQFPK6,AON,0.008149618
2026-07-02,FFX_XLF,BW-BBG00VSH86G4,PRG,0.00014057952
2026-07-02,FFX_XLF,BW-BBG00VY1MYW7,RKT,0.004345614
2026-07-02,FFX_XLF,BW-BBG00W9KWXC4,EBC,0.0005250655
2026-07-02,FFX_XLF,BW-BBG00WSNP4R3,ACT,0.00012719161
2026-07-02,FFX_XLF,BW-BBG00XH58W17,AFBI,1.2779328e-05
2026-07-02,FFX_XLF,BW-BBG00XRT7YX6,AMAL,8.97458e-05
2026-07-02,FFX_XLF,BW-BBG00Y9DFYJ6,CARE,8.0661615e-05
2026-07-02,FFX_XLF,BW-BBG00ZMYKX53,CLST,6.204921e-06
2026-07-02,FFX_XLF,BW-BBG00ZNLTFK3,APO,0.0055119377
2026-07-02,FFX_XLF,BW-BBG011K4W134,RYAN,0.0010841885
2026-07-02,FFX_XLF,BW-BBG011RJRY92,NECB,3.8201353e-05
2026-07-02,FFX_XLF,BW-BBG011RWMVP6,TCBS,4.2956403e-06
2026-07-02,FFX_XLF,BW-BBG011VF9YT3,FINW,1.8634888e-05
2026-07-02,FFX_XLF,BW-BBG0131XQ4K9,PRE,2.737382e-05
2026-07-02,FFX_XLF,BW-BBG0145KL747,FCFS,0.00091948785
2026-07-02,FFX_XLF,BW-BBG0149QCXH9,USCB,2.1891436e-05
2026-07-02,FFX_XLF,BW-BBG014XDMDV8,PDLB,5.208382e-05
2026-07-02,FFX_XLF,BW-BBG017RPLKV6,BPRN,2.2955417e-05
2026-07-02,FFX_XLF,BW-BBG019M62R45,FTAI,0.002979769
2026-07-02,FFX_XLF,BW-BBG019X33P07,BHRB,0.0001064185
2026-07-02,FFX_XLF,BW-BBG01BG24766,FSCO,0.00011095241
2026-07-02,FFX_XLF,BW-BBG01BGVGG87,FG,6.353052e-05
2026-07-02,FFX_XLF,BW-BBG01CGKW1N7,FSEA,8.0162845e-06
2026-07-02,FFX_XLF,BW-BBG01FTV4WM6,SRBK,1.727131e-05
2026-07-02,FFX_XLF,BW-BBG01H9FTGX5,BGC,0.00043954968
2026-07-02,FFX_XLF,BW-BBG01J1RBY54,MFI,1.7436019e-08
2026-07-02,FFX_XLF,BW-BBG01KS1NK29,NBBK,9.011888e-05
2026-07-02,FFX_XLF,BW-BBG01PSW2WN4,BLK,0.016656848
2026-07-02,FFX_XLF,BW-BBG01TF8MHQ1,BULL,0.0002899119
2026-07-02,FFX_XLF,BW-US0846707026,BRK-B,0.12058315
2026-07-02,FFX_XLF,BW-US2246332066,CRD-A,3.0316553e-05
2026-07-02,FFX_XLF,BW-US5901061003#1,MRLN,7.6242736e-06
2026-07-02,FFX_XLK,BW-BBG000B9XRY4,AAPL,0.18383314
2026-07-02,FFX_XLK,BW-BBG000B9YJ35,APH,0.007687187
2026-07-02,FFX_XLK,BW-BBG000BB4HM6,RAMP,0.00017136612
2026-07-02,FFX_XLK,BW-BBG000BB5006,ADBE,0.002898073
2026-07-02,FFX_XLK,BW-BBG000BB65D0,IT,0.0004300208
2026-07-02,FFX_XLK,BW-BBG000BB6G37,ADI,0.006662598
2026-07-02,FFX_XLK,BW-BBG000BB6R33,MXL,0.0003867634
2026-07-02,FFX_XLK,BW-BBG000BB99S3,SLAB,0.00030778928
2026-07-02,FFX_XLK,BW-BBG000BBDV81,CTSH,0.0008269094
2026-07-02,FFX_XLK,BW-BBG000BBJQV0,NVDA,0.19376148
2026-07-02,FFX_XLK,BW-BBG000BBLQV7,HCKT,7.484144e-06
2026-07-02,FFX_XLK,BW-BBG000BBMCY4,ALOT,8.711047e-06
2026-07-02,FFX_XLK,BW-BBG000BBPFB9,AMAT,0.02166426
2026-07-02,FFX_XLK,BW-BBG000BBQCY0,AMD,0.033467244
2026-07-02,FFX_XLK,BW-BBG000BC35R6,CLFD,1.8599903e-05
2026-07-02,FFX_XLK,BW-BBG000BCD3D5,ARW,0.00045437698
2026-07-02,FFX_XLK,BW-BBG000BCJDW6,ASYS,1.0036743e-05
2026-07-02,FFX_XLK,BW-BBG000BCKGW7,AMKR,0.00039201076
2026-07-02,FFX_XLK,BW-BBG000BCMBG4,FTNT,0.0034984995
2026-07-02,FFX_XLK,BW-BBG000BCPB71,AVT,0.00030074085
2026-07-02,FFX_XLK,BW-BBG000BCXN49,CASS,2.7666496e-05
2026-07-02,FFX_XLK,BW-BBG000BD2167,ITRI,0.00015909554
2026-07-02,FFX_XLK,BW-BBG000BD6DY6,TACT,2.1425324e-06
2026-07-02,FFX_XLK,BW-BBG000BDCB28,VECO,0.00018459142
2026-07-02,FFX_XLK,BW-BBG000BDGHD9,BMI,0.00018140925
2026-07-02,FFX_XLK,BW-BBG000BFGMQ9,QUIK,1.0141863e-05
2026-07-02,FFX_XLK,BW-BBG000BFKT34,OSS,1.8718343e-05
2026-07-02,FFX_XLK,BW-BBG000BFR0T2,EXTR,0.00012929465
2026-07-02,FFX_XLK,BW-BBG000BFV339,NSYS,9.1343526e-07
2026-07-02,FFX_XLK,BW-BBG000BFV758,MANH,0.00036537397
2026-07-02,FFX_XLK,BW-BBG000BG6NH6,CPSH,4.2939178e-06
2026-07-02,FFX_XLK,BW-BBG000BG88X9,CVLT,0.00025386421
2026-07-02,FFX_XLK,BW-BBG000BGFGT8,LFUS,0.00047764572
2026-07-02,FFX_XLK,BW-BBG000BGGTW5,BLKB,3.27953e-05
2026-07-02,FFX_XLK,BW-BBG000BGH994,CSPI,2.5209756e-06
2026-07-02,FFX_XLK,BW-BBG000BGKHZ3,VRSN,0.0006033705
2026-07-02,FFX_XLK,BW-BBG000BGMC46,CTS,7.622446e-05
2026-07-02,FFX_XLK,BW-BBG000BGWTV8,DAIO,1.4682386e-06
2026-07-02,FFX_XLK,BW-BBG000BH2JM1,GEN,0.0006000643
2026-07-02,FFX_XLK,BW-BBG000BH4WF8,LINK,5.292082e-07
2026-07-02,FFX_XLK,BW-BBG000BH5DV1,INTU,0.003022315
2026-07-02,FFX_XLK,BW-BBG000BH5KW4,DJCO,3.5776062e-05
2026-07-02,FFX_XLK,BW-BBG000BHBTX7,SANM,0.00031283931
2026-07-02,FFX_XLK,BW-BBG000BHCP19,MCHP,0.0020227886
2026-07-02,FFX_XLK,BW-BBG000BHHR29,BKYI,1.8327826e-08
2026-07-02,FFX_XLK,BW-BBG000BHTPS2,ELSE,4.3805935e-07
2026-07-02,FFX_XLK,BW-BBG000BHTPZ4,SCSC,4.496111e-05
2026-07-02,FFX_XLK,BW-BBG000BHZ0N5,AXTI,0.00013626572
2026-07-02,FFX_XLK,BW-BBG000BJ3R48,OSPN,2.3129947e-05
2026-07-02,FFX_XLK,BW-BBG000BJG3B9,FEIM,1.6888123e-05
2026-07-02,FFX_XLK,BW-BBG000BJNGN9,JBL,0.0014042812
2026-07-02,FFX_XLK,BW-BBG000BJQWD2,AKAM,0.0006759161
2026-07-02,FFX_XLK,BW-BBG000BK2F42,FIS,0.000920551
2026-07-02,FFX_XLK,BW-BBG000BKFZM4,GLW,0.0085466
2026-07-02,FFX_XLK,BW-BBG000BLNNH6,IBM,0.011534832
2026-07-02,FFX_XLK,BW-BBG000BLRP41,OLED,0.00015070345
2026-07-02,FFX_XLK,BW-BBG000BLW102,COHR,0.003039404
2026-07-02,FFX_XLK,BW-BBG000BM2FL9,ET,0.0025132652
2026-07-02,FFX_XLK,BW-BBG000BM7HL0,ADSK,0.0017891651
2026-07-02,FFX_XLK,BW-BBG000BMC8K5,DAKT,4.2552776e-05
2026-07-02,FFX_XLK,BW-BBG000BMH2Q7,JKHY,0.00044373047
2026-07-02,FFX_XLK,BW-BBG000BMNBY1,EEFT,0.00011000568
2026-07-02,FFX_XLK,BW-BBG000BMT9T6,TDY,0.0013093769
2026-07-02,FFX_XLK,BW-BBG000BMTFR4,KLAC,0.0014737344
2026-07-02,FFX_XLK,BW-BBG000BMTX31,KLIC,0.0002974483
2026-07-02,FFX_XLK,BW-BBG000BMXK89,VYX,4.9833467e-05
2026-07-02,FFX_XLK,BW-BBG000BMZXV3,KTCC,1.7842773e-06
2026-07-02,FFX_XLK,BW-BBG000BN2DC2,CRM,0.004425079
2026-07-02,FFX_XLK,BW-BBG000BN3P07,CEVA,3.2527783e-05
2026-07-02,FFX_XLK,BW-BBG000BNFLM9,LRCX,0.017009748
2026-07-02,FFX_XLK,BW-BBG000BNPS52,TRMB,0.0005170118
2026-07-02,FFX_XLK,BW-BBG000BNY197,MEI,2.7886565e-05
2026-07-02,FFX_XLK,BW-BBG000BP1152,CIEN,0.0027388805
2026-07-02,FFX_XLK,BW-BBG000BP25X1,VHC,1.9067905e-06
2026-07-02,FFX_XLK,BW-BBG000BP3D45,MITK,3.6364658e-05
2026-07-02,FFX_XLK,BW-BBG000BP5YT0,FLEX,0.0023755485
2026-07-02,FFX_XLK,BW-BBG000BP7JB0,VIAV,0.00045985446
2026-07-02,FFX_XLK,BW-BBG000BP8Z50,MSI,0.0026069537
2026-07-02,FFX_XLK,BW-BBG000BPBVW5,CGNX,0.00050039875
2026-07-02,FFX_XLK,BW-BBG000BPH459,MSFT,0.1210992
2026-07-02,FFX_XLK,BW-BBG000BPRN29,ONTO,0.0007427116
2026-07-02,FFX_XLK,BW-BBG000BQLTW7,ORCL,0.009402679
2026-07-02,FFX_XLK,BW-BBG000BQNBN4,LOGI,0.00056837173
2026-07-02,FFX_XLK,BW-BBG000BQSKV0,PXLW,1.5956008e-06
2026-07-02,FFX_XLK,BW-BBG000BQSQ38,PAYX,0.0014115071
2026-07-02,FFX_XLK,BW-BBG000BQV1S2,SYNA,0.00012449245
2026-07-02,FFX_XLK,BW-BBG000BR32C6,RMBS,0.00043354966
2026-07-02,FFX_XLK,BW-BBG000BR52Q9,PAYS,1.4507141e-05
2026-07-02,FFX_XLK,BW-BBG000BR74W6,AGYS,0.0001038172
2026-07-02,FFX_XLK,BW-BBG000BR9JS6,PLAB,6.0297203e-05
2026-07-02,FFX_XLK,BW-BBG000BRBX66,PLXS,0.00032744286
2026-07-02,FFX_XLK,BW-BBG000BRP9K8,PAR,3.2199387e-05
2026-07-02,FFX_XLK,BW-BBG000BS1WR4,RELL,1.6603417e-05
2026-07-02,FFX_XLK,BW-BBG000BS9HN3,ROG,0.000117049734
2026-07-02,FFX_XLK,BW-BBG000BSFRF3,SNPS,0.0031182806
2026-07-02,FFX_XLK,BW-BBG000BTC2J5,SOTK,3.7957218e-06
2026-07-02,FFX_XLK,BW-BBG000BTT3D1,POWI,0.00013929246
2026-07-02,FFX_XLK,BW-BBG000BTXZ45,HLIT,4.4158365e-05
2026-07-02,FFX_XLK,BW-BBG000BV4DR6,TER,0.0025099625
2026-07-02,FFX_XLK,BW-BBG000BVMG26,MKSI,0.0011864464
2026-07-02,FFX_XLK,BW-BBG000BVV7G1,TXN,0.011620249
2026-07-02,FFX_XLK,BW-BBG000BVWZF9,TYL,0.0005574264
2026-07-02,FFX_XLK,BW-BBG000BVZP59,WEX,0.00021120714
2026-07-02,FFX_XLK,BW-BBG000BW0R88,UIS,1.0731928e-05
2026-07-02,FFX_XLK,BW-BBG000BW4GK4,LTRX,8.5634565e-06
2026-07-02,FFX_XLK,BW-BBG000BWKB81,VSH,0.00027489648
2026-07-02,FFX_XLK,BW-BBG000BWM083,AEHR,0.00010660981
2026-07-02,FFX_XLK,BW-BBG000BWNFZ9,WDC,0.0051599313
2026-07-02,FFX_XLK,BW-BBG000BWPR54,OSIS,0.00014490055
2026-07-02,FFX_XLK,BW-BBG000BX74M4,CNXN,3.4973036e-05
2026-07-02,FFX_XLK,BW-BBG000BYQ0B1,TTMI,0.0007517189
2026-07-02,FFX_XLK,BW-BBG000BZ50L0,DGII,0.00011769116
2026-07-02,FFX_XLK,BW-BBG000C03573,EGAN,5.5755672e-06
2026-07-02,FFX_XLK,BW-BBG000C0G1D1,INTC,0.02736363
2026-07-02,FFX_XLK,BW-BBG000C0ZCX4,IMMR,8.06392e-06
2026-07-02,FFX_XLK,BW-BBG000C136Z8,NTCT,0.0001274483
2026-07-02,FFX_XLK,BW-BBG000C13CD9,CDNS,0.0044682696
2026-07-02,FFX_XLK,BW-BBG000C1DHF5,CRUS,0.00024544125
2026-07-02,FFX_XLK,BW-BBG000C1TMY6,KVHI,5.9072127e-06
2026-07-02,FFX_XLK,BW-BBG000C23PB0,LDOS,0.00054589286
2026-07-02,FFX_XLK,BW-BBG000C2D1C1,LSCC,0.0004262102
2026-07-02,FFX_XLK,BW-BBG000C2J6S7,RFIL,7.970911e-06
2026-07-02,FFX_XLK,BW-BBG000C2SBZ8,KOPN,3.278513e-05
2026-07-02,FFX_XLK,BW-BBG000C2VBB0,PTC,0.0005908862
2026-07-02,FFX_XLK,BW-BBG000C30L48,MPWR,0.0019793357
2026-07-02,FFX_XLK,BW-BBG000C3J3C9,CSCO,0.019772321
2026-07-02,FFX_XLK,BW-BBG000C3P831,CODA,2.2996164e-06
2026-07-02,FFX_XLK,BW-BBG000C3Q7K3,IDN,2.2999504e-06
2026-07-02,FFX_XLK,BW-BBG000C3TKY6,PSN,0.00012646332
2026-07-02,FFX_XLK,BW-BBG000C3VHF1,VICR,0.000104899045
2026-07-02,FFX_XLK,BW-BBG000C4GBR6,NTGR,2.6393276e-05
2026-07-02,FFX_XLK,BW-BBG000C4JX31,BHE,0.00014603253
2026-07-02,FFX_XLK,BW-BBG000C4LN67,GRMN,0.0016754961
2026-07-02,FFX_XLK,BW-BBG000C4QP94,PRGS,6.824572e-05
2026-07-02,FFX_XLK,BW-BBG000C4S3P3,ESE,0.00028352614
2026-07-02,FFX_XLK,BW-BBG000C5Z1S3,MU,0.04187822
2026-07-02,FFX_XLK,BW-BBG000CC7LQ7,ZBRA,0.0005392891
2026-07-02,FFX_XLK,BW-BBG000CGC1X8,QCOM,0.008213239
2026-07-02,FFX_XLK,BW-BBG000CL9JV4,SNX,0.00076956576
2026-07-02,FFX_XLK,BW-BBG000CMY866,ACFN,2.9413555e-05
2026-07-02,FFX_XLK,BW-BBG000CTV4N4,ENTG,0.0007353488
2026-07-02,FFX_XLK,BW-BBG000CXYSZ6,FFIV,0.0010240092
2026-07-02,FFX_XLK,BW-BBG000CYCKR4,PDFS,8.7713765e-05
2026-07-02,FFX_XLK,BW-BBG000D0BQK2,GSIT,1.0255393e-05
2026-07-02,FFX_XLK,BW-BBG000D1LXG9,NTWK,2.0875152e-06
2026-07-02,FFX_XLK,BW-BBG000D1Y3P1,FORM,0.00020119506
2026-07-02,FFX_XLK,BW-BBG000D5J0L9,SONM,1.697563e-07
2026-07-02,FFX_XLK,BW-BBG000D64596,DUOT,8.942615e-06
2026-07-02,FFX_XLK,BW-BBG000D6VW15,AAOI,0.0002944548
2026-07-02,FFX_XLK,BW-BBG000D9D830,ACN,0.0034777073
2026-07-02,FFX_XLK,BW-BBG000DBKR53,SMTC,0.00051098625
2026-07-02,FFX_XLK,BW-BBG000DCGRL8,IPGP,0.00012779601
2026-07-02,FFX_XLK,BW-BBG000DFX8S7,TRAK,4.6897976e-06
2026-07-02,FFX_XLK,BW-BBG000DKMJ86,COHU,0.00013602887
2026-07-02,FFX_XLK,BW-BBG000DV7MX4,ON,0.0015711061
2026-07-02,FFX_XLK,BW-BBG000DVVTH0,CVV,1.672623e-06
2026-07-02,FFX_XLK,BW-BBG000DW34S2,ACLS,0.00022882411
2026-07-02,FFX_XLK,BW-BBG000DW76Y6,FICO,0.0009644136
2026-07-02,FFX_XLK,BW-BBG000DY3K39,NSIT,0.00013657493
2026-07-02,FFX_XLK,BW-BBG000DYGCS6,BELFB,2.8663548e-05
2026-07-02,FFX_XLK,BW-BBG000F1ZSN5,ROP,0.001541306
2026-07-02,FFX_XLK,BW-BBG000F7XWR1,CLRO,1.8911335e-07
2026-07-02,FFX_XLK,BW-BBG000FP1N32,NTAP,0.00096359453
2026-07-02,FFX_XLK,BW-BBG000G25P51,DIOD,0.00020309165
2026-07-02,FFX_XLK,BW-BBG000G9F1Z5,DMRC,6.9025036e-06
2026-07-02,FFX_XLK,BW-BBG000GPDT80,CXDO,6.276012e-06
2026-07-02,FFX_XLK,BW-BBG000GPXKX9,CPAY,0.0009349736
2026-07-02,FFX_XLK,BW-BBG000GQ7BH4,QMCO,1.4164549e-06
2026-07-02,FFX_XLK,BW-BBG000GQJPZ0,MSTR,0.0010272602
2026-07-02,FFX_XLK,BW-BBG000GRK2Z7,PI,0.00016933106
2026-07-02,FFX_XLK,BW-BBG000H1RYG7,PEGA,0.00012147035
2026-07-02,FFX_XLK,BW-BBG000HBFQP5,FN,0.00083452364
2026-07-02,FFX_XLK,BW-BBG000HHLBF9,VSAT,0.00048622504
2026-07-02,FFX_XLK,BW-BBG000HLJ7M4,IDCC,0.0003074556
2026-07-02,FFX_XLK,BW-BBG000HN7W02,PLUS,9.0875685e-05
2026-07-02,FFX_XLK,BW-BBG000HSLV70,UCTT,0.00024754304
2026-07-02,FFX_XLK,BW-BBG000HT5G06,QLYS,0.0001554453
2026-07-02,FFX_XLK,BW-BBG000HZ3562,APPS,6.712346e-05
2026-07-02,FFX_XLK,BW-BBG000J094P3,RNG,0.00012931632
2026-07-02,FFX_XLK,BW-BBG000J187K0,EVTC,7.627214e-05
2026-07-02,FFX_XLK,BW-BBG000JB24Q5,NOVT,0.00020594471
2026-07-02,FFX_XLK,BW-BBG000JG0547,ADP,0.004037963
2026-07-02,FFX_XLK,BW-BBG000JT96H4,ASUR,9.430791e-06
2026-07-02,FFX_XLK,BW-BBG000K712R6,OTEX,0.00023043224
2026-07-02,FFX_XLK,BW-BBG000KHWT55,HPQ,0.00089091243
2026-07-02,FFX_XLK,BW-BBG000KLB4Q1,SWKS,0.00040446973
2026-07-02,FFX_XLK,BW-BBG000KQY8Y7,CACI,0.00044058377
2026-07-02,FFX_XLK,BW-BBG000LJQ3H1,MTSI,0.0009630151
2026-07-02,FFX_XLK,BW-BBG000M1R011,NOW,0.0038438316
2026-07-02,FFX_XLK,BW-BBG000M6G940,LPTH,4.0994935e-05
2026-07-02,FFX_XLK,BW-BBG000MHTV89,EPAM,0.00018434298
2026-07-02,FFX_XLK,BW-BBG000MYZDJ3,SMCI,0.0006205573
2026-07-02,FFX_XLK,BW-BBG000N22GR2,NVEC,1.5110106e-05
2026-07-02,FFX_XLK,BW-BBG000N2HDY5,ANET,0.0073910994
2026-07-02,FFX_XLK,BW-BBG000N7KJX8,DOCU,0.0003765057
2026-07-02,FFX_XLK,BW-BBG000N7MXY4,MRAM,2.1328044e-05
2026-07-02,FFX_XLK,BW-BBG000N7MZ06,HUBS,0.00040671893
2026-07-02,FFX_XLK,BW-BBG000NS3P30,EXLS,0.0001699431
2026-07-02,FFX_XLK,BW-BBG000PM18B2,OCC,4.7788585e-06
2026-07-02,FFX_XLK,BW-BBG000PMBV39,ACIW,0.00015640684
2026-07-02,FFX_XLK,BW-BBG000PMSK08,BOX,0.00015770839
2026-07-02,FFX_XLK,BW-BBG000PPFKQ7,BR,0.0006957721
2026-07-02,FFX_XLK,BW-BBG000PRQ0V9,VPG,7.5785596e-05
2026-07-02,FFX_XLK,BW-BBG000PT5SS1,ASTI,1.88293e-06
2026-07-02,FFX_XLK,BW-BBG000PXJB68,CALX,6.386519e-05
2026-07-02,FFX_XLK,BW-BBG000PZGB75,SPSC,9.23691e-05
2026-07-02,FFX_XLK,BW-BBG000Q1PX08,SSTI,3.879837e-06
2026-07-02,FFX_XLK,BW-BBG000Q4XNV1,BDC,0.00011875255
2026-07-02,FFX_XLK,BW-BBG000Q9Y1B9,DHX,6.055821e-06
2026-07-02,FFX_XLK,BW-BBG000QLW222,AOSL,4.696651e-05
2026-07-02,FFX_XLK,BW-BBG000R0L5J4,TDC,0.00013636152
2026-07-02,FFX_XLK,BW-BBG000RGM5P1,TEL,0.0025219335
2026-07-02,FFX_XLK,BW-BBG000RJ2J04,SSNC,0.00056600827
2026-07-02,FFX_XLK,BW-BBG000RQBFV2,G,0.0002037416
2026-07-02,FFX_XLK,BW-BBG000T5QV18,MX,6.724121e-06
2026-07-02,FFX_XLK,BW-BBG000V9M448,DTST,1.8231347e-07
2026-07-02,FFX_XLK,BW-BBG000VC0T95,WDAY,0.0011754745
2026-07-02,FFX_XLK,BW-BBG0014GJCT9,PANW,0.01215628
2026-07-02,FFX_XLK,BW-BBG0018DT0K6,KE,2.595906e-05
2026-07-02,FFX_XLK,BW-BBG0018SLC07,XYZ,0.0019307733
2026-07-02,FFX_XLK,BW-BBG0018SLDN0,DBX,0.00012124487
2026-07-02,FFX_XLK,BW-BBG001C7PM75,GWRE,0.00034537195
2026-07-02,FFX_XLK,BW-BBG001C7PMJ2,APPN,6.3287036e-05
2026-07-02,FFX_XLK,BW-BBG001JZPSQ2,SONO,4.3631342e-05
2026-07-02,FFX_XLK,BW-BBG001K003W2,BAND,7.938569e-05
2026-07-02,FFX_XLK,BW-BBG001K1CT23,SPT,1.8317955e-05
2026-07-02,FFX_XLK,BW-BBG001KHJM17,FIVN,4.379009e-05
2026-07-02,FFX_XLK,BW-BBG001MKZGY7,YEXT,1.4940303e-05
2026-07-02,FFX_XLK,BW-BBG001NDW1Z7,NTNX,0.00053849723
2026-07-02,FFX_XLK,BW-BBG001P63B80,CDW,0.0007551995
2026-07-02,FFX_XLK,BW-BBG001QZCPJ2,AMBA,0.00013042499
2026-07-02,FFX_XLK,BW-BBG001R72SR9,UI,9.697963e-05
2026-07-02,FFX_XLK,BW-BBG001WMKHH5,NET,0.0019589185
2026-07-02,FFX_XLK,BW-BBG001Y04TN6,VRNS,0.00020019624
2026-07-02,FFX_XLK,BW-BBG001YV1SM4,OKTA,0.00097021344
2026-07-02,FFX_XLK,BW-BBG0020BCPX5,LASR,0.00015875968
2026-07-02,FFX_XLK,BW-BBG00212PVZ5,PSTG,0.0010155082
2026-07-02,FFX_XLK,BW-BBG0022FDRY8,MDB,0.0012191546
2026-07-02,FFX_XLK,BW-BBG0026ZDGG4,AIRG,3.4682607e-06
2026-07-02,FFX_XLK,BW-BBG0026ZJ304,PCOR,0.00021924388
2026-07-02,FFX_XLK,BW-BBG00283BTK2,CLIR,8.986379e-07
2026-07-02,FFX_XLK,BW-BBG0029KJVB0,BL,6.8669164e-05
2026-07-02,FFX_XLK,BW-BBG0029ZX840,TWLO,0.0012827484
2026-07-02,FFX_XLK,BW-BBG002B04MT8,UBER,0.0060998816
2026-07-02,FFX_XLK,BW-BBG002ZQLQB6,AEYE,3.0072224e-06
2026-07-02,FFX_XLK,BW-BBG003338H34,ZS,0.00058496767
2026-07-02,FFX_XLK,BW-BBG003BW05K6,SAIC,0.00018766994
2026-07-02,FFX_XLK,BW-BBG003NJHZT9,DDOG,0.0035774487
2026-07-02,FFX_XLK,BW-BBG0042V6JM8,ZM,0.0009833161
2026-07-02,FFX_XLK,BW-BBG004M8M6J1,KN,0.0001443346
2026-07-02,FFX_XLK,BW-BBG004M9ZHX5,LYFT,0.00022824033
2026-07-02,FFX_XLK,BW-BBG004NLQHL0,FSLY,0.000120962424
2026-07-02,FFX_XLK,BW-BBG0056JW5G6,U,0.0005058731
2026-07-02,FFX_XLK,BW-BBG0059FN811,KEYS,0.0016623754
2026-07-02,FFX_XLK,BW-BBG005KC3JR5,UPLD,5.142402e-06
2026-07-02,FFX_XLK,BW-BBG005ZVK9P2,QTWO,0.00013469905
2026-07-02,FFX_XLK,BW-BBG0060K22C1,ATEN,0.00011592822
2026-07-02,FFX_XLK,BW-BBG0064N0ZZ5,PAYC,0.0002458641
2026-07-02,FFX_XLK,BW-BBG006598YS8,PCTY,0.0002069275
2026-07-02,FFX_XLK,BW-BBG006MDLY05,GDDY,0.00047989347
2026-07-02,FFX_XLK,BW-BBG0073F9RT7,LITE,0.0011511259
2026-07-02,FFX_XLK,BW-BBG0078W3NQ3,HPE,0.002480373
2026-07-02,FFX_XLK,BW-BBG007BVZ8H9,WK,0.000111304355
2026-07-02,FFX_XLK,BW-BBG007DHGNJ4,SNOW,0.0038233502
2026-07-02,FFX_XLK,BW-BBG007G8KFW8,BOXL,8.255146e-07
2026-07-02,FFX_XLK,BW-BBG007GNPYY7,ALRM,6.792444e-05
2026-07-02,FFX_XLK,BW-BBG007TJF1N7,QRVO,0.0003119389
2026-07-02,FFX_XLK,BW-BBG008GC8CP6,APPF,0.00024751382
2026-07-02,FFX_XLK,BW-BBG008W23T50,RMNI,1.0848677e-05
2026-07-02,FFX_XLK,BW-BBG009DFHWG6,RPD,2.5477919e-05
2026-07-02,FFX_XLK,BW-BBG009NRSWJ4,Z,0.00028588175
2026-07-02,FFX_XLK,BW-BBG009Q3VCT3,PMTS,5.684241e-06
2026-07-02,FFX_XLK,BW-BBG009R0CT58,DFIN,4.4232896e-05
2026-07-02,FFX_XLK,BW-BBG00B6F2F09,S,0.00021730685
2026-07-02,FFX_XLK,BW-BBG00BLVZ228,FTV,0.00060592446
2026-07-02,FFX_XLK,BW-BBG00BLYKS03,CRWD,0.008117227
2026-07-02,FFX_XLK,BW-BBG00D88BWP5,ATOM,1.3339266e-05
2026-07-02,FFX_XLK,BW-BBG00DW3SZS1,DELL,0.0051913434
2026-07-02,FFX_XLK,BW-BBG00F9VSCH3,ICHR,0.0001647284
2026-07-02,FFX_XLK,BW-BBG00FN64XT9,DXC,6.5598804e-05
2026-07-02,FFX_XLK,BW-BBG00G4XQ9Z1,VRRM,2.7291993e-05
2026-07-02,FFX_XLK,BW-BBG00G6D5MS5,IMXI,1.1577726e-05
2026-07-02,FFX_XLK,BW-BBG00H5S8391,ALGM,0.00033864292
2026-07-02,FFX_XLK,BW-BBG00HMSHL83,CRSR,1.9105017e-05
2026-07-02,FFX_XLK,BW-BBG00HNGGZ88,RDVT,3.6282865e-05
2026-07-02,FFX_XLK,BW-BBG00HPSG933,ACMR,0.0002611328
2026-07-02,FFX_XLK,BW-BBG00JPGYW43,ST,0.00028301642
2026-07-02,FFX_XLK,BW-BBG00KHY5S69,AVGO,0.072027266
2026-07-02,FFX_XLK,BW-BBG00L1LT6D6,BV,3.6453665e-05
2026-07-02,FFX_XLK,BW-BBG00L2NS0B7,DOMO,5.262669e-06
2026-07-02,FFX_XLK,BW-BBG00L32N3N8,IIIV,2.552687e-05
2026-07-02,FFX_XLK,BW-BBG00LBLCD02,TENB,0.00017924324
2026-07-02,FFX_XLK,BW-BBG00LFVTBM8,RPAY,1.14184695e-05
2026-07-02,FFX_XLK,BW-BBG00LWZDYB9,ESTC,0.00026032783
2026-07-02,FFX_XLK,BW-BBG00MDLZN92,GDYN,1.48259005e-05
2026-07-02,FFX_XLK,BW-BBG00MMDJG84,CRNC,2.2336639e-05
2026-07-02,FFX_XLK,BW-BBG00PNN7C40,DT,0.000572763
2026-07-02,FFX_XLK,BW-BBG00QNSY1H7,SITM,0.00074549427
2026-07-02,FFX_XLK,BW-BBG00QPZDFX3,KPLT,9.679021e-07
2026-07-02,FFX_XLK,BW-BBG00QVJV6V4,BILL,0.00015721818
2026-07-02,FFX_XLK,BW-BBG00RCNQMX3,CNXC,5.274704e-05
2026-07-02,FFX_XLK,BW-BBG00RRGSJR4,VNT,0.00016996618
2026-07-02,FFX_XLK,BW-BBG00TX393L4,FOUR,0.00012109463
2026-07-02,FFX_XLK,BW-BBG00X0V8H84,MOVE,3.2796393e-07
2026-07-02,FFX_XLK,BW-BBG00XJFB215,CRCT,9.315503e-06
2026-07-02,FFX_XLK,BW-BBG00Y6G6X31,AI,3.094701e-05
2026-07-02,FFX_XLK,BW-BBG00YJKWXD8,NABL,1.2369312e-05
2026-07-02,FFX_XLK,BW-BBG00ZXBJ153,MRVL,0.010099622
2026-07-02,FFX_XLK,BW-BBG0105XBRH0,CCSI,2.8830982e-05
2026-07-02,FFX_XLK,BW-BBG0113JGQF0,STX,0.008770518
2026-07-02,FFX_XLK,BW-BBG01184HK06,WAVE,1.7070877e-05
2026-07-02,FFX_XLK,BW-BBG0169CH7X9,ADTN,4.653807e-05
2026-07-02,FFX_XLK,BW-BBG019FGSSM1,XPER,1.7711825e-05
2026-07-02,FFX_XLK,BW-US4202011056#1,HAWK,4.89235e-06
2026-07-02,FFX_XLK,BW-US71531U1025,PS,0.00020833443
2026-07-02,FFX_XLC,BW-BBG000BBR9P6,FLWS,1.3375224e-05
2026-07-02,FFX_XLC,BW-BBG000BCMWM1,MTN,0.0007416948
2026-07-02,FFX_XLC,BW-BBG000BFT2L4,CMCSA,0.013209437
2026-07-02,FFX_XLC,BW-BBG000BGLRN3,LUMN,0.0010617921
2026-07-02,FFX_XLC,BW-BBG000BGXMG9,CHDN,0.0008379223
2026-07-02,FFX_XLC,BW-BBG000BH4R78,DIS,0.023172943
2026-07-02,FFX_XLC,BW-BBG000BH65V7,TTGT,1.7229202e-05
2026-07-02,FFX_XLC,BW-BBG000BHX9P6,BYD,0.00065017346
2026-07-02,FFX_XLC,BW-BBG000BJ0932,MCRI,0.0002781366
2026-07-02,FFX_XLC,BW-BBG000BN4PM2,LEE,7.1219033e-06
2026-07-02,FFX_XLC,BW-BBG000BP0KQ8,EA,0.007553725
2026-07-02,FFX_XLC,BW-BBG000BS1YV5,TTWO,0.006747897
2026-07-02,FFX_XLC,BW-BBG000BS9489,OMC,0.0031267537
2026-07-02,FFX_XLC,BW-BBG000BSDM66,SCHL,0.00012868186
2026-07-02,FFX_XLC,BW-BBG000BSJK37,T,0.02154999
2026-07-02,FFX_XLC,BW-BBG000BT0093,SIRI,0.001408252
2026-07-02,FFX_XLC,BW-BBG000BTC2N0,SHEN,9.510593e-05
2026-07-02,FFX_XLC,BW-BBG000BTNV54,EVC,0.00014205056
2026-07-02,FFX_XLC,BW-BBG000BV0VK7,TDS,0.00053774705
2026-07-02,FFX_XLC,BW-BBG000BXWBN9,LBTYK,0.00043270993
2026-07-02,FFX_XLC,BW-BBG000C2BXK4,MGM,0.0010786525
2026-07-02,FFX_XLC,BW-BBG000C2WTG5,UONE,9.397326e-06
2026-07-02,FFX_XLC,BW-BBG000C78J55,SSP,3.835754e-05
2026-07-02,FFX_XLC,BW-BBG000CB07H7,BBGI,2.560268e-06
2026-07-02,FFX_XLC,BW-BBG000CDZLV8,PENN,0.0003972901
2026-07-02,FFX_XLC,BW-BBG000CL9VN6,NFLX,0.045706537
2026-07-02,FFX_XLC,BW-BBG000D0SMY8,CCOI,9.7303324e-05
2026-07-02,FFX_XLC,BW-BBG000D6HL06,MCS,5.9518996e-05
2026-07-02,FFX_XLC,BW-BBG000DPSVR1,WLYB,0.00028865316
2026-07-02,FFX_XLC,BW-BBG000DSQLQ0,GTN,5.127579e-05
2026-07-02,FFX_XLC,BW-BBG000DZJVH0,NXST,0.0007517512
2026-07-02,FFX_XLC,BW-BBG000F02T51,CABO,3.3261615e-05
2026-07-02,FFX_XLC,BW-BBG000F2XXP2,SBGI,9.8613826e-05
2026-07-02,FFX_XLC,BW-BBG000F3CWW7,ZD,0.00019754969
2026-07-02,FFX_XLC,BW-BBG000F7RHK8,TZOO,1.1530536e-05
2026-07-02,FFX_XLC,BW-BBG000F8RCH1,ATNI,5.5889497e-05
2026-07-02,FFX_XLC,BW-BBG000F9R281,SGA,5.7737357e-06
2026-07-02,FFX_XLC,BW-BBG000FFC0B3,NYT,0.0016722707
2026-07-02,FFX_XLC,BW-BBG000FQ7YR4,LYV,0.0043325075
2026-07-02,FFX_XLC,BW-BBG000H01H92,AMCX,3.7243968e-05
2026-07-02,FFX_XLC,BW-BBG000H0QBS7,LBTYA,0.00046245768
2026-07-02,FFX_XLC,BW-BBG000H8CBV1,SCOR,1.3131074e-05
2026-07-02,FFX_XLC,BW-BBG000HGTH33,CARS,9.121488e-05
2026-07-02,FFX_XLC,BW-BBG000HS77T5,VZ,0.025787529
2026-07-02,FFX_XLC,BW-BBG000JWD753,LVS,0.0019098516
2026-07-02,FFX_XLC,BW-BBG000K008L5,GSAT,0.00055365247
2026-07-02,FFX_XLC,BW-BBG000K8KKL9,IMAX,0.00026016406
2026-07-02,FFX_XLC,BW-BBG000KP54G0,CREX,5.130069e-06
2026-07-02,FFX_XLC,BW-BBG000L69KL5,TCX,1.3719147e-05
2026-07-02,FFX_XLC,BW-BBG000LD9JQ8,WYNN,0.0014288514
2026-07-02,FFX_XLC,BW-BBG000MM2P62,META,0.19614285
2026-07-02,FFX_XLC,BW-BBG000N26V95,PRTS,7.0397386e-05
2026-07-02,FFX_XLC,BW-BBG000N4KB80,SPOK,3.150467e-05
2026-07-02,FFX_XLC,BW-BBG000NDV1D4,TMUS,0.0114668915
2026-07-02,FFX_XLC,BW-BBG000NRVQJ2,IDT,0.00015763303
2026-07-02,FFX_XLC,BW-BBG000Q2HM09,YELP,0.0001385184
2026-07-02,FFX_XLC,BW-BBG000Q5VCD4,NCMI,3.5905035e-05
2026-07-02,FFX_XLC,BW-BBG000QDVR53,CNK,0.00042001318
2026-07-02,FFX_XLC,BW-BBG000QRKJ70,GRPN,6.808079e-05
2026-07-02,FFX_XLC,BW-BBG000QX48M2,AVNW,4.22626e-05
2026-07-02,FFX_XLC,BW-BBG000S9XXB8,QNST,0.00012484181
2026-07-02,FFX_XLC,BW-BBG000TWSVB6,FLNT,4.795092e-06
2026-07-02,FFX_XLC,BW-BBG000VC0FC1,IRDM,0.0007018384
2026-07-02,FFX_XLC,BW-BBG000VPGNR2,CHTR,0.0016809608
2026-07-02,FFX_XLC,BW-BBG0018XMPL3,IZEA,7.058405e-06
2026-07-02,FFX_XLC,BW-BBG001J2R5H3,VAC,0.00044048973
2026-07-02,FFX_XLC,BW-BBG001PKMK06,PUBM,7.377621e-05
2026-07-02,FFX_XLC,BW-BBG001QB7V26,OOMA,6.319785e-05
2026-07-02,FFX_XLC,BW-BBG001WWJTK5,PLAY,5.895929e-05
2026-07-02,FFX_XLC,BW-BBG001ZZPQJ6,ROKU,0.0022534963
2026-07-02,FFX_XLC,BW-BBG00225ZDD0,CDLX,3.5607078e-05
2026-07-02,FFX_XLC,BW-BBG002583CV8,PINS,0.0013635965
2026-07-02,FFX_XLC,BW-BBG002CN8XN5,GOGO,4.0726198e-05
2026-07-02,FFX_XLC,BW-BBG002VH4NJ8,TSQ,1.4621753e-05
2026-07-02,FFX_XLC,BW-BBG002ZCK2V9,SSTK,3.5489364e-05
2026-07-02,FFX_XLC,BW-BBG0035LY913,NWSA,0.0021852157
2026-07-02,FFX_XLC,BW-BBG00441QMJ7,SNAP,0.0009375539
2026-07-02,FFX_XLC,BW-BBG005P337D1,LE,2.0163736e-05
2026-07-02,FFX_XLC,BW-BBG00629NGT2,TTD,0.0011890988
2026-07-02,FFX_XLC,BW-BBG006GNSZW5,LBRDK,0.0006078091
2026-07-02,FFX_XLC,BW-BBG006HFPX77,APP,0.024217825
2026-07-02,FFX_XLC,BW-BBG0074Q3NK6,CZR,0.0008599634
2026-07-02,FFX_XLC,BW-BBG0081NLHR0,ATEX,0.00017966327
2026-07-02,FFX_XLC,BW-BBG009S3NB30,GOOG,0.56211305
2026-07-02,FFX_XLC,BW-BBG00B6G8077,RRR,0.0027560443
2026-07-02,FFX_XLC,BW-BBG00BFHD5R6,BATRK,0.00017046992
2026-07-02,FFX_XLC,BW-BBG00BFHDFR4,FWONK,0.0039283005
2026-07-02,FFX_XLC,BW-BBG00CBYY6M1,HGV,0.0005677399
2026-07-02,FFX_XLC,BW-BBG00DWX7QH0,INSG,1.5478905e-05
2026-07-02,FFX_XLC,BW-BBG00F17NDH7,EVER,9.850559e-05
2026-07-02,FFX_XLC,BW-BBG00FBJ6390,UPWK,0.00015089956
2026-07-02,FFX_XLC,BW-BBG00FWL3J63,THRY,2.5334504e-05
2026-07-02,FFX_XLC,BW-BBG00GCTWVH5,EEX,9.24264e-06
2026-07-02,FFX_XLC,BW-BBG00HVKH3Q0,ANGI,3.638158e-05
2026-07-02,FFX_XLC,BW-BBG00JHNJW99,FOXA,0.0035117369
2026-07-02,FFX_XLC,BW-BBG00JKWHZ81,LILAK,0.00016801537
2026-07-02,FFX_XLC,BW-BBG00P2FSNZ9,IHRT,5.3362604e-05
2026-07-02,FFX_XLC,BW-BBG00PPWZ8C7,ADV,2.5719148e-05
2026-07-02,FFX_XLC,BW-BBG00RP2T9T6,WMG,0.0005863835
2026-07-02,FFX_XLC,BW-BBG00VT0KNC3,MTCH,0.0012728253
2026-07-02,FFX_XLC,BW-BBG00YCLJQP0,RSVR,3.1186675e-05
2026-07-02,FFX_XLC,BW-BBG00Z6RF483,BMBL,3.4566718e-05
2026-07-02,FFX_XLC,BW-BBG00ZNRRJM2,DV,0.00021587244
2026-07-02,FFX_XLC,BW-BBG00ZV0HVZ2,STGW,8.685864e-05
2026-07-02,FFX_XLC,BW-BBG010JBYV98,ZIP,2.828261e-05
2026-07-02,FFX_XLC,BW-BBG011386VF4,WBD,0.009768902
2026-07-02,FFX_XLC,BW-BBG011744HH0,DJT,0.00021839907
2026-07-02,FFX_XLC,BW-BBG019980TD4,MSGE,0.00045065788
2026-07-02,FFX_XLC,BW-BBG01G9JKWV5,TKO,0.0008404845
2026-07-02,FFX_XLU,BW-BBG000B9X8C0,AEE,0.021026097
2026-07-02,FFX_XLU,BW-BBG000BB29X4,DTE,0.02107261
2026-07-02,FFX_XLU,BW-BBG000BB6M98,FE,0.018419484
2026-07-02,FFX_XLU,BW-BBG000BB9KF2,AEP,0.0497919
2026-07-02,FFX_XLU,BW-BBG000BCNF74,AVA,0.0022700997
2026-07-02,FFX_XLU,BW-BBG000BCRMW7,POR,0.0040243263
2026-07-02,FFX_XLU,BW-BBG000BCTQ65,XEL,0.033708353
2026-07-02,FFX_XLU,BW-BBG000BD9ZM7,BKH,0.0037945628
2026-07-02,FFX_XLU,BW-BBG000BFL116,FSLR,0.016847447
2026-07-02,FFX_XLU,BW-BBG000BFVXX0,CMS,0.015831608
2026-07-02,FFX_XLU,BW-BBG000BG1811,ARTNA,0.00021011318
2026-07-02,FFX_XLU,BW-BBG000BGVW60,D,0.04036749
2026-07-02,FFX_XLU,BW-BBG000BHGDH5,DUK,0.06630374
2026-07-02,FFX_XLU,BW-BBG000BHLYS1,ED,0.027632734
2026-07-02,FFX_XLU,BW-BBG000BJ7NF1,SPH,0.0007822149
2026-07-02,FFX_XLU,BW-BBG000BJSBJ0,NEE,0.1219638
2026-07-02,FFX_XLU,BW-BBG000BL0P40,HE,0.0015687024
2026-07-02,FFX_XLU,BW-BBG000BLDVM3,PCYO,0.00012867941
2026-07-02,FFX_XLU,BW-BBG000BLR3Y7,IDA,0.005555974
2026-07-02,FFX_XLU,BW-BBG000BMCQY0,RGCO,0.0001373258
2026-07-02,FFX_XLU,BW-BBG000BN6KG8,SR,0.0030267446
2026-07-02,FFX_XLU,BW-BBG000BNX3R4,MDU,0.0029230844
2026-07-02,FFX_XLU,BW-BBG000BPGQ60,MSEX,0.00069730583
2026-07-02,FFX_XLU,BW-BBG000BPZBB6,NI,0.01520956
2026-07-02,FFX_XLU,BW-BBG000BPZVW9,NJR,0.003828287
2026-07-02,FFX_XLU,BW-BBG000BQ87N0,ES,0.01839404
2026-07-02,FFX_XLU,BW-BBG000BQGLS5,OGE,0.006751562
2026-07-02,FFX_XLU,BW-BBG000BQWPC5,PCG,0.024726663
2026-07-02,FFX_XLU,BW-BBG000BQZMH4,PEG,0.026989825
2026-07-02,FFX_XLU,BW-BBG000BRDSX5,PNW,0.008721569
2026-07-02,FFX_XLU,BW-BBG000BRJL00,PPL,0.018154986
2026-07-02,FFX_XLU,BW-BBG000BRNGM2,ATO,0.019472815
2026-07-02,FFX_XLU,BW-BBG000BRZKC1,YORW,0.00033961446
2026-07-02,FFX_XLU,BW-BBG000BT9DW0,SO,0.07264715
2026-07-02,FFX_XLU,BW-BBG000BVYN55,UGI,0.0048780264
2026-07-02,FFX_XLU,BW-BBG000BW7X97,UTL,0.0006283331
2026-07-02,FFX_XLU,BW-BBG000BWP7D9,WEC,0.02562216
2026-07-02,FFX_XLU,BW-BBG000C07VV5,SGU,0.00025308848
2026-07-02,FFX_XLU,BW-BBG000C1FQS9,ETR,0.035007652
2026-07-02,FFX_XLU,BW-BBG000C23KJ3,AES,0.007074503
2026-07-02,FFX_XLU,BW-BBG000C2ZCH8,SRE,0.040450796
2026-07-02,FFX_XLU,BW-BBG000CSMLT2,CDZI,0.0001526009
2026-07-02,FFX_XLU,BW-BBG000D7RKJ5,EIX,0.019112542
2026-07-02,FFX_XLU,BW-BBG000D8KTN6,CWT,0.001161385
2026-07-02,FFX_XLU,BW-BBG000D8RG11,NRG,0.01714365
2026-07-02,FFX_XLU,BW-BBG000DW4Q75,LNT,0.013230909
2026-07-02,FFX_XLU,BW-BBG000F964B6,AWR,0.002192675
2026-07-02,FFX_XLU,BW-BBG000FDBX90,CNP,0.019291952
2026-07-02,FFX_XLU,BW-BBG000FV0NL0,GWRS,6.8208414e-05
2026-07-02,FFX_XLU,BW-BBG000G4GKH3,CPK,0.0019873024
2026-07-02,FFX_XLU,BW-BBG000J6XT05,EXC,0.03206069
2026-07-02,FFX_XLU,BW-BBG000JNWST0,MGEE,0.0020132484
2026-07-02,FFX_XLU,BW-BBG000K8PTB6,CWCO,0.00029818175
2026-07-02,FFX_XLU,BW-BBG000Q1NMJ4,NWE,0.0029777142
2026-07-02,FFX_XLU,BW-BBG000Q5BQ63,ORA,0.004619594
2026-07-02,FFX_XLU,BW-BBG000TRJ294,AWK,0.015287297
2026-07-02,FFX_XLU,BW-BBG001R3MNY9,ENPH,0.0024124123
2026-07-02,FFX_XLU,BW-BBG0021PGB60,GNE,0.00018753207
2026-07-02,FFX_XLU,BW-BBG0025XVR85,RUN,0.0020252056
2026-07-02,FFX_XLU,BW-BBG004WQKD07,OGS,0.0031646602
2026-07-02,FFX_XLU,BW-BBG00835TPZ2,NXT,0.011865635
2026-07-02,FFX_XLU,BW-BBG0084BBZY6,SEDG,0.00015832888
2026-07-02,FFX_XLU,BW-BBG008LJ4TF3,CWEN,0.002009707
2026-07-02,FFX_XLU,BW-BBG00DXDL6Q1,VST,0.03477111
2026-07-02,FFX_XLU,BW-BBG00FWP4JW4,SWX,0.0043406184
2026-07-02,FFX_XLU,BW-BBG00H433CR2,EVRG,0.013149988
2026-07-02,FFX_XLU,BW-BBG00KXKRKY3,NWN,0.0013894842
2026-07-02,FFX_XLU,BW-BBG00Y6DTLC9,SKYH,0.00014180368
2026-07-02,FFX_XLU,BW-BBG0112CBLW3,OKLO,0.0055504655
2026-07-02,FFX_XLRE,BW-BBG000B9XYV2,AMT,0.051352967
2026-07-02,FFX_XLRE,BW-BBG000B9Z0J8,PLD,0.0844916
2026-07-02,FFX_XLRE,BW-BBG000BB0V03,CPT,0.007789581
2026-07-02,FFX_XLRE,BW-BBG000BB1YV2,FOR,0.0003986672
2026-07-02,FFX_XLRE,BW-BBG000BB52X6,MLP,8.906797e-05
2026-07-02,FFX_XLRE,BW-BBG000BB7SX7,ELS,0.008313722
2026-07-02,FFX_XLRE,BW-BBG000BB94N9,GTY,0.0012590182
2026-07-02,FFX_XLRE,BW-BBG000BC2KW8,KRG,0.003756507
2026-07-02,FFX_XLRE,BW-BBG000BC33T9,ARE,0.00613374
2026-07-02,FFX_XLRE,BW-BBG000BC9DK0,ADC,0.003851057
2026-07-02,FFX_XLRE,BW-BBG000BCQM58,WPC,0.010426377
2026-07-02,FFX_XLRE,BW-BBG000BDVP80,RHP,0.0052306834
2026-07-02,FFX_XLRE,BW-BBG000BG7L34,RYN,0.004202615
2026-07-02,FFX_XLRE,BW-BBG000BG8M31,EQR,0.01704958
2026-07-02,FFX_XLRE,BW-BBG000BGBTC2,OHI,0.009524522
2026-07-02,FFX_XLRE,BW-BBG000BGCCC8,LTC,0.0012623011
2026-07-02,FFX_XLRE,BW-BBG000BGLFP7,STAG,0.004862797
2026-07-02,FFX_XLRE,BW-BBG000BHRBT4,EGP,0.007321595
2026-07-02,FFX_XLRE,BW-BBG000BJ2D31,SPG,0.047614258
2026-07-02,FFX_XLRE,BW-BBG000BJ5G95,BFS,0.0003326607
2026-07-02,FFX_XLRE,BW-BBG000BJGD54,AKR,0.0018660562
2026-07-02,FFX_XLRE,BW-BBG000BJVN28,FRT,0.006906463
2026-07-02,FFX_XLRE,BW-BBG000BKY1G5,WELL,0.10770326
2026-07-02,FFX_XLRE,BW-BBG000BL3355,LXP,0.002079298
2026-07-02,FFX_XLRE,BW-BBG000BL46Q4,REG,0.009551487
2026-07-02,FFX_XLRE,BW-BBG000BL8804,HST,0.010369774
2026-07-02,FFX_XLRE,BW-BBG000BL9C59,MAC,0.0043989704
2026-07-02,FFX_XLRE,BW-BBG000BLJWF3,SUI,0.009643238
2026-07-02,FFX_XLRE,BW-BBG000BLMXN8,KRC,0.0030141561
2026-07-02,FFX_XLRE,BW-BBG000BLMY92,MAA,0.007434416
2026-07-02,FFX_XLRE,BW-BBG000BLPBL5,AVB,0.017530313
2026-07-02,FFX_XLRE,BW-BBG000BM2GS0,DHC,0.0013360147
2026-07-02,FFX_XLRE,BW-BBG000BM3P72,INTG,1.8522645e-05
2026-07-02,FFX_XLRE,BW-BBG000BN38Z7,TCI,3.771178e-05
2026-07-02,FFX_XLRE,BW-BBG000BN7SF1,CMCT,5.499228e-06
2026-07-02,FFX_XLRE,BW-BBG000BNQ882,MAYS,1.2976173e-05
2026-07-02,FFX_XLRE,BW-BBG000BPPN67,PSA,0.032269713
2026-07-02,FFX_XLRE,BW-BBG000BQDXP5,SELF,3.6140904e-05
2026-07-02,FFX_XLRE,BW-BBG000BQJHF5,OLP,0.00026738635
2026-07-02,FFX_XLRE,BW-BBG000BRS4P1,PW,1.7842372e-05
2026-07-02,FFX_XLRE,BW-BBG000BS5CM9,BXP,0.007126294
2026-07-02,FFX_XLRE,BW-BBG000BSZYR3,EPR,0.0029574027
2026-07-02,FFX_XLRE,BW-BBG000BVJ702,CSR,0.0006267472
2026-07-02,FFX_XLRE,BW-BBG000BVP5P2,SLG,0.0021878474
2026-07-02,FFX_XLRE,BW-BBG000BW0BB9,UHT,0.0003839009
2026-07-02,FFX_XLRE,BW-BBG000BWHD54,VNO,0.0046558673
2026-07-02,FFX_XLRE,BW-BBG000BX3BL3,WY,0.011193105
2026-07-02,FFX_XLRE,BW-BBG000C04224,CBRE,0.026584527
2026-07-02,FFX_XLRE,BW-BBG000C1RRF8,ARL,2.0657968e-05
2026-07-02,FFX_XLRE,BW-BBG000C2L2L0,JLL,0.009696761
2026-07-02,FFX_XLRE,BW-BBG000C41023,UDR,0.0033801002
2026-07-02,FFX_XLRE,BW-BBG000C43744,HIW,0.0022281522
2026-07-02,FFX_XLRE,BW-BBG000CGJMB9,ESS,0.012507919
2026-07-02,FFX_XLRE,BW-BBG000CGWSJ3,NHI,0.0022223862
2026-07-02,FFX_XLRE,BW-BBG000CKGDS5,FR,0.005400318
2026-07-02,FFX_XLRE,BW-BBG000CL6RJ3,BDN,0.00035447933
2026-07-02,FFX_XLRE,BW-BBG000CLDMM2,ASPS,1.6292037e-05
2026-07-02,FFX_XLRE,BW-BBG000CLP0Y4,NNN,0.0058337497
2026-07-02,FFX_XLRE,BW-BBG000CN3S73,KIM,0.011165056
2026-07-02,FFX_XLRE,BW-BBG000CW9BM7,CUZ,0.0033114466
2026-07-02,FFX_XLRE,BW-BBG000D2JB50,SKT,0.002920533
2026-07-02,FFX_XLRE,BW-BBG000D2M0Z7,SBAC,0.012593714
2026-07-02,FFX_XLRE,BW-BBG000D6DM44,STRS,9.401136e-05
2026-07-02,FFX_XLRE,BW-BBG000D6TC94,JOE,0.0015196684
2026-07-02,FFX_XLRE,BW-BBG000D7JKW9,CSGP,0.007910639
2026-07-02,FFX_XLRE,BW-BBG000DHPN63,O,0.03827472
2026-07-02,FFX_XLRE,BW-BBG000FGMKY1,LAMR,0.008697387
2026-07-02,FFX_XLRE,BW-BBG000FRVHB9,VTR,0.028934736
2026-07-02,FFX_XLRE,BW-BBG000FV1Z23,CCI,0.022154627
2026-07-02,FFX_XLRE,BW-BBG000H35J52,SAFE,0.00011200772
2026-07-02,FFX_XLRE,BW-BBG000HCVWW4,FRPH,0.00024348957
2026-07-02,FFX_XLRE,BW-BBG000HF28Q9,CUBE,0.0060174144
2026-07-02,FFX_XLRE,BW-BBG000JKHFP5,DRH,0.001619795
2026-07-02,FFX_XLRE,BW-BBG000KCZPC3,IRM,0.023715153
2026-07-02,FFX_XLRE,BW-BBG000M2NYQ2,GOOD,0.00039226847
2026-07-02,FFX_XLRE,BW-BBG000MBDGM6,EQIX,0.066363946
2026-07-02,FFX_XLRE,BW-BBG000MJRJJ2,HHH,0.0018571538
2026-07-02,FFX_XLRE,BW-BBG000MTDW24,SBRA,0.0032953336
2026-07-02,FFX_XLRE,BW-BBG000PN1SJ8,DEI,0.0012983476
2026-07-02,FFX_XLRE,BW-BBG000PNBZF5,PEB,0.0013945925
2026-07-02,FFX_XLRE,BW-BBG000PRJCX9,HR,0.004641542
2026-07-02,FFX_XLRE,BW-BBG000PRZVD1,AHT,2.9607352e-07
2026-07-02,FFX_XLRE,BW-BBG000PT6BR8,CLDT,0.00039445056
2026-07-02,FFX_XLRE,BW-BBG000PV27K3,EXR,0.02045704
2026-07-02,FFX_XLRE,BW-BBG000PV3J62,TRNO,0.004570839
2026-07-02,FFX_XLRE,BW-BBG000Q2BVH7,WSR,0.00056720956
2026-07-02,FFX_XLRE,BW-BBG000Q3TSJ1,SHO,0.0012756566
2026-07-02,FFX_XLRE,BW-BBG000Q5ZRM7,DLR,0.040848743
2026-07-02,FFX_XLRE,BW-BBG000QC4T33,HPP,0.0005679661
2026-07-02,FFX_XLRE,BW-BBG000QF05R6,COLD,0.002627708
2026-07-02,FFX_XLRE,BW-BBG0014JY842,LAND,0.000222572
2026-07-02,FFX_XLRE,BW-BBG0014KPS18,INN,0.00044696004
2026-07-02,FFX_XLRE,BW-BBG00161BCR0,AAT,0.00088717294
2026-07-02,FFX_XLRE,BW-BBG001HPC9F4,RLJ,0.0011580413
2026-07-02,FFX_XLRE,BW-BBG001LFLZZ1,BRX,0.0063154935
2026-07-02,FFX_XLRE,BW-BBG002B67HB2,UNIT,0.0012413196
2026-07-02,FFX_XLRE,BW-BBG002N8HMW0,ESRT,0.00039329033
2026-07-02,FFX_XLRE,BW-BBG003MSMCS6,GLPI,0.008133155
2026-07-02,FFX_XLRE,BW-BBG003NXJNH6,AMH,0.009785871
2026-07-02,FFX_XLRE,BW-BBG004HXD0G8,GNL,0.0006190485
2026-07-02,FFX_XLRE,BW-BBG004M284K3,ESBA,0.0009351365
2026-07-02,FFX_XLRE,BW-BBG004MB82R0,REXR,0.0050659585
2026-07-02,FFX_XLRE,BW-BBG004Q00KS7,IRT,0.0026854647
2026-07-02,FFX_XLRE,BW-BBG004S69ZX4,OUT,0.0038035621
2026-07-02,FFX_XLRE,BW-BBG005544NX3,RMAX,0.00014128171
2026-07-02,FFX_XLRE,BW-BBG005GBRSR6,MMI,0.00047819785
2026-07-02,FFX_XLRE,BW-BBG005KC4Z70,CTRE,0.006151741
2026-07-02,FFX_XLRE,BW-BBG005TNS0Q7,FPI,0.00024883627
2026-07-02,FFX_XLRE,BW-BBG006473QX9,APLE,0.0023849544
2026-07-02,FFX_XLRE,BW-BBG006BFYQN0,UE,0.0018927448
2026-07-02,FFX_XLRE,BW-BBG006YP1L41,XHR,0.0011690332
2026-07-02,FFX_XLRE,BW-BBG0077Q6QJ5,NXRT,0.00039999446
2026-07-02,FFX_XLRE,BW-BBG007SV91V9,DEA,0.0007384235
2026-07-02,FFX_XLRE,BW-BBG008417VN4,NSA,0.0022722841
2026-07-02,FFX_XLRE,BW-BBG008G2P3M2,CHCT,0.00033205384
2026-07-02,FFX_XLRE,BW-BBG009H33QM0,FCPT,0.0017874965
2026-07-02,FFX_XLRE,BW-BBG009XW6DC5,GYRO,2.949326e-06
2026-07-02,FFX_XLRE,BW-BBG00B6V7CJ6,RMR,0.00021138531
2026-07-02,FFX_XLRE,BW-BBG00BK2WQF9,FPH,0.00020435867
2026-07-02,FFX_XLRE,BW-BBG00F0SW7N8,IIPR,0.0011614871
2026-07-02,FFX_XLRE,BW-BBG00F5FNKJ7,JBGS,0.0005207592
2026-07-02,FFX_XLRE,BW-BBG00FGXCJX5,PK,0.0018575127
2026-07-02,FFX_XLRE,BW-BBG00HVVB499,VICI,0.018620096
2026-07-02,FFX_XLRE,BW-BBG00J3YYS92,RFL,2.531186e-05
2026-07-02,FFX_XLRE,BW-BBG00JBBPRZ6,ILPT,0.00038983324
2026-07-02,FFX_XLRE,BW-BBG00L17LGJ7,EPRT,0.004307049
2026-07-02,FFX_XLRE,BW-BBG00L7XVND4,CWK,0.0017658868
2026-07-02,FFX_XLRE,BW-BBG00LVGRM32,MDRR,6.0965804e-06
2026-07-02,FFX_XLRE,BW-BBG00NSBGFJ3,PSTL,0.00043992628
2026-07-02,FFX_XLRE,BW-BBG00QNSG6R5,PINE,0.00020551666
2026-07-02,FFX_XLRE,BW-BBG00Y3M1H59,CTO,0.00047123968
2026-07-02,FFX_XLRE,BW-BBG011RJSSB1,PECO,0.0031439196
2026-07-02,FFX_1105,BW-BBG000BFRF55,CLF,0.054561537
2026-07-02,FFX_1105,BW-BBG000BQ8KV2,NUE,0.51522446
2026-07-02,FFX_1105,BW-BBG000CJ2181,RS,0.19457084
2026-07-02,FFX_1105,BW-BBG000HGYNZ9,STLD,0.22493632
2026-07-02,FFX_1105,BW-BBG01JPM5032,WS,0.010706822
2026-07-02,FFX_1125,BW-BBG000BC20T6,AP,0.0003555984
2026-07-02,FFX_1125,BW-BBG000BDTT76,MTRN,0.020588124
2026-07-02,FFX_1125,BW-BBG000BF8TF5,CDE,0.05912876
2026-07-02,FFX_1125,BW-BBG000BJDB15,FCX,0.3003473
2026-07-02,FFX_1125,BW-BBG000BJTD50,FRD,0.00080954353
2026-07-02,FFX_1125,BW-BBG000BL5W86,HL,0.03649852
2026-07-02,FFX_1125,BW-BBG000BLVNB3,TG,0.0007499748
2026-07-02,FFX_1125,BW-BBG000BPFCM4,MSB,0.0011783494
2026-07-02,FFX_1125,BW-BBG000BPWXK1,NEM,0.34403712
2026-07-02,FFX_1125,BW-BBG000BS5170,RGLD,0.058832593
2026-07-02,FFX_1125,BW-BBG000BSHH72,SCCO,0.06049318
2026-07-02,FFX_1125,BW-BBG000BW1LS8,CENX,0.008364778
2026-07-02,FFX_1125,BW-BBG000BW6CN8,MUX,0.0037513697
2026-07-02,FFX_1125,BW-BBG000C42WS4,CMP,0.0036711912
2026-07-02,FFX_1125,BW-BBG000F3M1Q1,UAMY,0.0038205022
2026-07-02,FFX_1125,BW-BBG000FCR8D5,SKE,0.009176085
2026-07-02,FFX_1125,BW-BBG000H95997,USAU,2.2553384e-06
2026-07-02,FFX_1125,BW-BBG000PKZDX4,KALU,0.010536809
2026-07-02,FFX_1125,BW-BBG0057SF1Z2,MTUS,0.0024222962
2026-07-02,FFX_1125,BW-BBG00B3T3HD3,AA,0.043263514
2026-07-02,FFX_1125,BW-BBG00Q9MSFC7,KRT,0.0010200352
2026-07-02,FFX_1125,BW-BBG00TJGL0F0,MP,0.030952085
2026-07-02,FFX_1130,BW-BBG000BL0T06,UFPI,0.26055342
2026-07-02,FFX_1130,BW-BBG000C3CWZ7,MATV,0.023228928
2026-07-02,FFX_1130,BW-BBG000JLC8L8,SSD,0.4718723
2026-07-02,FFX_1130,BW-BBG000JY3FM3,CLW,0.014000809
2026-07-02,FFX_1130,BW-BBG000RQKCR4,BCC,0.14714281
2026-07-02,FFX_1130,BW-BBG0122M8031,SLVM,0.08320176
2026-07-02,FFX_1135,BW-BBG000BGYMH7,MLM,0.36682007
2026-07-02,FFX_1135,BW-BBG000BJW241,EXP,0.08286104
2026-07-02,FFX_1135,BW-BBG000BWGYF8,VMC,0.46495688
2026-07-02,FFX_1135,BW-BBG000D7P047,USLM,0.01369957
2026-07-02,FFX_1135,BW-BBG000FYWS74,SMID,0.0010275759
2026-07-02,FFX_1135,BW-BBG002N3N2R4,KNF,0.056947045
2026-07-02,FFX_1135,BW-BBG002Z3L4S8,TGLS,0.013687853
2026-07-02,FFX_1205,BW-BBG000BB72K8,LECO,0.08592044
2026-07-02,FFX_1205,BW-BBG000BFSND8,CMC,0.041688703
2026-07-02,FFX_1205,BW-BBG000BGCQT9,CRS,0.18714318
2026-07-02,FFX_1205,BW-BBG000BMWKC5,KMT,0.0067621097
2026-07-02,FFX_1205,BW-BBG000BT13B3,PRLB,0.0109357145
2026-07-02,FFX_1205,BW-BBG000BT7JW9,SNA,0.12728153
2026-07-02,FFX_1205,BW-BBG000BTQR96,SWK,0.08765398
2026-07-02,FFX_1205,BW-BBG000BV95H9,TKR,0.062028825
2026-07-02,FFX_1205,BW-BBG000BVQRY3,TTC,0.056505308
2026-07-02,FFX_1205,BW-BBG000C6W444,MLI,0.038451742
2026-07-02,FFX_1205,BW-BBG000GMGNB3,RBC,0.12136789
2026-07-02,FFX_1205,BW-BBG000HL7499,WOR,0.010476938
2026-07-02,FFX_1205,BW-BBG000KFLDK9,IIIN,0.0028150235
2026-07-02,FFX_1205,BW-BBG000LC1FS4,ATI,0.15865542
2026-07-02,FFX_1205,BW-BBG00NNG2ZJ8,XRX,0.002313179
2026-07-02,FFX_1210,BW-BBG000B9WX45,EPAC,0.001137726
2026-07-02,FFX_1210,BW-BBG000B9XG87,AME,0.03489714
2026-07-02,FFX_1210,BW-BBG000BBCDZ2,ROK,0.03453928
2026-07-02,FFX_1210,BW-BBG000BBNFG6,TWI,0.00024324207
2026-07-02,FFX_1210,BW-BBG000BC1G85,RAIL,7.7527286e-05
2026-07-02,FFX_1210,BW-BBG000BC1L02,AOS,0.0049559595
2026-07-02,FFX_1210,BW-BBG000BCHZL1,ASTE,0.00088468933
2026-07-02,FFX_1210,BW-BBG000BCWWV0,CMCO,0.00026838534
2026-07-02,FFX_1210,BW-BBG000BDS374,HY,0.00025045293
2026-07-02,FFX_1210,BW-BBG000BF0K17,CAT,0.19941655
2026-07-02,FFX_1210,BW-BBG000BFG2J1,CECO,0.001574407
2026-07-02,FFX_1210,BW-BBG000BGPTV6,CMI,0.060545325
2026-07-02,FFX_1210,BW-BBG000BGZP70,DCI,0.006770306
2026-07-02,FFX_1210,BW-BBG000BH1NH9,DE,0.1083503
2026-07-02,FFX_1210,BW-BBG000BHB3M6,DOV,0.018633064
2026-07-02,FFX_1210,BW-BBG000BHCJX8,NNBR,9.5026095e-05
2026-07-02,FFX_1210,BW-BBG000BHWVB3,EML,8.888254e-05
2026-07-02,FFX_1210,BW-BBG000BHX7N2,EMR,0.050138738
2026-07-02,FFX_1210,BW-BBG000BJ3PD2,ETN,0.10300992
2026-07-02,FFX_1210,BW-BBG000BJGGV8,FELE,0.0028736
2026-07-02,FFX_1210,BW-BBG000BJTZX0,ALG,0.001105291
2026-07-02,FFX_1210,BW-BBG000BK9W84,GGG,0.0076511875
2026-07-02,FFX_1210,BW-BBG000BKB811,GHM,0.00080310006
2026-07-02,FFX_1210,BW-BBG000BKN0V2,GRC,0.0011626238
2026-07-02,FFX_1210,BW-BBG000BKRSZ3,KAI,0.0023008499
2026-07-02,FFX_1210,BW-BBG000BLH3P8,NVRI,0.0011624282
2026-07-02,FFX_1210,BW-BBG000BLL051,HURC,8.660642e-05
2026-07-02,FFX_1210,BW-BBG000BLWH98,TPCS,3.074981e-05
2026-07-02,FFX_1210,BW-BBG000BMBL90,ITW,0.04966902
2026-07-02,FFX_1210,BW-BBG000BPWGR1,NDSN,0.010493264
2026-07-02,FFX_1210,BW-BBG000BQVTF5,PCAR,0.0403176
2026-07-02,FFX_1210,BW-BBG000BR3KL6,PH,0.07806292
2026-07-02,FFX_1210,BW-BBG000BRXTR8,RRX,0.009714972
2026-07-02,FFX_1210,BW-BBG000BTT5B8,SXI,0.0027016527
2026-07-02,FFX_1210,BW-BBG000BTX2M8,TAYD,0.0001196123
2026-07-02,FFX_1210,BW-BBG000BV06P7,TWIN,0.00016521635
2026-07-02,FFX_1210,BW-BBG000BW2FF4,NPO,0.0048762294
2026-07-02,FFX_1210,BW-BBG000BXFWH9,MLR,0.0003573616
2026-07-02,FFX_1210,BW-BBG000C1HN22,IEX,0.010905736
2026-07-02,FFX_1210,BW-BBG000C1NCH3,TRS,0.00086871884
2026-07-02,FFX_1210,BW-BBG000C221G9,PNR,0.007848729
2026-07-02,FFX_1210,BW-BBG000C2YNT2,PPIH,0.00013472771
2026-07-02,FFX_1210,BW-BBG000C4Z6C2,WTS,0.0066569555
2026-07-02,FFX_1210,BW-BBG000C7B436,TEX,0.0044433563
2026-07-02,FFX_1210,BW-BBG000CC53X1,OSK,0.0057840594
2026-07-02,FFX_1210,BW-BBG000CGM9H8,WNC,0.00033090124
2026-07-02,FFX_1210,BW-BBG000D2M6H4,MTW,0.00028440813
2026-07-02,FFX_1210,BW-BBG000D5LK23,FSTR,0.00027266308
2026-07-02,FFX_1210,BW-BBG000DCCZW2,AGCO,0.0045160553
2026-07-02,FFX_1210,BW-BBG000DQN9R3,MIDD,0.0044301883
2026-07-02,FFX_1210,BW-BBG000FFH4P5,FLS,0.003518553
2026-07-02,FFX_1210,BW-BBG000FJS1S8,LNN,0.00044956594
2026-07-02,FFX_1210,BW-BBG000HL4L03,HLIO,0.0017882593
2026-07-02,FFX_1210,BW-BBG000JBC9M7,MWA,0.0025095586
2026-07-02,FFX_1210,BW-BBG000JCZJS2,TNC,0.000922683
2026-07-02,FFX_1210,BW-BBG000P1K2X6,GTLS,0.006427227
2026-07-02,FFX_1210,BW-BBG000PQ4W72,GNRC,0.009627705
2026-07-02,FFX_1210,BW-BBG000PZ0SW7,CVGI,0.000110684734
2026-07-02,FFX_1210,BW-BBG000Q90C31,PLOW,0.0007720598
2026-07-02,FFX_1210,BW-BBG000QSGFZ0,OFLX,7.142275e-05
2026-07-02,FFX_1210,BW-BBG000VFBBC1,ERII,0.00025312146
2026-07-02,FFX_1210,BW-BBG0018XDT80,MEC,0.00044135164
2026-07-02,FFX_1210,BW-BBG001D8R5D0,XYL,0.017624421
2026-07-02,FFX_1210,BW-BBG001KY3845,ALSN,0.0061295857
2026-07-02,FFX_1210,BW-BBG0029SH078,LXFR,0.00030460357
2026-07-02,FFX_1210,BW-BBG002R1CW27,IR,0.02016809
2026-07-02,FFX_1210,BW-BBG003BPV1Q0,BWMN,0.00025936143
2026-07-02,FFX_1210,BW-BBG006427SW3,BLBD,0.0015505026
2026-07-02,FFX_1210,BW-BBG00CVQZQ96,ITT,0.010342557
2026-07-02,FFX_1210,BW-BBG00JM9V731,GTES,0.004313494
2026-07-02,FFX_1210,BW-BBG00QJCX1H8,MNTS,2.1845357e-05
2026-07-02,FFX_1210,BW-BBG00RP60KV0,OTIS,0.017211255
2026-07-02,FFX_1210,BW-BBG00ZVXLHH6,SWIM,0.00019508859
2026-07-02,FFX_1210,BW-BBG0100SH2C0,JBI,0.00040181255
2026-07-02,FFX_1210,BW-BBG016G0L0Q5,CR,0.0069353688
2026-07-02,FFX_1210,BW-BBG017BXPZ85,CXT,0.0016421014
2026-07-02,FFX_1225,BW-BBG000BB9Q78,SRI,0.00089041167
2026-07-02,FFX_1225,BW-BBG000BF5HQ2,CAAS,0.00022744035
2026-07-02,FFX_1225,BW-BBG000BGYWY6,ORLY,0.28115574
2026-07-02,FFX_1225,BW-BBG000BJ49H3,BWA,0.057867456
2026-07-02,FFX_1225,BW-BBG000BJS1P5,MPAA,0.001187301
2026-07-02,FFX_1225,BW-BBG000BKJ092,GNTX,0.022632364
2026-07-02,FFX_1225,BW-BBG000BKL348,GPC,0.071827985
2026-07-02,FFX_1225,BW-BBG000BKNX95,GT,0.008242218
2026-07-02,FFX_1225,BW-BBG000BM22F5,DORM,0.011126102
2026-07-02,FFX_1225,BW-BBG000BP7CL4,MOD,0.05690052
2026-07-02,FFX_1225,BW-BBG000BQLM34,THRM,0.0034453918
2026-07-02,FFX_1225,BW-BBG000BT68C6,SMP,0.0034214107
2026-07-02,FFX_1225,BW-BBG000BVLRY8,ALV,0.037481617
2026-07-02,FFX_1225,BW-BBG000BZY3G8,STRT,0.00123171
2026-07-02,FFX_1225,BW-BBG000C0BZD1,MNRO,0.002211954
2026-07-02,FFX_1225,BW-BBG000C7LMS8,AZO,0.23242272
2026-07-02,FFX_1225,BW-BBG000F7RCJ1,AAP,0.008438414
2026-07-02,FFX_1225,BW-BBG000PSXT64,CPS,0.0020059212
2026-07-02,FFX_1225,BW-BBG000PTLGZ1,LEA,0.030741526
2026-07-02,FFX_1225,BW-BBG000PXDL44,LKQ,0.029482352
2026-07-02,FFX_1225,BW-BBG000R5XCX9,XPEL,0.0054369904
2026-07-02,FFX_1225,BW-BBG000TCD088,DAN,0.011357083
2026-07-02,FFX_1225,BW-BBG0016T3GQ0,VC,0.011536114
2026-07-02,FFX_1225,BW-BBG004T7VS53,FOXF,0.00199496
2026-07-02,FFX_1225,BW-BBG009PN0C87,ADNT,0.006323494
2026-07-02,FFX_1225,BW-BBG00HY28P97,GTX,0.015238658
2026-07-02,FFX_1225,BW-BBG01B079Z74,ATMU,0.017840603
2026-07-02,FFX_1225,BW-BBG01F6N6NM7,PHIN,0.012223808
2026-07-02,FFX_1225,BW-BBG01R914LT5,APTV,0.05510778
2026-07-02,FFX_1230,BW-BBG000BB5B84,LII,0.04800974
2026-07-02,FFX_1230,BW-BBG000BC6L61,APOG,0.0023629314
2026-07-02,FFX_1230,BW-BBG000BGGBT8,CSL,0.037815873
2026-07-02,FFX_1230,BW-BBG000BKD3K9,BLDR,0.022913845
2026-07-02,FFX_1230,BW-BBG000BKQDQ7,ROCK,0.0034739396
2026-07-02,FFX_1230,BW-BBG000BM6788,TT,0.28000534
2026-07-02,FFX_1230,BW-BBG000BNF508,LPX,0.014285609
2026-07-02,FFX_1230,BW-BBG000BNNKG9,MAS,0.04349197
2026-07-02,FFX_1230,BW-BBG000BTGCV5,SPXC,0.030103
2026-07-02,FFX_1230,BW-BBG000BTGKK9,TREX,0.013323902
2026-07-02,FFX_1230,BW-BBG000BVWLJ6,JCI,0.23341034
2026-07-02,FFX_1230,BW-BBG000C2LZP3,AAON,0.021000924
2026-07-02,FFX_1230,BW-BBG000D7FT63,GFF,0.010155874
2026-07-02,FFX_1230,BW-BBG000DW4LB1,AWI,0.017707888
2026-07-02,FFX_1230,BW-BBG000G7CDN9,WMS,0.029041491
2026-07-02,FFX_1230,BW-BBG000M44VW8,OC,0.031392727
2026-07-02,FFX_1230,BW-BBG000TXVLZ6,NX,0.002106717
2026-07-02,FFX_1230,BW-BBG00HC114X0,CNR,0.009958461
2026-07-02,FFX_1230,BW-BBG00K88DTH3,ARLO,0.0031983117
2026-07-02,FFX_1230,BW-BBG00RP5HYS8,CARR,0.14624111
2026-07-02,FFX_1235,BW-BBG000BGT143,ULBI,0.0002304485
2026-07-02,FFX_1235,BW-BBG000BJ5HK0,AYI,0.037933443
2026-07-02,FFX_1235,BW-BBG000BLK267,HUBB,0.09249857
2026-07-02,FFX_1235,BW-BBG000BNKN21,LYTS,0.0035337405
2026-07-02,FFX_1235,BW-BBG000BRGWN4,POWL,0.02398668
2026-07-02,FFX_1235,BW-BBG000BTLBB3,EFOI,4.238195e-05
2026-07-02,FFX_1235,BW-BBG000CBVB20,PPSI,0.0001191285
2026-07-02,FFX_1235,BW-BBG000CP3D44,AMSC,0.006677483
2026-07-02,FFX_1235,BW-BBG000CX3LB1,OESX,4.503505e-06
2026-07-02,FFX_1235,BW-BBG000DDGCT1,LTBR,0.0011379092
2026-07-02,FFX_1235,BW-BBG000DYHZ04,BWEN,0.00031127298
2026-07-02,FFX_1235,BW-BBG000FKMP26,AEIS,0.048706457
2026-07-02,FFX_1235,BW-BBG000HQ1LB3,FCEL,0.007394754
2026-07-02,FFX_1235,BW-BBG000M68PH9,PLPC,0.003579393
2026-07-02,FFX_1235,BW-BBG000N7KBZ3,BE,0.2106712
2026-07-02,FFX_1235,BW-BBG000PWTD92,ENS,0.029130446
2026-07-02,FFX_1235,BW-BBG000QDHKS9,PSIX,0.001489929
2026-07-02,FFX_1235,BW-BBG000QTFDQ4,ATKR,0.008135432
2026-07-02,FFX_1235,BW-BBG004YSSTM4,IPWR,6.539375e-05
2026-07-02,FFX_1235,BW-BBG005XNV9D3,WATT,0.00047953866
2026-07-02,FFX_1235,BW-BBG006FCB019,ENR,0.005481723
2026-07-02,FFX_1235,BW-BBG007H0TDK3,BW,0.003464035
2026-07-02,FFX_1235,BW-BBG00GNT7999,NVT,0.06670382
2026-07-02,FFX_1235,BW-BBG00KDYT8C4,EAF,0.00057214336
2026-07-02,FFX_1235,BW-BBG00L2B8KW8,VRT,0.430064
2026-07-02,FFX_1235,BW-BBG00YQ82275,SHLS,0.0043627876
2026-07-02,FFX_1235,BW-BBG00Z9CCRH5,HAYW,0.013223385
2026-07-02,FFX_1255,BW-BBG000BB3080,IEP,0.0028542976
2026-07-02,FFX_1255,BW-BBG000BH6360,DLX,0.004568723
2026-07-02,FFX_1255,BW-BBG000BP52R2,MMM,0.34367383
2026-07-02,FFX_1255,BW-BBG000BQNM78,OTTR,0.015008891
2026-07-02,FFX_1255,BW-BBG000BVK3V5,TRC,0.0021026242
2026-07-02,FFX_1255,BW-BBG000BVRQD7,TTI,0.005400186
2026-07-02,FFX_1255,BW-BBG000BWB7V4,VMI,0.044309475
2026-07-02,FFX_1255,BW-BBG000CJSNX7,MATW,0.0032667886
2026-07-02,FFX_1255,BW-BBG000H556T9,HON,0.5788152
2026-07-02,FFX_1305,BW-BBG000BB6G37,ADI,0.015968822
2026-07-02,FFX_1305,BW-BBG000BB6R33,MXL,0.0009269891
2026-07-02,FFX_1305,BW-BBG000BB99S3,SLAB,0.000737705
2026-07-02,FFX_1305,BW-BBG000BBJQV0,NVDA,0.46440482
2026-07-02,FFX_1305,BW-BBG000BBQCY0,AMD,0.08021382
2026-07-02,FFX_1305,BW-BBG000BCJDW6,ASYS,2.4055926e-05
2026-07-02,FFX_1305,BW-BBG000BFGMQ9,QUIK,2.4307874e-05
2026-07-02,FFX_1305,BW-BBG000BHCP19,MCHP,0.0048481915
2026-07-02,FFX_1305,BW-BBG000BHZ0N5,AXTI,0.00032659978
2026-07-02,FFX_1305,BW-BBG000BN3P07,CEVA,7.796214e-05
2026-07-02,FFX_1305,BW-BBG000BQSKV0,PXLW,3.8243134e-06
2026-07-02,FFX_1305,BW-BBG000BQV1S2,SYNA,0.00029838175
2026-07-02,FFX_1305,BW-BBG000BR32C6,RMBS,0.0010391257
2026-07-02,FFX_1305,BW-BBG000BTT3D1,POWI,0.0003338542
2026-07-02,FFX_1305,BW-BBG000BVV7G1,TXN,0.02785125
2026-07-02,FFX_1305,BW-BBG000BWKB81,VSH,0.000658868
2026-07-02,FFX_1305,BW-BBG000BWM083,AEHR,0.0002555209
2026-07-02,FFX_1305,BW-BBG000C0G1D1,INTC,0.065584764
2026-07-02,FFX_1305,BW-BBG000C1DHF5,CRUS,0.00058827014
2026-07-02,FFX_1305,BW-BBG000C2D1C1,LSCC,0.0010215347
2026-07-02,FFX_1305,BW-BBG000C30L48,MPWR,0.004744044
2026-07-02,FFX_1305,BW-BBG000C5Z1S3,MU,0.10037313
2026-07-02,FFX_1305,BW-BBG000CGC1X8,QCOM,0.019685376
2026-07-02,FFX_1305,BW-BBG000D0BQK2,GSIT,2.4579982e-05
2026-07-02,FFX_1305,BW-BBG000DBKR53,SMTC,0.0012247247
2026-07-02,FFX_1305,BW-BBG000DV7MX4,ON,0.0037656052
2026-07-02,FFX_1305,BW-BBG000DVVTH0,CVV,4.008919e-06
2026-07-02,FFX_1305,BW-BBG000G25P51,DIOD,0.00048676724
2026-07-02,FFX_1305,BW-BBG000GRK2Z7,PI,0.0004058503
2026-07-02,FFX_1305,BW-BBG000KLB4Q1,SWKS,0.0009694274
2026-07-02,FFX_1305,BW-BBG000LJQ3H1,MTSI,0.002308141
2026-07-02,FFX_1305,BW-BBG000N22GR2,NVEC,3.621569e-05
2026-07-02,FFX_1305,BW-BBG000N7MXY4,MRAM,5.1118754e-05
2026-07-02,FFX_1305,BW-BBG000PT5SS1,ASTI,4.51298e-06
2026-07-02,FFX_1305,BW-BBG000QLW222,AOSL,0.000112568676
2026-07-02,FFX_1305,BW-BBG000T5QV18,MX,1.6116279e-05
2026-07-02,FFX_1305,BW-BBG0020BCPX5,LASR,0.00038051297
2026-07-02,FFX_1305,BW-BBG007TJF1N7,QRVO,0.0007476508
2026-07-02,FFX_1305,BW-BBG00D88BWP5,ATOM,3.1971365e-05
2026-07-02,FFX_1305,BW-BBG00H5S8391,ALGM,0.00081165455
2026-07-02,FFX_1305,BW-BBG00KHY5S69,AVGO,0.17263395
2026-07-02,FFX_1305,BW-BBG00QNSY1H7,SITM,0.0017867902
2026-07-02,FFX_1305,BW-BBG00ZXBJ153,MRVL,0.024206635
2026-07-02,FFX_1310,BW-BBG000BBPFB9,AMAT,0.4652199
2026-07-02,FFX_1310,BW-BBG000BCKGW7,AMKR,0.008418067
2026-07-02,FFX_1310,BW-BBG000BDCB28,VECO,0.0039639296
2026-07-02,FFX_1310,BW-BBG000BMTFR4,KLAC,0.03164708
2026-07-02,FFX_1310,BW-BBG000BMTX31,KLIC,0.0063874265
2026-07-02,FFX_1310,BW-BBG000BNFLM9,LRCX,0.3652686
2026-07-02,FFX_1310,BW-BBG000BPRN29,ONTO,0.015949043
2026-07-02,FFX_1310,BW-BBG000BR9JS6,PLAB,0.0012948265
2026-07-02,FFX_1310,BW-BBG000BV4DR6,TER,0.05389912
2026-07-02,FFX_1310,BW-BBG000CTV4N4,ENTG,0.015790934
2026-07-02,FFX_1310,BW-BBG000D1Y3P1,FORM,0.004320477
2026-07-02,FFX_1310,BW-BBG000DCGRL8,IPGP,0.0027443008
2026-07-02,FFX_1310,BW-BBG000DKMJ86,COHU,0.0029210937
2026-07-02,FFX_1310,BW-BBG000DW34S2,ACLS,0.0049137855
2026-07-02,FFX_1310,BW-BBG000HSLV70,UCTT,0.0053157574
2026-07-02,FFX_1310,BW-BBG001QZCPJ2,AMBA,0.002800756
2026-07-02,FFX_1310,BW-BBG00F9VSCH3,ICHR,0.0035373894
2026-07-02,FFX_1310,BW-BBG00HPSG933,ACMR,0.005607585
2026-07-02,FFX_1315,BW-BBG000B9YJ35,APH,0.20081331
2026-07-02,FFX_1315,BW-BBG000BD2167,ITRI,0.004156072
2026-07-02,FFX_1315,BW-BBG000BDGHD9,BMI,0.004738976
2026-07-02,FFX_1315,BW-BBG000BFV339,NSYS,2.3861781e-05
2026-07-02,FFX_1315,BW-BBG000BG6NH6,CPSH,0.000112170535
2026-07-02,FFX_1315,BW-BBG000BGFGT8,LFUS,0.012477597
2026-07-02,FFX_1315,BW-BBG000BGMC46,CTS,0.001991221
2026-07-02,FFX_1315,BW-BBG000BGWTV8,DAIO,3.8354974e-05
2026-07-02,FFX_1315,BW-BBG000BH4WF8,LINK,1.382457e-05
2026-07-02,FFX_1315,BW-BBG000BHBTX7,SANM,0.00817234
2026-07-02,FFX_1315,BW-BBG000BHTPS2,ELSE,1.1443478e-05
2026-07-02,FFX_1315,BW-BBG000BJG3B9,FEIM,0.0004411705
2026-07-02,FFX_1315,BW-BBG000BJNGN9,JBL,0.03668421
2026-07-02,FFX_1315,BW-BBG000BKFZM4,GLW,0.22326387
2026-07-02,FFX_1315,BW-BBG000BLRP41,OLED,0.0039368444
2026-07-02,FFX_1315,BW-BBG000BLW102,COHR,0.07939872
2026-07-02,FFX_1315,BW-BBG000BMC8K5,DAKT,0.0011116114
2026-07-02,FFX_1315,BW-BBG000BMT9T6,TDY,0.034205012
2026-07-02,FFX_1315,BW-BBG000BMZXV3,KTCC,4.6610894e-05
2026-07-02,FFX_1315,BW-BBG000BNPS52,TRMB,0.013505962
2026-07-02,FFX_1315,BW-BBG000BNY197,MEI,0.0007284841
2026-07-02,FFX_1315,BW-BBG000BP5YT0,FLEX,0.062056743
2026-07-02,FFX_1315,BW-BBG000BPBVW5,CGNX,0.0130719775
2026-07-02,FFX_1315,BW-BBG000BRBX66,PLXS,0.008553829
2026-07-02,FFX_1315,BW-BBG000BS1WR4,RELL,0.0004337331
2026-07-02,FFX_1315,BW-BBG000BS9HN3,ROG,0.0030577043
2026-07-02,FFX_1315,BW-BBG000BTC2J5,SOTK,9.91561e-05
2026-07-02,FFX_1315,BW-BBG000BVMG26,MKSI,0.030993685
2026-07-02,FFX_1315,BW-BBG000BWPR54,OSIS,0.0037852547
2026-07-02,FFX_1315,BW-BBG000BYQ0B1,TTMI,0.019637244
2026-07-02,FFX_1315,BW-BBG000C2J6S7,RFIL,0.00020822507
2026-07-02,FFX_1315,BW-BBG000C2SBZ8,KOPN,0.00085644994
2026-07-02,FFX_1315,BW-BBG000C3P831,CODA,6.0073162e-05
2026-07-02,FFX_1315,BW-BBG000C3Q7K3,IDN,6.0081886e-05
2026-07-02,FFX_1315,BW-BBG000C3VHF1,VICR,0.0027402905
2026-07-02,FFX_1315,BW-BBG000C4JX31,BHE,0.0038148253
2026-07-02,FFX_1315,BW-BBG000C4LN67,GRMN,0.043769192
2026-07-02,FFX_1315,BW-BBG000C4S3P3,ESE,0.007406588
2026-07-02,FFX_1315,BW-BBG000CMY866,ACFN,0.0007683739
2026-07-02,FFX_1315,BW-BBG000DYGCS6,BELFB,0.0007487814
2026-07-02,FFX_1315,BW-BBG000HBFQP5,FN,0.021800363
2026-07-02,FFX_1315,BW-BBG000JB24Q5,NOVT,0.005379919
2026-07-02,FFX_1315,BW-BBG000M6G940,LPTH,0.0010709157
2026-07-02,FFX_1315,BW-BBG000PRQ0V9,VPG,0.0019797564
2026-07-02,FFX_1315,BW-BBG000RGM5P1,TEL,0.065880775
2026-07-02,FFX_1315,BW-BBG0018DT0K6,KE,0.0006781317
2026-07-02,FFX_1315,BW-BBG0026ZDGG4,AIRG,9.0601796e-05
2026-07-02,FFX_1315,BW-BBG00283BTK2,CLIR,2.3475226e-05
2026-07-02,FFX_1315,BW-BBG004M8M6J1,KN,0.0037704702
2026-07-02,FFX_1315,BW-BBG0059FN811,KEYS,0.043426435
2026-07-02,FFX_1315,BW-BBG00BLVZ228,FTV,0.015828637
2026-07-02,FFX_1315,BW-BBG00JPGYW43,ST,0.0073932726
2026-07-02,FFX_1315,BW-BBG00RRGSJR4,VNT,0.0044400473
2026-07-02,FFX_1315,BW-BBG00XJFB215,CRCT,0.00024335003
2026-07-02,FFX_1320,BW-BBG000BC35R6,CLFD,0.000597159
2026-07-02,FFX_1320,BW-BBG000BFR0T2,EXTR,0.004151068
2026-07-02,FFX_1320,BW-BBG000BP1152,CIEN,0.0879331
2026-07-02,FFX_1320,BW-BBG000BP7JB0,VIAV,0.014763853
2026-07-02,FFX_1320,BW-BBG000BP8Z50,MSI,0.08369753
2026-07-02,FFX_1320,BW-BBG000BTXZ45,HLIT,0.0014177259
2026-07-02,FFX_1320,BW-BBG000BW4GK4,LTRX,0.00027493396
2026-07-02,FFX_1320,BW-BBG000BZ50L0,DGII,0.0037785324
2026-07-02,FFX_1320,BW-BBG000C1TMY6,KVHI,0.00018965396
2026-07-02,FFX_1320,BW-BBG000C3J3C9,CSCO,0.6348
2026-07-02,FFX_1320,BW-BBG000C4GBR6,NTGR,0.000847369
2026-07-02,FFX_1320,BW-BBG000CC7LQ7,ZBRA,0.01731414
2026-07-02,FFX_1320,BW-BBG000D6VW15,AAOI,0.009453615
2026-07-02,FFX_1320,BW-BBG000F7XWR1,CLRO,6.071577e-06
2026-07-02,FFX_1320,BW-BBG000HHLBF9,VSAT,0.015610493
2026-07-02,FFX_1320,BW-BBG000PM18B2,OCC,0.0001534276
2026-07-02,FFX_1320,BW-BBG000Q4XNV1,BDC,0.0038126088
2026-07-02,FFX_1320,BW-BBG001R72SR9,UI,0.0031135785
2026-07-02,FFX_1320,BW-BBG0073F9RT7,LITE,0.036957458
2026-07-02,FFX_1320,BW-BBG0078W3NQ3,HPE,0.079633586
2026-07-02,FFX_1320,BW-BBG0169CH7X9,ADTN,0.0014941274
2026-07-02,FFX_1330,BW-BBG000BB05T9,BYRN,6.714238e-05
2026-07-02,FFX_1330,BW-BBG000BBGQF1,AIR,0.0035739772
2026-07-02,FFX_1330,BW-BBG000BCLBY5,ATRO,0.001426438
2026-07-02,FFX_1330,BW-BBG000BCSST7,BA,0.1113252
2026-07-02,FFX_1330,BW-BBG000BD53V2,WWD,0.010581297
2026-07-02,FFX_1330,BW-BBG000BF1Z04,ISSC,0.00013882077
2026-07-02,FFX_1330,BW-BBG000BGSPS5,CW,0.016119037
2026-07-02,FFX_1330,BW-BBG000BH02M0,DCO,0.0017369897
2026-07-02,FFX_1330,BW-BBG000BHJWG1,AXON,0.02988186
2026-07-02,FFX_1330,BW-BBG000BK67C7,GD,0.055916227
2026-07-02,FFX_1330,BW-BBG000BK6MB5,GE,0.25056258
2026-07-02,FFX_1330,BW-BBG000BKWYX6,OPXS,4.074689e-05
2026-07-02,FFX_1330,BW-BBG000BL16Q7,HEI,0.010252499
2026-07-02,FFX_1330,BW-BBG000BLGFJ9,LHX,0.03504558
2026-07-02,FFX_1330,BW-BBG000BLMDQ9,HXL,0.0047236905
2026-07-02,FFX_1330,BW-BBG000BQ2C28,NOC,0.047429767
2026-07-02,FFX_1330,BW-BBG000BQ4GG2,NPK,0.0004121705
2026-07-02,FFX_1330,BW-BBG000BR89C6,PKE,0.0004897663
2026-07-02,FFX_1330,BW-BBG000BVVQQ8,TXT,0.010193322
2026-07-02,FFX_1330,BW-BBG000BW8S60,RTX,0.16706432
2026-07-02,FFX_1330,BW-BBG000BWJYL8,VSEC,0.003987833
2026-07-02,FFX_1330,BW-BBG000BX5GS3,MRCY,0.0047370917
2026-07-02,FFX_1330,BW-BBG000C1BW00,LMT,0.077160254
2026-07-02,FFX_1330,BW-BBG000C1HQ43,KTOS,0.0059465617
2026-07-02,FFX_1330,BW-BBG000D86F25,BWXT,0.011369625
2026-07-02,FFX_1330,BW-BBG000FNC0Z0,ASTC,1.1857071e-05
2026-07-02,FFX_1330,BW-BBG000GX14P2,AVAV,0.005584597
2026-07-02,FFX_1330,BW-BBG000L8CBX4,TDG,0.046881303
2026-07-02,FFX_1330,BW-BBG000PJ0HS2,VTSI,2.1813783e-05
2026-07-02,FFX_1330,BW-BBG001KJ2HM9,HII,0.007107723
2026-07-02,FFX_1330,BW-BBG00DYNJGH9,HWM,0.06920022
2026-07-02,FFX_1330,BW-BBG00R28X833,ASLE,0.0001649296
2026-07-02,FFX_1330,BW-BBG00ZSB4TS9,DRS,0.0020853253
2026-07-02,FFX_1330,BW-BBG011RK3N71,CDRE,0.00035329352
2026-07-02,FFX_1330,BW-US6153942023,MOG-A,0.008406181
2026-07-02,FFX_1340,BW-BBG000B9XRY4,AAPL,0.8608442
2026-07-02,FFX_1340,BW-BBG000BBMCY4,ALOT,4.0791634e-05
2026-07-02,FFX_1340,BW-BBG000BD6DY6,TACT,1.0032938e-05
2026-07-02,FFX_1340,BW-BBG000BFKT34,OSS,8.765328e-05
2026-07-02,FFX_1340,BW-BBG000BQNBN4,LOGI,0.0026615413
2026-07-02,FFX_1340,BW-BBG000BWNFZ9,WDC,0.024162656
2026-07-02,FFX_1340,BW-BBG000C0ZCX4,IMMR,3.7761303e-05
2026-07-02,FFX_1340,BW-BBG000D5J0L9,SONM,7.9492594e-07
2026-07-02,FFX_1340,BW-BBG000GQ7BH4,QMCO,6.6329007e-06
2026-07-02,FFX_1340,BW-BBG000KHWT55,HPQ,0.004171918
2026-07-02,FFX_1340,BW-BBG000MYZDJ3,SMCI,0.0029059132
2026-07-02,FFX_1340,BW-BBG000N2HDY5,ANET,0.03461065
2026-07-02,FFX_1340,BW-BBG001JZPSQ2,SONO,0.00020431457
2026-07-02,FFX_1340,BW-BBG00212PVZ5,PSTG,0.0047553685
2026-07-02,FFX_1340,BW-BBG007G8KFW8,BOXL,3.8656763e-06
2026-07-02,FFX_1340,BW-BBG009Q3VCT3,PMTS,2.6617867e-05
2026-07-02,FFX_1340,BW-BBG00DW3SZS1,DELL,0.02430975
2026-07-02,FFX_1340,BW-BBG00HMSHL83,CRSR,8.946397e-05
2026-07-02,FFX_1340,BW-BBG0113JGQF0,STX,0.041070122
2026-07-02,FFX_1405,BW-BBG000BB88K4,GPI,0.0022702406
2026-07-02,FFX_1405,BW-BBG000BBMNG0,SAH,0.0010562177
2026-07-02,FFX_1405,BW-BBG000BBXLW4,AN,0.0029272211
2026-07-02,FFX_1405,BW-BBG000BCWSS3,BC,0.0024359052
2026-07-02,FFX_1405,BW-BBG000BKDWB5,ABG,0.0010837134
2026-07-02,FFX_1405,BW-BBG000BKZTP3,HOG,0.001551037
2026-07-02,FFX_1405,BW-BBG000BLMZK6,KMX,0.004541882
2026-07-02,FFX_1405,BW-BBG000BQPC32,F,0.033570863
2026-07-02,FFX_1405,BW-BBG000BQSBB2,PATK,0.0016627221
2026-07-02,FFX_1405,BW-BBG000BV6R84,THO,0.0024233244
2026-07-02,FFX_1405,BW-BBG000BWS3F3,WGO,0.0005322758
2026-07-02,FFX_1405,BW-BBG000D5S4M0,PII,0.0023196233
2026-07-02,FFX_1405,BW-BBG000DNLMB0,LCII,0.0011094108
2026-07-02,FFX_1405,BW-BBG000H6K1B0,PAG,0.0019772046
2026-07-02,FFX_1405,BW-BBG000K3BC83,LAD,0.0040737605
2026-07-02,FFX_1405,BW-BBG000N9MNX3,TSLA,0.8780189
2026-07-02,FFX_1405,BW-BBG000NDYB67,GM,0.04241656
2026-07-02,FFX_1405,BW-BBG000PLLP24,RUSHA,0.0029856698
2026-07-02,FFX_1405,BW-BBG003DNHV56,VVV,0.0030346059
2026-07-02,FFX_1405,BW-BBG00D2Z7X83,CWH,0.00046398607
2026-07-02,FFX_1405,BW-BBG00GCTWDJ3,CVNA,0.008509633
2026-07-02,FFX_1405,BW-BBG00HQ77DS2,CARG,0.0010352063
2026-07-02,FFX_1420,BW-BBG000BBVDT8,ETD,0.0027668907
2026-07-02,FFX_1420,BW-BBG000BDLQJ7,BZH,0.0039016989
2026-07-02,FFX_1420,BW-BBG000BDRR63,BSET,0.0008290941
2026-07-02,FFX_1420,BW-BBG000BJNBB3,FLXS,0.0019352491
2026-07-02,FFX_1420,BW-BBG000BL21Z7,HELE,0.003729768
2026-07-02,FFX_1420,BW-BBG000BL9MZ4,MHO,0.022417724
2026-07-02,FFX_1420,BW-BBG000BLCBN7,HOV,0.0029463605
2026-07-02,FFX_1420,BW-BBG000BMLWX8,KBH,0.019944718
2026-07-02,FFX_1420,BW-BBG000BMXYW2,KOSS,0.00011379383
2026-07-02,FFX_1420,BW-BBG000BN53G7,LEG,0.008369608
2026-07-02,FFX_1420,BW-BBG000BN5HF7,LEN,0.10754412
2026-07-02,FFX_1420,BW-BBG000BNLC97,LZB,0.008819577
2026-07-02,FFX_1420,BW-BBG000BNSKG4,HOFT,0.0009529352
2026-07-02,FFX_1420,BW-BBG000BQBYR3,NVR,0.08747875
2026-07-02,FFX_1420,BW-BBG000BR54L0,PHM,0.13675612
2026-07-02,FFX_1420,BW-BBG000BT2TP0,SKY,0.025352953
2026-07-02,FFX_1420,BW-BBG000BVHBM1,TOL,0.07907769
2026-07-02,FFX_1420,BW-BBG000BWSV34,WHR,0.014017576
2026-07-02,FFX_1420,BW-BBG000C706J6,LCUT,0.00061769836
2026-07-02,FFX_1420,BW-BBG000CPW0C1,LIVE,4.0650128e-05
2026-07-02,FFX_1420,BW-BBG000CZ07G5,UEIC,0.00029526794
2026-07-02,FFX_1420,BW-BBG000DQTXY6,DHI,0.23926596
2026-07-02,FFX_1420,BW-BBG000F4F1N0,MTH,0.02942196
2026-07-02,FFX_1420,BW-BBG000FLZN98,MHK,0.033153534
2026-07-02,FFX_1420,BW-BBG000K4WS65,CVCO,0.016862115
2026-07-02,FFX_1420,BW-BBG000NXRTF2,NEPH,0.00012746482
2026-07-02,FFX_1420,BW-BBG000Q808Z7,CHCI,0.00030471128
2026-07-02,FFX_1420,BW-BBG000QGYG84,GRBK,0.012944026
2026-07-02,FFX_1420,BW-BBG000QYVKN2,LOVE,0.0012771644
2026-07-02,FFX_1420,BW-BBG001B17MV2,W,0.054110255
2026-07-02,FFX_1420,BW-BBG003PGJHP5,TMHC,0.03536637
2026-07-02,FFX_1420,BW-BBG0056655S1,LGIH,0.0077846674
2026-07-02,FFX_1420,BW-BBG005TJKDZ6,IBP,0.027672522
2026-07-02,FFX_1420,BW-BBG006G412Q6,CCS,0.009698275
2026-07-02,FFX_1420,BW-BBG00HJ4P620,HBB,0.0009924482
2026-07-02,FFX_1420,BW-BBG00MJDR6J9,LEGH,0.001555481
2026-07-02,FFX_1420,BW-BBG00YN8LKP7,DFH,0.0015547014
2026-07-02,FFX_1435,BW-BBG000BJ0H70,ESCA,0.036296953
2026-07-02,FFX_1435,BW-BBG000BM0QL7,SWBI,0.12810713
2026-07-02,FFX_1435,BW-BBG000C4FQG6,RGR,0.11617004
2026-07-02,FFX_1435,BW-BBG000C6QPN3,CLAR,0.019727873
2026-07-02,FFX_1435,BW-BBG000GPK708,JAKK,0.028110828
2026-07-02,FFX_1435,BW-BBG000HCXFS4,JOUT,0.046967488
2026-07-02,FFX_1435,BW-BBG002ZYLPN8,MCFT,0.074640006
2026-07-02,FFX_1435,BW-BBG005PXTR70,MBUU,0.09600118
2026-07-02,FFX_1435,BW-BBG00JG0FFZ2,PTON,0.4539785
2026-07-02,FFX_2105,BW-BBG000BBVJZ8,DVN,0.03240334
2026-07-02,FFX_2105,BW-BBG000BFV115,SM,0.005740121
2026-07-02,FFX_2105,BW-BBG000BHJM37,EPSN,0.00017824124
2026-07-02,FFX_2105,BW-BBG000BHZ5J9,EQT,0.04286867
2026-07-02,FFX_2105,BW-BBG000BM3CJ8,WKC,0.0021404747
2026-07-02,FFX_2105,BW-BBG000BM3HK5,GEL,0.0019902363
2026-07-02,FFX_2105,BW-BBG000BNN8V9,MARPS,1.1692349e-05
2026-07-02,FFX_2105,BW-BBG000BP63C5,PAA,0.013606307
2026-07-02,FFX_2105,BW-BBG000BPMH90,MUR,0.004389637
2026-07-02,FFX_2105,BW-BBG000BPTTM2,NC,0.0001706816
2026-07-02,FFX_2105,BW-BBG000BQ2JM1,LEU,9.432017e-05
2026-07-02,FFX_2105,BW-BBG000BQQ2S6,OXY,0.062431943
2026-07-02,FFX_2105,BW-BBG000BQQH30,COP,0.16510352
2026-07-02,FFX_2105,BW-BBG000BR3012,EPD,0.06936824
2026-07-02,FFX_2105,BW-BBG000BTBH21,EGY,0.0006634983
2026-07-02,FFX_2105,BW-BBG000BXDQR3,SLNG,4.8355855e-06
2026-07-02,FFX_2105,BW-BBG000BZ9223,EOG,0.08988275
2026-07-02,FFX_2105,BW-BBG000C14X88,ARLP,0.0033392122
2026-07-02,FFX_2105,BW-BBG000C3HSR0,LNG,0.0664937
2026-07-02,FFX_2105,BW-BBG000C4BZQ9,PNRG,6.5322914e-05
2026-07-02,FFX_2105,BW-BBG000CKVSG8,CNX,0.0045742006
2026-07-02,FFX_2105,BW-BBG000DNBK89,CRK,0.00028810115
2026-07-02,FFX_2105,BW-BBG000DP9RS0,HNRG,0.00066055934
2026-07-02,FFX_2105,BW-BBG000DRTDR6,NOG,0.0023550992
2026-07-02,FFX_2105,BW-BBG000FFFQR6,WTI,0.00040015436
2026-07-02,FFX_2105,BW-BBG000FVXD63,RRC,0.0112609565
2026-07-02,FFX_2105,BW-BBG000GJQQ22,GLP,0.0017667934
2026-07-02,FFX_2105,BW-BBG000GMHBH2,NRP,0.0012858926
2026-07-02,FFX_2105,BW-BBG000JCPGZ1,MTDR,0.0073758066
2026-07-02,FFX_2105,BW-BBG000K4WSD7,ALTO,0.000593817
2026-07-02,FFX_2105,BW-BBG000K5M1S8,ENB,0.15291469
2026-07-02,FFX_2105,BW-BBG000PNZ5G4,DMLP,0.0015109243
2026-07-02,FFX_2105,BW-BBG000PW5VX1,AR,0.013247636
2026-07-02,FFX_2105,BW-BBG000QMH637,CQP,0.0031285915
2026-07-02,FFX_2105,BW-BBG000RKR4R8,SD,0.00055445527
2026-07-02,FFX_2105,BW-BBG000TBYFR3,PAGP,0.006036798
2026-07-02,FFX_2105,BW-BBG001J1BNY4,NGL,0.0017809154
2026-07-02,FFX_2105,BW-BBG002PHSYX9,FANG,0.041541457
2026-07-02,FFX_2105,BW-BBG002Z9XD93,CAPL,0.0005212451
2026-07-02,FFX_2105,BW-BBG00358K8S0,SUN,0.0096660685
2026-07-02,FFX_2105,BW-BBG0035TJGV4,MPLX,0.027102647
2026-07-02,FFX_2105,BW-BBG0036D62Z9,DKL,0.0012727352
2026-07-02,FFX_2105,BW-BBG003M3V230,WES,0.012517531
2026-07-02,FFX_2105,BW-BBG008B5CF29,BSM,0.0030851879
2026-07-02,FFX_2105,BW-BBG008GC7VW7,NEXT,0.0013616175
2026-07-02,FFX_2105,BW-BBG00FQH6MJ5,KRP,0.001901564
2026-07-02,FFX_2105,BW-BBG00GNC8DL2,MGY,0.005935148
2026-07-02,FFX_2105,BW-BBG00JPH4HQ3,TALO,0.0021734538
2026-07-02,FFX_2105,BW-BBG00PMMBQS1,VIST,0.0077506364
2026-07-02,FFX_2105,BW-BBG00R02H8D5,HESM,0.006372745
2026-07-02,FFX_2105,BW-BBG00R2NHQ65,OVV,0.019006504
2026-07-02,FFX_2105,BW-BBG00RD1PYM7,HPK,0.00020433794
2026-07-02,FFX_2105,BW-BBG00YRJXKB1,TPL,0.030975994
2026-07-02,FFX_2105,BW-BBG00YTS96G2,APA,0.014668891
2026-07-02,FFX_2105,BW-BBG0112Z86C1,GPOR,0.0034054117
2026-07-02,FFX_2105,BW-BBG01HN2K357,SN,0.028107256
2026-07-02,FFX_2105,BW-US04124A1007#1,APC,0.011747412
2026-07-02,FFX_2110,BW-BBG000BPYD87,NFG,0.0079752095
2026-07-02,FFX_2110,BW-BBG000GZQ728,XOM,0.62623596
2026-07-02,FFX_2110,BW-BBG000K4ND22,CVX,0.36578885
2026-07-02,FFX_2120,BW-BBG000BBGGQ1,VLO,0.31977606
2026-07-02,FFX_2120,BW-BBG000QHV8S1,CVI,0.0034252477
2026-07-02,FFX_2120,BW-BBG001DCCGR8,MPC,0.3023768
2026-07-02,FFX_2120,BW-BBG002832GV8,PBF,0.02228364
2026-07-02,FFX_2120,BW-BBG00286S4N9,PSX,0.27745464
2026-07-02,FFX_2120,BW-BBG003C5DL16,PARR,0.010497071
2026-07-02,FFX_2120,BW-BBG00FZYFVC5,DK,0.012535501
2026-07-02,FFX_2120,BW-BBG0135B2214,DINO,0.051651068
2026-07-02,FFX_2125,BW-BBG000R1YXQ9,SXC,0.078742705
2026-07-02,FFX_2125,BW-BBG00BCQJ2X3,METC,0.050510567
2026-07-02,FFX_2125,BW-BBG00DGWV035,AMR,0.1265448
2026-07-02,FFX_2125,BW-BBG00GBV88T6,BTU,0.24163628
2026-07-02,FFX_2125,BW-BBG00GD1JMV4,HCC,0.5025656
2026-07-02,FFX_2205,BW-BBG000BB61F7,MTX,0.001998477
2026-07-02,FFX_2205,BW-BBG000BC4JJ4,APD,0.087442145
2026-07-02,FFX_2205,BW-BBG000BCY878,BCPC,0.0068855807
2026-07-02,FFX_2205,BW-BBG000BF3WW4,CBT,0.0056697163
2026-07-02,FFX_2205,BW-BBG000BFXHL6,MOS,0.008626458
2026-07-02,FFX_2205,BW-BBG000BHKYH4,ECL,0.088188276
2026-07-02,FFX_2205,BW-BBG000BJ26K7,ALB,0.020569451
2026-07-02,FFX_2205,BW-BBG000BJ5SS8,NEU,0.00646592
2026-07-02,FFX_2205,BW-BBG000BJP882,FMC,0.0017432023
2026-07-02,FFX_2205,BW-BBG000BJZ7V7,FUL,0.00392226
2026-07-02,FFX_2205,BW-BBG000BLLWV2,HWKN,0.0035568327
2026-07-02,FFX_2205,BW-BBG000BLSL58,IFF,0.026554331
2026-07-02,FFX_2205,BW-BBG000BLW530,EMN,0.009836938
2026-07-02,FFX_2205,BW-BBG000BMFNP4,IOSP,0.0016071957
2026-07-02,FFX_2205,BW-BBG000BQHTV3,OLN,0.0028532492
2026-07-02,FFX_2205,BW-BBG000BRJ809,PPG,0.035000242
2026-07-02,FFX_2205,BW-BBG000BSMFN2,SCL,0.0015341017
2026-07-02,FFX_2205,BW-BBG000BSXQV7,SHW,0.10933626
2026-07-02,FFX_2205,BW-BBG000BT5PG5,SMG,0.00392533
2026-07-02,FFX_2205,BW-BBG000BWCZY8,VHI,4.476752e-05
2026-07-02,FFX_2205,BW-BBG000BWJFZ4,CF,0.021010455
2026-07-02,FFX_2205,BW-BBG000BWNV93,WDFC,0.004116087
2026-07-02,FFX_2205,BW-BBG000BX9GM5,LWLG,0.001604233
2026-07-02,FFX_2205,BW-BBG000C1C526,LXU,0.0007302362
2026-07-02,FFX_2205,BW-BBG000C3TFS4,FTK,0.0004205608
2026-07-02,FFX_2205,BW-BBG000C3WK36,KRO,0.0001707185
2026-07-02,FFX_2205,BW-BBG000C8NJ10,AVNT,0.004329796
2026-07-02,FFX_2205,BW-BBG000CV85K5,GURE,4.5741813e-06
2026-07-02,FFX_2205,BW-BBG000D2ZK61,REX,0.0016485418
2026-07-02,FFX_2205,BW-BBG000D380M5,NTIC,8.8380555e-05
2026-07-02,FFX_2205,BW-BBG000DCNK80,RPM,0.017911805
2026-07-02,FFX_2205,BW-BBG000DZS2L9,KWR,0.0027480435
2026-07-02,FFX_2205,BW-BBG000GDSKT7,FF,0.00020640856
2026-07-02,FFX_2205,BW-BBG000J79P80,SXT,0.0065757
2026-07-02,FFX_2205,BW-BBG000JNSM81,CLMT,0.004070788
2026-07-02,FFX_2205,BW-BBG000JYP7L8,CE,0.006350471
2026-07-02,FFX_2205,BW-BBG000KYNTQ5,GPRE,0.000540335
2026-07-02,FFX_2205,BW-BBG000NS26Q8,HUN,0.0022256356
2026-07-02,FFX_2205,BW-BBG000PXZFW2,WLK,0.003070684
2026-07-02,FFX_2205,BW-BBG000QDQR59,KOP,0.001028977
2026-07-02,FFX_2205,BW-BBG000V1Y6Q3,IPI,0.000562797
2026-07-02,FFX_2205,BW-BBG000WCFV84,LYB,0.017235946
2026-07-02,FFX_2205,BW-BBG001CBC4Y0,UAN,0.0009115649
2026-07-02,FFX_2205,BW-BBG005C4XHR3,ESI,0.010244474
2026-07-02,FFX_2205,BW-BBG005H82GB2,CC,0.00385433
2026-07-02,FFX_2205,BW-BBG005XVML66,RYAM,0.00064055243
2026-07-02,FFX_2205,BW-BBG0060CPLJ5,AXTA,0.009385213
2026-07-02,FFX_2205,BW-BBG006F8Q8B4,WLKP,0.0005508596
2026-07-02,FFX_2205,BW-BBG009LM28K6,NGVT,0.0032394277
2026-07-02,FFX_2205,BW-BBG00BN961G4,DD,0.030618895
2026-07-02,FFX_2205,BW-BBG00BN96922,DOW,0.024877336
2026-07-02,FFX_2205,BW-BBG00BN969C1,CTVA,0.071211815
2026-07-02,FFX_2205,BW-BBG00CWTTQ41,ASIX,0.00067034183
2026-07-02,FFX_2205,BW-BBG00D0Y81M1,ASH,0.003902065
2026-07-02,FFX_2205,BW-BBG00MRH2W10,TROX,0.0010053681
2026-07-02,FFX_2205,BW-BBG01FND0CC1,LIN,0.31647587
2026-07-02,FFX_2235,BW-BBG000BB8SW7,PKG,0.17298108
2026-07-02,FFX_2235,BW-BBG000BCQ4P6,AVY,0.10208878
2026-07-02,FFX_2235,BW-BBG000BDDNH5,BALL,0.13936572
2026-07-02,FFX_2235,BW-BBG000BF6756,CCK,0.10305056
2026-07-02,FFX_2235,BW-BBG000BLFNC0,GEF,0.018043041
2026-07-02,FFX_2235,BW-BBG000BM5SR2,IP,0.16727564
2026-07-02,FFX_2235,BW-BBG000BPDDB6,SLGN,0.039566908
2026-07-02,FFX_2235,BW-BBG000BPQ0F6,MYE,0.008941838
2026-07-02,FFX_2235,BW-BBG000D7HF89,SON,0.045635443
2026-07-02,FFX_2235,BW-BBG000GQ7K93,GPK,0.02535219
2026-07-02,FFX_2235,BW-BBG00JRXX6Y9,PACK,0.0048944307
2026-07-02,FFX_2235,BW-BBG00LNJRQ09,AMCR,0.16671997
2026-07-02,FFX_2235,BW-BBG00R2JZG39,OI,0.006084493
2026-07-02,FFX_2305,BW-BBG000BBS2Y0,AMGN,0.060757715
2026-07-02,FFX_2305,BW-BBG000BKXWV1,SIGA,5.3934964e-05
2026-07-02,FFX_2305,BW-BBG000BLYWX6,BCRX,0.00075934356
2026-07-02,FFX_2305,BW-BBG000BMHYD1,JNJ,0.1905844
2026-07-02,FFX_2305,BW-BBG000BNBDC2,LLY,0.3497425
2026-07-02,FFX_2305,BW-BBG000BP0HX7,SUPN,0.00082352414
2026-07-02,FFX_2305,BW-BBG000BPD168,MRK,0.09774627
2026-07-02,FFX_2305,BW-BBG000BR2B91,PFE,0.0424133
2026-07-02,FFX_2305,BW-BBG000BV4XJ1,UTHR,0.006233876
2026-07-02,FFX_2305,BW-BBG000BW90S6,AMPH,0.0001615867
2026-07-02,FFX_2305,BW-BBG000C17X76,BIIB,0.009649662
2026-07-02,FFX_2305,BW-BBG000C31ZH2,PAHC,0.00020251465
2026-07-02,FFX_2305,BW-BBG000C9F2F9,ALKS,0.0026495582
2026-07-02,FFX_2305,BW-BBG000CKGBP2,GILD,0.03645191
2026-07-02,FFX_2305,BW-BBG000CNFQW6,PRGO,0.00044369817
2026-07-02,FFX_2305,BW-BBG000DLFM21,BHC,0.00045219308
2026-07-02,FFX_2305,BW-BBG000DQLV23,BMY,0.03585926
2026-07-02,FFX_2305,BW-BBG000GBZ3J2,IRWD,0.00018629416
2026-07-02,FFX_2305,BW-BBG000GJS7C1,NBIX,0.0040239133
2026-07-02,FFX_2305,BW-BBG000GW06J7,EBS,0.0001317323
2026-07-02,FFX_2305,BW-BBG000KK1L04,ANIP,0.000571064
2026-07-02,FFX_2305,BW-BBG000LRYR36,ORMP,4.9676488e-05
2026-07-02,FFX_2305,BW-BBG000N7LPW4,COLL,0.0003531972
2026-07-02,FFX_2305,BW-BBG000QM0RZ4,PBH,0.000714878
2026-07-02,FFX_2305,BW-BBG000QXWY44,HROW,0.00046047964
2026-07-02,FFX_2305,BW-BBG000R93GV7,CPIX,1.9530693e-05
2026-07-02,FFX_2305,BW-BBG0018FQNS6,PCRX,0.00020996857
2026-07-02,FFX_2305,BW-BBG001J2P905,LQDA,0.0017395826
2026-07-02,FFX_2305,BW-BBG002133YW4,SCYX,7.968085e-05
2026-07-02,FFX_2305,BW-BBG0025Y4RY4,ABBV,0.13751286
2026-07-02,FFX_2305,BW-BBG0039320N9,ZTS,0.0094457595
2026-07-02,FFX_2305,BW-BBG003LF0QR9,ACRS,0.00017497099
2026-07-02,FFX_2305,BW-BBG003MKSL16,RLMD,0.0001980546
2026-07-02,FFX_2305,BW-BBG00462PGG0,AMRX,0.00109975
2026-07-02,FFX_2305,BW-BBG004KB3S72,ESPR,0.00019513018
2026-07-02,FFX_2305,BW-BBG005CX4HK8,EOLS,0.00013055911
2026-07-02,FFX_2305,BW-BBG005Z20406,JAGX,1.4335038e-06
2026-07-02,FFX_2305,BW-BBG006Q52RD0,LNTH,0.001611344
2026-07-02,FFX_2305,BW-BBG00DP10YT5,AMLX,0.00056361366
2026-07-02,FFX_2305,BW-BBG00H0KCMV1,ETON,0.00029469785
2026-07-02,FFX_2305,BW-BBG00L03BYB7,VRCA,8.441004e-06
2026-07-02,FFX_2305,BW-BBG00L7XTP60,TLRY,0.0001597683
2026-07-02,FFX_2305,BW-BBG00L9HP0Z0,AQST,0.00014566442
2026-07-02,FFX_2305,BW-BBG00LJYS1P8,ELAN,0.0037016177
2026-07-02,FFX_2305,BW-BBG00PM24T16,CNSP,2.0253678e-06
2026-07-02,FFX_2305,BW-BBG00TZNCJ75,AVIR,0.00010160682
2026-07-02,FFX_2305,BW-BBG00ZQRGW24,OGN,0.0011074109
2026-07-02,FFX_2305,BW-BBG01V8DXVJ8,KG,2.0030426e-05
2026-07-02,FFX_2320,BW-BBG000BBKZD8,ANIK,0.00030665498
2026-07-02,FFX_2320,BW-BBG000BCJ161,SRPT,0.0029746443
2026-07-02,FFX_2320,BW-BBG000BDCM24,VCEL,0.0035215227
2026-07-02,FFX_2320,BW-BBG000BFGNJ5,ALNY,0.062171653
2026-07-02,FFX_2320,BW-BBG000BG3J79,ANIX,0.00015759759
2026-07-02,FFX_2320,BW-BBG000BHCYJ1,NKTR,0.0020263817
2026-07-02,FFX_2320,BW-BBG000BHG9K0,ACAD,0.0042827837
2026-07-02,FFX_2320,BW-BBG000BJ6R36,TENX,0.00050227804
2026-07-02,FFX_2320,BW-BBG000BK6FP5,GALT,0.00036235835
2026-07-02,FFX_2320,BW-BBG000BKF014,LGND,0.007103915
2026-07-02,FFX_2320,BW-BBG000BKJG33,CORT,0.010211958
2026-07-02,FFX_2320,BW-BBG000BLQ5Q2,ICCC,0.000125394
2026-07-02,FFX_2320,BW-BBG000BM2SF8,MGNX,0.00044256152
2026-07-02,FFX_2320,BW-BBG000BN9PY4,PTN,2.8566796e-05
2026-07-02,FFX_2320,BW-BBG000BNPSQ9,INCY,0.03006794
2026-07-02,FFX_2320,BW-BBG000BPWTW7,RIGL,0.0010751524
2026-07-02,FFX_2320,BW-BBG000BQ4WF8,EXEL,0.015264492
2026-07-02,FFX_2320,BW-BBG000BRVKH0,ARWR,0.015405814
2026-07-02,FFX_2320,BW-BBG000BWM5P3,INSM,0.03030175
2026-07-02,FFX_2320,BW-BBG000BX4QV8,XOMA,0.000440316
2026-07-02,FFX_2320,BW-BBG000C15114,TECH,0.01723438
2026-07-02,FFX_2320,BW-BBG000C1S2X2,VRTX,0.195336
2026-07-02,FFX_2320,BW-BBG000C1Z086,PSTV,4.4442324e-05
2026-07-02,FFX_2320,BW-BBG000C734W3,REGN,0.09800558
2026-07-02,FFX_2320,BW-BBG000C8SWQ9,AGEN,0.00020450859
2026-07-02,FFX_2320,BW-BBG000CG9XT7,INVA,0.0025143751
2026-07-02,FFX_2320,BW-BBG000CZ8W54,HALO,0.009980171
2026-07-02,FFX_2320,BW-BBG000CZWZ05,BMRN,0.01105838
2026-07-02,FFX_2320,BW-BBG000DT5D52,ABEO,0.00052637747
2026-07-02,FFX_2320,BW-BBG000DTH814,FENC,0.00025747367
2026-07-02,FFX_2320,BW-BBG000DZMK99,CAPR,0.0018219083
2026-07-02,FFX_2320,BW-BBG000F0R4N9,CYTK,0.010087902
2026-07-02,FFX_2320,BW-BBG000F90JX5,EYPT,0.0017013487
2026-07-02,FFX_2320,BW-BBG000FB8S62,ACHV,0.0010228885
2026-07-02,FFX_2320,BW-BBG000FTLBV7,IOVA,0.0025212911
2026-07-02,FFX_2320,BW-BBG000FVZQY1,TGTX,0.0056022513
2026-07-02,FFX_2320,BW-BBG000FW8LZ9,CLDX,0.0036681648
2026-07-02,FFX_2320,BW-BBG000FXML90,ALT,0.00063862087
2026-07-02,FFX_2320,BW-BBG000G9CGL0,JAZZ,0.022332013
2026-07-02,FFX_2320,BW-BBG000GZDC67,CPRX,0.005681315
2026-07-02,FFX_2320,BW-BBG000HT5MG6,VNDA,0.0005471345
2026-07-02,FFX_2320,BW-BBG000JLP4B4,OMER,0.001043824
2026-07-02,FFX_2320,BW-BBG000LG8XM5,TNXP,0.0002751217
2026-07-02,FFX_2320,BW-BBG000LP4YD7,DMAC,0.0003577113
2026-07-02,FFX_2320,BW-BBG000MS0823,SVRA,0.0018902099
2026-07-02,FFX_2320,BW-BBG000NVSBL7,NVAX,0.0024160657
2026-07-02,FFX_2320,BW-BBG000PPL3G9,MNKD,0.0019390037
2026-07-02,FFX_2320,BW-BBG000Q4BQK0,CRMD,0.0010337712
2026-07-02,FFX_2320,BW-BBG000QL8VH9,PGEN,0.0015228973
2026-07-02,FFX_2320,BW-BBG000QP35H2,FATE,0.00048127794
2026-07-02,FFX_2320,BW-BBG000QS6NV8,MDGL,0.01538903
2026-07-02,FFX_2320,BW-BBG000QT15P7,PTCT,0.0077636917
2026-07-02,FFX_2320,BW-BBG000QY4ZD0,AGIO,0.0034061624
2026-07-02,FFX_2320,BW-BBG000R0LC72,EDSA,8.854693e-05
2026-07-02,FFX_2320,BW-BBG000R33JY1,SNDX,0.00285601
2026-07-02,FFX_2320,BW-BBG000R4V3P3,STRO,0.0004026909
2026-07-02,FFX_2320,BW-BBG000R62Q06,ASMB,0.00046781806
2026-07-02,FFX_2320,BW-BBG000RJ6FL5,MDXG,0.0007209094
2026-07-02,FFX_2320,BW-BBG000RR8V85,ABUS,0.0011572918
2026-07-02,FFX_2320,BW-BBG000VC77H7,SLS,0.0037462586
2026-07-02,FFX_2320,BW-BBG000WG3567,RCKT,0.00048587192
2026-07-02,FFX_2320,BW-BBG00178FZY1,XGN,0.00017663374
2026-07-02,FFX_2320,BW-BBG0018YXYX7,PBYI,0.00054000283
2026-07-02,FFX_2320,BW-BBG001J19Q25,RNAC,0.00018255429
2026-07-02,FFX_2320,BW-BBG001J1BZV0,OCUL,0.0016949613
2026-07-02,FFX_2320,BW-BBG001J1CYH8,XFOR,0.00059985387
2026-07-02,FFX_2320,BW-BBG001J272L7,KPTI,0.0001293819
2026-07-02,FFX_2320,BW-BBG001J2LSK5,VSTM,0.0005607148
2026-07-02,FFX_2320,BW-BBG001J2MFH6,FBIO,3.0830342e-05
2026-07-02,FFX_2320,BW-BBG001J472L3,CTMX,0.0009248019
2026-07-02,FFX_2320,BW-BBG001M75SX4,IMUX,0.0003140729
2026-07-02,FFX_2320,BW-BBG001RWPDW6,RARE,0.0049346155
2026-07-02,FFX_2320,BW-BBG001V9NSB4,ENTA,0.0006275927
2026-07-02,FFX_2320,BW-BBG001WH4DQ3,ARDX,0.0017501853
2026-07-02,FFX_2320,BW-BBG001ZLYSH5,TARA,0.00033268504
2026-07-02,FFX_2320,BW-BBG0026ZDHR0,ANAB,0.0018959732
2026-07-02,FFX_2320,BW-BBG0026ZG4W0,XNCR,0.0017633092
2026-07-02,FFX_2320,BW-BBG002B63KM7,PTGX,0.010604383
2026-07-02,FFX_2320,BW-BBG002NCK5M5,ADMA,0.003032226
2026-07-02,FFX_2320,BW-BBG003PDKJF7,PRTA,0.00079132
2026-07-02,FFX_2320,BW-BBG003PHHZT1,MRNA,0.041548185
2026-07-02,FFX_2320,BW-BBG003QGQRB9,TRVI,0.002566247
2026-07-02,FFX_2320,BW-BBG004HK6YX1,TBPH,0.0011077134
2026-07-02,FFX_2320,BW-BBG005MX5GZ2,EDIT,0.00049975957
2026-07-02,FFX_2320,BW-BBG005Q3MQY4,ATRA,8.880756e-05
2026-07-02,FFX_2320,BW-BBG005SSJYH3,QURE,0.004432725
2026-07-02,FFX_2320,BW-BBG005ZSY233,VYGR,0.00028388196
2026-07-02,FFX_2320,BW-BBG0067S9Z73,NERV,3.2630804e-05
2026-07-02,FFX_2320,BW-BBG006LGV869,VKTX,0.0067625633
2026-07-02,FFX_2320,BW-BBG0073DM784,XENE,0.007511331
2026-07-02,FFX_2320,BW-BBG0078PJKQ7,CRBP,6.24658e-05
2026-07-02,FFX_2320,BW-BBG007DLZ601,RYTM,0.011142898
2026-07-02,FFX_2320,BW-BBG007KC7PB0,NTLA,0.0028942856
2026-07-02,FFX_2320,BW-BBG007Z9V591,RGNX,0.0009843014
2026-07-02,FFX_2320,BW-BBG00829F4P8,RVMD,0.057137698
2026-07-02,FFX_2320,BW-BBG008974342,KURA,0.00148971
2026-07-02,FFX_2320,BW-BBG008NSBPV3,DTIL,0.00031658928
2026-07-02,FFX_2320,BW-BBG008P7F869,DNLI,0.003473782
2026-07-02,FFX_2320,BW-BBG0099X6859,MCRB,8.79305e-05
2026-07-02,FFX_2320,BW-BBG009DT9XJ0,VTVT,9.950062e-05
2026-07-02,FFX_2320,BW-BBG009F0TGH8,CRVS,0.0014939074
2026-07-02,FFX_2320,BW-BBG009RRZ8C2,APVO,8.2975e-06
2026-07-02,FFX_2320,BW-BBG00B57FZV6,INTS,1.1066914e-05
2026-07-02,FFX_2320,BW-BBG00B642V54,WVE,0.001113593
2026-07-02,FFX_2320,BW-BBG00B6G7GL7,AXSM,0.016499527
2026-07-02,FFX_2320,BW-BBG00BC59224,CRNX,0.006341961
2026-07-02,FFX_2320,BW-BBG00BL5SLH5,ORIC,0.001754536
2026-07-02,FFX_2320,BW-BBG00BVR0D02,KOD,0.002245099
2026-07-02,FFX_2320,BW-BBG00CTZ4D83,IDYA,0.0048381537
2026-07-02,FFX_2320,BW-BBG00DBBGRX1,CRSP,0.008146418
2026-07-02,FFX_2320,BW-BBG00DDY1RK9,FULC,0.00030093468
2026-07-02,FFX_2320,BW-BBG00DQD26W3,RCUS,0.003709361
2026-07-02,FFX_2320,BW-BBG00FVMPFN7,CUE,0.0001436315
2026-07-02,FFX_2320,BW-BBG00GFCC613,URGN,0.002826081
2026-07-02,FFX_2320,BW-BBG00GSMQF58,NTRB,2.5512085e-05
2026-07-02,FFX_2320,BW-BBG00H1HP9G9,KROS,0.00027961886
2026-07-02,FFX_2320,BW-BBG00H2QQ8T5,VIR,0.0023768456
2026-07-02,FFX_2320,BW-BBG00HDGRHH7,KRYS,0.015003955
2026-07-02,FFX_2320,BW-BBG00HKBW045,CELC,0.0071228016
2026-07-02,FFX_2320,BW-BBG00J7K8D90,MNPR,0.0006443894
2026-07-02,FFX_2320,BW-BBG00JN4FXG8,SLDB,0.0013153731
2026-07-02,FFX_2320,BW-BBG00JPCBPG9,STOK,0.0030281043
2026-07-02,FFX_2320,BW-BBG00KT2KFX7,KNSA,0.0038908413
2026-07-02,FFX_2320,BW-BBG00KT2RRM6,SRRK,0.006038633
2026-07-02,FFX_2320,BW-BBG00KXC8646,BEAM,0.0053225
2026-07-02,FFX_2320,BW-BBG00KXH44F2,MGTX,0.0016230482
2026-07-02,FFX_2320,BW-BBG00KXXHYD9,CYCN,1.42397475e-05
2026-07-02,FFX_2320,BW-BBG00L8Z22R1,REPL,0.0010097441
2026-07-02,FFX_2320,BW-BBG00LSL8C10,EQ,0.00018587858
2026-07-02,FFX_2320,BW-BBG00LW7YK82,ARVN,0.0007187813
2026-07-02,FFX_2320,BW-BBG00MH7T2M7,MIRM,0.0104427785
2026-07-02,FFX_2320,BW-BBG00NBK4XF9,PASG,2.2873106e-05
2026-07-02,FFX_2320,BW-BBG00NNW8JK1,ARCT,0.000279536
2026-07-02,FFX_2320,BW-BBG00NSGPJD0,DYN,0.0042396695
2026-07-02,FFX_2320,BW-BBG00P5B2S19,PHAT,0.0010838183
2026-07-02,FFX_2320,BW-BBG00P5MC0Q8,IMVT,0.0054984093
2026-07-02,FFX_2320,BW-BBG00P9KDZK6,BBIO,0.020221632
2026-07-02,FFX_2320,BW-BBG00Q72WYG3,VERA,0.0041239467
2026-07-02,FFX_2320,BW-BBG00QN8K4M4,ARQT,0.004601593
2026-07-02,FFX_2320,BW-BBG00R2K8TF5,ZNTL,0.0003867093
2026-07-02,FFX_2320,BW-BBG00V1L5YZ5,RPRX,0.040059123
2026-07-02,FFX_2320,BW-BBG00WBPG4C2,HRMY,0.0023648257
2026-07-02,FFX_2320,BW-BBG00ZKX9FP7,DRUG,0.0005432129
2026-07-02,FFX_2320,BW-BBG00ZSNMK93,BTX,0.0008750775
2026-07-02,FFX_2320,BW-BBG012V1MG52,XERS,0.0021492061
2026-07-02,FFX_2320,BW-BBG019XSYC89,ZYME,0.0021770897
2026-07-02,FFX_2320,BW-BBG01GZF9VY6,FTRE,0.0025891727
2026-07-02,FFX_2320,BW-BBG01L71H227,PBM,1.40826195e-08
2026-07-02,FFX_2320,BW-KYG2131A1085,CCXI,0.0018949275
2026-07-02,FFX_2325,BW-BBG000B9ZXB4,ABT,0.096706465
2026-07-02,FFX_2325,BW-BBG000BB5621,ANGO,0.00028878686
2026-07-02,FFX_2325,BW-BBG000BBM7Y5,ATEC,0.00066711585
2026-07-02,FFX_2325,BW-BBG000BCVJ77,BAX,0.0070383525
2026-07-02,FFX_2325,BW-BBG000BCZYD3,BDX,0.025802694
2026-07-02,FFX_2325,BW-BBG000BFZVH8,CNMD,0.00046355516
2026-07-02,FFX_2325,BW-BBG000BG3445,COO,0.008545346
2026-07-02,FFX_2325,BW-BBG000BG5BL8,CRL,0.006735226
2026-07-02,FFX_2325,BW-BBG000BGX2S0,ATR,0.005122121
2026-07-02,FFX_2325,BW-BBG000BH3JF8,DHR,0.0746195
2026-07-02,FFX_2325,BW-BBG000BHHF34,DXR,7.5165276e-06
2026-07-02,FFX_2325,BW-BBG000BJBZK3,UFPT,0.0012208085
2026-07-02,FFX_2325,BW-BBG000BJPDZ1,ISRG,0.08718859
2026-07-02,FFX_2325,BW-BBG000BKH263,NEO,0.0008640838
2026-07-02,FFX_2325,BW-BBG000BKPL53,ZBH,0.0102431495
2026-07-02,FFX_2325,BW-BBG000BL6CB5,ATRC,0.0008957331
2026-07-02,FFX_2325,BW-BBG000BLRT07,IDXX,0.025915565
2026-07-02,FFX_2325,BW-BBG000BMC004,RMTI,0.00012394259
2026-07-02,FFX_2325,BW-BBG000BMQ161,KEQU,3.8148162e-05
2026-07-02,FFX_2325,BW-BBG000BN46R9,AXGN,0.0012532632
2026-07-02,FFX_2325,BW-BBG000BN84F3,DGX,0.014770406
2026-07-02,FFX_2325,BW-BBG000BNWG87,MDT,0.0622648
2026-07-02,FFX_2325,BW-BBG000BP3PW7,MLAB,0.0003439529
2026-07-02,FFX_2325,BW-BBG000BRNLL2,ALGN,0.0064055715
2026-07-02,FFX_2325,BW-BBG000BRXP69,EW,0.03259596
2026-07-02,FFX_2325,BW-BBG000BS48J3,RGEN,0.004133618
2026-07-02,FFX_2325,BW-BBG000BV59Y6,TFX,0.0015352507
2026-07-02,FFX_2325,BW-BBG000BVDLH9,TMO,0.11662137
2026-07-02,FFX_2325,BW-BBG000BW6JV4,ITGR,0.0019644764
2026-07-02,FFX_2325,BW-BBG000BX24N8,WST,0.015882334
2026-07-02,FFX_2325,BW-BBG000BX57K1,XRAY,0.0013612709
2026-07-02,FFX_2325,BW-BBG000BYGPJ9,CSBR,1.4936567e-05
2026-07-02,FFX_2325,BW-BBG000BZCKH3,MTD,0.016137354
2026-07-02,FFX_2325,BW-BBG000BZJQL8,IART,0.0008286685
2026-07-02,FFX_2325,BW-BBG000C0LW92,BSX,0.038889207
2026-07-02,FFX_2325,BW-BBG000C1BCK2,NEOG,0.00110027
2026-07-02,FFX_2325,BW-BBG000C2V3D6,A,0.020036709
2026-07-02,FFX_2325,BW-BBG000C30865,PDEX,7.035165e-05
2026-07-02,FFX_2325,BW-BBG000C42VX0,MMSI,0.002487801
2026-07-02,FFX_2325,BW-BBG000C4QB95,STAA,0.00086055894
2026-07-02,FFX_2325,BW-BBG000C58Q08,HBIO,1.5542597e-05
2026-07-02,FFX_2325,BW-BBG000C7TF41,HAE,0.0019965114
2026-07-02,FFX_2325,BW-BBG000CL1FG7,BRKR,0.0038602734
2026-07-02,FFX_2325,BW-BBG000CQV2N4,ICUI,0.002259488
2026-07-02,FFX_2325,BW-BBG000CXSF54,RDNT,0.003042232
2026-07-02,FFX_2325,BW-BBG000D94144,KRMD,8.947637e-05
2026-07-02,FFX_2325,BW-BBG000D9DMK0,LH,0.014153108
2026-07-02,FFX_2325,BW-BBG000D9H9F1,MYGN,0.00034783283
2026-07-02,FFX_2325,BW-BBG000DN7P92,SYK,0.070392124
2026-07-02,FFX_2325,BW-BBG000DSMS70,ILMN,0.010475839
2026-07-02,FFX_2325,BW-BBG000DY28W5,BIO,0.0035066162
2026-07-02,FFX_2325,BW-BBG000F4B671,APYX,0.00011243947
2026-07-02,FFX_2325,BW-BBG000FQRVM3,WAT,0.022795523
2026-07-02,FFX_2325,BW-BBG000G1C210,OFIX,0.00023187119
2026-07-02,FFX_2325,BW-BBG000HBVZX8,CERS,0.000314768
2026-07-02,FFX_2325,BW-BBG000HFDNW7,UTMD,0.00012438635
2026-07-02,FFX_2325,BW-BBG000HRJ8Q5,BLFS,0.0007047895
2026-07-02,FFX_2325,BW-BBG000J3D1Y8,OSUR,0.00017849532
2026-07-02,FFX_2325,BW-BBG000KLGDZ6,SMTI,7.971449e-05
2026-07-02,FFX_2325,BW-BBG000L4M7F1,RMD,0.017833956
2026-07-02,FFX_2325,BW-BBG000LY1HS2,LMAT,0.0012388224
2026-07-02,FFX_2325,BW-BBG000PNTXP0,CYRX,0.0004889181
2026-07-02,FFX_2325,BW-BBG000QTF8K1,DXCM,0.016306244
2026-07-02,FFX_2325,BW-BBG000R7XX87,PODD,0.0067680813
2026-07-02,FFX_2325,BW-BBG000WG2LQ1,GKOS,0.0049303635
2026-07-02,FFX_2325,BW-BBG0019V9M65,TNDM,0.0006625884
2026-07-02,FFX_2325,BW-BBG001B12Z39,TCMD,0.00039865545
2026-07-02,FFX_2325,BW-BBG001BP92V1,PEN,0.007360944
2026-07-02,FFX_2325,BW-BBG001J19V24,IRTC,0.0025055485
2026-07-02,FFX_2325,BW-BBG001J1BQ86,NTRA,0.023020143
2026-07-02,FFX_2325,BW-BBG001J2M542,VCYT,0.0023554608
2026-07-02,FFX_2325,BW-BBG001J414K6,SIBN,0.00045602993
2026-07-02,FFX_2325,BW-BBG001K7WBS9,NMTC,1.5596164e-05
2026-07-02,FFX_2325,BW-BBG00209SZJ7,INSP,0.00079928496
2026-07-02,FFX_2325,BW-BBG0021PH456,INGN,0.00011175483
2026-07-02,FFX_2325,BW-BBG0026ZJTQ9,OM,1.1007244e-05
2026-07-02,FFX_2325,BW-BBG0027NWBR8,PSNL,0.0008847686
2026-07-02,FFX_2325,BW-BBG0027NWC69,QTRX,0.00011618005
2026-07-02,FFX_2325,BW-BBG002V87SD0,GMED,0.005187644
2026-07-02,FFX_2325,BW-BBG00333FYS2,IQV,0.020116193
2026-07-02,FFX_2325,BW-BBG004HTR2D1,CODX,6.813932e-06
2026-07-02,FFX_2325,BW-BBG005L86G05,AVNS,0.00070535426
2026-07-02,FFX_2325,BW-BBG0065B7K59,MEDP,0.007126474
2026-07-02,FFX_2325,BW-BBG006D97VY9,GH,0.01328931
2026-07-02,FFX_2325,BW-BBG006JS5785,CDNA,0.0008498654
2026-07-02,FFX_2325,BW-BBG006KDCHJ4,TWST,0.0038708146
2026-07-02,FFX_2325,BW-BBG006NM92X2,IRMD,0.00048660758
2026-07-02,FFX_2325,BW-BBG006R93N12,ECOR,2.9546756e-05
2026-07-02,FFX_2325,BW-BBG006YWVSR3,CSTL,0.00044957487
2026-07-02,FFX_2325,BW-BBG0074FZRZ0,SRTS,2.7857233e-05
2026-07-02,FFX_2325,BW-BBG007WX14X0,TXG,0.0027609677
2026-07-02,FFX_2325,BW-BBG008LZG0Z5,SHC,0.0016768097
2026-07-02,FFX_2325,BW-BBG009LGHG16,LIVN,0.0027808575
2026-07-02,FFX_2325,BW-BBG009XW8PY2,NVCR,0.0005627554
2026-07-02,FFX_2325,BW-BBG00BR4Q8D7,SENS,8.9798006e-05
2026-07-02,FFX_2325,BW-BBG00BRBHVD0,PLSE,0.0004677308
2026-07-02,FFX_2325,BW-BBG00CZNLR47,VREX,0.00022123993
2026-07-02,FFX_2325,BW-BBG00D36Q0Z7,CTKB,0.0003290396
2026-07-02,FFX_2325,BW-BBG00D8550B3,BVS,0.00024024042
2026-07-02,FFX_2325,BW-BBG00DGWP2L8,PAVM,1.1063136e-06
2026-07-02,FFX_2325,BW-BBG00DR7LTG2,FLGT,0.00017227809
2026-07-02,FFX_2325,BW-BBG00FD4RCV3,NDRA,3.931044e-06
2026-07-02,FFX_2325,BW-BBG00G2HHYD7,AVTR,0.004197962
2026-07-02,FFX_2325,BW-BBG00HFFRW39,KIDS,0.00022006214
2026-07-02,FFX_2325,BW-BBG00JNKPJ36,VMD,0.00024290034
2026-07-02,FFX_2325,BW-BBG00KJQVGV3,AHCO,0.0007236233
2026-07-02,FFX_2325,BW-BBG00L8R3CR6,ESTA,0.0012716851
2026-07-02,FFX_2325,BW-BBG00LN4B5N0,NVST,0.0020143252
2026-07-02,FFX_2325,BW-BBG00MRHG523,STE,0.012672007
2026-07-02,FFX_2325,BW-BBG00NZ6J685,TMDX,0.0014056881
2026-07-02,FFX_2325,BW-BBG00PPS73P4,INMD,0.0005029207
2026-07-02,FFX_2325,BW-BBG00RLZ9M74,CTEV,0.0002306515
2026-07-02,FFX_2325,BW-BBG00Y1DFV91,MRVI,0.0008415749
2026-07-02,FFX_2325,BW-BBG00Z1TKRG8,TLSI,9.0947615e-05
2026-07-02,FFX_2325,BW-BBG012V27C29,AIRS,5.3809712e-05
2026-07-02,FFX_2325,BW-BBG014L7D4G1,EMBC,0.00012090141
2026-07-02,FFX_2325,BW-BBG017TGV7M2,QDEL,0.00075710594
2026-07-02,FFX_2325,BW-KYG0579E1035,ARTC,0.00021074196
2026-07-02,FFX_2405,BW-BBG000BB4D72,FLO,0.0061421166
2026-07-02,FFX_2405,BW-BBG000BB6WG8,ADM,0.12022021
2026-07-02,FFX_2405,BW-BBG000BBJR57,ALCO,0.0009401703
2026-07-02,FFX_2405,BW-BBG000BDPC13,LMNR,0.0007295221
2026-07-02,FFX_2405,BW-BBG000BDPZ58,BRID,3.792584e-05
2026-07-02,FFX_2405,BW-BBG000BDXGP9,CAG,0.02244175
2026-07-02,FFX_2405,BW-BBG000BFLXV3,PPC,0.0038916338
2026-07-02,FFX_2405,BW-BBG000BG4202,CPB,0.015036715
2026-07-02,FFX_2405,BW-BBG000BKCFC2,GIS,0.0688363
2026-07-02,FFX_2405,BW-BBG000BLF8D2,HRL,0.023919089
2026-07-02,FFX_2405,BW-BBG000BLHRS2,HSY,0.087031126
2026-07-02,FFX_2405,BW-BBG000BMGPW0,JJSF,0.0036504038
2026-07-02,FFX_2405,BW-BBG000BN8ZK8,DAR,0.02943253
2026-07-02,FFX_2405,BW-BBG000BNJTC9,LWAY,0.0005252088
2026-07-02,FFX_2405,BW-BBG000BT1715,SJM,0.03875875
2026-07-02,FFX_2405,BW-BBG000BVJNQ9,TR,0.0022393998
2026-07-02,FFX_2405,BW-BBG000BXPZB7,INGR,0.019444048
2026-07-02,FFX_2405,BW-BBG000CDMJW6,CALM,0.010874726
2026-07-02,FFX_2405,BW-BBG000CHPMY5,JBSS,0.0026004422
2026-07-02,FFX_2405,BW-BBG000D4LWF6,MDLZ,0.25000978
2026-07-02,FFX_2405,BW-BBG000DGPR66,BG,0.06583439
2026-07-02,FFX_2405,BW-BBG000DKCC19,TSN,0.05314965
2026-07-02,FFX_2405,BW-BBG000DQ1TN7,SENEA,0.0030294573
2026-07-02,FFX_2405,BW-BBG000G6Y5W4,MKC,0.04672978
2026-07-02,FFX_2405,BW-BBG000GB7DC8,JVA,5.6560886e-05
2026-07-02,FFX_2405,BW-BBG000KTYB56,CENTA,0.0014437493
2026-07-02,FFX_2405,BW-BBG000RKXRQ1,BGS,0.001051786
2026-07-02,FFX_2405,BW-BBG001D0HB36,FRPT,0.009042792
2026-07-02,FFX_2405,BW-BBG001WTBC36,POST,0.010671073
2026-07-02,FFX_2405,BW-BBG0034VYLG9,NGVC,0.001000314
2026-07-02,FFX_2405,BW-BBG003CVMLQ2,LW,0.020171173
2026-07-02,FFX_2405,BW-BBG005CPNTQ2,KHC,0.070674516
2026-07-02,FFX_2405,BW-BBG006XWWBL6,VITL,0.0014478292
2026-07-02,FFX_2405,BW-BBG00GVP5JL4,SMPL,0.003972675
2026-07-02,FFX_2405,BW-BBG013QNJHP8,BRBR,0.0049623623
2026-07-02,FFX_2420,BW-BBG000BCZBF1,SAM,0.0018654835
2026-07-02,FFX_2420,BW-BBG000BF8CB6,FIZZ,0.0010260905
2026-07-02,FFX_2420,BW-BBG000BG1SX2,COKE,0.015927173
2026-07-02,FFX_2420,BW-BBG000BMX289,KO,0.47385064
2026-07-02,FFX_2420,BW-BBG000BS7KS3,TAP,0.007827448
2026-07-02,FFX_2420,BW-BBG000BXK6C5,MGPI,0.0003357682
2026-07-02,FFX_2420,BW-BBG000DH7JK6,PEP,0.26244032
2026-07-02,FFX_2420,BW-BBG000J1QLT0,STZ,0.028163735
2026-07-02,FFX_2420,BW-BBG000NY37X4,CELH,0.009911348
2026-07-02,FFX_2420,BW-BBG000TJM7F0,KDP,0.061784744
2026-07-02,FFX_2420,BW-BBG008NVB1C0,MNST,0.120124616
2026-07-02,FFX_2420,BW-BBG012QFVSL3,COCO,0.0044377083
2026-07-02,FFX_2420,BW-US1156372096,BF-B,0.0123048555
2026-07-02,FFX_2430,BW-BBG000BP6LJ8,MO,0.29818308
2026-07-02,FFX_2430,BW-BBG000BW93R1,UVV,0.003248482
2026-07-02,FFX_2430,BW-BBG000J2XL74,PM,0.69455314
2026-07-02,FFX_2430,BW-BBG000LS03D3,XXII,1.7736543e-09
2026-07-02,FFX_2430,BW-BBG000V76MQ6,TPB,0.0040153144
2026-07-02,FFX_2435,BW-BBG000BFJT36,CHD,0.039094616
2026-07-02,FFX_2435,BW-BBG000BFQYY3,CL,0.12516843
2026-07-02,FFX_2435,BW-BBG000BFS7D3,CLX,0.019497022
2026-07-02,FFX_2435,BW-BBG000BLDV98,HRB,0.008247291
2026-07-02,FFX_2435,BW-BBG000BMW2Z0,KMB,0.062429164
2026-07-02,FFX_2435,BW-BBG000BQC9V2,NWL,0.0041586473
2026-07-02,FFX_2435,BW-BBG000BR2TH3,PG,0.5792864
2026-07-02,FFX_2435,BW-BBG000BRW644,EPC,0.002033551
2026-07-02,FFX_2435,BW-BBG000BSBBP1,ROL,0.019792922
2026-07-02,FFX_2435,BW-BBG000BTHH16,SCI,0.017372288
2026-07-02,FFX_2435,BW-BBG000BWBW76,MED,0.00019437251
2026-07-02,FFX_2435,BW-BBG000BX28M0,USNA,0.00037950758
2026-07-02,FFX_2435,BW-BBG000BZDLX2,ZIVO,1.9245505e-05
2026-07-02,FFX_2435,BW-BBG000C05DV7,NATR,0.00050324237
2026-07-02,FFX_2435,BW-BBG000C24TS3,MTEX,9.219649e-06
2026-07-02,FFX_2435,BW-BBG000C2XCD4,UG,5.474759e-05
2026-07-02,FFX_2435,BW-BBG000CDJHR0,LFVN,0.00013301475
2026-07-02,FFX_2435,BW-BBG000D61MB9,ODC,0.0017617777
2026-07-02,FFX_2435,BW-BBG000DS5588,SPB,0.0030499743
2026-07-02,FFX_2435,BW-BBG000FKJRC5,EL,0.03171747
2026-07-02,FFX_2435,BW-BBG000G12J78,VERU,7.64874e-05
2026-07-02,FFX_2435,BW-BBG000GCSWR5,IPAR,0.0035343557
2026-07-02,FFX_2435,BW-BBG000HG21Y3,NUS,0.00043253007
2026-07-02,FFX_2435,BW-BBG000MM5VL9,HLF,0.0019725265
2026-07-02,FFX_2435,BW-BBG000QQFN33,FTLF,7.249584e-05
2026-07-02,FFX_2435,BW-BBG00DQ6VYP3,ELF,0.0054338076
2026-07-02,FFX_2435,BW-BBG00H9MNDZ2,FTDR,0.009171331
2026-07-02,FFX_2435,BW-BBG00QVJVYB5,REYN,0.0024910043
2026-07-02,FFX_2435,BW-BBG01C79X561,KVUE,0.061912615
2026-07-02,FFX_2440,BW-BBG000BD9525,BKE,0.0030830938
2026-07-02,FFX_2440,BW-BBG000BF20N5,RCKY,0.0007101149
2026-07-02,FFX_2440,BW-BBG000BFF550,CULP,7.2899806e-05
2026-07-02,FFX_2440,BW-BBG000BGXZB5,AEO,0.006082189
2026-07-02,FFX_2440,BW-BBG000BKKQ84,COLM,0.0035019882
2026-07-02,FFX_2440,BW-BBG000BKXYX5,DECK,0.032125507
2026-07-02,FFX_2440,BW-BBG000BL30Y9,MOV,0.0009368575
2026-07-02,FFX_2440,BW-BBG000BL79J3,URBN,0.010061421
2026-07-02,FFX_2440,BW-BBG000BLV2Q3,SHOO,0.006976487
2026-07-02,FFX_2440,BW-BBG000BLY663,CROX,0.012333937
2026-07-02,FFX_2440,BW-BBG000BN1807,LAKE,0.0002668874
2026-07-02,FFX_2440,BW-BBG000BQDF10,LEVI,0.0059648566
2026-07-02,FFX_2440,BW-BBG000BQPRQ4,OXM,0.0008454749
2026-07-02,FFX_2440,BW-BBG000BRRG02,PVH,0.008513675
2026-07-02,FFX_2440,BW-BBG000BRWWH3,AIN,0.0049068313
2026-07-02,FFX_2440,BW-BBG000BS0ZF1,RL,0.036156446
2026-07-02,FFX_2440,BW-BBG000BSBZH7,ROST,0.15526316
2026-07-02,FFX_2440,BW-BBG000BSV7D1,SGC,0.0003331042
2026-07-02,FFX_2440,BW-BBG000BV8DN6,TJX,0.38433805
2026-07-02,FFX_2440,BW-BBG000BWCKB6,VFC,0.013851997
2026-07-02,FFX_2440,BW-BBG000BX2YN2,WWW,0.0030349067
2026-07-02,FFX_2440,BW-BBG000BXM6V2,UAA,0.0062157004
2026-07-02,FFX_2440,BW-BBG000BY29C7,TPR,0.060173307
2026-07-02,FFX_2440,BW-BBG000C2YZ60,GIII,0.003868503
2026-07-02,FFX_2440,BW-BBG000C37332,FOSL,0.0005725985
2026-07-02,FFX_2440,BW-BBG000C48RJ9,UFI,0.00017968322
2026-07-02,FFX_2440,BW-BBG000C50012,SIG,0.007572048
2026-07-02,FFX_2440,BW-BBG000C5HS04,NKE,0.1234745
2026-07-02,FFX_2440,BW-BBG000CTM4J9,CRI,0.0021421658
2026-07-02,FFX_2440,BW-BBG000CYSFS7,CAL,0.0009469268
2026-07-02,FFX_2440,BW-BBG000H9G7X2,ANF,0.009059649
2026-07-02,FFX_2440,BW-BBG000R50SY9,VRA,0.00018799232
2026-07-02,FFX_2440,BW-BBG000R8ZVD1,LULU,0.022547787
2026-07-02,FFX_2440,BW-BBG0029SNR63,CPRI,0.0048644166
2026-07-02,FFX_2440,BW-BBG0046L1KL9,SFIX,0.0005271725
2026-07-02,FFX_2440,BW-BBG004FPDNZ6,REAL,0.0031824748
2026-07-02,FFX_2440,BW-BBG004S641N5,BURL,0.04544742
2026-07-02,FFX_2440,BW-BBG005BPGN11,VNCE,7.850713e-05
2026-07-02,FFX_2440,BW-BBG0077SYZV6,BOOT,0.008743726
2026-07-02,FFX_2440,BW-BBG00HWHP8Q6,JRSH,7.278921e-05
2026-07-02,FFX_2440,BW-BBG00LPTHYD5,KTB,0.010676421
2026-07-02,FFX_2440,BW-BBG011PTS772,COOK,0.0001009002
2026-07-02,FFX_2440,BW-BBG012GNVTG1,FGI,5.395135e-06
2026-07-02,FFX_3105,BW-BBG000BH5LT6,RIG,0.30634412
2026-07-02,FFX_3105,BW-BBG000BKXFN7,PTEN,0.18485993
2026-07-02,FFX_3105,BW-BBG000BLCPY4,HP,0.17555533
2026-07-02,FFX_3105,BW-BBG000BZTW70,NBR,0.062224932
2026-07-02,FFX_3105,BW-BBG018KBK3G8,NE,0.27101564
2026-07-02,FFX_3110,BW-BBG000BD1DT7,DWSN,0.00018468167
2026-07-02,FFX_3110,BW-BBG000BDDN94,OIS,0.002134072
2026-07-02,FFX_3110,BW-BBG000BDLPF3,BOOM,0.00060194894
2026-07-02,FFX_3110,BW-BBG000BJX8C8,NOV,0.031227533
2026-07-02,FFX_3110,BW-BBG000BKTFN2,HAL,0.11673915
2026-07-02,FFX_3110,BW-BBG000BS3047,RES,0.0025581245
2026-07-02,FFX_3110,BW-BBG000BT4384,SLB,0.32915926
2026-07-02,FFX_3110,BW-BBG000BVDBY2,INVX,0.004510114
2026-07-02,FFX_3110,BW-BBG000C4TPX4,MTRX,0.0017630862
2026-07-02,FFX_3110,BW-BBG000CPBCL8,OII,0.016741358
2026-07-02,FFX_3110,BW-BBG000FK4SZ4,GEOS,0.0004165049
2026-07-02,FFX_3110,BW-BBG000FSY520,ESOA,0.0012753754
2026-07-02,FFX_3110,BW-BBG000HGQ5N0,NGS,0.0014083637
2026-07-02,FFX_3110,BW-BBG000J7Q1L9,HLX,0.0055469037
2026-07-02,FFX_3110,BW-BBG000JKCWS0,CLB,0.0024172596
2026-07-02,FFX_3110,BW-BBG000PDVKL1,FET,0.0024961669
2026-07-02,FFX_3110,BW-BBG000RWH1V4,AROC,0.032359514
2026-07-02,FFX_3110,BW-BBG001QYKF35,USAC,0.012107685
2026-07-02,FFX_3110,BW-BBG001S58GW6,ASPN,0.00237109
2026-07-02,FFX_3110,BW-BBG001YH8PR9,VTOL,0.0050709774
2026-07-02,FFX_3110,BW-BBG004P1F656,SND,0.00065652566
2026-07-02,FFX_3110,BW-BBG009KJ2H24,CVEO,0.001600234
2026-07-02,FFX_3110,BW-BBG00BKY9L66,SMHI,0.0008392533
2026-07-02,FFX_3110,BW-BBG00DL8NMV2,FTI,0.08625582
2026-07-02,FFX_3110,BW-BBG00DR7R3D6,TUSK,0.00038950043
2026-07-02,FFX_3110,BW-BBG00FYCQ352,PUMP,0.00663648
2026-07-02,FFX_3110,BW-BBG00G4Y2DC1,WTTR,0.010098094
2026-07-02,FFX_3110,BW-BBG00G6DYB34,NCSM,0.00017629044
2026-07-02,FFX_3110,BW-BBG00GBVBK51,BKR,0.25943407
2026-07-02,FFX_3110,BW-BBG00GK831B6,LBRT,0.018529838
2026-07-02,FFX_3110,BW-BBG00GSFNCD4,RNGR,0.001578173
2026-07-02,FFX_3110,BW-BBG00HBQ35R8,TDW,0.0004775804
2026-07-02,FFX_3110,BW-BBG00JRH1P95,WHD,0.016553681
2026-07-02,FFX_3110,BW-BBG00WH44HY3,MIND,2.8588121e-05
2026-07-02,FFX_3110,BW-BBG01DSV0616,AESI,0.0063529676
2026-07-02,FFX_3110,BW-BBG01G4G6XV0,KGS,0.019303672
2026-07-02,FFX_3115,BW-BBG000BB1TH9,FLR,0.018983465
2026-07-02,FFX_3115,BW-BBG000BBL8V7,PWR,0.2857655
2026-07-02,FFX_3115,BW-BBG000BBLPH5,PRIM,0.013919546
2026-07-02,FFX_3115,BW-BBG000BBRPL4,EME,0.070396565
2026-07-02,FFX_3115,BW-BBG000BC7VW9,MYRG,0.016858067
2026-07-02,FFX_3115,BW-BBG000BD1QL6,AMRC,0.0024171313
2026-07-02,FFX_3115,BW-BBG000BG8N39,ORN,0.001730498
2026-07-02,FFX_3115,BW-BBG000BQXHV1,TPC,0.009729886
2026-07-02,FFX_3115,BW-BBG000BWN2Y9,FIX,0.17879023
2026-07-02,FFX_3115,BW-BBG000BYZ0Q5,TTEK,0.020383053
2026-07-02,FFX_3115,BW-BBG000C4SKT1,DY,0.038709946
2026-07-02,FFX_3115,BW-BBG000DVB833,GVA,0.018135196
2026-07-02,FFX_3115,BW-BBG000DYXD23,MTZ,0.065292105
2026-07-02,FFX_3115,BW-BBG000F31Z34,EXPO,0.008219868
2026-07-02,FFX_3115,BW-BBG000F61RJ8,ACM,0.023573946
2026-07-02,FFX_3115,BW-BBG000FLVLF9,NWPX,0.0032802832
2026-07-02,FFX_3115,BW-BBG000JD6TN5,STRL,0.0641704
2026-07-02,FFX_3115,BW-BBG000K4J3T0,AGX,0.025106745
2026-07-02,FFX_3115,BW-BBG000P28YZ6,KBR,0.01180361
2026-07-02,FFX_3115,BW-BBG000PHV438,IESC,0.016101489
2026-07-02,FFX_3115,BW-BBG006G0NGC4,LMB,0.0023950993
2026-07-02,FFX_3115,BW-BBG00HXKRGY9,APG,0.029961616
2026-07-02,FFX_3115,BW-BBG00JGMWFM9,ACA,0.01965204
2026-07-02,FFX_3115,BW-BBG00KK0CFX9,ROAD,0.014441508
2026-07-02,FFX_3115,BW-BBG00M8BB0W0,BBCP,0.0006966992
2026-07-02,FFX_3115,BW-BBG019C1BQR4,J,0.0394041
2026-07-02,FFX_3115,BW-BBG01JN8VS80,SHIM,8.1380014e-05
2026-07-02,FFX_3120,BW-BBG000BFRRX8,CLH,0.069187015
2026-07-02,FFX_3120,BW-BBG000BJXWX2,FSS,0.036211647
2026-07-02,FFX_3120,BW-BBG000BPXVJ6,RSG,0.31445563
2026-07-02,FFX_3120,BW-BBG000BT0J38,CWST,0.045208067
2026-07-02,FFX_3120,BW-BBG000BWVSR1,WM,0.42995423
2026-07-02,FFX_3120,BW-BBG019Q32XJ9,VLTO,0.10498336
2026-07-02,FFX_3130,BW-BBG000BQHGR6,OKE,0.18432023
2026-07-02,FFX_3130,BW-BBG000BWVCP8,WMB,0.26820105
2026-07-02,FFX_3130,BW-BBG0015XMW40,TRGP,0.18470995
2026-07-02,FFX_3130,BW-BBG0019JZ882,KMI,0.2103246
2026-07-02,FFX_3130,BW-BBG003MN93C9,INSW,0.013139922
2026-07-02,FFX_3130,BW-BBG006476H39,LPG,0.0044160136
2026-07-02,FFX_3130,BW-BBG006G57XG0,VNOM,0.04083781
2026-07-02,FFX_3130,BW-BBG00GBNZ4M0,AM,0.025622632
2026-07-02,FFX_3130,BW-BBG00GCLZ7B8,KNTK,0.019118285
2026-07-02,FFX_3130,BW-BBG0112Z58J3,DTM,0.049309544
2026-07-02,FFX_3205,BW-BBG000B9YYH7,ABM,0.008606876
2026-07-02,FFX_3205,BW-BBG000BBXVK5,ICFI,0.0043274313
2026-07-02,FFX_3205,BW-BBG000BC5WJ4,MMS,0.00930831
2026-07-02,FFX_3205,BW-BBG000BCRB60,AXR,0.00031991157
2026-07-02,FFX_3205,BW-BBG000BCZL41,VRSK,0.07867357
2026-07-02,FFX_3205,BW-BBG000BGRMX7,PESI,0.0008829747
2026-07-02,FFX_3205,BW-BBG000BHJSC4,BBSI,0.0029710797
2026-07-02,FFX_3205,BW-BBG000BHJZF5,EBF,0.0017703134
2026-07-02,FFX_3205,BW-BBG000BHPL78,EFX,0.064523146
2026-07-02,FFX_3205,BW-BBG000BHYLP8,RGP,0.0004722702
2026-07-02,FFX_3205,BW-BBG000BHZYZ8,INOD,0.007570641
2026-07-02,FFX_3205,BW-BBG000BJ41X2,NSP,0.005504713
2026-07-02,FFX_3205,BW-BBG000BLTV73,TILE,0.0068011098
2026-07-02,FFX_3205,BW-BBG000BM9RH1,CPRT,0.08174332
2026-07-02,FFX_3205,BW-BBG000BMNC97,KELYA,0.0013567137
2026-07-02,FFX_3205,BW-BBG000BNMHS4,MAN,0.0068682246
2026-07-02,FFX_3205,BW-BBG000BP69N0,TBI,0.0007338756
2026-07-02,FFX_3205,BW-BBG000BQ0543,NL,0.00016834294
2026-07-02,FFX_3205,BW-BBG000BQTMJ9,PBI,0.007957863
2026-07-02,FFX_3205,BW-BBG000BR2040,TNET,0.0051019774
2026-07-02,FFX_3205,BW-BBG000BRYSR9,RCMT,0.0003894974
2026-07-02,FFX_3205,BW-BBG000BS5DR2,RHI,0.010870281
2026-07-02,FFX_3205,BW-BBG000BVCV15,TISI,0.00013360227
2026-07-02,FFX_3205,BW-BBG000BW29L1,UNF,0.012816913
2026-07-02,FFX_3205,BW-BBG000BWG2F8,VIRC,0.0002832098
2026-07-02,FFX_3205,BW-BBG000C1DF05,RBA,0.06954106
2026-07-02,FFX_3205,BW-BBG000C1LZX6,CRAI,0.0029736846
2026-07-02,FFX_3205,BW-BBG000C5QMB5,KFY,0.0083486475
2026-07-02,FFX_3205,BW-BBG000C7QK61,HNI,0.006796713
2026-07-02,FFX_3205,BW-BBG000CX0P89,GPN,0.06750541
2026-07-02,FFX_3205,BW-BBG000CX93B5,HQI,0.0002967316
2026-07-02,FFX_3205,BW-BBG000DGLTG5,DLB,0.006563305
2026-07-02,FFX_3205,BW-BBG000DNV5K6,HDSN,0.0007650398
2026-07-02,FFX_3205,BW-BBG000DQF1G1,MG,0.0011870264
2026-07-02,FFX_3205,BW-BBG000F83JZ2,AZZ,0.014742654
2026-07-02,FFX_3205,BW-BBG000FC3ZL2,QUAD,0.0009155307
2026-07-02,FFX_3205,BW-BBG000FCZM90,FC,0.0007862052
2026-07-02,FFX_3205,BW-BBG000FLHZZ2,WCN,0.13979445
2026-07-02,FFX_3205,BW-BBG000FQD1Z0,CBZ,0.005222147
2026-07-02,FFX_3205,BW-BBG000G19HR3,DLHC,0.00015279495
2026-07-02,FFX_3205,BW-BBG000H3YXF8,CTAS,0.2331952
2026-07-02,FFX_3205,BW-BBG000HGNYG8,FORR,0.00034142405
2026-07-02,FFX_3205,BW-BBG000J06K07,ACCO,0.0013165219
2026-07-02,FFX_3205,BW-BBG000K88H58,FCN,0.012313385
2026-07-02,FFX_3205,BW-BBG000KF9J02,ACTG,0.0005431328
2026-07-02,FFX_3205,BW-BBG000LK07B3,KFRC,0.0024919868
2026-07-02,FFX_3205,BW-BBG000PV2M48,HURN,0.005165803
2026-07-02,FFX_3205,BW-BBG000Q1CKB8,WLDN,0.0036243892
2026-07-02,FFX_3205,BW-BBG000Q218R8,III,0.00056857854
2026-07-02,FFX_3205,BW-BBG000Q889B3,WFCF,0.00011894225
2026-07-02,FFX_3205,BW-BBG000QXXMF7,LQDT,0.003154512
2026-07-02,FFX_3205,BW-BBG000R2YFG7,BAH,0.022450782
2026-07-02,FFX_3205,BW-BBG001KY4N87,ARMK,0.049329523
2026-07-02,FFX_3205,BW-BBG0057GTG80,KODK,0.0024215574
2026-07-02,FFX_3205,BW-BBG005DLS9N2,BGSF,0.00020527781
2026-07-02,FFX_3205,BW-BBG00R0TMXH1,CMPR,0.008423349
2026-07-02,FFX_3205,BW-BBG00YN8NCD6,DRVN,0.0027157548
2026-07-02,FFX_3205,BW-BBG011J0CV21,FA,0.0050422368
2026-07-02,FFX_3205,BW-BBG012S2R9J0,AERT,0.00031927114
2026-07-02,FFX_3205,BW-BBG01K02D4G9,NCI,2.9866402e-05
2026-07-02,FFX_3205,BW-US4710241096,JAN,0.00048088835
2026-07-02,FFX_3235,BW-BBG000BDNV95,BRC,0.11147965
2026-07-02,FFX_3235,BW-BBG000BJSJT2,CXW,0.085721314
2026-07-02,FFX_3235,BW-BBG000BPDXF8,MSA,0.18912452
2026-07-02,FFX_3235,BW-BBG000BQ6CT5,NSSC,0.037287805
2026-07-02,FFX_3235,BW-BBG000DR5QP5,BCO,0.11509911
2026-07-02,FFX_3235,BW-BBG000GC0TZ3,GEO,0.11490932
2026-07-02,FFX_3235,BW-BBG003PS7JV1,ALLE,0.34637824
2026-07-02,FFX_3255,BW-BBG000BBHHP9,AIT,0.04960448
2026-07-02,FFX_3255,BW-BBG000BCLYL9,MSM,0.023832945
2026-07-02,FFX_3255,BW-BBG000BCVG28,POOL,0.031247513
2026-07-02,FFX_3255,BW-BBG000BJ8YN7,FAST,0.22657959
2026-07-02,FFX_3255,BW-BBG000BKR1D6,GWW,0.2186235
2026-07-02,FFX_3255,BW-BBG000BN2HQ8,DSGR,0.0010478888
2026-07-02,FFX_3255,BW-BBG000BP02D2,MGRC,0.012090298
2026-07-02,FFX_3255,BW-BBG000BVLWW9,TRNS,0.0034946548
2026-07-02,FFX_3255,BW-BBG000D0FNV3,WCC,0.06277391
2026-07-02,FFX_3255,BW-BBG000DJN7L9,WSO,0.059743043
2026-07-02,FFX_3255,BW-BBG000FNRZ69,HRI,0.019388208
2026-07-02,FFX_3255,BW-BBG000GZGZR0,BXC,0.001960815
2026-07-02,FFX_3255,BW-BBG000H105D2,WLFC,0.0038260699
2026-07-02,FFX_3255,BW-BBG000HTY991,DXPE,0.00851518
2026-07-02,FFX_3255,BW-BBG000KFPB56,GIC,0.0018608478
2026-07-02,FFX_3255,BW-BBG000RWSF05,TITN,0.0016906692
2026-07-02,FFX_3255,BW-BBG005BLN209,DNOW,0.009679013
2026-07-02,FFX_3255,BW-BBG009T22D49,SITE,0.019648816
2026-07-02,FFX_3255,BW-BBG00HLCWDF2,CTOS,0.00270773
2026-07-02,FFX_3255,BW-BBG00HY28K89,REZI,0.019311203
2026-07-02,FFX_3255,BW-BBG00NZ6JVD4,ALTG,0.0006327201
2026-07-02,FFX_3255,BW-BBG00P5M4V07,FERG,0.18679678
2026-07-02,FFX_3255,BW-BBG01163K2X0,CNM,0.034944165
2026-07-02,FFX_3265,BW-BBG000BCD3D5,ARW,0.26095733
2026-07-02,FFX_3265,BW-BBG000BCPB71,AVT,0.17272118
2026-07-02,FFX_3265,BW-BBG000BHTPZ4,SCSC,0.02582202
2026-07-02,FFX_3265,BW-BBG000BX74M4,CNXN,0.020085678
2026-07-02,FFX_3265,BW-BBG000CL9JV4,SNX,0.44197625
2026-07-02,FFX_3265,BW-BBG000DY3K39,NSIT,0.07843758
2026-07-02,FFX_3308,BW-BBG000BB65D0,IT,0.020287048
2026-07-02,FFX_3308,BW-BBG000BBDV81,CTSH,0.03901102
2026-07-02,FFX_3308,BW-BBG000BBLQV7,HCKT,0.0003530787
2026-07-02,FFX_3308,BW-BBG000BGH994,CSPI,0.00011893181
2026-07-02,FFX_3308,BW-BBG000BK2F42,FIS,0.04342874
2026-07-02,FFX_3308,BW-BBG000BLNNH6,IBM,0.5441776
2026-07-02,FFX_3308,BW-BBG000BMH2Q7,JKHY,0.020933827
2026-07-02,FFX_3308,BW-BBG000BMXK89,VYX,0.0023509883
2026-07-02,FFX_3308,BW-BBG000BR52Q9,PAYS,0.0006844019
2026-07-02,FFX_3308,BW-BBG000C23PB0,LDOS,0.025753532
2026-07-02,FFX_3308,BW-BBG000C3TKY6,PSN,0.005966147
2026-07-02,FFX_3308,BW-BBG000D9D830,ACN,0.16406743
2026-07-02,FFX_3308,BW-BBG000GPDT80,CXDO,0.00029608278
2026-07-02,FFX_3308,BW-BBG000KQY8Y7,CACI,0.020785376
2026-07-02,FFX_3308,BW-BBG000MHTV89,EPAM,0.00869673
2026-07-02,FFX_3308,BW-BBG000NS3P30,EXLS,0.008017388
2026-07-02,FFX_3308,BW-BBG000PPFKQ7,BR,0.03282437
2026-07-02,FFX_3308,BW-BBG000RQBFV2,G,0.009611896
2026-07-02,FFX_3308,BW-BBG001P63B80,CDW,0.035627972
2026-07-02,FFX_3308,BW-BBG003BW05K6,SAIC,0.008853685
2026-07-02,FFX_3308,BW-BBG00FN64XT9,DXC,0.003094748
2026-07-02,FFX_3308,BW-BBG00G4XQ9Z1,VRRM,0.0012875516
2026-07-02,FFX_3308,BW-BBG00MDLZN92,GDYN,0.00069944
2026-07-02,FFX_3308,BW-BBG00RCNQMX3,CNXC,0.0024884418
2026-07-02,FFX_3308,BW-BBG00YJKWXD8,NABL,0.00058354577
2026-07-02,FFX_3310,BW-BBG000BB4HM6,RAMP,0.0007441274
2026-07-02,FFX_3310,BW-BBG000BB5006,ADBE,0.012584375
2026-07-02,FFX_3310,BW-BBG000BCMBG4,FTNT,0.015191622
2026-07-02,FFX_3310,BW-BBG000BCXN49,CASS,0.000120136916
2026-07-02,FFX_3310,BW-BBG000BFV758,MANH,0.0015865725
2026-07-02,FFX_3310,BW-BBG000BG88X9,CVLT,0.0011023609
2026-07-02,FFX_3310,BW-BBG000BGGTW5,BLKB,0.00014240784
2026-07-02,FFX_3310,BW-BBG000BGKHZ3,VRSN,0.002620031
2026-07-02,FFX_3310,BW-BBG000BH2JM1,GEN,0.002605674
2026-07-02,FFX_3310,BW-BBG000BH5DV1,INTU,0.013123874
2026-07-02,FFX_3310,BW-BBG000BH5KW4,DJCO,0.00015535128
2026-07-02,FFX_3310,BW-BBG000BHHR29,BKYI,7.958538e-08
2026-07-02,FFX_3310,BW-BBG000BJ3R48,OSPN,0.00010043775
2026-07-02,FFX_3310,BW-BBG000BJQWD2,AKAM,0.0029350475
2026-07-02,FFX_3310,BW-BBG000BM2FL9,ET,0.010913415
2026-07-02,FFX_3310,BW-BBG000BM7HL0,ADSK,0.007769136
2026-07-02,FFX_3310,BW-BBG000BMNBY1,EEFT,0.0004776804
2026-07-02,FFX_3310,BW-BBG000BN2DC2,CRM,0.019215131
2026-07-02,FFX_3310,BW-BBG000BP25X1,VHC,8.279904e-06
2026-07-02,FFX_3310,BW-BBG000BP3D45,MITK,0.00015790715
2026-07-02,FFX_3310,BW-BBG000BPH459,MSFT,0.5258521
2026-07-02,FFX_3310,BW-BBG000BQLTW7,ORCL,0.04082949
2026-07-02,FFX_3310,BW-BBG000BQSQ38,PAYX,0.0061292225
2026-07-02,FFX_3310,BW-BBG000BR74W6,AGYS,0.00045080803
2026-07-02,FFX_3310,BW-BBG000BRP9K8,PAR,0.0001398202
2026-07-02,FFX_3310,BW-BBG000BSFRF3,SNPS,0.013540587
2026-07-02,FFX_3310,BW-BBG000BVWZF9,TYL,0.0024205267
2026-07-02,FFX_3310,BW-BBG000BVZP59,WEX,0.00091713003
2026-07-02,FFX_3310,BW-BBG000BW0R88,UIS,4.6601523e-05
2026-07-02,FFX_3310,BW-BBG000C03573,EGAN,2.4210924e-05
2026-07-02,FFX_3310,BW-BBG000C136Z8,NTCT,0.0005534219
2026-07-02,FFX_3310,BW-BBG000C13CD9,CDNS,0.019402679
2026-07-02,FFX_3310,BW-BBG000C2VBB0,PTC,0.00256582
2026-07-02,FFX_3310,BW-BBG000C4QP94,PRGS,0.0002963451
2026-07-02,FFX_3310,BW-BBG000CXYSZ6,FFIV,0.0044465805
2026-07-02,FFX_3310,BW-BBG000CYCKR4,PDFS,0.00038088168
2026-07-02,FFX_3310,BW-BBG000D1LXG9,NTWK,9.064669e-06
2026-07-02,FFX_3310,BW-BBG000D64596,DUOT,3.8831742e-05
2026-07-02,FFX_3310,BW-BBG000DFX8S7,TRAK,2.0364625e-05
2026-07-02,FFX_3310,BW-BBG000DW76Y6,FICO,0.004187797
2026-07-02,FFX_3310,BW-BBG000F1ZSN5,ROP,0.0066928514
2026-07-02,FFX_3310,BW-BBG000FP1N32,NTAP,0.0041842405
2026-07-02,FFX_3310,BW-BBG000G9F1Z5,DMRC,2.9972914e-05
2026-07-02,FFX_3310,BW-BBG000GPXKX9,CPAY,0.004059959
2026-07-02,FFX_3310,BW-BBG000GQJPZ0,MSTR,0.0044606975
2026-07-02,FFX_3310,BW-BBG000H1RYG7,PEGA,0.00052746374
2026-07-02,FFX_3310,BW-BBG000HLJ7M4,IDCC,0.0013350722
2026-07-02,FFX_3310,BW-BBG000HN7W02,PLUS,0.00039461176
2026-07-02,FFX_3310,BW-BBG000HT5G06,QLYS,0.000674994
2026-07-02,FFX_3310,BW-BBG000HZ3562,APPS,0.0002914719
2026-07-02,FFX_3310,BW-BBG000J094P3,RNG,0.00056153355
2026-07-02,FFX_3310,BW-BBG000J187K0,EVTC,0.00033119842
2026-07-02,FFX_3310,BW-BBG000JG0547,ADP,0.017534148
2026-07-02,FFX_3310,BW-BBG000JT96H4,ASUR,4.095156e-05
2026-07-02,FFX_3310,BW-BBG000K712R6,OTEX,0.0010006117
2026-07-02,FFX_3310,BW-BBG000M1R011,NOW,0.016691165
2026-07-02,FFX_3310,BW-BBG000N7KJX8,DOCU,0.0016349101
2026-07-02,FFX_3310,BW-BBG000N7MZ06,HUBS,0.0017661058
2026-07-02,FFX_3310,BW-BBG000PMBV39,ACIW,0.0006791693
2026-07-02,FFX_3310,BW-BBG000PMSK08,BOX,0.0006848211
2026-07-02,FFX_3310,BW-BBG000PXJB68,CALX,0.00027732342
2026-07-02,FFX_3310,BW-BBG000PZGB75,SPSC,0.00040109662
2026-07-02,FFX_3310,BW-BBG000Q1PX08,SSTI,1.6847513e-05
2026-07-02,FFX_3310,BW-BBG000Q9Y1B9,DHX,2.6296342e-05
2026-07-02,FFX_3310,BW-BBG000R0L5J4,TDC,0.000592126
2026-07-02,FFX_3310,BW-BBG000RJ2J04,SSNC,0.0024577917
2026-07-02,FFX_3310,BW-BBG000V9M448,DTST,7.916643e-07
2026-07-02,FFX_3310,BW-BBG000VC0T95,WDAY,0.005104292
2026-07-02,FFX_3310,BW-BBG0014GJCT9,PANW,0.052786518
2026-07-02,FFX_3310,BW-BBG0018SLC07,XYZ,0.008384045
2026-07-02,FFX_3310,BW-BBG0018SLDN0,DBX,0.0005264846
2026-07-02,FFX_3310,BW-BBG001C7PM75,GWRE,0.0014997172
2026-07-02,FFX_3310,BW-BBG001C7PMJ2,APPN,0.0002748129
2026-07-02,FFX_3310,BW-BBG001K003W2,BAND,0.00034471846
2026-07-02,FFX_3310,BW-BBG001K1CT23,SPT,7.9542515e-05
2026-07-02,FFX_3310,BW-BBG001KHJM17,FIVN,0.0001901508
2026-07-02,FFX_3310,BW-BBG001MKZGY7,YEXT,6.4875654e-05
2026-07-02,FFX_3310,BW-BBG001NDW1Z7,NTNX,0.00233833
2026-07-02,FFX_3310,BW-BBG001WMKHH5,NET,0.008506261
2026-07-02,FFX_3310,BW-BBG001Y04TN6,VRNS,0.0008693171
2026-07-02,FFX_3310,BW-BBG001YV1SM4,OKTA,0.004212982
2026-07-02,FFX_3310,BW-BBG0022FDRY8,MDB,0.0052939653
2026-07-02,FFX_3310,BW-BBG0026ZJ304,PCOR,0.0009520282
2026-07-02,FFX_3310,BW-BBG0029KJVB0,BL,0.00029818382
2026-07-02,FFX_3310,BW-BBG0029ZX840,TWLO,0.005570111
2026-07-02,FFX_3310,BW-BBG002B04MT8,UBER,0.026487669
2026-07-02,FFX_3310,BW-BBG002ZQLQB6,AEYE,1.3058338e-05
2026-07-02,FFX_3310,BW-BBG003338H34,ZS,0.0025401197
2026-07-02,FFX_3310,BW-BBG003NJHZT9,DDOG,0.015534445
2026-07-02,FFX_3310,BW-BBG0042V6JM8,ZM,0.004269878
2026-07-02,FFX_3310,BW-BBG004M9ZHX5,LYFT,0.0009910937
2026-07-02,FFX_3310,BW-BBG004NLQHL0,FSLY,0.0005252582
2026-07-02,FFX_3310,BW-BBG0056JW5G6,U,0.0021966656
2026-07-02,FFX_3310,BW-BBG005KC3JR5,UPLD,2.2329981e-05
2026-07-02,FFX_3310,BW-BBG005ZVK9P2,QTWO,0.000584907
2026-07-02,FFX_3310,BW-BBG0060K22C1,ATEN,0.000503398
2026-07-02,FFX_3310,BW-BBG0064N0ZZ5,PAYC,0.0010676217
2026-07-02,FFX_3310,BW-BBG006598YS8,PCTY,0.0008985465
2026-07-02,FFX_3310,BW-BBG006MDLY05,GDDY,0.0020838534
2026-07-02,FFX_3310,BW-BBG007BVZ8H9,WK,0.0004833197
2026-07-02,FFX_3310,BW-BBG007DHGNJ4,SNOW,0.01660223
2026-07-02,FFX_3310,BW-BBG007GNPYY7,ALRM,0.00029495
2026-07-02,FFX_3310,BW-BBG008GC8CP6,APPF,0.0010747855
2026-07-02,FFX_3310,BW-BBG008W23T50,RMNI,4.7108482e-05
2026-07-02,FFX_3310,BW-BBG009DFHWG6,RPD,0.0001106334
2026-07-02,FFX_3310,BW-BBG009NRSWJ4,Z,0.0012413915
2026-07-02,FFX_3310,BW-BBG009R0CT58,DFIN,0.00019207361
2026-07-02,FFX_3310,BW-BBG00B6F2F09,S,0.00094361696
2026-07-02,FFX_3310,BW-BBG00BLYKS03,CRWD,0.03524764
2026-07-02,FFX_3310,BW-BBG00G6D5MS5,IMXI,5.0274248e-05
2026-07-02,FFX_3310,BW-BBG00HNGGZ88,RDVT,0.00015755199
2026-07-02,FFX_3310,BW-BBG00L1LT6D6,BV,0.00015829365
2026-07-02,FFX_3310,BW-BBG00L2NS0B7,DOMO,2.285222e-05
2026-07-02,FFX_3310,BW-BBG00L32N3N8,IIIV,0.00011084596
2026-07-02,FFX_3310,BW-BBG00LBLCD02,TENB,0.0007783324
2026-07-02,FFX_3310,BW-BBG00LFVTBM8,RPAY,4.9582704e-05
2026-07-02,FFX_3310,BW-BBG00LWZDYB9,ESTC,0.001130428
2026-07-02,FFX_3310,BW-BBG00MMDJG84,CRNC,9.699294e-05
2026-07-02,FFX_3310,BW-BBG00PNN7C40,DT,0.0024871228
2026-07-02,FFX_3310,BW-BBG00QPZDFX3,KPLT,4.2029455e-06
2026-07-02,FFX_3310,BW-BBG00QVJV6V4,BILL,0.0006826924
2026-07-02,FFX_3310,BW-BBG00TX393L4,FOUR,0.00052583223
2026-07-02,FFX_3310,BW-BBG00X0V8H84,MOVE,1.4241259e-06
2026-07-02,FFX_3310,BW-BBG00Y6G6X31,AI,0.00013438197
2026-07-02,FFX_3310,BW-BBG0105XBRH0,CCSI,0.00012519349
2026-07-02,FFX_3310,BW-BBG01184HK06,WAVE,7.4127296e-05
2026-07-02,FFX_3310,BW-BBG019FGSSM1,XPER,7.69105e-05
2026-07-02,FFX_3310,BW-US4202011056#1,HAWK,2.1244174e-05
2026-07-02,FFX_3310,BW-US71531U1025,PS,0.0009046558
2026-07-02,FFX_3320,BW-BBG000BBR9P6,FLWS,1.6889222e-05
2026-07-02,FFX_3320,BW-BBG000BS9489,OMC,0.0039482284
2026-07-02,FFX_3320,BW-BBG000F3CWW7,ZD,0.0002494508
2026-07-02,FFX_3320,BW-BBG000F7RHK8,TZOO,1.4559889e-05
2026-07-02,FFX_3320,BW-BBG000HGTH33,CARS,0.00011517926
2026-07-02,FFX_3320,BW-BBG000L69KL5,TCX,1.7323502e-05
2026-07-02,FFX_3320,BW-BBG000MM2P62,META,0.24767438
2026-07-02,FFX_3320,BW-BBG000N26V95,PRTS,8.889249e-05
2026-07-02,FFX_3320,BW-BBG000Q2HM09,YELP,0.00017491057
2026-07-02,FFX_3320,BW-BBG000QRKJ70,GRPN,8.596728e-05
2026-07-02,FFX_3320,BW-BBG000S9XXB8,QNST,0.0001576408
2026-07-02,FFX_3320,BW-BBG0018XMPL3,IZEA,8.912821e-06
2026-07-02,FFX_3320,BW-BBG002583CV8,PINS,0.0017218466
2026-07-02,FFX_3320,BW-BBG002ZCK2V9,SSTK,4.4813285e-05
2026-07-02,FFX_3320,BW-BBG00441QMJ7,SNAP,0.0011838722
2026-07-02,FFX_3320,BW-BBG005P337D1,LE,2.5461242e-05
2026-07-02,FFX_3320,BW-BBG00629NGT2,TTD,0.0015015041
2026-07-02,FFX_3320,BW-BBG006HFPX77,APP,0.030580439
2026-07-02,FFX_3320,BW-BBG009S3NB30,GOOG,0.70979387
2026-07-02,FFX_3320,BW-BBG00F17NDH7,EVER,0.0001243854
2026-07-02,FFX_3320,BW-BBG00FBJ6390,UPWK,0.00019054455
2026-07-02,FFX_3320,BW-BBG00HVKH3Q0,ANGI,4.593991e-05
2026-07-02,FFX_3320,BW-BBG00VT0KNC3,MTCH,0.0016072276
2026-07-02,FFX_3320,BW-BBG00Z6RF483,BMBL,4.3648237e-05
2026-07-02,FFX_3320,BW-BBG00ZNRRJM2,DV,0.0002725874
2026-07-02,FFX_3320,BW-BBG010JBYV98,ZIP,3.5713143e-05
2026-07-02,FFX_3320,BW-BBG011744HH0,DJT,0.00027577786
2026-07-02,FFX_3355,BW-BBG000BCG930,ELV,0.07746688
2026-07-02,FFX_3355,BW-BBG000BCT197,AMN,0.0011027942
2026-07-02,FFX_3355,BW-BBG000BDXCJ5,CNC,0.028708985
2026-07-02,FFX_3355,BW-BBG000BDY3Y7,CYH,0.00037356775
2026-07-02,FFX_3355,BW-BBG000BGBRG2,EHC,0.008423761
2026-07-02,FFX_3355,BW-BBG000BGRY34,CVS,0.113910966
2026-07-02,FFX_3355,BW-BBG000BHY9T1,TBRG,0.00024681538
2026-07-02,FFX_3355,BW-BBG000BKYVF0,HCSG,0.0012188357
2026-07-02,FFX_3355,BW-BBG000BLKK03,HUM,0.04197417
2026-07-02,FFX_3355,BW-BBG000BNMMJ3,HSIC,0.008254628
2026-07-02,FFX_3355,BW-BBG000BQK480,OPCH,0.0005836082
2026-07-02,FFX_3355,BW-BBG000BS2ZD1,SLP,0.00026248055
2026-07-02,FFX_3355,BW-BBG000BTNGZ4,OMCL,0.0015486378
2026-07-02,FFX_3355,BW-BBG000BVK1D9,HSTM,0.0005527004
2026-07-02,FFX_3355,BW-BBG000C0C3X9,PRPO,3.5016074e-05
2026-07-02,FFX_3355,BW-BBG000C19QW1,CHE,0.005426054
2026-07-02,FFX_3355,BW-BBG000CB8Q50,UHS,0.012275422
2026-07-02,FFX_3355,BW-BBG000CH5208,UNH,0.3308946
2026-07-02,FFX_3355,BW-BBG000CPHYL4,THC,0.011455304
2026-07-02,FFX_3355,BW-BBG000CSRSG6,USPH,0.00057874696
2026-07-02,FFX_3355,BW-BBG000D898T9,CAH,0.04066293
2026-07-02,FFX_3355,BW-BBG000DGM5N8,CCRN,0.00032603496
2026-07-02,FFX_3355,BW-BBG000DYGNW7,MCK,0.08151887
2026-07-02,FFX_3355,BW-BBG000FPNN38,ACHC,0.002440351
2026-07-02,FFX_3355,BW-BBG000H7ZK57,ASTH,0.002133948
2026-07-02,FFX_3355,BW-BBG000H8LGK2,MD,0.0013487894
2026-07-02,FFX_3355,BW-BBG000HKQH91,OPRX,9.470546e-05
2026-07-02,FFX_3355,BW-BBG000J4L211,BKD,0.0031930136
2026-07-02,FFX_3355,BW-BBG000K1T9L0,ENSG,0.005561085
2026-07-02,FFX_3355,BW-BBG000MBHNC8,MOH,0.010348242
2026-07-02,FFX_3355,BW-BBG000MDCQC2,COR,0.033932813
2026-07-02,FFX_3355,BW-BBG000MQ1SN9,DVA,0.012128618
2026-07-02,FFX_3355,BW-BBG000NJGX84,ADUS,0.0016420351
2026-07-02,FFX_3355,BW-BBG000PQN2M0,NUTX,0.00086844905
2026-07-02,FFX_3355,BW-BBG000QW7VC1,HCA,0.051178955
2026-07-02,FFX_3355,BW-BBG000T88BN2,SDGR,0.0007882552
2026-07-02,FFX_3355,BW-BBG000TYXCT9,HQY,0.0055460604
2026-07-02,FFX_3355,BW-BBG0019J4TP1,PHR,0.0005500024
2026-07-02,FFX_3355,BW-BBG0019T5SG0,TDOC,0.0014126805
2026-07-02,FFX_3355,BW-BBG001CGB489,VEEV,0.02375348
2026-07-02,FFX_3355,BW-BBG001J2PFF5,ADPT,0.0024053194
2026-07-02,FFX_3355,BW-BBG0026ZJQX7,DOCS,0.0024451609
2026-07-02,FFX_3355,BW-BBG002H1K1H1,PGNY,0.0019832337
2026-07-02,FFX_3355,BW-BBG003V5P7K2,DRIO,1.2912401e-05
2026-07-02,FFX_3355,BW-BBG004K1F8W7,NRC,0.00022039805
2026-07-02,FFX_3355,BW-BBG005CHLM96,EVH,0.00055344106
2026-07-02,FFX_3355,BW-BBG0074VSJJ9,JYNT,0.00010762396
2026-07-02,FFX_3355,BW-BBG009T0TKV8,SGRY,0.001704387
2026-07-02,FFX_3355,BW-BBG00KXRCDP0,CI,0.062601015
2026-07-02,FFX_3355,BW-BBG00P33SY72,PNTG,0.0010747833
2026-07-02,FFX_3355,BW-BBG00SHY90J5,CLOV,0.0019473069
2026-07-02,FFX_3355,BW-BBG00Z6F8708,INNV,0.00022100945
2026-07-02,FFX_3405,BW-BBG000BH65V7,TTGT,0.0032821936
2026-07-02,FFX_3405,BW-BBG000BN4PM2,LEE,0.0013567352
2026-07-02,FFX_3405,BW-BBG000BSDM66,SCHL,0.024514122
2026-07-02,FFX_3405,BW-BBG000BT0093,SIRI,0.26827452
2026-07-02,FFX_3405,BW-BBG000BTNV54,EVC,0.027060883
2026-07-02,FFX_3405,BW-BBG000C2WTG5,UONE,0.0017902073
2026-07-02,FFX_3405,BW-BBG000C78J55,SSP,0.0073071793
2026-07-02,FFX_3405,BW-BBG000CB07H7,BBGI,0.0004877356
2026-07-02,FFX_3405,BW-BBG000DSQLQ0,GTN,0.009768129
2026-07-02,FFX_3405,BW-BBG000DZJVH0,NXST,0.14320993
2026-07-02,FFX_3405,BW-BBG000F2XXP2,SBGI,0.018786108
2026-07-02,FFX_3405,BW-BBG000F9R281,SGA,0.0010999069
2026-07-02,FFX_3405,BW-BBG000FFC0B3,NYT,0.31857052
2026-07-02,FFX_3405,BW-BBG000H01H92,AMCX,0.0070950417
2026-07-02,FFX_3405,BW-BBG000H8CBV1,SCOR,0.002501493
2026-07-02,FFX_3405,BW-BBG000KP54G0,CREX,0.0009772872
2026-07-02,FFX_3405,BW-BBG000Q5VCD4,NCMI,0.006839973
2026-07-02,FFX_3405,BW-BBG000TWSVB6,FLNT,0.00091347354
2026-07-02,FFX_3405,BW-BBG001PKMK06,PUBM,0.0140545
2026-07-02,FFX_3405,BW-BBG00225ZDD0,CDLX,0.006783212
2026-07-02,FFX_3405,BW-BBG002VH4NJ8,TSQ,0.0027854699
2026-07-02,FFX_3405,BW-BBG006GNSZW5,LBRDK,0.11578871
2026-07-02,FFX_3405,BW-BBG00FWL3J63,THRY,0.004826268
2026-07-02,FFX_3405,BW-BBG00GCTWVH5,EEX,0.0017607394
2026-07-02,FFX_3405,BW-BBG00P2FSNZ9,IHRT,0.010165671
2026-07-02,FFX_3430,BW-BBG000BCMWM1,MTN,0.0059627932
2026-07-02,FFX_3430,BW-BBG000BGXMG9,CHDN,0.0067364066
2026-07-02,FFX_3430,BW-BBG000BH4R78,DIS,0.18629694
2026-07-02,FFX_3430,BW-BBG000BHX9P6,BYD,0.0052270154
2026-07-02,FFX_3430,BW-BBG000BJ0932,MCRI,0.002236056
2026-07-02,FFX_3430,BW-BBG000BP0KQ8,EA,0.060727544
2026-07-02,FFX_3430,BW-BBG000BS1YV5,TTWO,0.054249153
2026-07-02,FFX_3430,BW-BBG000C2BXK4,MGM,0.008671736
2026-07-02,FFX_3430,BW-BBG000CDZLV8,PENN,0.0031939805
2026-07-02,FFX_3430,BW-BBG000CL9VN6,NFLX,0.3674539
2026-07-02,FFX_3430,BW-BBG000D6HL06,MCS,0.000478498
2026-07-02,FFX_3430,BW-BBG000DPSVR1,WLYB,0.002320603
2026-07-02,FFX_3430,BW-BBG000FQ7YR4,LYV,0.03483083
2026-07-02,FFX_3430,BW-BBG000JWD753,LVS,0.015354091
2026-07-02,FFX_3430,BW-BBG000K8KKL9,IMAX,0.002091567
2026-07-02,FFX_3430,BW-BBG000LD9JQ8,WYNN,0.011487132
2026-07-02,FFX_3430,BW-BBG000QDVR53,CNK,0.0033766609
2026-07-02,FFX_3430,BW-BBG001J2R5H3,VAC,0.0035412805
2026-07-02,FFX_3430,BW-BBG001WWJTK5,PLAY,0.00047399828
2026-07-02,FFX_3430,BW-BBG001ZZPQJ6,ROKU,0.018116796
2026-07-02,FFX_3430,BW-BBG0035LY913,NWSA,0.01756786
2026-07-02,FFX_3430,BW-BBG0074Q3NK6,CZR,0.0069136037
2026-07-02,FFX_3430,BW-BBG00B6G8077,RRR,0.02215699
2026-07-02,FFX_3430,BW-BBG00BFHD5R6,BATRK,0.0013704788
2026-07-02,FFX_3430,BW-BBG00BFHDFR4,FWONK,0.03158124
2026-07-02,FFX_3430,BW-BBG00CBYY6M1,HGV,0.0045642974
2026-07-02,FFX_3430,BW-BBG00JHNJW99,FOXA,0.028232316
2026-07-02,FFX_3430,BW-BBG00PPWZ8C7,ADV,0.00020676694
2026-07-02,FFX_3430,BW-BBG00RP2T9T6,WMG,0.004714181
2026-07-02,FFX_3430,BW-BBG00YCLJQP0,RSVR,0.00025072266
2026-07-02,FFX_3430,BW-BBG00ZV0HVZ2,STGW,0.00069829286
2026-07-02,FFX_3430,BW-BBG011386VF4,WBD,0.07853627
2026-07-02,FFX_3430,BW-BBG019980TD4,MSGE,0.0036230264
2026-07-02,FFX_3430,BW-BBG01G9JKWV5,TKO,0.006757005
2026-07-02,FFX_3435,BW-BBG000B9ZJN2,NATH,0.0004051865
2026-07-02,FFX_3435,BW-BBG000BBNYF6,DRI,0.03230243
2026-07-02,FFX_3435,BW-BBG000BF33K1,CBRL,0.0017227165
2026-07-02,FFX_3435,BW-BBG000BFWF13,PZZA,0.0016531164
2026-07-02,FFX_3435,BW-BBG000BFX8X3,RAVE,4.7809724e-05
2026-07-02,FFX_3435,BW-BBG000BGD7W6,MAR,0.11126553
2026-07-02,FFX_3435,BW-BBG000BH3GZ2,YUM,0.06227465
2026-07-02,FFX_3435,BW-BBG000BJZZX3,FUN,0.0028779265
2026-07-02,FFX_3435,BW-BBG000BK28N7,EAT,0.010307336
2026-07-02,FFX_3435,BW-BBG000BKVJK4,HAS,0.016096236
2026-07-02,FFX_3435,BW-BBG000BNNYW1,MAT,0.0061720605
2026-07-02,FFX_3435,BW-BBG000BNSZP1,MCD,0.26852855
2026-07-02,FFX_3435,BW-BBG000BPBTL2,CHH,0.004076117
2026-07-02,FFX_3435,BW-BBG000CS8TM8,CAKE,0.0052759266
2026-07-02,FFX_3435,BW-BBG000CTQBF3,SBUX,0.16529597
2026-07-02,FFX_3435,BW-BBG000CVRFS4,H,0.010396599
2026-07-02,FFX_3435,BW-BBG000D52545,WEN,0.001942819
2026-07-02,FFX_3435,BW-BBG000DMMH86,ARKR,1.8845181e-05
2026-07-02,FFX_3435,BW-BBG000FLT111,RICK,0.000272487
2026-07-02,FFX_3435,BW-BBG000GZ9406,DIN,0.0006328973
2026-07-02,FFX_3435,BW-BBG000GZYVY1,JACK,0.00018157419
2026-07-02,FFX_3435,BW-BBG000H9LNX1,BJRI,0.0016958163
2026-07-02,FFX_3435,BW-BBG000LC2VD4,LOCO,0.00030283278
2026-07-02,FFX_3435,BW-BBG000MXH9C1,RRGB,0.00014583008
2026-07-02,FFX_3435,BW-BBG000P458P3,DPZ,0.014013961
2026-07-02,FFX_3435,BW-BBG000PSJMV7,TXRH,0.01754039
2026-07-02,FFX_3435,BW-BBG000QX74T1,CMG,0.053366136
2026-07-02,FFX_3435,BW-BBG001CN6Q81,NDLS,0.00010501321
2026-07-02,FFX_3435,BW-BBG002VZ68Y2,BLMN,0.0010603913
2026-07-02,FFX_3435,BW-BBG004MDWKS8,LIND,0.0013176512
2026-07-02,FFX_3435,BW-BBG0058KMH30,HLT,0.10292103
2026-07-02,FFX_3435,BW-BBG0063GCHH8,SHAK,0.003080749
2026-07-02,FFX_3435,BW-BBG0076WG2V1,QSR,0.034355298
2026-07-02,FFX_3435,BW-BBG007FJ83S1,INSE,0.00023879617
2026-07-02,FFX_3435,BW-BBG008N298Y8,WING,0.0066848095
2026-07-02,FFX_3435,BW-BBG009H04M17,PLNT,0.0058177398
2026-07-02,FFX_3435,BW-BBG00B8N0HG1,YUMC,0.019849671
2026-07-02,FFX_3435,BW-BBG00CSK7SL6,CPHC,8.874667e-05
2026-07-02,FFX_3435,BW-BBG00D5L3SS4,GOLF,0.004382641
2026-07-02,FFX_3435,BW-BBG00D8JC882,YETI,0.0041635865
2026-07-02,FFX_3435,BW-BBG00GX221W3,ACEL,0.000927653
2026-07-02,FFX_3435,BW-BBG00HCY3Q67,WH,0.008482902
2026-07-02,FFX_3435,BW-BBG00K7K3474,TH,0.0008925249
2026-07-02,FFX_3435,BW-BBG00MKMQ6M4,OSW,0.0038760356
2026-07-02,FFX_3435,BW-BBG00PNFJ521,KRUS,0.0005698994
2026-07-02,FFX_3435,BW-BBG0134WCM78,DKNG,0.011950111
2026-07-02,FFX_3435,BW-US08986R4083,BH-A,0.0004230781
2026-07-02,FFX_3450,BW-BBG000BDCQ25,PRDO,0.054903947
2026-07-02,FFX_3450,BW-BBG000BJSMW1,UTI,0.07291131
2026-07-02,FFX_3450,BW-BBG000C3FGH9,GHC,0.11848718
2026-07-02,FFX_3450,BW-BBG000C8SW16,RGS,0.0021762017
2026-07-02,FFX_3450,BW-BBG000DQBZJ7,CVSA,0.13408801
2026-07-02,FFX_3450,BW-BBG000FV28W9,LOPE,0.12153804
2026-07-02,FFX_3450,BW-BBG000GM1PH8,LINC,0.043790627
2026-07-02,FFX_3450,BW-BBG000GRZDV1,STRA,0.055115473
2026-07-02,FFX_3450,BW-BBG000J06DW8,CSV,0.018953986
2026-07-02,FFX_3450,BW-BBG000QSXPZ9,LRN,0.07745044
2026-07-02,FFX_3450,BW-BBG000RVD346,APEI,0.028798373
2026-07-02,FFX_3450,BW-BBG003LFWP05,BFAM,0.12265858
2026-07-02,FFX_3450,BW-BBG00B4Z2YX0,LAUR,0.14398342
2026-07-02,FFX_3450,BW-BBG01VRS3V61,WW,0.005144358
2026-07-02,FFX_3505,BW-BBG000BF8CN3,ANDE,0.010320117
2026-07-02,FFX_3505,BW-BBG000BLXDJ5,IMKTA,0.0061509353
2026-07-02,FFX_3505,BW-BBG000BMY992,KR,0.5008306
2026-07-02,FFX_3505,BW-BBG000BTVJ25,SYY,0.18926898
2026-07-02,FFX_3505,BW-BBG000BWGK40,VLGEA,0.0009439665
2026-07-02,FFX_3505,BW-BBG000BWW509,WMK,0.003240165
2026-07-02,FFX_3505,BW-BBG000BXB1M5,UNFI,0.012860012
2026-07-02,FFX_3505,BW-BBG001KFKQM7,SFM,0.037934788
2026-07-02,FFX_3505,BW-BBG001MFW6D6,CHEF,0.015837358
2026-07-02,FFX_3505,BW-BBG009KG1750,ACI,0.023082823
2026-07-02,FFX_3505,BW-BBG009XW2WB8,PFGC,0.061458927
2026-07-02,FFX_3505,BW-BBG00C6H6D40,USFD,0.10482719
2026-07-02,FFX_3505,BW-BBG00KG5VJF4,CART,0.028776806
2026-07-02,FFX_3505,BW-BBG00P4R3079,GO,0.004467287
2026-07-02,FFX_3520,BW-BBG000BKZB36,HD,0.08842938
2026-07-02,FFX_3520,BW-BBG000BNDN65,LOW,0.031473972
2026-07-02,FFX_3520,BW-BBG000BSC0K9,DLTR,0.005923212
2026-07-02,FFX_3520,BW-BBG000BTKR92,PSMT,0.0013014321
2026-07-02,FFX_3520,BW-BBG000BVPV84,AMZN,0.597754
2026-07-02,FFX_3520,BW-BBG000BWXBC2,WMT,0.10918714
2026-07-02,FFX_3520,BW-BBG000C43RR5,EBAY,0.012878583
2026-07-02,FFX_3520,BW-BBG000F6H8W8,COST,0.10353866
2026-07-02,FFX_3520,BW-BBG000GQPB11,MELI,0.020708289
2026-07-02,FFX_3520,BW-BBG000H8TVT2,TGT,0.014887325
2026-07-02,FFX_3520,BW-BBG000N7MXL8,ETSY,0.0016234454
2026-07-02,FFX_3520,BW-BBG000NV1KK7,DG,0.005655244
2026-07-02,FFX_3520,BW-BBG007GJ2F81,FND,0.0016139421
2026-07-02,FFX_3520,BW-BBG0098VVDT9,OLLI,0.0012771147
2026-07-02,FFX_3520,BW-BBG00FQ8T4G3,BJ,0.0027800929
2026-07-02,FFX_3520,BW-BBG00ZKY1P71,GLBE,0.0009681792
2026-07-02,FFX_3540,BW-BBG000BB5BF6,GME,0.043449655
2026-07-02,FFX_3540,BW-BBG000BCWCG1,BBY,0.08157158
2026-07-02,FFX_3540,BW-BBG000BF0672,CASY,0.16582927
2026-07-02,FFX_3540,BW-BBG000BK5S78,GCO,0.0021611713
2026-07-02,FFX_3540,BW-BBG000BLXZN1,TSCO,0.07792897
2026-07-02,FFX_3540,BW-BBG000BNGTQ7,BBWI,0.0251106
2026-07-02,FFX_3540,BW-BBG000BQ5GY1,WINA,0.0057855393
2026-07-02,FFX_3540,BW-BBG000BRLWY6,CTRN,0.0026988087
2026-07-02,FFX_3540,BW-BBG000BS4MP5,DDS,0.02277027
2026-07-02,FFX_3540,BW-BBG000C1SRH5,HZO,0.0042807637
2026-07-02,FFX_3540,BW-BBG000C46HM9,M,0.03401778
2026-07-02,FFX_3540,BW-BBG000CF8227,DBI,0.00094722287
2026-07-02,FFX_3540,BW-BBG000CS7CT9,KSS,0.0019975447
2026-07-02,FFX_3540,BW-BBG000F6ZWH2,DKS,0.07734432
2026-07-02,FFX_3540,BW-BBG000FSMWC3,WSM,0.15028761
2026-07-02,FFX_3540,BW-BBG000FVBPJ6,HVT,0.0022051334
2026-07-02,FFX_3540,BW-BBG000H8XPS1,BBW,0.0022151943
2026-07-02,FFX_3540,BW-BBG000JK9DK4,PLCE,0.00014620117
2026-07-02,FFX_3540,BW-BBG000JX7SX1,CATO,0.00030918824
2026-07-02,FFX_3540,BW-BBG000LR8515,SBH,0.007689159
2026-07-02,FFX_3540,BW-BBG000PBDRC0,MGNI,0.009999485
2026-07-02,FFX_3540,BW-BBG000PVSJ01,NEGG,7.9464204e-05
2026-07-02,FFX_3540,BW-BBG000PYX812,ZUMZ,0.0013182934
2026-07-02,FFX_3540,BW-BBG001636CR2,FIVE,0.057074565
2026-07-02,FFX_3540,BW-BBG001VGVJF5,TLYS,0.0002265812
2026-07-02,FFX_3540,BW-BBG001Z0Q6T5,MUSA,0.05924247
2026-07-02,FFX_3540,BW-BBG002293PJ4,RH,0.013749421
2026-07-02,FFX_3540,BW-BBG002GBMZG4,DLTH,0.00036629243
2026-07-02,FFX_3540,BW-BBG009CNQCW6,BNED,0.0008085193
2026-07-02,FFX_3540,BW-BBG00FWQ4VD6,ULTA,0.08312659
2026-07-02,FFX_3540,BW-BBG00FZBYDS7,JILL,0.0007039999
2026-07-02,FFX_3540,BW-BBG00HVQF9K2,EYE,0.006201188
2026-07-02,FFX_3540,BW-BBG00J54QHD4,KXIN,9.0816545e-09
2026-07-02,FFX_3540,BW-BBG00M4RHBD0,RVLV,0.0053300792
2026-07-02,FFX_3540,BW-BBG00P19DKZ6,CHWY,0.025200604
2026-07-02,FFX_3540,BW-BBG00PPXGH18,ONEW,0.00074496097
2026-07-02,FFX_3540,BW-BBG00X7L1C14,ASO,0.016525982
2026-07-02,FFX_3540,BW-BBG00XS6TTT7,LESL,0.0005145659
2026-07-02,FFX_3540,BW-BBG00YD8K411,ARKO,0.0041169235
2026-07-02,FFX_3540,BW-BBG010Z1CX47,SVV,0.0021305114
2026-07-02,FFX_3540,BW-BBG012TKHZ11,ARHS,0.0026142965
2026-07-02,FFX_3540,BW-BBG012Y71V10,LVLU,3.355815e-05
2026-07-02,FFX_3540,BW-BBG01WT4P224,BEBE,0.0011456561
2026-07-02,FFX_4605,BW-BBG000BB5792,RCL,0.17316091
2026-07-02,FFX_4605,BW-BBG000BBH316,AIRT,4.8556103e-05
2026-07-02,FFX_4605,BW-BBG000BF6LY3,CCL,0.08028717
2026-07-02,FFX_4605,BW-BBG000BJ5GK2,EXPD,0.048041612
2026-07-02,FFX_4605,BW-BBG000BJF1Z8,FDX,0.19083145
2026-07-02,FFX_4605,BW-BBG000BLBVN4,BKNG,0.15754873
2026-07-02,FFX_4605,BW-BBG000BR8QF5,PKOH,0.0012107693
2026-07-02,FFX_4605,BW-BBG000BRCHB4,FWRD,0.00079201465
2026-07-02,FFX_4605,BW-BBG000BSRN78,NCLH,0.021049801
2026-07-02,FFX_4605,BW-BBG000BTCH57,CHRW,0.049706
2026-07-02,FFX_4605,BW-BBG000G9W6L0,HUBG,0.00584359
2026-07-02,FFX_4605,BW-BBG000L9CV04,UPS,0.17997469
2026-07-02,FFX_4605,BW-BBG000PV2L86,TNL,0.010260289
2026-07-02,FFX_4605,BW-BBG000QY3XZ2,EXPE,0.065063074
2026-07-02,FFX_4605,BW-BBG001M8HHB7,TRIP,0.0035470086
2026-07-02,FFX_4605,BW-BBG00YDGX945,GXO,0.012634317
2026-07-02,FFX_4610,BW-BBG000BBL0Y1,ALK,0.034214415
2026-07-02,FFX_4610,BW-BBG000BNJHS8,LUV,0.15182441
2026-07-02,FFX_4610,BW-BBG000BRQ6L2,JBLU,0.013733317
2026-07-02,FFX_4610,BW-BBG000BT36X0,SKYW,0.008156721
2026-07-02,FFX_4610,BW-BBG000LJS6B8,ALGT,0.012229215
2026-07-02,FFX_4610,BW-BBG000M65M61,UAL,0.27536136
2026-07-02,FFX_4610,BW-BBG000R7Z112,DAL,0.39084166
2026-07-02,FFX_4610,BW-BBG005P7Q881,AAL,0.07676615
2026-07-02,FFX_4610,BW-US0235865062,UHAL-B,0.0368727
2026-07-02,FFX_4615,BW-BBG000BB2KN0,LSTR,0.035512596
2026-07-02,FFX_4615,BW-BBG000BCVMH9,CP,0.37700033
2026-07-02,FFX_4615,BW-BBG000BFC848,KNX,0.06182258
2026-07-02,FFX_4615,BW-BBG000BLJLJ3,HTLD,0.003158388
2026-07-02,FFX_4615,BW-BBG000BMDBZ1,JBHT,0.106836714
2026-07-02,FFX_4615,BW-BBG000BPDJM1,MRTN,0.0054713963
2026-07-02,FFX_4615,BW-BBG000BWPP85,WERN,0.012472802
2026-07-02,FFX_4615,BW-BBG000C1PFY5,ARCB,0.01569778
2026-07-02,FFX_4615,BW-BBG000CHSS88,ODFL,0.19983973
2026-07-02,FFX_4615,BW-BBG000DR87M7,SNDR,0.009522529
2026-07-02,FFX_4615,BW-BBG000L5CJF3,XPO,0.11660129
2026-07-02,FFX_4615,BW-BBG000LGP1K8,ULH,0.00051620894
2026-07-02,FFX_4615,BW-BBG000P5LMQ0,SAIA,0.055547617
2026-07-02,FFX_4625,BW-BBG000BBK401,MATX,0.41482645
2026-07-02,FFX_4625,BW-BBG000BMQCP6,KEX,0.49941927
2026-07-02,FFX_4625,BW-BBG005PTVFQ1,PANL,0.0132601885
2026-07-02,FFX_4625,BW-BBG006TBN8B5,GNK,0.07249407
2026-07-02,FFX_4630,BW-BBG000BDD940,WAB,0.10604332
2026-07-02,FFX_4630,BW-BBG000BGJRC8,CSX,0.24453643
2026-07-02,FFX_4630,BW-BBG000BQ5DS5,NSC,0.19504008
2026-07-02,FFX_4630,BW-BBG000BVL2G3,TRN,0.007024246
2026-07-02,FFX_4630,BW-BBG000BW3299,UNP,0.443383
2026-07-02,FFX_4630,BW-BBG000CF5097,GBX,0.003972907
2026-07-02,FFX_4705,BW-BBG000B9X8C0,AEE,0.025570448
2026-07-02,FFX_4705,BW-BBG000BB29X4,DTE,0.025627015
2026-07-02,FFX_4705,BW-BBG000BB6M98,FE,0.02240047
2026-07-02,FFX_4705,BW-BBG000BB9KF2,AEP,0.06055338
2026-07-02,FFX_4705,BW-BBG000BCNF74,AVA,0.0027607344
2026-07-02,FFX_4705,BW-BBG000BCRMW7,POR,0.0048941006
2026-07-02,FFX_4705,BW-BBG000BCTQ65,XEL,0.04099371
2026-07-02,FFX_4705,BW-BBG000BFVXX0,CMS,0.01925328
2026-07-02,FFX_4705,BW-BBG000BGVW60,D,0.049092084
2026-07-02,FFX_4705,BW-BBG000BHGDH5,DUK,0.08063391
2026-07-02,FFX_4705,BW-BBG000BHLYS1,ED,0.033604972
2026-07-02,FFX_4705,BW-BBG000BJSBJ0,NEE,0.14832373
2026-07-02,FFX_4705,BW-BBG000BL0P40,HE,0.0019077447
2026-07-02,FFX_4705,BW-BBG000BLR3Y7,IDA,0.0067567816
2026-07-02,FFX_4705,BW-BBG000BQ87N0,ES,0.022369528
2026-07-02,FFX_4705,BW-BBG000BQGLS5,OGE,0.008210772
2026-07-02,FFX_4705,BW-BBG000BQWPC5,PCG,0.030070815
2026-07-02,FFX_4705,BW-BBG000BQZMH4,PEG,0.03282311
2026-07-02,FFX_4705,BW-BBG000BRDSX5,PNW,0.010606553
2026-07-02,FFX_4705,BW-BBG000BRJL00,PPL,0.022078807
2026-07-02,FFX_4705,BW-BBG000BT9DW0,SO,0.088348314
2026-07-02,FFX_4705,BW-BBG000BW7X97,UTL,0.00076413417
2026-07-02,FFX_4705,BW-BBG000BWP7D9,WEC,0.031159854
2026-07-02,FFX_4705,BW-BBG000C1FQS9,ETR,0.04257383
2026-07-02,FFX_4705,BW-BBG000C23KJ3,AES,0.0086035095
2026-07-02,FFX_4705,BW-BBG000C2ZCH8,SRE,0.04919339
2026-07-02,FFX_4705,BW-BBG000D7RKJ5,EIX,0.02324332
2026-07-02,FFX_4705,BW-BBG000DW4Q75,LNT,0.016090494
2026-07-02,FFX_4705,BW-BBG000FDBX90,CNP,0.023461506
2026-07-02,FFX_4705,BW-BBG000J6XT05,EXC,0.03898994
2026-07-02,FFX_4705,BW-BBG000JNWST0,MGEE,0.00244837
2026-07-02,FFX_4705,BW-BBG000Q1NMJ4,NWE,0.003621285
2026-07-02,FFX_4705,BW-BBG0021PGB60,GNE,0.00022806322
2026-07-02,FFX_4705,BW-BBG00H433CR2,EVRG,0.015992083
2026-07-02,FFX_4705,BW-BBG0112CBLW3,OKLO,0.006750083
2026-07-02,FFX_4735,BW-BBG000BD9ZM7,BKH,0.058209736
2026-07-02,FFX_4735,BW-BBG000BJ7NF1,SPH,0.011999412
2026-07-02,FFX_4735,BW-BBG000BMCQY0,RGCO,0.002106619
2026-07-02,FFX_4735,BW-BBG000BN6KG8,SR,0.046431173
2026-07-02,FFX_4735,BW-BBG000BNX3R4,MDU,0.044840995
2026-07-02,FFX_4735,BW-BBG000BPZBB6,NI,0.23331924
2026-07-02,FFX_4735,BW-BBG000BPZVW9,NJR,0.058727074
2026-07-02,FFX_4735,BW-BBG000BRNGM2,ATO,0.29871887
2026-07-02,FFX_4735,BW-BBG000BVYN55,UGI,0.0748304
2026-07-02,FFX_4735,BW-BBG000C07VV5,SGU,0.0038824535
2026-07-02,FFX_4735,BW-BBG000G4GKH3,CPK,0.030485816
2026-07-02,FFX_4735,BW-BBG004WQKD07,OGS,0.04854684
2026-07-02,FFX_4735,BW-BBG00FWP4JW4,SWX,0.06658639
2026-07-02,FFX_4735,BW-BBG00KXKRKY3,NWN,0.021315105
2026-07-02,FFX_4755,BW-BBG000BG1811,ARTNA,0.010231426
2026-07-02,FFX_4755,BW-BBG000BLDVM3,PCYO,0.006266022
2026-07-02,FFX_4755,BW-BBG000BPGQ60,MSEX,0.03395519
2026-07-02,FFX_4755,BW-BBG000BRZKC1,YORW,0.016537469
2026-07-02,FFX_4755,BW-BBG000CSMLT2,CDZI,0.0074308757
2026-07-02,FFX_4755,BW-BBG000D8KTN6,CWT,0.05655345
2026-07-02,FFX_4755,BW-BBG000F964B6,AWR,0.10677193
2026-07-02,FFX_4755,BW-BBG000FV0NL0,GWRS,0.0033213974
2026-07-02,FFX_4755,BW-BBG000K8PTB6,CWCO,0.01451991
2026-07-02,FFX_4755,BW-BBG000TRJ294,AWK,0.74441236
2026-07-02,FFX_4760,BW-BBG000BFL116,FSLR,0.18313459
2026-07-02,FFX_4760,BW-BBG000D8RG11,NRG,0.18635435
2026-07-02,FFX_4760,BW-BBG000Q5BQ63,ORA,0.050215766
2026-07-02,FFX_4760,BW-BBG001R3MNY9,ENPH,0.026223328
2026-07-02,FFX_4760,BW-BBG0025XVR85,RUN,0.022014325
2026-07-02,FFX_4760,BW-BBG00835TPZ2,NXT,0.12898146
2026-07-02,FFX_4760,BW-BBG0084BBZY6,SEDG,0.0017210615
2026-07-02,FFX_4760,BW-BBG008LJ4TF3,CWEN,0.021845855
2026-07-02,FFX_4760,BW-BBG00DXDL6Q1,VST,0.37796783
2026-07-02,FFX_4760,BW-BBG00Y6DTLC9,SKYH,0.00154143
2026-07-02,FFX_4805,BW-BBG000BCTLF6,BAC,0.22712477
2026-07-02,FFX_4805,BW-BBG000BWQFY7,WFC,0.14228202
2026-07-02,FFX_4805,BW-BBG000DMBXR2,JPM,0.49500164
2026-07-02,FFX_4805,BW-BBG000FY4S11,C,0.13559158
2026-07-02,FFX_4810,BW-BBG000BB0WY4,WTBA,0.00047331184
2026-07-02,FFX_4810,BW-BBG000BB1LK2,CAC,0.0009868356
2026-07-02,FFX_4810,BW-BBG000BB34W5,LCNB,0.0002751696
2026-07-02,FFX_4810,BW-BBG000BB6568,FCAP,0.0002203186
2026-07-02,FFX_4810,BW-BBG000BB7F65,MPB,0.0009579121
2026-07-02,FFX_4810,BW-BBG000BBSC23,TOWN,0.0028473423
2026-07-02,FFX_4810,BW-BBG000BBSJ28,FRME,0.0029194208
2026-07-02,FFX_4810,BW-BBG000BBTV11,CMTV,0.00023219605
2026-07-02,FFX_4810,BW-BBG000BBWB75,CFBK,0.00019825473
2026-07-02,FFX_4810,BW-BBG000BCBS51,AROW,0.0007194611
2026-07-02,FFX_4810,BW-BBG000BCFQC3,ASB,0.0054202653
2026-07-02,FFX_4810,BW-BBG000BD2D25,CNOB,0.0017857902
2026-07-02,FFX_4810,BW-BBG000BD3F92,SFBC,6.778114e-05
2026-07-02,FFX_4810,BW-BBG000BD6V58,BYFC,7.783315e-05
2026-07-02,FFX_4810,BW-BBG000BD8VT0,FMBH,0.0012503915
2026-07-02,FFX_4810,BW-BBG000BDB1Y6,FUSB,9.0067486e-05
2026-07-02,FFX_4810,BW-BBG000BDJ1L2,BSRR,0.0005138432
2026-07-02,FFX_4810,BW-BBG000BDNB35,BPOP,0.011405844
2026-07-02,FFX_4810,BW-BBG000BDPPR6,PEBO,0.0014029995
2026-07-02,FFX_4810,BW-BBG000BF3G77,CBSH,0.008546172
2026-07-02,FFX_4810,BW-BBG000BF4D19,CBU,0.0038208857
2026-07-02,FFX_4810,BW-BBG000BFJFX3,CHCO,0.0019934336
2026-07-02,FFX_4810,BW-BBG000BFXZH1,OBT,0.00053559855
2026-07-02,FFX_4810,BW-BBG000BG27V9,BFC,0.0017398046
2026-07-02,FFX_4810,BW-BBG000BG4LG3,CPF,0.0010457727
2026-07-02,FFX_4810,BW-BBG000BG8NP5,NWBI,0.0023833872
2026-07-02,FFX_4810,BW-BBG000BGD220,DCOM,0.0017666597
2026-07-02,FFX_4810,BW-BBG000BGJJX3,BANF,0.0026252093
2026-07-02,FFX_4810,BW-BBG000BGS5H1,UBCP,7.722032e-05
2026-07-02,FFX_4810,BW-BBG000BGVC19,SBSI,0.0010760885
2026-07-02,FFX_4810,BW-BBG000BGYJF6,TCBK,0.0018613043
2026-07-02,FFX_4810,BW-BBG000BGZL88,RVSB,0.00011678217
2026-07-02,FFX_4810,BW-BBG000BH7CW0,GABC,0.0018715566
2026-07-02,FFX_4810,BW-BBG000BHLJW9,ATLO,0.00028251208
2026-07-02,FFX_4810,BW-BBG000BHQ7B3,CHMG,0.0003350867
2026-07-02,FFX_4810,BW-BBG000BHQP32,HWBK,0.00018047351
2026-07-02,FFX_4810,BW-BBG000BHR1R8,LKFN,0.0016086347
2026-07-02,FFX_4810,BW-BBG000BHY4D9,PB,0.0075220615
2026-07-02,FFX_4810,BW-BBG000BJ2LY9,ACNB,0.0006431768
2026-07-02,FFX_4810,BW-BBG000BJ3LL2,HBNC,0.0010803193
2026-07-02,FFX_4810,BW-BBG000BJ9B29,FNB,0.0070085474
2026-07-02,FFX_4810,BW-BBG000BJ9FN7,NKSH,0.00025156097
2026-07-02,FFX_4810,BW-BBG000BJ9RS6,FBNC,0.0028241642
2026-07-02,FFX_4810,BW-BBG000BJCDS3,FCNCA,0.017391484
2026-07-02,FFX_4810,BW-BBG000BJGW43,FFBC,0.0036836516
2026-07-02,FFX_4810,BW-BBG000BJL3N0,FITB,0.048129078
2026-07-02,FFX_4810,BW-BBG000BJMHG6,RBCAA,0.0008352902
2026-07-02,FFX_4810,BW-BBG000BJQTT2,SBFG,0.0001678439
2026-07-02,FFX_4810,BW-BBG000BJYZD6,LARK,0.0001445746
2026-07-02,FFX_4810,BW-BBG000BJZM26,FULT,0.004626867
2026-07-02,FFX_4810,BW-BBG000BK7L26,MYFW,0.00027828713
2026-07-02,FFX_4810,BW-BBG000BKLTP8,CASH,0.0019694895
2026-07-02,FFX_4810,BW-BBG000BKPZC4,CCNE,0.001034386
2026-07-02,FFX_4810,BW-BBG000BKS4S3,AUB,0.0065116696
2026-07-02,FFX_4810,BW-BBG000BKT8B1,CBFV,0.00018419672
2026-07-02,FFX_4810,BW-BBG000BKWSR6,HBAN,0.038404606
2026-07-02,FFX_4810,BW-BBG000BL8476,FFIN,0.005194876
2026-07-02,FFX_4810,BW-BBG000BLFSZ4,OSBC,0.0012325258
2026-07-02,FFX_4810,BW-BBG000BLN9N0,IBCP,0.00077277474
2026-07-02,FFX_4810,BW-BBG000BLPL88,FMAO,0.0004255665
2026-07-02,FFX_4810,BW-BBG000BM0597,INDB,0.004322991
2026-07-02,FFX_4810,BW-BBG000BM97G6,CCBG,0.00073342305
2026-07-02,FFX_4810,BW-BBG000BMQPL1,KEY,0.027449872
2026-07-02,FFX_4810,BW-BBG000BMSC38,FIBK,0.003491521
2026-07-02,FFX_4810,BW-BBG000BN1P63,NWFL,0.0003460022
2026-07-02,FFX_4810,BW-BBG000BNCR58,FCBC,0.00064836233
2026-07-02,FFX_4810,BW-BBG000BNFKK3,AUBN,6.528678e-05
2026-07-02,FFX_4810,BW-BBG000BNPYN9,SSB,0.01040639
2026-07-02,FFX_4810,BW-BBG000BP08R4,SMBK,0.000814717
2026-07-02,FFX_4810,BW-BBG000BP2RV5,MBWM,0.0010461509
2026-07-02,FFX_4810,BW-BBG000BPBR63,PFIS,0.0006654262
2026-07-02,FFX_4810,BW-BBG000BPFFJ1,MVBF,0.0003657479
2026-07-02,FFX_4810,BW-BBG000BQD095,MGYR,0.00012074543
2026-07-02,FFX_4810,BW-BBG000BQRVY4,GCBC,0.00023245311
2026-07-02,FFX_4810,BW-BBG000BQZ7C2,PEBK,0.00021541616
2026-07-02,FFX_4810,BW-BBG000BR40B0,RNST,0.0043037594
2026-07-02,FFX_4810,BW-BBG000BRD0D8,PNC,0.10606316
2026-07-02,FFX_4810,BW-BBG000BRD351,FCCO,0.00031692727
2026-07-02,FFX_4810,BW-BBG000BRF6K5,PFBC,0.0013088684
2026-07-02,FFX_4810,BW-BBG000BRLPF2,FGBI,7.151193e-05
2026-07-02,FFX_4810,BW-BBG000BRR418,FNWD,0.0001612549
2026-07-02,FFX_4810,BW-BBG000BRRN07,ORRF,0.0008336724
2026-07-02,FFX_4810,BW-BBG000BRTL90,UVSP,0.0013124145
2026-07-02,FFX_4810,BW-BBG000BRW8B2,CZNC,0.00043673345
2026-07-02,FFX_4810,BW-BBG000BRX064,CZFS,0.00035808058
2026-07-02,FFX_4810,BW-BBG000BS0N59,IBOC,0.005082631
2026-07-02,FFX_4810,BW-BBG000BS3PL3,SHBI,0.0004943834
2026-07-02,FFX_4810,BW-BBG000BS5205,FRAF,0.0002760192
2026-07-02,FFX_4810,BW-BBG000BSHXP7,EBMT,0.00018919648
2026-07-02,FFX_4810,BW-BBG000BSTBM5,SFNC,0.0035172545
2026-07-02,FFX_4810,BW-BBG000BTH4T5,SRCE,0.0016855078
2026-07-02,FFX_4810,BW-BBG000BVNVQ6,TRST,0.0009961525
2026-07-02,FFX_4810,BW-BBG000BVXC87,UBSI,0.0068465834
2026-07-02,FFX_4810,BW-BBG000BW6NY2,OVBC,0.00019529431
2026-07-02,FFX_4810,BW-BBG000BWD8Y7,KFFB,1.4929333e-05
2026-07-02,FFX_4810,BW-BBG000BWLZX9,WASH,0.0007308117
2026-07-02,FFX_4810,BW-BBG000BWMX63,WBS,0.013028275
2026-07-02,FFX_4810,BW-BBG000BWQTD0,WAFD,0.0029952342
2026-07-02,FFX_4810,BW-BBG000BX0BJ9,WSBC,0.0039639245
2026-07-02,FFX_4810,BW-BBG000BX1C88,WSFS,0.0046525616
2026-07-02,FFX_4810,BW-BBG000BX9WL1,ZION,0.010829141
2026-07-02,FFX_4810,BW-BBG000BXNHY4,BOTJ,0.00010927977
2026-07-02,FFX_4810,BW-BBG000BY1L13,FISI,0.0008100718
2026-07-02,FFX_4810,BW-BBG000BY3302,HFWA,0.0012970419
2026-07-02,FFX_4810,BW-BBG000BYN5H7,CFFI,0.00026936026
2026-07-02,FFX_4810,BW-BBG000BYYLS8,TFC,0.06724919
2026-07-02,FFX_4810,BW-BBG000BYZSM8,QCRH,0.0016903257
2026-07-02,FFX_4810,BW-BBG000C037V2,HIFS,0.0005714322
2026-07-02,FFX_4810,BW-BBG000C0B093,TSBK,0.00037501758
2026-07-02,FFX_4810,BW-BBG000C0C4Q5,SFST,0.0005150178
2026-07-02,FFX_4810,BW-BBG000C14JY0,PLBC,0.0004146781
2026-07-02,FFX_4810,BW-BBG000C1XKF6,PNFP,0.015984815
2026-07-02,FFX_4810,BW-BBG000C2PL98,CFR,0.010544827
2026-07-02,FFX_4810,BW-BBG000C2W2R2,GSBC,0.00067171565
2026-07-02,FFX_4810,BW-BBG000C34488,CFFN,0.0011324213
2026-07-02,FFX_4810,BW-BBG000C3HB24,EGBN,0.00089324155
2026-07-02,FFX_4810,BW-BBG000C3KB84,GBCI,0.007284789
2026-07-02,FFX_4810,BW-BBG000C3KGT0,WNEB,0.00031088927
2026-07-02,FFX_4810,BW-BBG000C3LQ53,PKBK,0.00038165864
2026-07-02,FFX_4810,BW-BBG000C3N539,BMRC,0.000468933
2026-07-02,FFX_4810,BW-BBG000C3SB31,TRMK,0.0016005002
2026-07-02,FFX_4810,BW-BBG000C3ZNH2,SMBC,0.000738648
2026-07-02,FFX_4810,BW-BBG000C49RT7,VABK,0.00023005635
2026-07-02,FFX_4810,BW-BBG000C5QMH9,NRIM,0.0006304499
2026-07-02,FFX_4810,BW-BBG000C668L5,CATY,0.004235426
2026-07-02,FFX_4810,BW-BBG000C8D8G9,BOH,0.0034353915
2026-07-02,FFX_4810,BW-BBG000CBC7D8,HWC,0.0064657745
2026-07-02,FFX_4810,BW-BBG000CDH213,THFF,0.00089757517
2026-07-02,FFX_4810,BW-BBG000CDY3H5,ABCB,0.0063610477
2026-07-02,FFX_4810,BW-BBG000CFZ003,BOKF,0.0036663604
2026-07-02,FFX_4810,BW-BBG000CJN801,NBTB,0.002979202
2026-07-02,FFX_4810,BW-BBG000CKB2S4,STBA,0.0019042583
2026-07-02,FFX_4810,BW-BBG000CND7W0,FCF,0.002133565
2026-07-02,FFX_4810,BW-BBG000CR20B1,EWBC,0.01867675
2026-07-02,FFX_4810,BW-BBG000CTGXS2,COLB,0.0073841023
2026-07-02,FFX_4810,BW-BBG000CTQBQ1,UNB,0.00010706196
2026-07-02,FFX_4810,BW-BBG000CWBQC2,FUNC,0.00028189024
2026-07-02,FFX_4810,BW-BBG000CWSXR3,PCB,0.00032765922
2026-07-02,FFX_4810,BW-BBG000CYKKX8,FBP,0.0041765654
2026-07-02,FFX_4810,BW-BBG000D4YTR6,VLY,0.008804028
2026-07-02,FFX_4810,BW-BBG000D9HD17,FMNB,0.0009285656
2026-07-02,FFX_4810,BW-BBG000D9KWL9,MTB,0.039204795
2026-07-02,FFX_4810,BW-BBG000DD3KP1,WABC,0.0013921619
2026-07-02,FFX_4810,BW-BBG000DD8WX1,UMBF,0.011129758
2026-07-02,FFX_4810,BW-BBG000DN4ZT1,TCBI,0.00501347
2026-07-02,FFX_4810,BW-BBG000DNB9Q4,NBN,0.0010636495
2026-07-02,FFX_4810,BW-BBG000DS5RF2,FVCB,0.0003022387
2026-07-02,FFX_4810,BW-BBG000DWZWT4,CIVB,0.000602293
2026-07-02,FFX_4810,BW-BBG000DXHBN4,HOPE,0.0018937787
2026-07-02,FFX_4810,BW-BBG000DZN289,EFSC,0.0025574318
2026-07-02,FFX_4810,BW-BBG000F4J227,CTBI,0.0013922958
2026-07-02,FFX_4810,BW-BBG000F5VMF2,OFG,0.0022400185
2026-07-02,FFX_4810,BW-BBG000F7GST7,TFSL,0.0009897369
2026-07-02,FFX_4810,BW-BBG000F7VG25,BANC,0.002908668
2026-07-02,FFX_4810,BW-BBG000FB8PF8,SFBS,0.0048096594
2026-07-02,FFX_4810,BW-BBG000FC4FJ8,EFSI,0.00024245947
2026-07-02,FFX_4810,BW-BBG000FFDM15,USB,0.10201106
2026-07-02,FFX_4810,BW-BBG000FLKSG5,SYBT,0.0023517027
2026-07-02,FFX_4810,BW-BBG000FTTNV3,PBHC,8.173801e-05
2026-07-02,FFX_4810,BW-BBG000G2Z909,CBNK,0.00041846326
2026-07-02,FFX_4810,BW-BBG000G2ZJ98,BY,0.0013536771
2026-07-02,FFX_4810,BW-BBG000G2ZK31,MSBI,0.0006929556
2026-07-02,FFX_4810,BW-BBG000G718L4,OVLY,0.00026563538
2026-07-02,FFX_4810,BW-BBG000GHZSZ6,FHN,0.012884643
2026-07-02,FFX_4810,BW-BBG000GMKH30,FXNC,0.00025547747
2026-07-02,FFX_4810,BW-BBG000GSFXM7,PROV,0.000102637656
2026-07-02,FFX_4810,BW-BBG000GYLFT9,OCFC,0.0011404683
2026-07-02,FFX_4810,BW-BBG000H0X129,ASRV,6.322819e-05
2026-07-02,FFX_4810,BW-BBG000HD3DW5,WTFC,0.011438318
2026-07-02,FFX_4810,BW-BBG000HH3LY6,CBAN,0.00043985312
2026-07-02,FFX_4810,BW-BBG000HVWVP1,OPBK,0.00019838622
2026-07-02,FFX_4810,BW-BBG000J31X35,HBCP,0.0005370452
2026-07-02,FFX_4810,BW-BBG000JF5K69,CWBC,0.0007159764
2026-07-02,FFX_4810,BW-BBG000JNCBF4,BUSE,0.0025631327
2026-07-02,FFX_4810,BW-BBG000JQ42W7,FRST,0.00037511563
2026-07-02,FFX_4810,BW-BBG000JTYFB2,CVBF,0.0030974678
2026-07-02,FFX_4810,BW-BBG000K0KW21,UNTY,0.0004503739
2026-07-02,FFX_4810,BW-BBG000KFW1C2,ONB,0.01075414
2026-07-02,FFX_4810,BW-BBG000KK3464,SBCF,0.0035220608
2026-07-02,FFX_4810,BW-BBG000KN6TT5,FNLC,0.00040517724
2026-07-02,FFX_4810,BW-BBG000KWLYL5,RMBI,0.00016573678
2026-07-02,FFX_4810,BW-BBG000LF59X1,INBK,0.00024130355
2026-07-02,FFX_4810,BW-BBG000LLRNX3,COFS,0.00051152415
2026-07-02,FFX_4810,BW-BBG000M1CN53,FNRN,0.00031347864
2026-07-02,FFX_4810,BW-BBG000M2RGF9,LSBK,3.337417e-05
2026-07-02,FFX_4810,BW-BBG000M4M6Q0,HAFC,0.00067497906
2026-07-02,FFX_4810,BW-BBG000M7H7J5,BCBP,0.0001791921
2026-07-02,FFX_4810,BW-BBG000M814N2,FDBC,0.00027144566
2026-07-02,FFX_4810,BW-BBG000MHBSQ5,LOB,0.0015850902
2026-07-02,FFX_4810,BW-BBG000MMCGW2,PGC,0.00084161374
2026-07-02,FFX_4810,BW-BBG000MVZH28,BANR,0.0023961968
2026-07-02,FFX_4810,BW-BBG000NFKDB7,CZWI,0.00018689831
2026-07-02,FFX_4810,BW-BBG000NMWQ11,BWB,0.0005090201
2026-07-02,FFX_4810,BW-BBG000P23KW4,PFS,0.0030827052
2026-07-02,FFX_4810,BW-BBG000PQPCM6,BKU,0.003736535
2026-07-02,FFX_4810,BW-BBG000Q1KFH4,WAL,0.0094634
2026-07-02,FFX_4810,BW-BBG000Q3JN03,RF,0.028421909
2026-07-02,FFX_4810,BW-BBG000Q4FJD0,BWFG,0.00041325632
2026-07-02,FFX_4810,BW-BBG000Q50XK4,TBBK,0.002699543
2026-07-02,FFX_4810,BW-BBG000Q92C66,FRBA,0.00039564545
2026-07-02,FFX_4810,BW-BBG000QFJJW0,OZK,0.005842572
2026-07-02,FFX_4810,BW-BBG000QJ8KD2,BCAL,0.000549537
2026-07-02,FFX_4810,BW-BBG000QJXDW9,HOMB,0.005616891
2026-07-02,FFX_4810,BW-BBG000QJZ0P3,FSBC,0.0008813895
2026-07-02,FFX_4810,BW-BBG000QK0TG5,NIC,0.0032666882
2026-07-02,FFX_4810,BW-BBG000QK39V9,FBIZ,0.0005734453
2026-07-02,FFX_4810,BW-BBG000QK3NY5,BAFN,1.9451418e-05
2026-07-02,FFX_4810,BW-BBG000QK5803,CCB,0.001115006
2026-07-02,FFX_4810,BW-BBG000QKJS40,EQBK,0.0010514675
2026-07-02,FFX_4810,BW-BBG000QKNLB2,RRBI,0.0004578765
2026-07-02,FFX_4810,BW-BBG000QL34X6,SPFI,0.0005748855
2026-07-02,FFX_4810,BW-BBG000QPHD08,AX,0.0038490577
2026-07-02,FFX_4810,BW-BBG000QRB2P7,MNSB,0.00019502385
2026-07-02,FFX_4810,BW-BBG000QRG7X2,MRBK,0.00021711318
2026-07-02,FFX_4810,BW-BBG000QRTJ17,BVFL,0.00015857458
2026-07-02,FFX_4810,BW-BBG000QSM8F1,HFBL,4.6938465e-05
2026-07-02,FFX_4810,BW-BBG000R7ZZX2,SSBI,8.209255e-05
2026-07-02,FFX_4810,BW-BBG000RMQZS5,MBIN,0.0015837565
2026-07-02,FFX_4810,BW-BBG000TGZHS6,BFST,0.00094213325
2026-07-02,FFX_4810,BW-BBG000TW5Y34,NFBK,0.0006052833
2026-07-02,FFX_4810,BW-BBG001KHCXD7,AMTB,0.0010353625
2026-07-02,FFX_4810,BW-BBG001KHD495,MCB,0.0011873638
2026-07-02,FFX_4810,BW-BBG0023XX761,CUBI,0.0026474963
2026-07-02,FFX_4810,BW-BBG002537TC9,RBB,0.0004743246
2026-07-02,FFX_4810,BW-BBG002Q8NXP4,FSBW,0.00030079385
2026-07-02,FFX_4810,BW-BBG003222R31,CLBK,0.00054752146
2026-07-02,FFX_4810,BW-BBG003BCFHX4,ESQ,0.0009606625
2026-07-02,FFX_4810,BW-BBG003D8Y833,NBHC,0.002101143
2026-07-02,FFX_4810,BW-BBG0046LJYT2,FHB,0.0038539176
2026-07-02,FFX_4810,BW-BBG0062RX864,ISTR,0.00041165957
2026-07-02,FFX_4810,BW-BBG006Q0HY77,CFG,0.03189573
2026-07-02,FFX_4810,BW-BBG0080Q5RR0,FNWB,0.00010803476
2026-07-02,FFX_4810,BW-BBG0088BL014,MCBS,0.00087214337
2026-07-02,FFX_4810,BW-BBG008N1HXP6,KRNY,0.00059952337
2026-07-02,FFX_4810,BW-BBG009W8YNW4,TCBX,0.0006559336
2026-07-02,FFX_4810,BW-BBG00DM434G9,FBK,0.0022521194
2026-07-02,FFX_4810,BW-BBG00FWKRBS2,BCML,0.00036107836
2026-07-02,FFX_4810,BW-BBG00LV100N0,BSVN,0.00022460379
2026-07-02,FFX_4810,BW-BBG00N2Q0L02,RBKB,7.05687e-05
2026-07-02,FFX_4810,BW-BBG00PFB4RR0,PBFS,0.00017940761
2026-07-02,FFX_4810,BW-BBG00PZ0QM53,HNVR,0.00014258566
2026-07-02,FFX_4810,BW-BBG00Q709YV6,BSBK,6.151927e-05
2026-07-02,FFX_4810,BW-BBG00Q8J72J0,HBT,0.0005045859
2026-07-02,FFX_4810,BW-BBG00W9KWXC4,EBC,0.004981127
2026-07-02,FFX_4810,BW-BBG00XH58W17,AFBI,0.00012123337
2026-07-02,FFX_4810,BW-BBG00XRT7YX6,AMAL,0.0008513895
2026-07-02,FFX_4810,BW-BBG00Y9DFYJ6,CARE,0.0007652107
2026-07-02,FFX_4810,BW-BBG00ZMYKX53,CLST,5.8864087e-05
2026-07-02,FFX_4810,BW-BBG011RJRY92,NECB,0.00036240392
2026-07-02,FFX_4810,BW-BBG011RWMVP6,TCBS,4.0751354e-05
2026-07-02,FFX_4810,BW-BBG011VF9YT3,FINW,0.00017678317
2026-07-02,FFX_4810,BW-BBG0149QCXH9,USCB,0.000207677
2026-07-02,FFX_4810,BW-BBG014XDMDV8,PDLB,0.0004941024
2026-07-02,FFX_4810,BW-BBG017RPLKV6,BPRN,0.00021777065
2026-07-02,FFX_4810,BW-BBG019X33P07,BHRB,0.001009558
2026-07-02,FFX_4810,BW-BBG01CGKW1N7,FSEA,7.604791e-05
2026-07-02,FFX_4810,BW-BBG01FTV4WM6,SRBK,0.00016384736
2026-07-02,FFX_4810,BW-BBG01KS1NK29,NBBK,0.0008549288
2026-07-02,FFX_4825,BW-BBG000K8K0L3,WD,0.030983575
2026-07-02,FFX_4825,BW-BBG00LMYX123,PFSI,0.05787343
2026-07-02,FFX_4825,BW-BBG00VY1MYW7,RKT,0.911143
2026-07-02,FFX_4830,BW-BBG000BB5373,WU,0.0014779205
2026-07-02,FFX_4830,BW-BBG000BBCQD7,SLM,0.0030026094
2026-07-02,FFX_4830,BW-BBG000BC2R71,ALLY,0.008832791
2026-07-02,FFX_4830,BW-BBG000BC9XG1,OPRT,0.00014658328
2026-07-02,FFX_4830,BW-BBG000BCQZS4,AXP,0.14679606
2026-07-02,FFX_4830,BW-BBG000BFNR17,BFH,0.0027135494
2026-07-02,FFX_4830,BW-BBG000BGHGF1,CPSS,4.870464e-05
2026-07-02,FFX_4830,BW-BBG000BGKTF9,COF,0.07815506
2026-07-02,FFX_4830,BW-BBG000BKGXQ4,GATX,0.0037550079
2026-07-02,FFX_4830,BW-BBG000BNTW77,PRAA,0.00044188128
2026-07-02,FFX_4830,BW-BBG000BRVP70,R,0.0062336936
2026-07-02,FFX_4830,BW-BBG000BXMFC3,URI,0.037919477
2026-07-02,FFX_4830,BW-BBG000C3G9J2,WRLD,0.0003026927
2026-07-02,FFX_4830,BW-BBG000C6TLC1,ATLC,0.00034490114
2026-07-02,FFX_4830,BW-BBG000C93HM1,EZPW,0.00075973396
2026-07-02,FFX_4830,BW-BBG000CS0D96,CACC,0.002024158
2026-07-02,FFX_4830,BW-BBG000F1ZSQ2,MA,0.28457218
2026-07-02,FFX_4830,BW-BBG000F369C7,ECPG,0.0012109374
2026-07-02,FFX_4830,BW-BBG000FJWF20,VSTS,0.0010455323
2026-07-02,FFX_4830,BW-BBG000FLPRH1,CAR,0.0015351678
2026-07-02,FFX_4830,BW-BBG000GPQ7M8,MFIN,0.000111869835
2026-07-02,FFX_4830,BW-BBG000PSKYX7,V,0.34165776
2026-07-02,FFX_4830,BW-BBG000PYJY93,NNI,0.0004233932
2026-07-02,FFX_4830,BW-BBG000QDJT53,GDOT,0.0004750881
2026-07-02,FFX_4830,BW-BBG000TVRB50,TREE,0.00031931204
2026-07-02,FFX_4830,BW-BBG001PJFM76,RM,0.00019696585
2026-07-02,FFX_4830,BW-BBG0022PSJ14,ENVA,0.0035766487
2026-07-02,FFX_4830,BW-BBG004MN1R41,NAVI,0.0003877303
2026-07-02,FFX_4830,BW-BBG005497GZ3,OMF,0.0043253778
2026-07-02,FFX_4830,BW-BBG00658F3P3,SYF,0.01576781
2026-07-02,FFX_4830,BW-BBG0077VNXV6,PYPL,0.024020376
2026-07-02,FFX_4830,BW-BBG00B0FS947,WSC,0.0030156986
2026-07-02,FFX_4830,BW-BBG00PKCBY53,UPST,0.0018861648
2026-07-02,FFX_4830,BW-BBG00VSH86G4,PRG,0.0007835579
2026-07-02,FFX_4830,BW-BBG0145KL747,FCFS,0.0051250136
2026-07-02,FFX_4830,BW-BBG019M62R45,FTAI,0.016608546
2026-07-02,FFX_4840,BW-BBG000B9WM03,AB,0.0021533875
2026-07-02,FFX_4840,BW-BBG000BB1VJ2,SNEX,0.0048634186
2026-07-02,FFX_4840,BW-BBG000BBVVP2,GROW,1.5826203e-05
2026-07-02,FFX_4840,BW-BBG000BDJL83,FDS,0.005629582
2026-07-02,FFX_4840,BW-BBG000BG22J4,NMFC,0.0003814726
2026-07-02,FFX_4840,BW-BBG000BGJ661,CSWC,0.0009363904
2026-07-02,FFX_4840,BW-BBG000BHLYP4,CME,0.05328854
2026-07-02,FFX_4840,BW-BBG000BJBZ23,MKTX,0.002616528
2026-07-02,FFX_4840,BW-BBG000BLZRJ2,MS,0.20723392
2026-07-02,FFX_4840,BW-BBG000BNHSP9,JEF,0.0055030296
2026-07-02,FFX_4840,BW-BBG000BP1Q11,SPGI,0.07862931
2026-07-02,FFX_4840,BW-BBG000BP30Y0,EVR,0.0074302712
2026-07-02,FFX_4840,BW-BBG000BQ4512,RIOT,0.003098552
2026-07-02,FFX_4840,BW-BBG000BRX8P6,RAND,6.3370762e-06
2026-07-02,FFX_4840,BW-BBG000BSLZY7,SCHW,0.10070407
2026-07-02,FFX_4840,BW-BBG000BSS5C0,SF,0.0072785453
2026-07-02,FFX_4840,BW-BBG000BT4C39,LAZ,0.002466638
2026-07-02,FFX_4840,BW-BBG000BWBMM1,VALU,2.0425534e-05
2026-07-02,FFX_4840,BW-BBG000BXT422,MAIN,0.0029973907
2026-07-02,FFX_4840,BW-BBG000C1FB75,ICE,0.045722805
2026-07-02,FFX_4840,BW-BBG000C2R8K2,HTGC,0.0019160287
2026-07-02,FFX_4840,BW-BBG000C32KN7,GAIN,0.00040124086
2026-07-02,FFX_4840,BW-BBG000C6CFJ5,GS,0.18911372
2026-07-02,FFX_4840,BW-BBG000CGQ4F7,MORN,0.0024637156
2026-07-02,FFX_4840,BW-BBG000CZTB66,HLI,0.004867667
2026-07-02,FFX_4840,BW-BBG000DJYTQ4,GLAD,0.0002750818
2026-07-02,FFX_4840,BW-BBG000F006R9,OPY,0.0007068888
2026-07-02,FFX_4840,BW-BBG000F4P4Z0,HNNA,3.323646e-05
2026-07-02,FFX_4840,BW-BBG000F4W650,WHG,9.531489e-05
2026-07-02,FFX_4840,BW-BBG000F54FK1,BBDC,0.0005018246
2026-07-02,FFX_4840,BW-BBG000F5VVB6,NDAQ,0.02376608
2026-07-02,FFX_4840,BW-BBG000F86GP6,MCO,0.05086894
2026-07-02,FFX_4840,BW-BBG000FQXC75,PIPR,0.0031476598
2026-07-02,FFX_4840,BW-BBG000LV0836,IBKR,0.025942136
2026-07-02,FFX_4840,BW-BBG000N625H8,FRHC,0.0018973465
2026-07-02,FFX_4840,BW-BBG000P2TYL8,LPLA,0.015082662
2026-07-02,FFX_4840,BW-BBG000PD6X77,ARCC,0.008614886
2026-07-02,FFX_4840,BW-BBG000PXNF64,GBDC,0.0021030498
2026-07-02,FFX_4840,BW-BBG000Q6S3Z2,SAR,0.0002078582
2026-07-02,FFX_4840,BW-BBG000QH56C1,CBOE,0.016655093
2026-07-02,FFX_4840,BW-BBG000QJZTT6,HRZN,0.00020760985
2026-07-02,FFX_4840,BW-BBG000QVWX13,PNNT,0.00014199033
2026-07-02,FFX_4840,BW-BBG000R3NQ37,OFS,2.3865037e-05
2026-07-02,FFX_4840,BW-BBG000RNBH63,MC,0.0031354912
2026-07-02,FFX_4840,BW-BBG000RTDY25,MSCI,0.026303513
2026-07-02,FFX_4840,BW-BBG000RTNP69,RILY,0.00013914723
2026-07-02,FFX_4840,BW-BBG000TKZRB3,OCSL,0.0006705851
2026-07-02,FFX_4840,BW-BBG000V86JM5,SLRC,0.00039858336
2026-07-02,FFX_4840,BW-BBG000VX8S02,SII,0.0017411951
2026-07-02,FFX_4840,BW-BBG001DFW799,TSLX,0.0010284913
2026-07-02,FFX_4840,BW-BBG001K7WBT8,MARA,0.0032743502
2026-07-02,FFX_4840,BW-BBG001K9JH07,FDUS,0.00047198872
2026-07-02,FFX_4840,BW-BBG001LV74X3,PFLT,0.000479119
2026-07-02,FFX_4840,BW-BBG001MB89V6,CLSK,0.0022375486
2026-07-02,FFX_4840,BW-BBG001P0TNW2,TCPC,0.00018612678
2026-07-02,FFX_4840,BW-BBG001YCZP63,FSK,0.0019123392
2026-07-02,FFX_4840,BW-BBG002Q7J5Z1,TRU,0.009209294
2026-07-02,FFX_4840,BW-BBG003CNYJ00,WHF,7.386513e-05
2026-07-02,FFX_4840,BW-BBG003LB3TH0,SCM,0.00015783984
2026-07-02,FFX_4840,BW-BBG004DDDKH1,GSBD,0.0006553322
2026-07-02,FFX_4840,BW-BBG004HTNXJ1,SAMG,5.0212275e-05
2026-07-02,FFX_4840,BW-BBG005GXFKJ7,TPVG,0.00013083704
2026-07-02,FFX_4840,BW-BBG0064N2T78,VIRT,0.052857287
2026-07-02,FFX_4840,BW-BBG0079T1PZ6,PJT,0.0015702631
2026-07-02,FFX_4840,BW-BBG009NX1JT8,CCAP,0.00017457732
2026-07-02,FFX_4840,BW-BBG00D6RSP54,GECC,3.073981e-05
2026-07-02,FFX_4840,BW-BBG00GQVWWP4,CGBD,0.00046946734
2026-07-02,FFX_4840,BW-BBG00J24S765,NMRK,0.0010313285
2026-07-02,FFX_4840,BW-BBG00JDV0M15,BCSF,0.0003880747
2026-07-02,FFX_4840,BW-BBG00NK8H8T2,TW,0.006291873
2026-07-02,FFX_4840,BW-BBG00R7TJRM5,NREF,8.982972e-05
2026-07-02,FFX_4840,BW-BBG01BG24766,FSCO,0.0006377177
2026-07-02,FFX_4840,BW-BBG01H9FTGX5,BGC,0.002526386
2026-07-02,FFX_4840,BW-BBG01TF8MHQ1,BULL,0.0016663177
2026-07-02,FFX_4850,BW-BBG000BB0WG4,CNS,0.003303358
2026-07-02,FFX_4850,BW-BBG000BCQ6J8,KKR,0.0963767
2026-07-02,FFX_4850,BW-BBG000BCWKD6,VOYA,0.01294387
2026-07-02,FFX_4850,BW-BBG000BD0TF8,BEN,0.015720233
2026-07-02,FFX_4850,BW-BBG000BH0106,BX,0.13460156
2026-07-02,FFX_4850,BW-BBG000BH37H2,NEWT,0.0006138459
2026-07-02,FFX_4850,BW-BBG000BH3F20,CG,0.016932882
2026-07-02,FFX_4850,BW-BBG000BKFBD7,STT,0.070446104
2026-07-02,FFX_4850,BW-BBG000BQ74K1,NTRS,0.049044143
2026-07-02,FFX_4850,BW-BBG000BS73J1,RJF,0.046241805
2026-07-02,FFX_4850,BW-BBG000BSQLT9,SEIC,0.013946615
2026-07-02,FFX_4850,BW-BBG000BTXSH7,ALRS,0.0011621091
2026-07-02,FFX_4850,BW-BBG000BVMPN3,TROW,0.03712299
2026-07-02,FFX_4850,BW-BBG000BY2Y78,IVZ,0.01463761
2026-07-02,FFX_4850,BW-BBG000C060M4,AMG,0.011570823
2026-07-02,FFX_4850,BW-BBG000C3JXB4,SNFCA,0.00013402554
2026-07-02,FFX_4850,BW-BBG000DMFQS2,VRTS,0.0013393502
2026-07-02,FFX_4850,BW-BBG000FRZWN9,WSBF,0.0005322189
2026-07-02,FFX_4850,BW-BBG000G3QLY3,AMP,0.062459454
2026-07-02,FFX_4850,BW-BBG000G8ZKY4,AGM,0.003555786
2026-07-02,FFX_4850,BW-BBG000GM73Y2,HTH,0.0022463708
2026-07-02,FFX_4850,BW-BBG000L35KD5,CODI,0.001173821
2026-07-02,FFX_4850,BW-BBG000NSCNT7,PFG,0.035463046
2026-07-02,FFX_4850,BW-BBG001M6CZY1,APAM,0.003907588
2026-07-02,FFX_4850,BW-BBG0044K5DM4,HASI,0.0074967095
2026-07-02,FFX_4850,BW-BBG0068KVV91,ARES,0.023617188
2026-07-02,FFX_4850,BW-BBG0074JPF34,VCTR,0.0070015206
2026-07-02,FFX_4850,BW-BBG00DSNH1Z1,PRTH,0.00034802273
2026-07-02,FFX_4850,BW-BBG00FX58Q66,HLNE,0.0049404236
2026-07-02,FFX_4850,BW-BBG00GXRNJP4,CNNE,0.0008331951
2026-07-02,FFX_4850,BW-BBG00J7CBVW8,EQH,0.0185176
2026-07-02,FFX_4850,BW-BBG00QLF1GT7,VEL,0.00034719537
2026-07-02,FFX_4850,BW-BBG00ZNLTFK3,APO,0.07481594
2026-07-02,FFX_4850,BW-BBG01J1RBY54,MFI,2.3666666e-07
2026-07-02,FFX_4850,BW-BBG01PSW2WN4,BLK,0.22609064
2026-07-02,FFX_4850,BW-US2246332066,CRD-A,0.00041149976
2026-07-02,FFX_4850,BW-US5901061003#1,MRLN,0.00010348758
2026-07-02,FFX_4855,BW-BBG000B9YY14,UVE,0.00051574665
2026-07-02,FFX_4855,BW-BBG000BBDZG3,AIG,0.018930105
2026-07-02,FFX_4855,BW-BBG000BBHXQ3,AJG,0.025655465
2026-07-02,FFX_4855,BW-BBG000BBTJZ1,ERIE,0.0043117898
2026-07-02,FFX_4855,BW-BBG000BD1HP2,WRB,0.009971017
2026-07-02,FFX_4855,BW-BBG000BDLCQ0,RGA,0.0067239907
2026-07-02,FFX_4855,BW-BBG000BF73Y2,SAFT,0.00053665787
2026-07-02,FFX_4855,BW-BBG000BFPK65,CINF,0.013539495
2026-07-02,FFX_4855,BW-BBG000BFVZ83,RNR,0.0062257787
2026-07-02,FFX_4855,BW-BBG000BFYB47,CNA,0.00051184813
2026-07-02,FFX_4855,BW-BBG000BJ81C1,TRV,0.033851415
2026-07-02,FFX_4855,BW-BBG000BL7VL1,HMN,0.0010017533
2026-07-02,FFX_4855,BW-BBG000BM9CT1,ITIC,0.00018952924
2026-07-02,FFX_4855,BW-BBG000BMWV95,RDN,0.002320772
2026-07-02,FFX_4855,BW-BBG000BNQN34,MBI,0.00014659854
2026-07-02,FFX_4855,BW-BBG000BR14K5,CB,0.06508824
2026-07-02,FFX_4855,BW-BBG000BR37X2,PGR,0.08617177
2026-07-02,FFX_4855,BW-BBG000BS7ZF4,RLI,0.0022216635
2026-07-02,FFX_4855,BW-BBG000BSZ738,SIGI,0.002776967
2026-07-02,FFX_4855,BW-BBG000BVMGF2,ALL,0.029872347
2026-07-02,FFX_4855,BW-BBG000BVY6C4,UFCS,0.00062263507
2026-07-02,FFX_4855,BW-BBG000BWSGF4,BRO,0.01079722
2026-07-02,FFX_4855,BW-BBG000BZX1N5,AIZ,0.006479152
2026-07-02,FFX_4855,BW-BBG000C1XVK6,EG,0.007293057
2026-07-02,FFX_4855,BW-BBG000C45984,L,0.009040141
2026-07-02,FFX_4855,BW-BBG000C4PLF7,ORI,0.004429705
2026-07-02,FFX_4855,BW-BBG000CBMH27,MTG,0.0027172246
2026-07-02,FFX_4855,BW-BBG000CQB185,AGO,0.0016074936
2026-07-02,FFX_4855,BW-BBG000CVKZY0,CRVL,0.00088377815
2026-07-02,FFX_4855,BW-BBG000D6YCQ9,STC,0.0009792448
2026-07-02,FFX_4855,BW-BBG000DJ3D29,CIA,0.00013700732
2026-07-02,FFX_4855,BW-BBG000DJX7Q3,EIG,0.00032664978
2026-07-02,FFX_4855,BW-BBG000DPKKK0,AFG,0.00478684
2026-07-02,FFX_4855,BW-BBG000F1C7F5,MCY,0.0013868946
2026-07-02,FFX_4855,BW-BBG000F4DVC8,HCI,0.0011083027
2026-07-02,FFX_4855,BW-BBG000FC7366,MKL,0.0112740565
2026-07-02,FFX_4855,BW-BBG000FJH8W0,THG,0.0037106578
2026-07-02,FFX_4855,BW-BBG000FLF615,AXS,0.0038470374
2026-07-02,FFX_4855,BW-BBG000G0Z878,HIG,0.017408814
2026-07-02,FFX_4855,BW-BBG000G21FS2,KINS,0.0001337754
2026-07-02,FFX_4855,BW-BBG000G7PNS8,WTM,0.0023805615
2026-07-02,FFX_4855,BW-BBG000H3GDJ8,KMPR,0.0007937446
2026-07-02,FFX_4855,BW-BBG000HXNN20,ACGL,0.015797589
2026-07-02,FFX_4855,BW-BBG000JQJC22,DGICA,0.00014354581
2026-07-02,FFX_4855,BW-BBG000Q0JJQ0,AMSF,0.00030406204
2026-07-02,FFX_4855,BW-BBG000QSBJR6,GLRE,0.00020066313
2026-07-02,FFX_4855,BW-BBG000R2RWP8,TIPT,0.00021931392
2026-07-02,FFX_4855,BW-BBG000TKFJQ7,ACIC,0.00013670896
2026-07-02,FFX_4855,BW-BBG000V78V75,FAF,0.0033070545
2026-07-02,FFX_4855,BW-BBG002BC7WC5,TRUP,0.0003068628
2026-07-02,FFX_4855,BW-BBG002QHKLM6,SKWD,0.0011902018
2026-07-02,FFX_4855,BW-BBG004M233H4,GBLI,8.705212e-05
2026-07-02,FFX_4855,BW-BBG004TYNXX1,SPNT,0.0011754718
2026-07-02,FFX_4855,BW-BBG0058YL7G9,ESNT,0.0025005948
2026-07-02,FFX_4855,BW-BBG005DLMMZ6,NMIH,0.0012319736
2026-07-02,FFX_4855,BW-BBG006D4PF48,HRTG,0.00033685137
2026-07-02,FFX_4855,BW-BBG006N7S6K9,FNF,0.0055798623
2026-07-02,FFX_4855,BW-BBG007HRJXJ3,JRVR,8.3608575e-05
2026-07-02,FFX_4855,BW-BBG00D8JD9Z9,KNSL,0.0033876793
2026-07-02,FFX_4855,BW-BBG00DZS4J87,NODK,5.9424732e-05
2026-07-02,FFX_4855,BW-BBG00KHHBMC5,GSHD,0.00059453177
2026-07-02,FFX_4855,BW-BBG00NLMRY30,PLMR,0.0016675249
2026-07-02,FFX_4855,BW-BBG00SSQFPK6,AON,0.03503282
2026-07-02,FFX_4855,BW-BBG00WSNP4R3,ACT,0.00054675946
2026-07-02,FFX_4855,BW-BBG011K4W134,RYAN,0.0046606082
2026-07-02,FFX_4855,BW-BBG0131XQ4K9,PRE,0.00011767203
2026-07-02,FFX_4855,BW-BBG01BGVGG87,FG,0.00027309905
2026-07-02,FFX_4855,BW-US0846707026,BRK-B,0.51835155
2026-07-02,FFX_4860,BW-BBG000BB6KF5,MET,0.27493295
2026-07-02,FFX_4860,BW-BBG000BBBNC6,AFL,0.29211143
2026-07-02,FFX_4860,BW-BBG000BNC3Y9,LNC,0.034154147
2026-07-02,FFX_4860,BW-BBG000BW2QX0,UNM,0.077828124
2026-07-02,FFX_4860,BW-BBG000HCJMF9,PRU,0.19270921
2026-07-02,FFX_4860,BW-BBG000J5Q6L2,GNW,0.017377108
2026-07-02,FFX_4860,BW-BBG000Q1GK24,CNO,0.022492357
2026-07-02,FFX_4860,BW-BBG000T8ZF80,PRI,0.044284422
2026-07-02,FFX_4860,BW-BBG00922Y5Z6,JXN,0.026669515
2026-07-02,FFX_4860,BW-BBG00DYPZ4T0,BHF,0.01744082
2026-07-02,FFX_4885,BW-BBG000BB1YV2,FOR,0.007766823
2026-07-02,FFX_4885,BW-BBG000BB52X6,MLP,0.0017352195
2026-07-02,FFX_4885,BW-BBG000BM3P72,INTG,0.00036085764
2026-07-02,FFX_4885,BW-BBG000BN38Z7,TCI,0.0007346997
2026-07-02,FFX_4885,BW-BBG000BNQ882,MAYS,0.0002528014
2026-07-02,FFX_4885,BW-BBG000C04224,CBRE,0.51791894
2026-07-02,FFX_4885,BW-BBG000C1RRF8,ARL,0.00040245792
2026-07-02,FFX_4885,BW-BBG000C2L2L0,JLL,0.188912
2026-07-02,FFX_4885,BW-BBG000CLDMM2,ASPS,0.00031740096
2026-07-02,FFX_4885,BW-BBG000D6DM44,STRS,0.0018315264
2026-07-02,FFX_4885,BW-BBG000D6TC94,JOE,0.029606134
2026-07-02,FFX_4885,BW-BBG000D7JKW9,CSGP,0.15411483
2026-07-02,FFX_4885,BW-BBG000HCVWW4,FRPH,0.0047436566
2026-07-02,FFX_4885,BW-BBG000MJRJJ2,HHH,0.036181014
2026-07-02,FFX_4885,BW-BBG005544NX3,RMAX,0.0027524459
2026-07-02,FFX_4885,BW-BBG005GBRSR6,MMI,0.009316236
2026-07-02,FFX_4885,BW-BBG009XW6DC5,GYRO,5.745868e-05
2026-07-02,FFX_4885,BW-BBG00B6V7CJ6,RMR,0.0041182023
2026-07-02,FFX_4885,BW-BBG00BK2WQF9,FPH,0.0039813095
2026-07-02,FFX_4885,BW-BBG00J3YYS92,RFL,0.0004931249
2026-07-02,FFX_4885,BW-BBG00L7XVND4,CWK,0.034402955
2026-07-02,FFX_4890,BW-BBG000B9XYV2,AMT,0.060340554
2026-07-02,FFX_4890,BW-BBG000B9Z0J8,PLD,0.09927898
2026-07-02,FFX_4890,BW-BBG000BB94N9,GTY,0.0014793664
2026-07-02,FFX_4890,BW-BBG000BC2KW8,KRG,0.004413956
2026-07-02,FFX_4890,BW-BBG000BC33T9,ARE,0.0072072423
2026-07-02,FFX_4890,BW-BBG000BC9DK0,ADC,0.0045250533
2026-07-02,FFX_4890,BW-BBG000BCQM58,WPC,0.012251159
2026-07-02,FFX_4890,BW-BBG000BDVP80,RHP,0.006146136
2026-07-02,FFX_4890,BW-BBG000BG7L34,RYN,0.0049381396
2026-07-02,FFX_4890,BW-BBG000BGBTC2,OHI,0.011191465
2026-07-02,FFX_4890,BW-BBG000BGCCC8,LTC,0.001483224
2026-07-02,FFX_4890,BW-BBG000BGLFP7,STAG,0.005713864
2026-07-02,FFX_4890,BW-BBG000BHRBT4,EGP,0.008602991
2026-07-02,FFX_4890,BW-BBG000BJ2D31,SPG,0.05594751
2026-07-02,FFX_4890,BW-BBG000BJ5G95,BFS,0.00039088164
2026-07-02,FFX_4890,BW-BBG000BJGD54,AKR,0.0021926458
2026-07-02,FFX_4890,BW-BBG000BJVN28,FRT,0.008115204
2026-07-02,FFX_4890,BW-BBG000BKY1G5,WELL,0.12655306
2026-07-02,FFX_4890,BW-BBG000BL3355,LXP,0.0024432084
2026-07-02,FFX_4890,BW-BBG000BL46Q4,REG,0.0112231495
2026-07-02,FFX_4890,BW-BBG000BL8804,HST,0.01218465
2026-07-02,FFX_4890,BW-BBG000BL9C59,MAC,0.0051688603
2026-07-02,FFX_4890,BW-BBG000BLMXN8,KRC,0.0035416817
2026-07-02,FFX_4890,BW-BBG000BM2GS0,DHC,0.0015698386
2026-07-02,FFX_4890,BW-BBG000BN7SF1,CMCT,6.46168e-06
2026-07-02,FFX_4890,BW-BBG000BPPN67,PSA,0.037917428
2026-07-02,FFX_4890,BW-BBG000BQDXP5,SELF,4.246614e-05
2026-07-02,FFX_4890,BW-BBG000BQJHF5,OLP,0.0003141832
2026-07-02,FFX_4890,BW-BBG000BRS4P1,PW,2.0965072e-05
2026-07-02,FFX_4890,BW-BBG000BS5CM9,BXP,0.008373509
2026-07-02,FFX_4890,BW-BBG000BSZYR3,EPR,0.0034749955
2026-07-02,FFX_4890,BW-BBG000BVP5P2,SLG,0.0025707555
2026-07-02,FFX_4890,BW-BBG000BW0BB9,UHT,0.00045108967
2026-07-02,FFX_4890,BW-BBG000BWHD54,VNO,0.0054707183
2026-07-02,FFX_4890,BW-BBG000BX3BL3,WY,0.013152077
2026-07-02,FFX_4890,BW-BBG000C43744,HIW,0.0026181145
2026-07-02,FFX_4890,BW-BBG000CGWSJ3,NHI,0.0026113393
2026-07-02,FFX_4890,BW-BBG000CKGDS5,FR,0.0063454597
2026-07-02,FFX_4890,BW-BBG000CL6RJ3,BDN,0.00041651886
2026-07-02,FFX_4890,BW-BBG000CLP0Y4,NNN,0.006854749
2026-07-02,FFX_4890,BW-BBG000CN3S73,KIM,0.013119119
2026-07-02,FFX_4890,BW-BBG000CW9BM7,CUZ,0.0038910026
2026-07-02,FFX_4890,BW-BBG000D2JB50,SKT,0.003431673
2026-07-02,FFX_4890,BW-BBG000D2M0Z7,SBAC,0.014797814
2026-07-02,FFX_4890,BW-BBG000DHPN63,O,0.044973403
2026-07-02,FFX_4890,BW-BBG000FGMKY1,LAMR,0.010219568
2026-07-02,FFX_4890,BW-BBG000FRVHB9,VTR,0.033998776
2026-07-02,FFX_4890,BW-BBG000FV1Z23,CCI,0.026032042
2026-07-02,FFX_4890,BW-BBG000H35J52,SAFE,0.00013161085
2026-07-02,FFX_4890,BW-BBG000HF28Q9,CUBE,0.0070705577
2026-07-02,FFX_4890,BW-BBG000JKHFP5,DRH,0.0019032849
2026-07-02,FFX_4890,BW-BBG000KCZPC3,IRM,0.027865684
2026-07-02,FFX_4890,BW-BBG000M2NYQ2,GOOD,0.00046092173
2026-07-02,FFX_4890,BW-BBG000MBDGM6,EQIX,0.07797869
2026-07-02,FFX_4890,BW-BBG000MTDW24,SBRA,0.0038720698
2026-07-02,FFX_4890,BW-BBG000PN1SJ8,DEI,0.0015255791
2026-07-02,FFX_4890,BW-BBG000PNBZF5,PEB,0.0016386685
2026-07-02,FFX_4890,BW-BBG000PRJCX9,HR,0.005453886
2026-07-02,FFX_4890,BW-BBG000PRZVD1,AHT,3.478911e-07
2026-07-02,FFX_4890,BW-BBG000PT6BR8,CLDT,0.0004634857
2026-07-02,FFX_4890,BW-BBG000PV27K3,EXR,0.02403735
2026-07-02,FFX_4890,BW-BBG000PV3J62,TRNO,0.0053708088
2026-07-02,FFX_4890,BW-BBG000Q2BVH7,WSR,0.0006664803
2026-07-02,FFX_4890,BW-BBG000Q3TSJ1,SHO,0.0014989169
2026-07-02,FFX_4890,BW-BBG000Q5ZRM7,DLR,0.047997925
2026-07-02,FFX_4890,BW-BBG000QC4T33,HPP,0.0006673692
2026-07-02,FFX_4890,BW-BBG000QF05R6,COLD,0.0030875988
2026-07-02,FFX_4890,BW-BBG0014JY842,LAND,0.00026152565
2026-07-02,FFX_4890,BW-BBG0014KPS18,INN,0.0005251852
2026-07-02,FFX_4890,BW-BBG00161BCR0,AAT,0.0010424423
2026-07-02,FFX_4890,BW-BBG001HPC9F4,RLJ,0.001360717
2026-07-02,FFX_4890,BW-BBG001LFLZZ1,BRX,0.0074208057
2026-07-02,FFX_4890,BW-BBG002B67HB2,UNIT,0.0014585704
2026-07-02,FFX_4890,BW-BBG002N8HMW0,ESRT,0.0004621224
2026-07-02,FFX_4890,BW-BBG003MSMCS6,GLPI,0.009556587
2026-07-02,FFX_4890,BW-BBG004HXD0G8,GNL,0.0007273918
2026-07-02,FFX_4890,BW-BBG004M284K3,ESBA,0.0010988003
2026-07-02,FFX_4890,BW-BBG004MB82R0,REXR,0.0059525818
2026-07-02,FFX_4890,BW-BBG004S69ZX4,OUT,0.004469246
2026-07-02,FFX_4890,BW-BBG005KC4Z70,CTRE,0.007228394
2026-07-02,FFX_4890,BW-BBG005TNS0Q7,FPI,0.00029238657
2026-07-02,FFX_4890,BW-BBG006473QX9,APLE,0.0028023594
2026-07-02,FFX_4890,BW-BBG006BFYQN0,UE,0.0022240053
2026-07-02,FFX_4890,BW-BBG006YP1L41,XHR,0.0013736327
2026-07-02,FFX_4890,BW-BBG007SV91V9,DEA,0.00086765934
2026-07-02,FFX_4890,BW-BBG008417VN4,NSA,0.00266997
2026-07-02,FFX_4890,BW-BBG008G2P3M2,CHCT,0.00039016857
2026-07-02,FFX_4890,BW-BBG009H33QM0,FCPT,0.0021003368
2026-07-02,FFX_4890,BW-BBG00F0SW7N8,IIPR,0.0013647658
2026-07-02,FFX_4890,BW-BBG00F5FNKJ7,JBGS,0.0006119004
2026-07-02,FFX_4890,BW-BBG00FGXCJX5,PK,0.002182607
2026-07-02,FFX_4890,BW-BBG00HVVB499,VICI,0.02187891
2026-07-02,FFX_4890,BW-BBG00JBBPRZ6,ILPT,0.00045806027
2026-07-02,FFX_4890,BW-BBG00L17LGJ7,EPRT,0.0050608516
2026-07-02,FFX_4890,BW-BBG00LVGRM32,MDRR,7.163579e-06
2026-07-02,FFX_4890,BW-BBG00NSBGFJ3,PSTL,0.0005169204
2026-07-02,FFX_4890,BW-BBG00QNSG6R5,PINE,0.00024148535
2026-07-02,FFX_4890,BW-BBG011RJSSB1,PECO,0.0036941557
2026-07-02,FFX_4891,BW-BBG000BB0V03,CPT,0.0797964
2026-07-02,FFX_4891,BW-BBG000BB7SX7,ELS,0.085165694
2026-07-02,FFX_4891,BW-BBG000BG8M31,EQR,0.17465577
2026-07-02,FFX_4891,BW-BBG000BLJWF3,SUI,0.098785244
2026-07-02,FFX_4891,BW-BBG000BLMY92,MAA,0.0761581
2026-07-02,FFX_4891,BW-BBG000BLPBL5,AVB,0.17958038
2026-07-02,FFX_4891,BW-BBG000BVJ702,CSR,0.006420393
2026-07-02,FFX_4891,BW-BBG000C41023,UDR,0.034625717
2026-07-02,FFX_4891,BW-BBG000CGJMB9,ESS,0.12813102
2026-07-02,FFX_4891,BW-BBG003NXJNH6,AMH,0.10024638
2026-07-02,FFX_4891,BW-BBG004Q00KS7,IRT,0.02750988
2026-07-02,FFX_4891,BW-BBG0077Q6QJ5,NXRT,0.00409754
2026-07-02,FFX_4891,BW-BBG00Y3M1H59,CTO,0.0048273755
2026-07-02,FFX_4892,BW-BBG000BGKJ70,BXMT,0.05324776
2026-07-02,FFX_4892,BW-BBG000BJFJ98,NLY,0.31146204
2026-07-02,FFX_4892,BW-BBG000BL6138,MFA,0.0186
2026-07-02,FFX_4892,BW-BBG000BVMZD2,LOAN,0.0007605272
2026-07-02,FFX_4892,BW-BBG000DKDWS5,PMT,0.013418448
2026-07-02,FFX_4892,BW-BBG000FBJQM6,DX,0.05157697
2026-07-02,FFX_4892,BW-BBG000GGLZZ7,IVR,0.004725275
2026-07-02,FFX_4892,BW-BBG000HK4RX6,ACR,0.001967822
2026-07-02,FFX_4892,BW-BBG000JNJPB0,RWT,0.010964895
2026-07-02,FFX_4892,BW-BBG000KMVDV1,ABR,0.019075425
2026-07-02,FFX_4892,BW-BBG000M1J270,STWD,0.10928525
2026-07-02,FFX_4892,BW-BBG000M1K955,EFC,0.032375917
2026-07-02,FFX_4892,BW-BBG000MG3Y65,TWO,0.024470037
2026-07-02,FFX_4892,BW-BBG000NFPF36,ARI,0.026014382
2026-07-02,FFX_4892,BW-BBG000PFLGY2,CIM,0.02108422
2026-07-02,FFX_4892,BW-BBG000PRZNN8,ARR,0.007329523
2026-07-02,FFX_4892,BW-BBG000TJ8XZ7,AGNC,0.21927175
2026-07-02,FFX_4892,BW-BBG001KJLYZ7,MITT,0.0030491995
2026-07-02,FFX_4892,BW-BBG001P2KSC8,ORC,0.026149744
2026-07-02,FFX_4892,BW-BBG0022MMQB0,ACRE,0.004490577
2026-07-02,FFX_4892,BW-BBG004DFMB77,EARN,0.0031610078
2026-07-02,FFX_4892,BW-BBG005RVGZ41,LADR,0.019186689
2026-07-02,FFX_4892,BW-BBG00GD4KVQ2,KREF,0.007077027
2026-07-02,FFX_4892,BW-BBG00GKJ8C78,TRTX,0.0112555735
2026-07-02,FFX_4905,BW-BBG000BFT2L4,CMCSA,0.16850162
2026-07-02,FFX_4905,BW-BBG000BGLRN3,LUMN,0.013544383
2026-07-02,FFX_4905,BW-BBG000BSJK37,T,0.274895
2026-07-02,FFX_4905,BW-BBG000BTC2N0,SHEN,0.0012131857
2026-07-02,FFX_4905,BW-BBG000BV0VK7,TDS,0.006859584
2026-07-02,FFX_4905,BW-BBG000BXWBN9,LBTYK,0.005519714
2026-07-02,FFX_4905,BW-BBG000D0SMY8,CCOI,0.0012412162
2026-07-02,FFX_4905,BW-BBG000F02T51,CABO,0.00042429028
2026-07-02,FFX_4905,BW-BBG000F8RCH1,ATNI,0.00071293506
2026-07-02,FFX_4905,BW-BBG000H0QBS7,LBTYA,0.005899181
2026-07-02,FFX_4905,BW-BBG000HS77T5,VZ,0.3289497
2026-07-02,FFX_4905,BW-BBG000K008L5,GSAT,0.0070624757
2026-07-02,FFX_4905,BW-BBG000NDV1D4,TMUS,0.14627343
2026-07-02,FFX_4905,BW-BBG000NRVQJ2,IDT,0.002010791
2026-07-02,FFX_4905,BW-BBG000QX48M2,AVNW,0.0005391082
2026-07-02,FFX_4905,BW-BBG000VC0FC1,IRDM,0.008952758
2026-07-02,FFX_4905,BW-BBG000VPGNR2,CHTR,0.021442594
2026-07-02,FFX_4905,BW-BBG001QB7V26,OOMA,0.0008061615
2026-07-02,FFX_4905,BW-BBG002CN8XN5,GOGO,0.00051950966
2026-07-02,FFX_4905,BW-BBG0081NLHR0,ATEX,0.0022918123
2026-07-02,FFX_4905,BW-BBG00DWX7QH0,INSG,0.00019745129
2026-07-02,FFX_4905,BW-BBG00JKWHZ81,LILAK,0.0021432298
2026-07-02,FFX_4915,BW-BBG000N4KB80,SPOK,1.0
